-- Change these if necessary
DECLARE @PortalID int = 0
------------------------------------------------------------
DECLARE @Count int
DECLARE @ApplicationID uniqueidentifier
DECLARE @MaleRole int
DECLARE @FemaleRole int
DECLARE @ManagerRole int
DECLARE @AcademicRole int
DECLARE @UserID int
DECLARE @AspNetUserID uniqueidentifier
BEGIN TRY
   SELECT @Count = COUNT(ApplicationId) FROM aspnet_Applications WHERE ApplicationName = 'DotNetNuke'
   IF @Count > 1
   BEGIN
      RAISERROR('Users can only be applied when there is only 1 ApplicationID in the aspnet_Applications table', 10, 1)
   END
   ELSE
   BEGIN
      SELECT @ApplicationID = ApplicationId FROM aspnet_Applications WHERE ApplicationName = 'DotNetNuke'
   END
   IF EXISTS (SELECT * FROM dbo.dnn_Roles WHERE RoleName = 'Men')
   BEGIN
      SELECT @MaleRole = RoleID FROM dbo.dnn_Roles WHERE RoleName = 'Men'
   END
   ELSE
   BEGIN
      INSERT INTO dbo.dnn_Roles(PortalID, RoleName, [Description], ServiceFee, TrialPeriod, BillingPeriod, TrialFee, IsPublic, AutoAssignment, CreatedByUserID, CreatedOnDate, LastModifiedByUserID, LastModifiedOnDate, [Status], SecurityMode, IsSystemRole)
      VALUES(@PortalID, 'Men', 'Male users', 0.00, 0, 0, 0.00, 0, 0, 1, '2019-06-07 05:28:53', 1, '2019-06-07 05:28:53', 1, 0, 0)
      SELECT @MaleRole = SCOPE_IDENTITY()
   END
   IF EXISTS (SELECT * FROM dbo.dnn_Roles WHERE RoleName = 'Women')
   BEGIN
      SELECT @FemaleRole = RoleID FROM dbo.dnn_Roles WHERE RoleName = 'Women'
   END
   ELSE
   BEGIN
      INSERT INTO dbo.dnn_Roles(PortalID, RoleName, [Description], ServiceFee, TrialPeriod, BillingPeriod, TrialFee, IsPublic, AutoAssignment, CreatedByUserID, CreatedOnDate, LastModifiedByUserID, LastModifiedOnDate, [Status], SecurityMode, IsSystemRole)
      VALUES(@PortalID, 'Women', 'Female users', 0.00, 0, 0, 0.00, 0, 0, 1, '2019-06-07 05:28:53', 1, '2019-06-07 05:28:53', 1, 0, 0)
      SELECT @FemaleRole = SCOPE_IDENTITY()
   END
   IF EXISTS (SELECT * FROM dbo.dnn_Roles WHERE RoleName = 'Managers')
   BEGIN
      SELECT @ManagerRole = RoleID FROM dbo.dnn_Roles WHERE RoleName = 'Managers'
   END
   ELSE
   BEGIN
      INSERT INTO dbo.dnn_Roles(PortalID, RoleName, [Description], ServiceFee, TrialPeriod, BillingPeriod, TrialFee, IsPublic, AutoAssignment, CreatedByUserID, CreatedOnDate, LastModifiedByUserID, LastModifiedOnDate, [Status], SecurityMode, IsSystemRole)
      VALUES(@PortalID, 'Managers', 'Users who are managers in their company', 0.00, 0, 0, 0.00, 0, 0, 1, '2019-06-07 05:28:53', 1, '2019-06-07 05:28:53', 1, 0, 0)
      SELECT @ManagerRole = SCOPE_IDENTITY()
   END
   IF EXISTS (SELECT * FROM dbo.dnn_Roles WHERE RoleName = 'Academic')
   BEGIN
      SELECT @AcademicRole = RoleID FROM dbo.dnn_Roles WHERE RoleName = 'Academic'
   END
   ELSE
   BEGIN
      INSERT INTO dbo.dnn_Roles(PortalID, RoleName, [Description], ServiceFee, TrialPeriod, BillingPeriod, TrialFee, IsPublic, AutoAssignment, CreatedByUserID, CreatedOnDate, LastModifiedByUserID, LastModifiedOnDate, [Status], SecurityMode, IsSystemRole)
      VALUES(@PortalID, 'Academic', 'Users with an university degree', 0.00, 0, 0, 0.00, 0, 0, 1, '2019-06-07 05:28:53', 1, '2019-06-07 05:28:53', 1, 0, 0)
   SELECT @AcademicRole = SCOPE_IDENTITY()
   END
   INSERT INTO dbo.dnn_Users(Username, FirstName, LastName, Email, DisplayName, UpdatePassword, LastIPAddress, IsDeleted, CreatedByUserID, CreatedOnDate, LastModifiedByUserID, LastModifiedOnDate, PasswordResetToken, PasswordResetExpiration)
   VALUES('smithj@google.com', 'James', 'Smith', 'smithj@google.com', 'James Smith', 0, '', 0, 1, '2019-06-07 05:28:53', 1, '2019-06-07 05:28:53', NULL, NULL)
   SELECT @UserID = SCOPE_IDENTITY()
   INSERT INTO dbo.aspnet_Users(ApplicationID, UserName, LoweredUserName, IsAnonymous, LastActivityDate)
   VALUES(@ApplicationId, 'smithj@google.com', 'smithj@google.com', 0, '2019-06-07 05:28:53')
   SELECT @AspNetUserID = UserId FROM aspnet_Users WHERE Username = 'smithj@google.com'
   INSERT INTO dbo.aspnet_Membership(ApplicationID, UserID, Password, PasswordFormat, PasswordSalt, Email, LoweredEmail, IsApproved, IsLockedOut, CreateDate, LastLoginDate, LastPasswordChangedDate, LastLockoutDate, FailedPasswordAttemptCount, FailedPasswordAttemptWindowStart, FailedPasswordAnswerAttemptCount, FailedPasswordAnswerAttemptWindowStart)
   VALUES(@ApplicationID, @AspNetUserID, 'aMoPu/jMK8Yc4dxEEtAWm+RvKkFRjT38n/c1ORi3HgGWXJI15kNozQ==', 2, 'ub/Nej8BunZL3H6o+Z7+sg==', 'smithj@google.com', 'smithj@google.com', 1, 0, '2019-06-07 05:28:53', '2019-06-07 05:28:53', '2019-06-07 05:28:53', '1754-01-01 00:00:00.000', 0, '1754-01-01 00:00:00.000', 0, '1754-01-01 00:00:00.000')
   INSERT INTO dbo.dnn_UserPortals(UserID, PortalID, CreatedDate, Authorised, IsDeleted, RefreshRoles)
   VALUES(@UserID, @PortalID, '2019-06-07 05:28:53', 1, 0, 0)
   INSERT INTO dbo.dnn_UserRoles(UserID, RoleID, IsTrialUsed, CreatedByUserID, CreatedOnDate, LastModifiedByUserID, LastModifiedOnDate, [Status], IsOwner)
   VALUES(@UserId, @MaleRole, 0, 1, '2019-06-07 05:28:53', 1, '2019-06-07 05:28:53', 1, 0)
   INSERT INTO dbo.dnn_Users(Username, FirstName, LastName, Email, DisplayName, UpdatePassword, LastIPAddress, IsDeleted, CreatedByUserID, CreatedOnDate, LastModifiedByUserID, LastModifiedOnDate, PasswordResetToken, PasswordResetExpiration)
   VALUES('john.johnson@youtube.com', 'John', 'Johnson', 'john.johnson@youtube.com', 'John Johnson', 0, '', 0, 1, '2019-06-07 05:28:53', 1, '2019-06-07 05:28:53', NULL, NULL)
   SELECT @UserID = SCOPE_IDENTITY()
   INSERT INTO dbo.aspnet_Users(ApplicationID, UserName, LoweredUserName, IsAnonymous, LastActivityDate)
   VALUES(@ApplicationId, 'john.johnson@youtube.com', 'john.johnson@youtube.com', 0, '2019-06-07 05:28:53')
   SELECT @AspNetUserID = UserId FROM aspnet_Users WHERE Username = 'john.johnson@youtube.com'
   INSERT INTO dbo.aspnet_Membership(ApplicationID, UserID, Password, PasswordFormat, PasswordSalt, Email, LoweredEmail, IsApproved, IsLockedOut, CreateDate, LastLoginDate, LastPasswordChangedDate, LastLockoutDate, FailedPasswordAttemptCount, FailedPasswordAttemptWindowStart, FailedPasswordAnswerAttemptCount, FailedPasswordAnswerAttemptWindowStart)
   VALUES(@ApplicationID, @AspNetUserID, 'aMoPu/jMK8Yc4dxEEtAWm+RvKkFRjT38n/c1ORi3HgGWXJI15kNozQ==', 2, 'ub/Nej8BunZL3H6o+Z7+sg==', 'john.johnson@youtube.com', 'john.johnson@youtube.com', 1, 0, '2019-06-07 05:28:53', '2019-06-07 05:28:53', '2019-06-07 05:28:53', '1754-01-01 00:00:00.000', 0, '1754-01-01 00:00:00.000', 0, '1754-01-01 00:00:00.000')
   INSERT INTO dbo.dnn_UserPortals(UserID, PortalID, CreatedDate, Authorised, IsDeleted, RefreshRoles)
   VALUES(@UserID, @PortalID, '2019-06-07 05:28:53', 1, 0, 0)
   INSERT INTO dbo.dnn_UserRoles(UserID, RoleID, IsTrialUsed, CreatedByUserID, CreatedOnDate, LastModifiedByUserID, LastModifiedOnDate, [Status], IsOwner)
   VALUES(@UserId, @MaleRole, 0, 1, '2019-06-07 05:28:53', 1, '2019-06-07 05:28:53', 1, 0)
   INSERT INTO dbo.dnn_Users(Username, FirstName, LastName, Email, DisplayName, UpdatePassword, LastIPAddress, IsDeleted, CreatedByUserID, CreatedOnDate, LastModifiedByUserID, LastModifiedOnDate, PasswordResetToken, PasswordResetExpiration)
   VALUES('r.williams@facebook.com', 'Robert', 'Williams', 'r.williams@facebook.com', 'Robert Williams', 0, '', 0, 1, '2019-06-07 05:28:53', 1, '2019-06-07 05:28:53', NULL, NULL)
   SELECT @UserID = SCOPE_IDENTITY()
   INSERT INTO dbo.aspnet_Users(ApplicationID, UserName, LoweredUserName, IsAnonymous, LastActivityDate)
   VALUES(@ApplicationId, 'r.williams@facebook.com', 'r.williams@facebook.com', 0, '2019-06-07 05:28:53')
   SELECT @AspNetUserID = UserId FROM aspnet_Users WHERE Username = 'r.williams@facebook.com'
   INSERT INTO dbo.aspnet_Membership(ApplicationID, UserID, Password, PasswordFormat, PasswordSalt, Email, LoweredEmail, IsApproved, IsLockedOut, CreateDate, LastLoginDate, LastPasswordChangedDate, LastLockoutDate, FailedPasswordAttemptCount, FailedPasswordAttemptWindowStart, FailedPasswordAnswerAttemptCount, FailedPasswordAnswerAttemptWindowStart)
   VALUES(@ApplicationID, @AspNetUserID, 'aMoPu/jMK8Yc4dxEEtAWm+RvKkFRjT38n/c1ORi3HgGWXJI15kNozQ==', 2, 'ub/Nej8BunZL3H6o+Z7+sg==', 'r.williams@facebook.com', 'r.williams@facebook.com', 1, 0, '2019-06-07 05:28:53', '2019-06-07 05:28:53', '2019-06-07 05:28:53', '1754-01-01 00:00:00.000', 0, '1754-01-01 00:00:00.000', 0, '1754-01-01 00:00:00.000')
   INSERT INTO dbo.dnn_UserPortals(UserID, PortalID, CreatedDate, Authorised, IsDeleted, RefreshRoles)
   VALUES(@UserID, @PortalID, '2019-06-07 05:28:53', 1, 0, 0)
   INSERT INTO dbo.dnn_UserRoles(UserID, RoleID, IsTrialUsed, CreatedByUserID, CreatedOnDate, LastModifiedByUserID, LastModifiedOnDate, [Status], IsOwner)
   VALUES(@UserId, @MaleRole, 0, 1, '2019-06-07 05:28:53', 1, '2019-06-07 05:28:53', 1, 0)
   INSERT INTO dbo.dnn_Users(Username, FirstName, LastName, Email, DisplayName, UpdatePassword, LastIPAddress, IsDeleted, CreatedByUserID, CreatedOnDate, LastModifiedByUserID, LastModifiedOnDate, PasswordResetToken, PasswordResetExpiration)
   VALUES('brownm@baidu.com', 'Michael', 'Brown', 'brownm@baidu.com', 'Michael Brown', 0, '', 0, 1, '2019-06-07 05:28:53', 1, '2019-06-07 05:28:53', NULL, NULL)
   SELECT @UserID = SCOPE_IDENTITY()
   INSERT INTO dbo.aspnet_Users(ApplicationID, UserName, LoweredUserName, IsAnonymous, LastActivityDate)
   VALUES(@ApplicationId, 'brownm@baidu.com', 'brownm@baidu.com', 0, '2019-06-07 05:28:53')
   SELECT @AspNetUserID = UserId FROM aspnet_Users WHERE Username = 'brownm@baidu.com'
   INSERT INTO dbo.aspnet_Membership(ApplicationID, UserID, Password, PasswordFormat, PasswordSalt, Email, LoweredEmail, IsApproved, IsLockedOut, CreateDate, LastLoginDate, LastPasswordChangedDate, LastLockoutDate, FailedPasswordAttemptCount, FailedPasswordAttemptWindowStart, FailedPasswordAnswerAttemptCount, FailedPasswordAnswerAttemptWindowStart)
   VALUES(@ApplicationID, @AspNetUserID, 'aMoPu/jMK8Yc4dxEEtAWm+RvKkFRjT38n/c1ORi3HgGWXJI15kNozQ==', 2, 'ub/Nej8BunZL3H6o+Z7+sg==', 'brownm@baidu.com', 'brownm@baidu.com', 1, 0, '2019-06-07 05:28:53', '2019-06-07 05:28:53', '2019-06-07 05:28:53', '1754-01-01 00:00:00.000', 0, '1754-01-01 00:00:00.000', 0, '1754-01-01 00:00:00.000')
   INSERT INTO dbo.dnn_UserPortals(UserID, PortalID, CreatedDate, Authorised, IsDeleted, RefreshRoles)
   VALUES(@UserID, @PortalID, '2019-06-07 05:28:53', 1, 0, 0)
   INSERT INTO dbo.dnn_UserRoles(UserID, RoleID, IsTrialUsed, CreatedByUserID, CreatedOnDate, LastModifiedByUserID, LastModifiedOnDate, [Status], IsOwner)
   VALUES(@UserId, @MaleRole, 0, 1, '2019-06-07 05:28:53', 1, '2019-06-07 05:28:53', 1, 0)
   INSERT INTO dbo.dnn_Users(Username, FirstName, LastName, Email, DisplayName, UpdatePassword, LastIPAddress, IsDeleted, CreatedByUserID, CreatedOnDate, LastModifiedByUserID, LastModifiedOnDate, PasswordResetToken, PasswordResetExpiration)
   VALUES('william.jones@yahoo.com', 'William', 'Jones', 'william.jones@yahoo.com', 'William Jones', 0, '', 0, 1, '2019-06-07 05:28:53', 1, '2019-06-07 05:28:53', NULL, NULL)
   SELECT @UserID = SCOPE_IDENTITY()
   INSERT INTO dbo.aspnet_Users(ApplicationID, UserName, LoweredUserName, IsAnonymous, LastActivityDate)
   VALUES(@ApplicationId, 'william.jones@yahoo.com', 'william.jones@yahoo.com', 0, '2019-06-07 05:28:53')
   SELECT @AspNetUserID = UserId FROM aspnet_Users WHERE Username = 'william.jones@yahoo.com'
   INSERT INTO dbo.aspnet_Membership(ApplicationID, UserID, Password, PasswordFormat, PasswordSalt, Email, LoweredEmail, IsApproved, IsLockedOut, CreateDate, LastLoginDate, LastPasswordChangedDate, LastLockoutDate, FailedPasswordAttemptCount, FailedPasswordAttemptWindowStart, FailedPasswordAnswerAttemptCount, FailedPasswordAnswerAttemptWindowStart)
   VALUES(@ApplicationID, @AspNetUserID, 'aMoPu/jMK8Yc4dxEEtAWm+RvKkFRjT38n/c1ORi3HgGWXJI15kNozQ==', 2, 'ub/Nej8BunZL3H6o+Z7+sg==', 'william.jones@yahoo.com', 'william.jones@yahoo.com', 1, 0, '2019-06-07 05:28:53', '2019-06-07 05:28:53', '2019-06-07 05:28:53', '1754-01-01 00:00:00.000', 0, '1754-01-01 00:00:00.000', 0, '1754-01-01 00:00:00.000')
   INSERT INTO dbo.dnn_UserPortals(UserID, PortalID, CreatedDate, Authorised, IsDeleted, RefreshRoles)
   VALUES(@UserID, @PortalID, '2019-06-07 05:28:53', 1, 0, 0)
   INSERT INTO dbo.dnn_UserRoles(UserID, RoleID, IsTrialUsed, CreatedByUserID, CreatedOnDate, LastModifiedByUserID, LastModifiedOnDate, [Status], IsOwner)
   VALUES(@UserId, @MaleRole, 0, 1, '2019-06-07 05:28:53', 1, '2019-06-07 05:28:53', 1, 0)
   INSERT INTO dbo.dnn_Users(Username, FirstName, LastName, Email, DisplayName, UpdatePassword, LastIPAddress, IsDeleted, CreatedByUserID, CreatedOnDate, LastModifiedByUserID, LastModifiedOnDate, PasswordResetToken, PasswordResetExpiration)
   VALUES('d.garcia@amazon.com', 'David', 'Garcia', 'd.garcia@amazon.com', 'David Garcia', 0, '', 0, 1, '2019-06-07 05:28:53', 1, '2019-06-07 05:28:53', NULL, NULL)
   SELECT @UserID = SCOPE_IDENTITY()
   INSERT INTO dbo.aspnet_Users(ApplicationID, UserName, LoweredUserName, IsAnonymous, LastActivityDate)
   VALUES(@ApplicationId, 'd.garcia@amazon.com', 'd.garcia@amazon.com', 0, '2019-06-07 05:28:53')
   SELECT @AspNetUserID = UserId FROM aspnet_Users WHERE Username = 'd.garcia@amazon.com'
   INSERT INTO dbo.aspnet_Membership(ApplicationID, UserID, Password, PasswordFormat, PasswordSalt, Email, LoweredEmail, IsApproved, IsLockedOut, CreateDate, LastLoginDate, LastPasswordChangedDate, LastLockoutDate, FailedPasswordAttemptCount, FailedPasswordAttemptWindowStart, FailedPasswordAnswerAttemptCount, FailedPasswordAnswerAttemptWindowStart)
   VALUES(@ApplicationID, @AspNetUserID, 'aMoPu/jMK8Yc4dxEEtAWm+RvKkFRjT38n/c1ORi3HgGWXJI15kNozQ==', 2, 'ub/Nej8BunZL3H6o+Z7+sg==', 'd.garcia@amazon.com', 'd.garcia@amazon.com', 1, 0, '2019-06-07 05:28:53', '2019-06-07 05:28:53', '2019-06-07 05:28:53', '1754-01-01 00:00:00.000', 0, '1754-01-01 00:00:00.000', 0, '1754-01-01 00:00:00.000')
   INSERT INTO dbo.dnn_UserPortals(UserID, PortalID, CreatedDate, Authorised, IsDeleted, RefreshRoles)
   VALUES(@UserID, @PortalID, '2019-06-07 05:28:53', 1, 0, 0)
   INSERT INTO dbo.dnn_UserRoles(UserID, RoleID, IsTrialUsed, CreatedByUserID, CreatedOnDate, LastModifiedByUserID, LastModifiedOnDate, [Status], IsOwner)
   VALUES(@UserId, @MaleRole, 0, 1, '2019-06-07 05:28:53', 1, '2019-06-07 05:28:53', 1, 0)
   INSERT INTO dbo.dnn_Users(Username, FirstName, LastName, Email, DisplayName, UpdatePassword, LastIPAddress, IsDeleted, CreatedByUserID, CreatedOnDate, LastModifiedByUserID, LastModifiedOnDate, PasswordResetToken, PasswordResetExpiration)
   VALUES('millerr@wikipedia.org', 'Richard', 'Miller', 'millerr@wikipedia.org', 'Richard Miller', 0, '', 0, 1, '2019-06-07 05:28:53', 1, '2019-06-07 05:28:53', NULL, NULL)
   SELECT @UserID = SCOPE_IDENTITY()
   INSERT INTO dbo.aspnet_Users(ApplicationID, UserName, LoweredUserName, IsAnonymous, LastActivityDate)
   VALUES(@ApplicationId, 'millerr@wikipedia.org', 'millerr@wikipedia.org', 0, '2019-06-07 05:28:53')
   SELECT @AspNetUserID = UserId FROM aspnet_Users WHERE Username = 'millerr@wikipedia.org'
   INSERT INTO dbo.aspnet_Membership(ApplicationID, UserID, Password, PasswordFormat, PasswordSalt, Email, LoweredEmail, IsApproved, IsLockedOut, CreateDate, LastLoginDate, LastPasswordChangedDate, LastLockoutDate, FailedPasswordAttemptCount, FailedPasswordAttemptWindowStart, FailedPasswordAnswerAttemptCount, FailedPasswordAnswerAttemptWindowStart)
   VALUES(@ApplicationID, @AspNetUserID, 'aMoPu/jMK8Yc4dxEEtAWm+RvKkFRjT38n/c1ORi3HgGWXJI15kNozQ==', 2, 'ub/Nej8BunZL3H6o+Z7+sg==', 'millerr@wikipedia.org', 'millerr@wikipedia.org', 1, 0, '2019-06-07 05:28:53', '2019-06-07 05:28:53', '2019-06-07 05:28:53', '1754-01-01 00:00:00.000', 0, '1754-01-01 00:00:00.000', 0, '1754-01-01 00:00:00.000')
   INSERT INTO dbo.dnn_UserPortals(UserID, PortalID, CreatedDate, Authorised, IsDeleted, RefreshRoles)
   VALUES(@UserID, @PortalID, '2019-06-07 05:28:53', 1, 0, 0)
   INSERT INTO dbo.dnn_UserRoles(UserID, RoleID, IsTrialUsed, CreatedByUserID, CreatedOnDate, LastModifiedByUserID, LastModifiedOnDate, [Status], IsOwner)
   VALUES(@UserId, @MaleRole, 0, 1, '2019-06-07 05:28:53', 1, '2019-06-07 05:28:53', 1, 0)
   INSERT INTO dbo.dnn_Users(Username, FirstName, LastName, Email, DisplayName, UpdatePassword, LastIPAddress, IsDeleted, CreatedByUserID, CreatedOnDate, LastModifiedByUserID, LastModifiedOnDate, PasswordResetToken, PasswordResetExpiration)
   VALUES('charles.davis@google.co.in', 'Charles', 'Davis', 'charles.davis@google.co.in', 'Charles Davis', 0, '', 0, 1, '2019-06-07 05:28:53', 1, '2019-06-07 05:28:53', NULL, NULL)
   SELECT @UserID = SCOPE_IDENTITY()
   INSERT INTO dbo.aspnet_Users(ApplicationID, UserName, LoweredUserName, IsAnonymous, LastActivityDate)
   VALUES(@ApplicationId, 'charles.davis@google.co.in', 'charles.davis@google.co.in', 0, '2019-06-07 05:28:53')
   SELECT @AspNetUserID = UserId FROM aspnet_Users WHERE Username = 'charles.davis@google.co.in'
   INSERT INTO dbo.aspnet_Membership(ApplicationID, UserID, Password, PasswordFormat, PasswordSalt, Email, LoweredEmail, IsApproved, IsLockedOut, CreateDate, LastLoginDate, LastPasswordChangedDate, LastLockoutDate, FailedPasswordAttemptCount, FailedPasswordAttemptWindowStart, FailedPasswordAnswerAttemptCount, FailedPasswordAnswerAttemptWindowStart)
   VALUES(@ApplicationID, @AspNetUserID, 'aMoPu/jMK8Yc4dxEEtAWm+RvKkFRjT38n/c1ORi3HgGWXJI15kNozQ==', 2, 'ub/Nej8BunZL3H6o+Z7+sg==', 'charles.davis@google.co.in', 'charles.davis@google.co.in', 1, 0, '2019-06-07 05:28:53', '2019-06-07 05:28:53', '2019-06-07 05:28:53', '1754-01-01 00:00:00.000', 0, '1754-01-01 00:00:00.000', 0, '1754-01-01 00:00:00.000')
   INSERT INTO dbo.dnn_UserPortals(UserID, PortalID, CreatedDate, Authorised, IsDeleted, RefreshRoles)
   VALUES(@UserID, @PortalID, '2019-06-07 05:28:53', 1, 0, 0)
   INSERT INTO dbo.dnn_UserRoles(UserID, RoleID, IsTrialUsed, CreatedByUserID, CreatedOnDate, LastModifiedByUserID, LastModifiedOnDate, [Status], IsOwner)
   VALUES(@UserId, @MaleRole, 0, 1, '2019-06-07 05:28:53', 1, '2019-06-07 05:28:53', 1, 0)
   INSERT INTO dbo.dnn_UserRoles(UserID, RoleID, IsTrialUsed, CreatedByUserID, CreatedOnDate, LastModifiedByUserID, LastModifiedOnDate, [Status], IsOwner)
   VALUES(@UserId, @ManagerRole, 0, 1, '2019-06-07 05:28:53', 1, '2019-06-07 05:28:53', 1, 0)
   INSERT INTO dbo.dnn_Users(Username, FirstName, LastName, Email, DisplayName, UpdatePassword, LastIPAddress, IsDeleted, CreatedByUserID, CreatedOnDate, LastModifiedByUserID, LastModifiedOnDate, PasswordResetToken, PasswordResetExpiration)
   VALUES('j.rodriguez@twitter.com', 'Joseph', 'Rodriguez', 'j.rodriguez@twitter.com', 'Joseph Rodriguez', 0, '', 0, 1, '2019-06-07 05:28:53', 1, '2019-06-07 05:28:53', NULL, NULL)
   SELECT @UserID = SCOPE_IDENTITY()
   INSERT INTO dbo.aspnet_Users(ApplicationID, UserName, LoweredUserName, IsAnonymous, LastActivityDate)
   VALUES(@ApplicationId, 'j.rodriguez@twitter.com', 'j.rodriguez@twitter.com', 0, '2019-06-07 05:28:53')
   SELECT @AspNetUserID = UserId FROM aspnet_Users WHERE Username = 'j.rodriguez@twitter.com'
   INSERT INTO dbo.aspnet_Membership(ApplicationID, UserID, Password, PasswordFormat, PasswordSalt, Email, LoweredEmail, IsApproved, IsLockedOut, CreateDate, LastLoginDate, LastPasswordChangedDate, LastLockoutDate, FailedPasswordAttemptCount, FailedPasswordAttemptWindowStart, FailedPasswordAnswerAttemptCount, FailedPasswordAnswerAttemptWindowStart)
   VALUES(@ApplicationID, @AspNetUserID, 'aMoPu/jMK8Yc4dxEEtAWm+RvKkFRjT38n/c1ORi3HgGWXJI15kNozQ==', 2, 'ub/Nej8BunZL3H6o+Z7+sg==', 'j.rodriguez@twitter.com', 'j.rodriguez@twitter.com', 1, 0, '2019-06-07 05:28:53', '2019-06-07 05:28:53', '2019-06-07 05:28:53', '1754-01-01 00:00:00.000', 0, '1754-01-01 00:00:00.000', 0, '1754-01-01 00:00:00.000')
   INSERT INTO dbo.dnn_UserPortals(UserID, PortalID, CreatedDate, Authorised, IsDeleted, RefreshRoles)
   VALUES(@UserID, @PortalID, '2019-06-07 05:28:53', 1, 0, 0)
   INSERT INTO dbo.dnn_UserRoles(UserID, RoleID, IsTrialUsed, CreatedByUserID, CreatedOnDate, LastModifiedByUserID, LastModifiedOnDate, [Status], IsOwner)
   VALUES(@UserId, @MaleRole, 0, 1, '2019-06-07 05:28:53', 1, '2019-06-07 05:28:53', 1, 0)
   INSERT INTO dbo.dnn_Users(Username, FirstName, LastName, Email, DisplayName, UpdatePassword, LastIPAddress, IsDeleted, CreatedByUserID, CreatedOnDate, LastModifiedByUserID, LastModifiedOnDate, PasswordResetToken, PasswordResetExpiration)
   VALUES('martinezt@qq.com', 'Thomas', 'Martinez', 'martinezt@qq.com', 'Thomas Martinez', 0, '', 0, 1, '2019-06-07 05:28:53', 1, '2019-06-07 05:28:53', NULL, NULL)
   SELECT @UserID = SCOPE_IDENTITY()
   INSERT INTO dbo.aspnet_Users(ApplicationID, UserName, LoweredUserName, IsAnonymous, LastActivityDate)
   VALUES(@ApplicationId, 'martinezt@qq.com', 'martinezt@qq.com', 0, '2019-06-07 05:28:53')
   SELECT @AspNetUserID = UserId FROM aspnet_Users WHERE Username = 'martinezt@qq.com'
   INSERT INTO dbo.aspnet_Membership(ApplicationID, UserID, Password, PasswordFormat, PasswordSalt, Email, LoweredEmail, IsApproved, IsLockedOut, CreateDate, LastLoginDate, LastPasswordChangedDate, LastLockoutDate, FailedPasswordAttemptCount, FailedPasswordAttemptWindowStart, FailedPasswordAnswerAttemptCount, FailedPasswordAnswerAttemptWindowStart)
   VALUES(@ApplicationID, @AspNetUserID, 'aMoPu/jMK8Yc4dxEEtAWm+RvKkFRjT38n/c1ORi3HgGWXJI15kNozQ==', 2, 'ub/Nej8BunZL3H6o+Z7+sg==', 'martinezt@qq.com', 'martinezt@qq.com', 1, 0, '2019-06-07 05:28:53', '2019-06-07 05:28:53', '2019-06-07 05:28:53', '1754-01-01 00:00:00.000', 0, '1754-01-01 00:00:00.000', 0, '1754-01-01 00:00:00.000')
   INSERT INTO dbo.dnn_UserPortals(UserID, PortalID, CreatedDate, Authorised, IsDeleted, RefreshRoles)
   VALUES(@UserID, @PortalID, '2019-06-07 05:28:53', 1, 0, 0)
   INSERT INTO dbo.dnn_UserRoles(UserID, RoleID, IsTrialUsed, CreatedByUserID, CreatedOnDate, LastModifiedByUserID, LastModifiedOnDate, [Status], IsOwner)
   VALUES(@UserId, @MaleRole, 0, 1, '2019-06-07 05:28:53', 1, '2019-06-07 05:28:53', 1, 0)
   INSERT INTO dbo.dnn_Users(Username, FirstName, LastName, Email, DisplayName, UpdatePassword, LastIPAddress, IsDeleted, CreatedByUserID, CreatedOnDate, LastModifiedByUserID, LastModifiedOnDate, PasswordResetToken, PasswordResetExpiration)
   VALUES('christopher.hernandez@live.com', 'Christopher', 'Hernandez', 'christopher.hernandez@live.com', 'Christopher Hernandez', 0, '', 0, 1, '2019-06-07 05:28:53', 1, '2019-06-07 05:28:53', NULL, NULL)
   SELECT @UserID = SCOPE_IDENTITY()
   INSERT INTO dbo.aspnet_Users(ApplicationID, UserName, LoweredUserName, IsAnonymous, LastActivityDate)
   VALUES(@ApplicationId, 'christopher.hernandez@live.com', 'christopher.hernandez@live.com', 0, '2019-06-07 05:28:53')
   SELECT @AspNetUserID = UserId FROM aspnet_Users WHERE Username = 'christopher.hernandez@live.com'
   INSERT INTO dbo.aspnet_Membership(ApplicationID, UserID, Password, PasswordFormat, PasswordSalt, Email, LoweredEmail, IsApproved, IsLockedOut, CreateDate, LastLoginDate, LastPasswordChangedDate, LastLockoutDate, FailedPasswordAttemptCount, FailedPasswordAttemptWindowStart, FailedPasswordAnswerAttemptCount, FailedPasswordAnswerAttemptWindowStart)
   VALUES(@ApplicationID, @AspNetUserID, 'aMoPu/jMK8Yc4dxEEtAWm+RvKkFRjT38n/c1ORi3HgGWXJI15kNozQ==', 2, 'ub/Nej8BunZL3H6o+Z7+sg==', 'christopher.hernandez@live.com', 'christopher.hernandez@live.com', 1, 0, '2019-06-07 05:28:53', '2019-06-07 05:28:53', '2019-06-07 05:28:53', '1754-01-01 00:00:00.000', 0, '1754-01-01 00:00:00.000', 0, '1754-01-01 00:00:00.000')
   INSERT INTO dbo.dnn_UserPortals(UserID, PortalID, CreatedDate, Authorised, IsDeleted, RefreshRoles)
   VALUES(@UserID, @PortalID, '2019-06-07 05:28:53', 1, 0, 0)
   INSERT INTO dbo.dnn_UserRoles(UserID, RoleID, IsTrialUsed, CreatedByUserID, CreatedOnDate, LastModifiedByUserID, LastModifiedOnDate, [Status], IsOwner)
   VALUES(@UserId, @MaleRole, 0, 1, '2019-06-07 05:28:53', 1, '2019-06-07 05:28:53', 1, 0)
   INSERT INTO dbo.dnn_UserRoles(UserID, RoleID, IsTrialUsed, CreatedByUserID, CreatedOnDate, LastModifiedByUserID, LastModifiedOnDate, [Status], IsOwner)
   VALUES(@UserId, @AcademicRole, 0, 1, '2019-06-07 05:28:53', 1, '2019-06-07 05:28:53', 1, 0)
   INSERT INTO dbo.dnn_Users(Username, FirstName, LastName, Email, DisplayName, UpdatePassword, LastIPAddress, IsDeleted, CreatedByUserID, CreatedOnDate, LastModifiedByUserID, LastModifiedOnDate, PasswordResetToken, PasswordResetExpiration)
   VALUES('d.lopez@taobao.com', 'Daniel', 'Lopez', 'd.lopez@taobao.com', 'Daniel Lopez', 0, '', 0, 1, '2019-06-07 05:28:53', 1, '2019-06-07 05:28:53', NULL, NULL)
   SELECT @UserID = SCOPE_IDENTITY()
   INSERT INTO dbo.aspnet_Users(ApplicationID, UserName, LoweredUserName, IsAnonymous, LastActivityDate)
   VALUES(@ApplicationId, 'd.lopez@taobao.com', 'd.lopez@taobao.com', 0, '2019-06-07 05:28:53')
   SELECT @AspNetUserID = UserId FROM aspnet_Users WHERE Username = 'd.lopez@taobao.com'
   INSERT INTO dbo.aspnet_Membership(ApplicationID, UserID, Password, PasswordFormat, PasswordSalt, Email, LoweredEmail, IsApproved, IsLockedOut, CreateDate, LastLoginDate, LastPasswordChangedDate, LastLockoutDate, FailedPasswordAttemptCount, FailedPasswordAttemptWindowStart, FailedPasswordAnswerAttemptCount, FailedPasswordAnswerAttemptWindowStart)
   VALUES(@ApplicationID, @AspNetUserID, 'aMoPu/jMK8Yc4dxEEtAWm+RvKkFRjT38n/c1ORi3HgGWXJI15kNozQ==', 2, 'ub/Nej8BunZL3H6o+Z7+sg==', 'd.lopez@taobao.com', 'd.lopez@taobao.com', 1, 0, '2019-06-07 05:28:53', '2019-06-07 05:28:53', '2019-06-07 05:28:53', '1754-01-01 00:00:00.000', 0, '1754-01-01 00:00:00.000', 0, '1754-01-01 00:00:00.000')
   INSERT INTO dbo.dnn_UserPortals(UserID, PortalID, CreatedDate, Authorised, IsDeleted, RefreshRoles)
   VALUES(@UserID, @PortalID, '2019-06-07 05:28:53', 1, 0, 0)
   INSERT INTO dbo.dnn_UserRoles(UserID, RoleID, IsTrialUsed, CreatedByUserID, CreatedOnDate, LastModifiedByUserID, LastModifiedOnDate, [Status], IsOwner)
   VALUES(@UserId, @MaleRole, 0, 1, '2019-06-07 05:28:53', 1, '2019-06-07 05:28:53', 1, 0)
   INSERT INTO dbo.dnn_Users(Username, FirstName, LastName, Email, DisplayName, UpdatePassword, LastIPAddress, IsDeleted, CreatedByUserID, CreatedOnDate, LastModifiedByUserID, LastModifiedOnDate, PasswordResetToken, PasswordResetExpiration)
   VALUES('gonzalezp@bing.com', 'Paul', 'Gonzalez', 'gonzalezp@bing.com', 'Paul Gonzalez', 0, '', 0, 1, '2019-06-07 05:28:53', 1, '2019-06-07 05:28:53', NULL, NULL)
   SELECT @UserID = SCOPE_IDENTITY()
   INSERT INTO dbo.aspnet_Users(ApplicationID, UserName, LoweredUserName, IsAnonymous, LastActivityDate)
   VALUES(@ApplicationId, 'gonzalezp@bing.com', 'gonzalezp@bing.com', 0, '2019-06-07 05:28:53')
   SELECT @AspNetUserID = UserId FROM aspnet_Users WHERE Username = 'gonzalezp@bing.com'
   INSERT INTO dbo.aspnet_Membership(ApplicationID, UserID, Password, PasswordFormat, PasswordSalt, Email, LoweredEmail, IsApproved, IsLockedOut, CreateDate, LastLoginDate, LastPasswordChangedDate, LastLockoutDate, FailedPasswordAttemptCount, FailedPasswordAttemptWindowStart, FailedPasswordAnswerAttemptCount, FailedPasswordAnswerAttemptWindowStart)
   VALUES(@ApplicationID, @AspNetUserID, 'aMoPu/jMK8Yc4dxEEtAWm+RvKkFRjT38n/c1ORi3HgGWXJI15kNozQ==', 2, 'ub/Nej8BunZL3H6o+Z7+sg==', 'gonzalezp@bing.com', 'gonzalezp@bing.com', 1, 0, '2019-06-07 05:28:53', '2019-06-07 05:28:53', '2019-06-07 05:28:53', '1754-01-01 00:00:00.000', 0, '1754-01-01 00:00:00.000', 0, '1754-01-01 00:00:00.000')
   INSERT INTO dbo.dnn_UserPortals(UserID, PortalID, CreatedDate, Authorised, IsDeleted, RefreshRoles)
   VALUES(@UserID, @PortalID, '2019-06-07 05:28:53', 1, 0, 0)
   INSERT INTO dbo.dnn_UserRoles(UserID, RoleID, IsTrialUsed, CreatedByUserID, CreatedOnDate, LastModifiedByUserID, LastModifiedOnDate, [Status], IsOwner)
   VALUES(@UserId, @MaleRole, 0, 1, '2019-06-07 05:28:53', 1, '2019-06-07 05:28:53', 1, 0)
   INSERT INTO dbo.dnn_Users(Username, FirstName, LastName, Email, DisplayName, UpdatePassword, LastIPAddress, IsDeleted, CreatedByUserID, CreatedOnDate, LastModifiedByUserID, LastModifiedOnDate, PasswordResetToken, PasswordResetExpiration)
   VALUES('mark.wilson@google.co.jp', 'Mark', 'Wilson', 'mark.wilson@google.co.jp', 'Mark Wilson', 0, '', 0, 1, '2019-06-07 05:28:53', 1, '2019-06-07 05:28:53', NULL, NULL)
   SELECT @UserID = SCOPE_IDENTITY()
   INSERT INTO dbo.aspnet_Users(ApplicationID, UserName, LoweredUserName, IsAnonymous, LastActivityDate)
   VALUES(@ApplicationId, 'mark.wilson@google.co.jp', 'mark.wilson@google.co.jp', 0, '2019-06-07 05:28:53')
   SELECT @AspNetUserID = UserId FROM aspnet_Users WHERE Username = 'mark.wilson@google.co.jp'
   INSERT INTO dbo.aspnet_Membership(ApplicationID, UserID, Password, PasswordFormat, PasswordSalt, Email, LoweredEmail, IsApproved, IsLockedOut, CreateDate, LastLoginDate, LastPasswordChangedDate, LastLockoutDate, FailedPasswordAttemptCount, FailedPasswordAttemptWindowStart, FailedPasswordAnswerAttemptCount, FailedPasswordAnswerAttemptWindowStart)
   VALUES(@ApplicationID, @AspNetUserID, 'aMoPu/jMK8Yc4dxEEtAWm+RvKkFRjT38n/c1ORi3HgGWXJI15kNozQ==', 2, 'ub/Nej8BunZL3H6o+Z7+sg==', 'mark.wilson@google.co.jp', 'mark.wilson@google.co.jp', 1, 0, '2019-06-07 05:28:53', '2019-06-07 05:28:53', '2019-06-07 05:28:53', '1754-01-01 00:00:00.000', 0, '1754-01-01 00:00:00.000', 0, '1754-01-01 00:00:00.000')
   INSERT INTO dbo.dnn_UserPortals(UserID, PortalID, CreatedDate, Authorised, IsDeleted, RefreshRoles)
   VALUES(@UserID, @PortalID, '2019-06-07 05:28:53', 1, 0, 0)
   INSERT INTO dbo.dnn_UserRoles(UserID, RoleID, IsTrialUsed, CreatedByUserID, CreatedOnDate, LastModifiedByUserID, LastModifiedOnDate, [Status], IsOwner)
   VALUES(@UserId, @MaleRole, 0, 1, '2019-06-07 05:28:53', 1, '2019-06-07 05:28:53', 1, 0)
   INSERT INTO dbo.dnn_Users(Username, FirstName, LastName, Email, DisplayName, UpdatePassword, LastIPAddress, IsDeleted, CreatedByUserID, CreatedOnDate, LastModifiedByUserID, LastModifiedOnDate, PasswordResetToken, PasswordResetExpiration)
   VALUES('d.anderson@msn.com', 'Donald', 'Anderson', 'd.anderson@msn.com', 'Donald Anderson', 0, '', 0, 1, '2019-06-07 05:28:53', 1, '2019-06-07 05:28:53', NULL, NULL)
   SELECT @UserID = SCOPE_IDENTITY()
   INSERT INTO dbo.aspnet_Users(ApplicationID, UserName, LoweredUserName, IsAnonymous, LastActivityDate)
   VALUES(@ApplicationId, 'd.anderson@msn.com', 'd.anderson@msn.com', 0, '2019-06-07 05:28:53')
   SELECT @AspNetUserID = UserId FROM aspnet_Users WHERE Username = 'd.anderson@msn.com'
   INSERT INTO dbo.aspnet_Membership(ApplicationID, UserID, Password, PasswordFormat, PasswordSalt, Email, LoweredEmail, IsApproved, IsLockedOut, CreateDate, LastLoginDate, LastPasswordChangedDate, LastLockoutDate, FailedPasswordAttemptCount, FailedPasswordAttemptWindowStart, FailedPasswordAnswerAttemptCount, FailedPasswordAnswerAttemptWindowStart)
   VALUES(@ApplicationID, @AspNetUserID, 'aMoPu/jMK8Yc4dxEEtAWm+RvKkFRjT38n/c1ORi3HgGWXJI15kNozQ==', 2, 'ub/Nej8BunZL3H6o+Z7+sg==', 'd.anderson@msn.com', 'd.anderson@msn.com', 1, 0, '2019-06-07 05:28:53', '2019-06-07 05:28:53', '2019-06-07 05:28:53', '1754-01-01 00:00:00.000', 0, '1754-01-01 00:00:00.000', 0, '1754-01-01 00:00:00.000')
   INSERT INTO dbo.dnn_UserPortals(UserID, PortalID, CreatedDate, Authorised, IsDeleted, RefreshRoles)
   VALUES(@UserID, @PortalID, '2019-06-07 05:28:53', 1, 0, 0)
   INSERT INTO dbo.dnn_UserRoles(UserID, RoleID, IsTrialUsed, CreatedByUserID, CreatedOnDate, LastModifiedByUserID, LastModifiedOnDate, [Status], IsOwner)
   VALUES(@UserId, @MaleRole, 0, 1, '2019-06-07 05:28:53', 1, '2019-06-07 05:28:53', 1, 0)
   INSERT INTO dbo.dnn_Users(Username, FirstName, LastName, Email, DisplayName, UpdatePassword, LastIPAddress, IsDeleted, CreatedByUserID, CreatedOnDate, LastModifiedByUserID, LastModifiedOnDate, PasswordResetToken, PasswordResetExpiration)
   VALUES('thomasg@yahoo.co.jp', 'George', 'Thomas', 'thomasg@yahoo.co.jp', 'George Thomas', 0, '', 0, 1, '2019-06-07 05:28:54', 1, '2019-06-07 05:28:54', NULL, NULL)
   SELECT @UserID = SCOPE_IDENTITY()
   INSERT INTO dbo.aspnet_Users(ApplicationID, UserName, LoweredUserName, IsAnonymous, LastActivityDate)
   VALUES(@ApplicationId, 'thomasg@yahoo.co.jp', 'thomasg@yahoo.co.jp', 0, '2019-06-07 05:28:54')
   SELECT @AspNetUserID = UserId FROM aspnet_Users WHERE Username = 'thomasg@yahoo.co.jp'
   INSERT INTO dbo.aspnet_Membership(ApplicationID, UserID, Password, PasswordFormat, PasswordSalt, Email, LoweredEmail, IsApproved, IsLockedOut, CreateDate, LastLoginDate, LastPasswordChangedDate, LastLockoutDate, FailedPasswordAttemptCount, FailedPasswordAttemptWindowStart, FailedPasswordAnswerAttemptCount, FailedPasswordAnswerAttemptWindowStart)
   VALUES(@ApplicationID, @AspNetUserID, 'aMoPu/jMK8Yc4dxEEtAWm+RvKkFRjT38n/c1ORi3HgGWXJI15kNozQ==', 2, 'ub/Nej8BunZL3H6o+Z7+sg==', 'thomasg@yahoo.co.jp', 'thomasg@yahoo.co.jp', 1, 0, '2019-06-07 05:28:54', '2019-06-07 05:28:54', '2019-06-07 05:28:54', '1754-01-01 00:00:00.000', 0, '1754-01-01 00:00:00.000', 0, '1754-01-01 00:00:00.000')
   INSERT INTO dbo.dnn_UserPortals(UserID, PortalID, CreatedDate, Authorised, IsDeleted, RefreshRoles)
   VALUES(@UserID, @PortalID, '2019-06-07 05:28:54', 1, 0, 0)
   INSERT INTO dbo.dnn_UserRoles(UserID, RoleID, IsTrialUsed, CreatedByUserID, CreatedOnDate, LastModifiedByUserID, LastModifiedOnDate, [Status], IsOwner)
   VALUES(@UserId, @MaleRole, 0, 1, '2019-06-07 05:28:54', 1, '2019-06-07 05:28:54', 1, 0)
   INSERT INTO dbo.dnn_Users(Username, FirstName, LastName, Email, DisplayName, UpdatePassword, LastIPAddress, IsDeleted, CreatedByUserID, CreatedOnDate, LastModifiedByUserID, LastModifiedOnDate, PasswordResetToken, PasswordResetExpiration)
   VALUES('kenneth.taylor@linkedin.com', 'Kenneth', 'Taylor', 'kenneth.taylor@linkedin.com', 'Kenneth Taylor', 0, '', 0, 1, '2019-06-07 05:28:54', 1, '2019-06-07 05:28:54', NULL, NULL)
   SELECT @UserID = SCOPE_IDENTITY()
   INSERT INTO dbo.aspnet_Users(ApplicationID, UserName, LoweredUserName, IsAnonymous, LastActivityDate)
   VALUES(@ApplicationId, 'kenneth.taylor@linkedin.com', 'kenneth.taylor@linkedin.com', 0, '2019-06-07 05:28:54')
   SELECT @AspNetUserID = UserId FROM aspnet_Users WHERE Username = 'kenneth.taylor@linkedin.com'
   INSERT INTO dbo.aspnet_Membership(ApplicationID, UserID, Password, PasswordFormat, PasswordSalt, Email, LoweredEmail, IsApproved, IsLockedOut, CreateDate, LastLoginDate, LastPasswordChangedDate, LastLockoutDate, FailedPasswordAttemptCount, FailedPasswordAttemptWindowStart, FailedPasswordAnswerAttemptCount, FailedPasswordAnswerAttemptWindowStart)
   VALUES(@ApplicationID, @AspNetUserID, 'aMoPu/jMK8Yc4dxEEtAWm+RvKkFRjT38n/c1ORi3HgGWXJI15kNozQ==', 2, 'ub/Nej8BunZL3H6o+Z7+sg==', 'kenneth.taylor@linkedin.com', 'kenneth.taylor@linkedin.com', 1, 0, '2019-06-07 05:28:54', '2019-06-07 05:28:54', '2019-06-07 05:28:54', '1754-01-01 00:00:00.000', 0, '1754-01-01 00:00:00.000', 0, '1754-01-01 00:00:00.000')
   INSERT INTO dbo.dnn_UserPortals(UserID, PortalID, CreatedDate, Authorised, IsDeleted, RefreshRoles)
   VALUES(@UserID, @PortalID, '2019-06-07 05:28:54', 1, 0, 0)
   INSERT INTO dbo.dnn_UserRoles(UserID, RoleID, IsTrialUsed, CreatedByUserID, CreatedOnDate, LastModifiedByUserID, LastModifiedOnDate, [Status], IsOwner)
   VALUES(@UserId, @MaleRole, 0, 1, '2019-06-07 05:28:54', 1, '2019-06-07 05:28:54', 1, 0)
   INSERT INTO dbo.dnn_Users(Username, FirstName, LastName, Email, DisplayName, UpdatePassword, LastIPAddress, IsDeleted, CreatedByUserID, CreatedOnDate, LastModifiedByUserID, LastModifiedOnDate, PasswordResetToken, PasswordResetExpiration)
   VALUES('s.moore@sina.com.cn', 'Steven', 'Moore', 's.moore@sina.com.cn', 'Steven Moore', 0, '', 0, 1, '2019-06-07 05:28:54', 1, '2019-06-07 05:28:54', NULL, NULL)
   SELECT @UserID = SCOPE_IDENTITY()
   INSERT INTO dbo.aspnet_Users(ApplicationID, UserName, LoweredUserName, IsAnonymous, LastActivityDate)
   VALUES(@ApplicationId, 's.moore@sina.com.cn', 's.moore@sina.com.cn', 0, '2019-06-07 05:28:54')
   SELECT @AspNetUserID = UserId FROM aspnet_Users WHERE Username = 's.moore@sina.com.cn'
   INSERT INTO dbo.aspnet_Membership(ApplicationID, UserID, Password, PasswordFormat, PasswordSalt, Email, LoweredEmail, IsApproved, IsLockedOut, CreateDate, LastLoginDate, LastPasswordChangedDate, LastLockoutDate, FailedPasswordAttemptCount, FailedPasswordAttemptWindowStart, FailedPasswordAnswerAttemptCount, FailedPasswordAnswerAttemptWindowStart)
   VALUES(@ApplicationID, @AspNetUserID, 'aMoPu/jMK8Yc4dxEEtAWm+RvKkFRjT38n/c1ORi3HgGWXJI15kNozQ==', 2, 'ub/Nej8BunZL3H6o+Z7+sg==', 's.moore@sina.com.cn', 's.moore@sina.com.cn', 1, 0, '2019-06-07 05:28:54', '2019-06-07 05:28:54', '2019-06-07 05:28:54', '1754-01-01 00:00:00.000', 0, '1754-01-01 00:00:00.000', 0, '1754-01-01 00:00:00.000')
   INSERT INTO dbo.dnn_UserPortals(UserID, PortalID, CreatedDate, Authorised, IsDeleted, RefreshRoles)
   VALUES(@UserID, @PortalID, '2019-06-07 05:28:54', 1, 0, 0)
   INSERT INTO dbo.dnn_UserRoles(UserID, RoleID, IsTrialUsed, CreatedByUserID, CreatedOnDate, LastModifiedByUserID, LastModifiedOnDate, [Status], IsOwner)
   VALUES(@UserId, @MaleRole, 0, 1, '2019-06-07 05:28:54', 1, '2019-06-07 05:28:54', 1, 0)
   INSERT INTO dbo.dnn_UserRoles(UserID, RoleID, IsTrialUsed, CreatedByUserID, CreatedOnDate, LastModifiedByUserID, LastModifiedOnDate, [Status], IsOwner)
   VALUES(@UserId, @ManagerRole, 0, 1, '2019-06-07 05:28:54', 1, '2019-06-07 05:28:54', 1, 0)
   INSERT INTO dbo.dnn_Users(Username, FirstName, LastName, Email, DisplayName, UpdatePassword, LastIPAddress, IsDeleted, CreatedByUserID, CreatedOnDate, LastModifiedByUserID, LastModifiedOnDate, PasswordResetToken, PasswordResetExpiration)
   VALUES('jacksone@instagram.com', 'Edward', 'Jackson', 'jacksone@instagram.com', 'Edward Jackson', 0, '', 0, 1, '2019-06-07 05:28:54', 1, '2019-06-07 05:28:54', NULL, NULL)
   SELECT @UserID = SCOPE_IDENTITY()
   INSERT INTO dbo.aspnet_Users(ApplicationID, UserName, LoweredUserName, IsAnonymous, LastActivityDate)
   VALUES(@ApplicationId, 'jacksone@instagram.com', 'jacksone@instagram.com', 0, '2019-06-07 05:28:54')
   SELECT @AspNetUserID = UserId FROM aspnet_Users WHERE Username = 'jacksone@instagram.com'
   INSERT INTO dbo.aspnet_Membership(ApplicationID, UserID, Password, PasswordFormat, PasswordSalt, Email, LoweredEmail, IsApproved, IsLockedOut, CreateDate, LastLoginDate, LastPasswordChangedDate, LastLockoutDate, FailedPasswordAttemptCount, FailedPasswordAttemptWindowStart, FailedPasswordAnswerAttemptCount, FailedPasswordAnswerAttemptWindowStart)
   VALUES(@ApplicationID, @AspNetUserID, 'aMoPu/jMK8Yc4dxEEtAWm+RvKkFRjT38n/c1ORi3HgGWXJI15kNozQ==', 2, 'ub/Nej8BunZL3H6o+Z7+sg==', 'jacksone@instagram.com', 'jacksone@instagram.com', 1, 0, '2019-06-07 05:28:54', '2019-06-07 05:28:54', '2019-06-07 05:28:54', '1754-01-01 00:00:00.000', 0, '1754-01-01 00:00:00.000', 0, '1754-01-01 00:00:00.000')
   INSERT INTO dbo.dnn_UserPortals(UserID, PortalID, CreatedDate, Authorised, IsDeleted, RefreshRoles)
   VALUES(@UserID, @PortalID, '2019-06-07 05:28:54', 1, 0, 0)
   INSERT INTO dbo.dnn_UserRoles(UserID, RoleID, IsTrialUsed, CreatedByUserID, CreatedOnDate, LastModifiedByUserID, LastModifiedOnDate, [Status], IsOwner)
   VALUES(@UserId, @MaleRole, 0, 1, '2019-06-07 05:28:54', 1, '2019-06-07 05:28:54', 1, 0)
   INSERT INTO dbo.dnn_Users(Username, FirstName, LastName, Email, DisplayName, UpdatePassword, LastIPAddress, IsDeleted, CreatedByUserID, CreatedOnDate, LastModifiedByUserID, LastModifiedOnDate, PasswordResetToken, PasswordResetExpiration)
   VALUES('brian.martin@weibo.com', 'Brian', 'Martin', 'brian.martin@weibo.com', 'Brian Martin', 0, '', 0, 1, '2019-06-07 05:28:54', 1, '2019-06-07 05:28:54', NULL, NULL)
   SELECT @UserID = SCOPE_IDENTITY()
   INSERT INTO dbo.aspnet_Users(ApplicationID, UserName, LoweredUserName, IsAnonymous, LastActivityDate)
   VALUES(@ApplicationId, 'brian.martin@weibo.com', 'brian.martin@weibo.com', 0, '2019-06-07 05:28:54')
   SELECT @AspNetUserID = UserId FROM aspnet_Users WHERE Username = 'brian.martin@weibo.com'
   INSERT INTO dbo.aspnet_Membership(ApplicationID, UserID, Password, PasswordFormat, PasswordSalt, Email, LoweredEmail, IsApproved, IsLockedOut, CreateDate, LastLoginDate, LastPasswordChangedDate, LastLockoutDate, FailedPasswordAttemptCount, FailedPasswordAttemptWindowStart, FailedPasswordAnswerAttemptCount, FailedPasswordAnswerAttemptWindowStart)
   VALUES(@ApplicationID, @AspNetUserID, 'aMoPu/jMK8Yc4dxEEtAWm+RvKkFRjT38n/c1ORi3HgGWXJI15kNozQ==', 2, 'ub/Nej8BunZL3H6o+Z7+sg==', 'brian.martin@weibo.com', 'brian.martin@weibo.com', 1, 0, '2019-06-07 05:28:54', '2019-06-07 05:28:54', '2019-06-07 05:28:54', '1754-01-01 00:00:00.000', 0, '1754-01-01 00:00:00.000', 0, '1754-01-01 00:00:00.000')
   INSERT INTO dbo.dnn_UserPortals(UserID, PortalID, CreatedDate, Authorised, IsDeleted, RefreshRoles)
   VALUES(@UserID, @PortalID, '2019-06-07 05:28:54', 1, 0, 0)
   INSERT INTO dbo.dnn_UserRoles(UserID, RoleID, IsTrialUsed, CreatedByUserID, CreatedOnDate, LastModifiedByUserID, LastModifiedOnDate, [Status], IsOwner)
   VALUES(@UserId, @MaleRole, 0, 1, '2019-06-07 05:28:54', 1, '2019-06-07 05:28:54', 1, 0)
   INSERT INTO dbo.dnn_Users(Username, FirstName, LastName, Email, DisplayName, UpdatePassword, LastIPAddress, IsDeleted, CreatedByUserID, CreatedOnDate, LastModifiedByUserID, LastModifiedOnDate, PasswordResetToken, PasswordResetExpiration)
   VALUES('r.lee@vk.com', 'Ronald', 'Lee', 'r.lee@vk.com', 'Ronald Lee', 0, '', 0, 1, '2019-06-07 05:28:54', 1, '2019-06-07 05:28:54', NULL, NULL)
   SELECT @UserID = SCOPE_IDENTITY()
   INSERT INTO dbo.aspnet_Users(ApplicationID, UserName, LoweredUserName, IsAnonymous, LastActivityDate)
   VALUES(@ApplicationId, 'r.lee@vk.com', 'r.lee@vk.com', 0, '2019-06-07 05:28:54')
   SELECT @AspNetUserID = UserId FROM aspnet_Users WHERE Username = 'r.lee@vk.com'
   INSERT INTO dbo.aspnet_Membership(ApplicationID, UserID, Password, PasswordFormat, PasswordSalt, Email, LoweredEmail, IsApproved, IsLockedOut, CreateDate, LastLoginDate, LastPasswordChangedDate, LastLockoutDate, FailedPasswordAttemptCount, FailedPasswordAttemptWindowStart, FailedPasswordAnswerAttemptCount, FailedPasswordAnswerAttemptWindowStart)
   VALUES(@ApplicationID, @AspNetUserID, 'aMoPu/jMK8Yc4dxEEtAWm+RvKkFRjT38n/c1ORi3HgGWXJI15kNozQ==', 2, 'ub/Nej8BunZL3H6o+Z7+sg==', 'r.lee@vk.com', 'r.lee@vk.com', 1, 0, '2019-06-07 05:28:54', '2019-06-07 05:28:54', '2019-06-07 05:28:54', '1754-01-01 00:00:00.000', 0, '1754-01-01 00:00:00.000', 0, '1754-01-01 00:00:00.000')
   INSERT INTO dbo.dnn_UserPortals(UserID, PortalID, CreatedDate, Authorised, IsDeleted, RefreshRoles)
   VALUES(@UserID, @PortalID, '2019-06-07 05:28:54', 1, 0, 0)
   INSERT INTO dbo.dnn_UserRoles(UserID, RoleID, IsTrialUsed, CreatedByUserID, CreatedOnDate, LastModifiedByUserID, LastModifiedOnDate, [Status], IsOwner)
   VALUES(@UserId, @MaleRole, 0, 1, '2019-06-07 05:28:54', 1, '2019-06-07 05:28:54', 1, 0)
   INSERT INTO dbo.dnn_Users(Username, FirstName, LastName, Email, DisplayName, UpdatePassword, LastIPAddress, IsDeleted, CreatedByUserID, CreatedOnDate, LastModifiedByUserID, LastModifiedOnDate, PasswordResetToken, PasswordResetExpiration)
   VALUES('pereza@yandex.ru', 'Anthony', 'Perez', 'pereza@yandex.ru', 'Anthony Perez', 0, '', 0, 1, '2019-06-07 05:28:54', 1, '2019-06-07 05:28:54', NULL, NULL)
   SELECT @UserID = SCOPE_IDENTITY()
   INSERT INTO dbo.aspnet_Users(ApplicationID, UserName, LoweredUserName, IsAnonymous, LastActivityDate)
   VALUES(@ApplicationId, 'pereza@yandex.ru', 'pereza@yandex.ru', 0, '2019-06-07 05:28:54')
   SELECT @AspNetUserID = UserId FROM aspnet_Users WHERE Username = 'pereza@yandex.ru'
   INSERT INTO dbo.aspnet_Membership(ApplicationID, UserID, Password, PasswordFormat, PasswordSalt, Email, LoweredEmail, IsApproved, IsLockedOut, CreateDate, LastLoginDate, LastPasswordChangedDate, LastLockoutDate, FailedPasswordAttemptCount, FailedPasswordAttemptWindowStart, FailedPasswordAnswerAttemptCount, FailedPasswordAnswerAttemptWindowStart)
   VALUES(@ApplicationID, @AspNetUserID, 'aMoPu/jMK8Yc4dxEEtAWm+RvKkFRjT38n/c1ORi3HgGWXJI15kNozQ==', 2, 'ub/Nej8BunZL3H6o+Z7+sg==', 'pereza@yandex.ru', 'pereza@yandex.ru', 1, 0, '2019-06-07 05:28:54', '2019-06-07 05:28:54', '2019-06-07 05:28:54', '1754-01-01 00:00:00.000', 0, '1754-01-01 00:00:00.000', 0, '1754-01-01 00:00:00.000')
   INSERT INTO dbo.dnn_UserPortals(UserID, PortalID, CreatedDate, Authorised, IsDeleted, RefreshRoles)
   VALUES(@UserID, @PortalID, '2019-06-07 05:28:54', 1, 0, 0)
   INSERT INTO dbo.dnn_UserRoles(UserID, RoleID, IsTrialUsed, CreatedByUserID, CreatedOnDate, LastModifiedByUserID, LastModifiedOnDate, [Status], IsOwner)
   VALUES(@UserId, @MaleRole, 0, 1, '2019-06-07 05:28:54', 1, '2019-06-07 05:28:54', 1, 0)
   INSERT INTO dbo.dnn_Users(Username, FirstName, LastName, Email, DisplayName, UpdatePassword, LastIPAddress, IsDeleted, CreatedByUserID, CreatedOnDate, LastModifiedByUserID, LastModifiedOnDate, PasswordResetToken, PasswordResetExpiration)
   VALUES('kevin.thompson@google.de', 'Kevin', 'Thompson', 'kevin.thompson@google.de', 'Kevin Thompson', 0, '', 0, 1, '2019-06-07 05:28:54', 1, '2019-06-07 05:28:54', NULL, NULL)
   SELECT @UserID = SCOPE_IDENTITY()
   INSERT INTO dbo.aspnet_Users(ApplicationID, UserName, LoweredUserName, IsAnonymous, LastActivityDate)
   VALUES(@ApplicationId, 'kevin.thompson@google.de', 'kevin.thompson@google.de', 0, '2019-06-07 05:28:54')
   SELECT @AspNetUserID = UserId FROM aspnet_Users WHERE Username = 'kevin.thompson@google.de'
   INSERT INTO dbo.aspnet_Membership(ApplicationID, UserID, Password, PasswordFormat, PasswordSalt, Email, LoweredEmail, IsApproved, IsLockedOut, CreateDate, LastLoginDate, LastPasswordChangedDate, LastLockoutDate, FailedPasswordAttemptCount, FailedPasswordAttemptWindowStart, FailedPasswordAnswerAttemptCount, FailedPasswordAnswerAttemptWindowStart)
   VALUES(@ApplicationID, @AspNetUserID, 'aMoPu/jMK8Yc4dxEEtAWm+RvKkFRjT38n/c1ORi3HgGWXJI15kNozQ==', 2, 'ub/Nej8BunZL3H6o+Z7+sg==', 'kevin.thompson@google.de', 'kevin.thompson@google.de', 1, 0, '2019-06-07 05:28:54', '2019-06-07 05:28:54', '2019-06-07 05:28:54', '1754-01-01 00:00:00.000', 0, '1754-01-01 00:00:00.000', 0, '1754-01-01 00:00:00.000')
   INSERT INTO dbo.dnn_UserPortals(UserID, PortalID, CreatedDate, Authorised, IsDeleted, RefreshRoles)
   VALUES(@UserID, @PortalID, '2019-06-07 05:28:54', 1, 0, 0)
   INSERT INTO dbo.dnn_UserRoles(UserID, RoleID, IsTrialUsed, CreatedByUserID, CreatedOnDate, LastModifiedByUserID, LastModifiedOnDate, [Status], IsOwner)
   VALUES(@UserId, @MaleRole, 0, 1, '2019-06-07 05:28:54', 1, '2019-06-07 05:28:54', 1, 0)
   INSERT INTO dbo.dnn_Users(Username, FirstName, LastName, Email, DisplayName, UpdatePassword, LastIPAddress, IsDeleted, CreatedByUserID, CreatedOnDate, LastModifiedByUserID, LastModifiedOnDate, PasswordResetToken, PasswordResetExpiration)
   VALUES('j.white@google.ru', 'Jason', 'White', 'j.white@google.ru', 'Jason White', 0, '', 0, 1, '2019-06-07 05:28:54', 1, '2019-06-07 05:28:54', NULL, NULL)
   SELECT @UserID = SCOPE_IDENTITY()
   INSERT INTO dbo.aspnet_Users(ApplicationID, UserName, LoweredUserName, IsAnonymous, LastActivityDate)
   VALUES(@ApplicationId, 'j.white@google.ru', 'j.white@google.ru', 0, '2019-06-07 05:28:54')
   SELECT @AspNetUserID = UserId FROM aspnet_Users WHERE Username = 'j.white@google.ru'
   INSERT INTO dbo.aspnet_Membership(ApplicationID, UserID, Password, PasswordFormat, PasswordSalt, Email, LoweredEmail, IsApproved, IsLockedOut, CreateDate, LastLoginDate, LastPasswordChangedDate, LastLockoutDate, FailedPasswordAttemptCount, FailedPasswordAttemptWindowStart, FailedPasswordAnswerAttemptCount, FailedPasswordAnswerAttemptWindowStart)
   VALUES(@ApplicationID, @AspNetUserID, 'aMoPu/jMK8Yc4dxEEtAWm+RvKkFRjT38n/c1ORi3HgGWXJI15kNozQ==', 2, 'ub/Nej8BunZL3H6o+Z7+sg==', 'j.white@google.ru', 'j.white@google.ru', 1, 0, '2019-06-07 05:28:54', '2019-06-07 05:28:54', '2019-06-07 05:28:54', '1754-01-01 00:00:00.000', 0, '1754-01-01 00:00:00.000', 0, '1754-01-01 00:00:00.000')
   INSERT INTO dbo.dnn_UserPortals(UserID, PortalID, CreatedDate, Authorised, IsDeleted, RefreshRoles)
   VALUES(@UserID, @PortalID, '2019-06-07 05:28:54', 1, 0, 0)
   INSERT INTO dbo.dnn_UserRoles(UserID, RoleID, IsTrialUsed, CreatedByUserID, CreatedOnDate, LastModifiedByUserID, LastModifiedOnDate, [Status], IsOwner)
   VALUES(@UserId, @MaleRole, 0, 1, '2019-06-07 05:28:54', 1, '2019-06-07 05:28:54', 1, 0)
   INSERT INTO dbo.dnn_UserRoles(UserID, RoleID, IsTrialUsed, CreatedByUserID, CreatedOnDate, LastModifiedByUserID, LastModifiedOnDate, [Status], IsOwner)
   VALUES(@UserId, @AcademicRole, 0, 1, '2019-06-07 05:28:54', 1, '2019-06-07 05:28:54', 1, 0)
   INSERT INTO dbo.dnn_Users(Username, FirstName, LastName, Email, DisplayName, UpdatePassword, LastIPAddress, IsDeleted, CreatedByUserID, CreatedOnDate, LastModifiedByUserID, LastModifiedOnDate, PasswordResetToken, PasswordResetExpiration)
   VALUES('harrism@hao123.com', 'Matthew', 'Harris', 'harrism@hao123.com', 'Matthew Harris', 0, '', 0, 1, '2019-06-07 05:28:54', 1, '2019-06-07 05:28:54', NULL, NULL)
   SELECT @UserID = SCOPE_IDENTITY()
   INSERT INTO dbo.aspnet_Users(ApplicationID, UserName, LoweredUserName, IsAnonymous, LastActivityDate)
   VALUES(@ApplicationId, 'harrism@hao123.com', 'harrism@hao123.com', 0, '2019-06-07 05:28:54')
   SELECT @AspNetUserID = UserId FROM aspnet_Users WHERE Username = 'harrism@hao123.com'
   INSERT INTO dbo.aspnet_Membership(ApplicationID, UserID, Password, PasswordFormat, PasswordSalt, Email, LoweredEmail, IsApproved, IsLockedOut, CreateDate, LastLoginDate, LastPasswordChangedDate, LastLockoutDate, FailedPasswordAttemptCount, FailedPasswordAttemptWindowStart, FailedPasswordAnswerAttemptCount, FailedPasswordAnswerAttemptWindowStart)
   VALUES(@ApplicationID, @AspNetUserID, 'aMoPu/jMK8Yc4dxEEtAWm+RvKkFRjT38n/c1ORi3HgGWXJI15kNozQ==', 2, 'ub/Nej8BunZL3H6o+Z7+sg==', 'harrism@hao123.com', 'harrism@hao123.com', 1, 0, '2019-06-07 05:28:54', '2019-06-07 05:28:54', '2019-06-07 05:28:54', '1754-01-01 00:00:00.000', 0, '1754-01-01 00:00:00.000', 0, '1754-01-01 00:00:00.000')
   INSERT INTO dbo.dnn_UserPortals(UserID, PortalID, CreatedDate, Authorised, IsDeleted, RefreshRoles)
   VALUES(@UserID, @PortalID, '2019-06-07 05:28:54', 1, 0, 0)
   INSERT INTO dbo.dnn_UserRoles(UserID, RoleID, IsTrialUsed, CreatedByUserID, CreatedOnDate, LastModifiedByUserID, LastModifiedOnDate, [Status], IsOwner)
   VALUES(@UserId, @MaleRole, 0, 1, '2019-06-07 05:28:54', 1, '2019-06-07 05:28:54', 1, 0)
   INSERT INTO dbo.dnn_Users(Username, FirstName, LastName, Email, DisplayName, UpdatePassword, LastIPAddress, IsDeleted, CreatedByUserID, CreatedOnDate, LastModifiedByUserID, LastModifiedOnDate, PasswordResetToken, PasswordResetExpiration)
   VALUES('gary.sanchez@ebay.com', 'Gary', 'Sanchez', 'gary.sanchez@ebay.com', 'Gary Sanchez', 0, '', 0, 1, '2019-06-07 05:28:54', 1, '2019-06-07 05:28:54', NULL, NULL)
   SELECT @UserID = SCOPE_IDENTITY()
   INSERT INTO dbo.aspnet_Users(ApplicationID, UserName, LoweredUserName, IsAnonymous, LastActivityDate)
   VALUES(@ApplicationId, 'gary.sanchez@ebay.com', 'gary.sanchez@ebay.com', 0, '2019-06-07 05:28:54')
   SELECT @AspNetUserID = UserId FROM aspnet_Users WHERE Username = 'gary.sanchez@ebay.com'
   INSERT INTO dbo.aspnet_Membership(ApplicationID, UserID, Password, PasswordFormat, PasswordSalt, Email, LoweredEmail, IsApproved, IsLockedOut, CreateDate, LastLoginDate, LastPasswordChangedDate, LastLockoutDate, FailedPasswordAttemptCount, FailedPasswordAttemptWindowStart, FailedPasswordAnswerAttemptCount, FailedPasswordAnswerAttemptWindowStart)
   VALUES(@ApplicationID, @AspNetUserID, 'aMoPu/jMK8Yc4dxEEtAWm+RvKkFRjT38n/c1ORi3HgGWXJI15kNozQ==', 2, 'ub/Nej8BunZL3H6o+Z7+sg==', 'gary.sanchez@ebay.com', 'gary.sanchez@ebay.com', 1, 0, '2019-06-07 05:28:54', '2019-06-07 05:28:54', '2019-06-07 05:28:54', '1754-01-01 00:00:00.000', 0, '1754-01-01 00:00:00.000', 0, '1754-01-01 00:00:00.000')
   INSERT INTO dbo.dnn_UserPortals(UserID, PortalID, CreatedDate, Authorised, IsDeleted, RefreshRoles)
   VALUES(@UserID, @PortalID, '2019-06-07 05:28:54', 1, 0, 0)
   INSERT INTO dbo.dnn_UserRoles(UserID, RoleID, IsTrialUsed, CreatedByUserID, CreatedOnDate, LastModifiedByUserID, LastModifiedOnDate, [Status], IsOwner)
   VALUES(@UserId, @MaleRole, 0, 1, '2019-06-07 05:28:54', 1, '2019-06-07 05:28:54', 1, 0)
   INSERT INTO dbo.dnn_Users(Username, FirstName, LastName, Email, DisplayName, UpdatePassword, LastIPAddress, IsDeleted, CreatedByUserID, CreatedOnDate, LastModifiedByUserID, LastModifiedOnDate, PasswordResetToken, PasswordResetExpiration)
   VALUES('t.clark@reddit.com', 'Timothy', 'Clark', 't.clark@reddit.com', 'Timothy Clark', 0, '', 0, 1, '2019-06-07 05:28:54', 1, '2019-06-07 05:28:54', NULL, NULL)
   SELECT @UserID = SCOPE_IDENTITY()
   INSERT INTO dbo.aspnet_Users(ApplicationID, UserName, LoweredUserName, IsAnonymous, LastActivityDate)
   VALUES(@ApplicationId, 't.clark@reddit.com', 't.clark@reddit.com', 0, '2019-06-07 05:28:54')
   SELECT @AspNetUserID = UserId FROM aspnet_Users WHERE Username = 't.clark@reddit.com'
   INSERT INTO dbo.aspnet_Membership(ApplicationID, UserID, Password, PasswordFormat, PasswordSalt, Email, LoweredEmail, IsApproved, IsLockedOut, CreateDate, LastLoginDate, LastPasswordChangedDate, LastLockoutDate, FailedPasswordAttemptCount, FailedPasswordAttemptWindowStart, FailedPasswordAnswerAttemptCount, FailedPasswordAnswerAttemptWindowStart)
   VALUES(@ApplicationID, @AspNetUserID, 'aMoPu/jMK8Yc4dxEEtAWm+RvKkFRjT38n/c1ORi3HgGWXJI15kNozQ==', 2, 'ub/Nej8BunZL3H6o+Z7+sg==', 't.clark@reddit.com', 't.clark@reddit.com', 1, 0, '2019-06-07 05:28:54', '2019-06-07 05:28:54', '2019-06-07 05:28:54', '1754-01-01 00:00:00.000', 0, '1754-01-01 00:00:00.000', 0, '1754-01-01 00:00:00.000')
   INSERT INTO dbo.dnn_UserPortals(UserID, PortalID, CreatedDate, Authorised, IsDeleted, RefreshRoles)
   VALUES(@UserID, @PortalID, '2019-06-07 05:28:54', 1, 0, 0)
   INSERT INTO dbo.dnn_UserRoles(UserID, RoleID, IsTrialUsed, CreatedByUserID, CreatedOnDate, LastModifiedByUserID, LastModifiedOnDate, [Status], IsOwner)
   VALUES(@UserId, @MaleRole, 0, 1, '2019-06-07 05:28:54', 1, '2019-06-07 05:28:54', 1, 0)
   INSERT INTO dbo.dnn_Users(Username, FirstName, LastName, Email, DisplayName, UpdatePassword, LastIPAddress, IsDeleted, CreatedByUserID, CreatedOnDate, LastModifiedByUserID, LastModifiedOnDate, PasswordResetToken, PasswordResetExpiration)
   VALUES('ramirezj@google.co.uk', 'Jose', 'Ramirez', 'ramirezj@google.co.uk', 'Jose Ramirez', 0, '', 0, 1, '2019-06-07 05:28:54', 1, '2019-06-07 05:28:54', NULL, NULL)
   SELECT @UserID = SCOPE_IDENTITY()
   INSERT INTO dbo.aspnet_Users(ApplicationID, UserName, LoweredUserName, IsAnonymous, LastActivityDate)
   VALUES(@ApplicationId, 'ramirezj@google.co.uk', 'ramirezj@google.co.uk', 0, '2019-06-07 05:28:54')
   SELECT @AspNetUserID = UserId FROM aspnet_Users WHERE Username = 'ramirezj@google.co.uk'
   INSERT INTO dbo.aspnet_Membership(ApplicationID, UserID, Password, PasswordFormat, PasswordSalt, Email, LoweredEmail, IsApproved, IsLockedOut, CreateDate, LastLoginDate, LastPasswordChangedDate, LastLockoutDate, FailedPasswordAttemptCount, FailedPasswordAttemptWindowStart, FailedPasswordAnswerAttemptCount, FailedPasswordAnswerAttemptWindowStart)
   VALUES(@ApplicationID, @AspNetUserID, 'aMoPu/jMK8Yc4dxEEtAWm+RvKkFRjT38n/c1ORi3HgGWXJI15kNozQ==', 2, 'ub/Nej8BunZL3H6o+Z7+sg==', 'ramirezj@google.co.uk', 'ramirezj@google.co.uk', 1, 0, '2019-06-07 05:28:54', '2019-06-07 05:28:54', '2019-06-07 05:28:54', '1754-01-01 00:00:00.000', 0, '1754-01-01 00:00:00.000', 0, '1754-01-01 00:00:00.000')
   INSERT INTO dbo.dnn_UserPortals(UserID, PortalID, CreatedDate, Authorised, IsDeleted, RefreshRoles)
   VALUES(@UserID, @PortalID, '2019-06-07 05:28:54', 1, 0, 0)
   INSERT INTO dbo.dnn_UserRoles(UserID, RoleID, IsTrialUsed, CreatedByUserID, CreatedOnDate, LastModifiedByUserID, LastModifiedOnDate, [Status], IsOwner)
   VALUES(@UserId, @MaleRole, 0, 1, '2019-06-07 05:28:54', 1, '2019-06-07 05:28:54', 1, 0)
   INSERT INTO dbo.dnn_UserRoles(UserID, RoleID, IsTrialUsed, CreatedByUserID, CreatedOnDate, LastModifiedByUserID, LastModifiedOnDate, [Status], IsOwner)
   VALUES(@UserId, @ManagerRole, 0, 1, '2019-06-07 05:28:54', 1, '2019-06-07 05:28:54', 1, 0)
   INSERT INTO dbo.dnn_Users(Username, FirstName, LastName, Email, DisplayName, UpdatePassword, LastIPAddress, IsDeleted, CreatedByUserID, CreatedOnDate, LastModifiedByUserID, LastModifiedOnDate, PasswordResetToken, PasswordResetExpiration)
   VALUES('larry.lewis@google.com.br', 'Larry', 'Lewis', 'larry.lewis@google.com.br', 'Larry Lewis', 0, '', 0, 1, '2019-06-07 05:28:54', 1, '2019-06-07 05:28:54', NULL, NULL)
   SELECT @UserID = SCOPE_IDENTITY()
   INSERT INTO dbo.aspnet_Users(ApplicationID, UserName, LoweredUserName, IsAnonymous, LastActivityDate)
   VALUES(@ApplicationId, 'larry.lewis@google.com.br', 'larry.lewis@google.com.br', 0, '2019-06-07 05:28:54')
   SELECT @AspNetUserID = UserId FROM aspnet_Users WHERE Username = 'larry.lewis@google.com.br'
   INSERT INTO dbo.aspnet_Membership(ApplicationID, UserID, Password, PasswordFormat, PasswordSalt, Email, LoweredEmail, IsApproved, IsLockedOut, CreateDate, LastLoginDate, LastPasswordChangedDate, LastLockoutDate, FailedPasswordAttemptCount, FailedPasswordAttemptWindowStart, FailedPasswordAnswerAttemptCount, FailedPasswordAnswerAttemptWindowStart)
   VALUES(@ApplicationID, @AspNetUserID, 'aMoPu/jMK8Yc4dxEEtAWm+RvKkFRjT38n/c1ORi3HgGWXJI15kNozQ==', 2, 'ub/Nej8BunZL3H6o+Z7+sg==', 'larry.lewis@google.com.br', 'larry.lewis@google.com.br', 1, 0, '2019-06-07 05:28:54', '2019-06-07 05:28:54', '2019-06-07 05:28:54', '1754-01-01 00:00:00.000', 0, '1754-01-01 00:00:00.000', 0, '1754-01-01 00:00:00.000')
   INSERT INTO dbo.dnn_UserPortals(UserID, PortalID, CreatedDate, Authorised, IsDeleted, RefreshRoles)
   VALUES(@UserID, @PortalID, '2019-06-07 05:28:54', 1, 0, 0)
   INSERT INTO dbo.dnn_UserRoles(UserID, RoleID, IsTrialUsed, CreatedByUserID, CreatedOnDate, LastModifiedByUserID, LastModifiedOnDate, [Status], IsOwner)
   VALUES(@UserId, @MaleRole, 0, 1, '2019-06-07 05:28:54', 1, '2019-06-07 05:28:54', 1, 0)
   INSERT INTO dbo.dnn_Users(Username, FirstName, LastName, Email, DisplayName, UpdatePassword, LastIPAddress, IsDeleted, CreatedByUserID, CreatedOnDate, LastModifiedByUserID, LastModifiedOnDate, PasswordResetToken, PasswordResetExpiration)
   VALUES('j.robinson@mail.ru', 'Jeffrey', 'Robinson', 'j.robinson@mail.ru', 'Jeffrey Robinson', 0, '', 0, 1, '2019-06-07 05:28:54', 1, '2019-06-07 05:28:54', NULL, NULL)
   SELECT @UserID = SCOPE_IDENTITY()
   INSERT INTO dbo.aspnet_Users(ApplicationID, UserName, LoweredUserName, IsAnonymous, LastActivityDate)
   VALUES(@ApplicationId, 'j.robinson@mail.ru', 'j.robinson@mail.ru', 0, '2019-06-07 05:28:54')
   SELECT @AspNetUserID = UserId FROM aspnet_Users WHERE Username = 'j.robinson@mail.ru'
   INSERT INTO dbo.aspnet_Membership(ApplicationID, UserID, Password, PasswordFormat, PasswordSalt, Email, LoweredEmail, IsApproved, IsLockedOut, CreateDate, LastLoginDate, LastPasswordChangedDate, LastLockoutDate, FailedPasswordAttemptCount, FailedPasswordAttemptWindowStart, FailedPasswordAnswerAttemptCount, FailedPasswordAnswerAttemptWindowStart)
   VALUES(@ApplicationID, @AspNetUserID, 'aMoPu/jMK8Yc4dxEEtAWm+RvKkFRjT38n/c1ORi3HgGWXJI15kNozQ==', 2, 'ub/Nej8BunZL3H6o+Z7+sg==', 'j.robinson@mail.ru', 'j.robinson@mail.ru', 1, 0, '2019-06-07 05:28:54', '2019-06-07 05:28:54', '2019-06-07 05:28:54', '1754-01-01 00:00:00.000', 0, '1754-01-01 00:00:00.000', 0, '1754-01-01 00:00:00.000')
   INSERT INTO dbo.dnn_UserPortals(UserID, PortalID, CreatedDate, Authorised, IsDeleted, RefreshRoles)
   VALUES(@UserID, @PortalID, '2019-06-07 05:28:54', 1, 0, 0)
   INSERT INTO dbo.dnn_UserRoles(UserID, RoleID, IsTrialUsed, CreatedByUserID, CreatedOnDate, LastModifiedByUserID, LastModifiedOnDate, [Status], IsOwner)
   VALUES(@UserId, @MaleRole, 0, 1, '2019-06-07 05:28:54', 1, '2019-06-07 05:28:54', 1, 0)
   INSERT INTO dbo.dnn_Users(Username, FirstName, LastName, Email, DisplayName, UpdatePassword, LastIPAddress, IsDeleted, CreatedByUserID, CreatedOnDate, LastModifiedByUserID, LastModifiedOnDate, PasswordResetToken, PasswordResetExpiration)
   VALUES('walkerf@t.co', 'Frank', 'Walker', 'walkerf@t.co', 'Frank Walker', 0, '', 0, 1, '2019-06-07 05:28:54', 1, '2019-06-07 05:28:54', NULL, NULL)
   SELECT @UserID = SCOPE_IDENTITY()
   INSERT INTO dbo.aspnet_Users(ApplicationID, UserName, LoweredUserName, IsAnonymous, LastActivityDate)
   VALUES(@ApplicationId, 'walkerf@t.co', 'walkerf@t.co', 0, '2019-06-07 05:28:54')
   SELECT @AspNetUserID = UserId FROM aspnet_Users WHERE Username = 'walkerf@t.co'
   INSERT INTO dbo.aspnet_Membership(ApplicationID, UserID, Password, PasswordFormat, PasswordSalt, Email, LoweredEmail, IsApproved, IsLockedOut, CreateDate, LastLoginDate, LastPasswordChangedDate, LastLockoutDate, FailedPasswordAttemptCount, FailedPasswordAttemptWindowStart, FailedPasswordAnswerAttemptCount, FailedPasswordAnswerAttemptWindowStart)
   VALUES(@ApplicationID, @AspNetUserID, 'aMoPu/jMK8Yc4dxEEtAWm+RvKkFRjT38n/c1ORi3HgGWXJI15kNozQ==', 2, 'ub/Nej8BunZL3H6o+Z7+sg==', 'walkerf@t.co', 'walkerf@t.co', 1, 0, '2019-06-07 05:28:54', '2019-06-07 05:28:54', '2019-06-07 05:28:54', '1754-01-01 00:00:00.000', 0, '1754-01-01 00:00:00.000', 0, '1754-01-01 00:00:00.000')
   INSERT INTO dbo.dnn_UserPortals(UserID, PortalID, CreatedDate, Authorised, IsDeleted, RefreshRoles)
   VALUES(@UserID, @PortalID, '2019-06-07 05:28:54', 1, 0, 0)
   INSERT INTO dbo.dnn_UserRoles(UserID, RoleID, IsTrialUsed, CreatedByUserID, CreatedOnDate, LastModifiedByUserID, LastModifiedOnDate, [Status], IsOwner)
   VALUES(@UserId, @MaleRole, 0, 1, '2019-06-07 05:28:54', 1, '2019-06-07 05:28:54', 1, 0)
   INSERT INTO dbo.dnn_Users(Username, FirstName, LastName, Email, DisplayName, UpdatePassword, LastIPAddress, IsDeleted, CreatedByUserID, CreatedOnDate, LastModifiedByUserID, LastModifiedOnDate, PasswordResetToken, PasswordResetExpiration)
   VALUES('scott.young@pinterest.com', 'Scott', 'Young', 'scott.young@pinterest.com', 'Scott Young', 0, '', 0, 1, '2019-06-07 05:28:54', 1, '2019-06-07 05:28:54', NULL, NULL)
   SELECT @UserID = SCOPE_IDENTITY()
   INSERT INTO dbo.aspnet_Users(ApplicationID, UserName, LoweredUserName, IsAnonymous, LastActivityDate)
   VALUES(@ApplicationId, 'scott.young@pinterest.com', 'scott.young@pinterest.com', 0, '2019-06-07 05:28:54')
   SELECT @AspNetUserID = UserId FROM aspnet_Users WHERE Username = 'scott.young@pinterest.com'
   INSERT INTO dbo.aspnet_Membership(ApplicationID, UserID, Password, PasswordFormat, PasswordSalt, Email, LoweredEmail, IsApproved, IsLockedOut, CreateDate, LastLoginDate, LastPasswordChangedDate, LastLockoutDate, FailedPasswordAttemptCount, FailedPasswordAttemptWindowStart, FailedPasswordAnswerAttemptCount, FailedPasswordAnswerAttemptWindowStart)
   VALUES(@ApplicationID, @AspNetUserID, 'aMoPu/jMK8Yc4dxEEtAWm+RvKkFRjT38n/c1ORi3HgGWXJI15kNozQ==', 2, 'ub/Nej8BunZL3H6o+Z7+sg==', 'scott.young@pinterest.com', 'scott.young@pinterest.com', 1, 0, '2019-06-07 05:28:54', '2019-06-07 05:28:54', '2019-06-07 05:28:54', '1754-01-01 00:00:00.000', 0, '1754-01-01 00:00:00.000', 0, '1754-01-01 00:00:00.000')
   INSERT INTO dbo.dnn_UserPortals(UserID, PortalID, CreatedDate, Authorised, IsDeleted, RefreshRoles)
   VALUES(@UserID, @PortalID, '2019-06-07 05:28:54', 1, 0, 0)
   INSERT INTO dbo.dnn_UserRoles(UserID, RoleID, IsTrialUsed, CreatedByUserID, CreatedOnDate, LastModifiedByUserID, LastModifiedOnDate, [Status], IsOwner)
   VALUES(@UserId, @MaleRole, 0, 1, '2019-06-07 05:28:54', 1, '2019-06-07 05:28:54', 1, 0)
   INSERT INTO dbo.dnn_Users(Username, FirstName, LastName, Email, DisplayName, UpdatePassword, LastIPAddress, IsDeleted, CreatedByUserID, CreatedOnDate, LastModifiedByUserID, LastModifiedOnDate, PasswordResetToken, PasswordResetExpiration)
   VALUES('e.allen@amazon.co.jp', 'Eric', 'Allen', 'e.allen@amazon.co.jp', 'Eric Allen', 0, '', 0, 1, '2019-06-07 05:28:54', 1, '2019-06-07 05:28:54', NULL, NULL)
   SELECT @UserID = SCOPE_IDENTITY()
   INSERT INTO dbo.aspnet_Users(ApplicationID, UserName, LoweredUserName, IsAnonymous, LastActivityDate)
   VALUES(@ApplicationId, 'e.allen@amazon.co.jp', 'e.allen@amazon.co.jp', 0, '2019-06-07 05:28:54')
   SELECT @AspNetUserID = UserId FROM aspnet_Users WHERE Username = 'e.allen@amazon.co.jp'
   INSERT INTO dbo.aspnet_Membership(ApplicationID, UserID, Password, PasswordFormat, PasswordSalt, Email, LoweredEmail, IsApproved, IsLockedOut, CreateDate, LastLoginDate, LastPasswordChangedDate, LastLockoutDate, FailedPasswordAttemptCount, FailedPasswordAttemptWindowStart, FailedPasswordAnswerAttemptCount, FailedPasswordAnswerAttemptWindowStart)
   VALUES(@ApplicationID, @AspNetUserID, 'aMoPu/jMK8Yc4dxEEtAWm+RvKkFRjT38n/c1ORi3HgGWXJI15kNozQ==', 2, 'ub/Nej8BunZL3H6o+Z7+sg==', 'e.allen@amazon.co.jp', 'e.allen@amazon.co.jp', 1, 0, '2019-06-07 05:28:54', '2019-06-07 05:28:54', '2019-06-07 05:28:54', '1754-01-01 00:00:00.000', 0, '1754-01-01 00:00:00.000', 0, '1754-01-01 00:00:00.000')
   INSERT INTO dbo.dnn_UserPortals(UserID, PortalID, CreatedDate, Authorised, IsDeleted, RefreshRoles)
   VALUES(@UserID, @PortalID, '2019-06-07 05:28:54', 1, 0, 0)
   INSERT INTO dbo.dnn_UserRoles(UserID, RoleID, IsTrialUsed, CreatedByUserID, CreatedOnDate, LastModifiedByUserID, LastModifiedOnDate, [Status], IsOwner)
   VALUES(@UserId, @MaleRole, 0, 1, '2019-06-07 05:28:54', 1, '2019-06-07 05:28:54', 1, 0)
   INSERT INTO dbo.dnn_Users(Username, FirstName, LastName, Email, DisplayName, UpdatePassword, LastIPAddress, IsDeleted, CreatedByUserID, CreatedOnDate, LastModifiedByUserID, LastModifiedOnDate, PasswordResetToken, PasswordResetExpiration)
   VALUES('kings@google.fr', 'Stephen', 'King', 'kings@google.fr', 'Stephen King', 0, '', 0, 1, '2019-06-07 05:28:54', 1, '2019-06-07 05:28:54', NULL, NULL)
   SELECT @UserID = SCOPE_IDENTITY()
   INSERT INTO dbo.aspnet_Users(ApplicationID, UserName, LoweredUserName, IsAnonymous, LastActivityDate)
   VALUES(@ApplicationId, 'kings@google.fr', 'kings@google.fr', 0, '2019-06-07 05:28:54')
   SELECT @AspNetUserID = UserId FROM aspnet_Users WHERE Username = 'kings@google.fr'
   INSERT INTO dbo.aspnet_Membership(ApplicationID, UserID, Password, PasswordFormat, PasswordSalt, Email, LoweredEmail, IsApproved, IsLockedOut, CreateDate, LastLoginDate, LastPasswordChangedDate, LastLockoutDate, FailedPasswordAttemptCount, FailedPasswordAttemptWindowStart, FailedPasswordAnswerAttemptCount, FailedPasswordAnswerAttemptWindowStart)
   VALUES(@ApplicationID, @AspNetUserID, 'aMoPu/jMK8Yc4dxEEtAWm+RvKkFRjT38n/c1ORi3HgGWXJI15kNozQ==', 2, 'ub/Nej8BunZL3H6o+Z7+sg==', 'kings@google.fr', 'kings@google.fr', 1, 0, '2019-06-07 05:28:54', '2019-06-07 05:28:54', '2019-06-07 05:28:54', '1754-01-01 00:00:00.000', 0, '1754-01-01 00:00:00.000', 0, '1754-01-01 00:00:00.000')
   INSERT INTO dbo.dnn_UserPortals(UserID, PortalID, CreatedDate, Authorised, IsDeleted, RefreshRoles)
   VALUES(@UserID, @PortalID, '2019-06-07 05:28:54', 1, 0, 0)
   INSERT INTO dbo.dnn_UserRoles(UserID, RoleID, IsTrialUsed, CreatedByUserID, CreatedOnDate, LastModifiedByUserID, LastModifiedOnDate, [Status], IsOwner)
   VALUES(@UserId, @MaleRole, 0, 1, '2019-06-07 05:28:54', 1, '2019-06-07 05:28:54', 1, 0)
   INSERT INTO dbo.dnn_Users(Username, FirstName, LastName, Email, DisplayName, UpdatePassword, LastIPAddress, IsDeleted, CreatedByUserID, CreatedOnDate, LastModifiedByUserID, LastModifiedOnDate, PasswordResetToken, PasswordResetExpiration)
   VALUES('andrew.wright@netflix.com', 'Andrew', 'Wright', 'andrew.wright@netflix.com', 'Andrew Wright', 0, '', 0, 1, '2019-06-07 05:28:54', 1, '2019-06-07 05:28:54', NULL, NULL)
   SELECT @UserID = SCOPE_IDENTITY()
   INSERT INTO dbo.aspnet_Users(ApplicationID, UserName, LoweredUserName, IsAnonymous, LastActivityDate)
   VALUES(@ApplicationId, 'andrew.wright@netflix.com', 'andrew.wright@netflix.com', 0, '2019-06-07 05:28:54')
   SELECT @AspNetUserID = UserId FROM aspnet_Users WHERE Username = 'andrew.wright@netflix.com'
   INSERT INTO dbo.aspnet_Membership(ApplicationID, UserID, Password, PasswordFormat, PasswordSalt, Email, LoweredEmail, IsApproved, IsLockedOut, CreateDate, LastLoginDate, LastPasswordChangedDate, LastLockoutDate, FailedPasswordAttemptCount, FailedPasswordAttemptWindowStart, FailedPasswordAnswerAttemptCount, FailedPasswordAnswerAttemptWindowStart)
   VALUES(@ApplicationID, @AspNetUserID, 'aMoPu/jMK8Yc4dxEEtAWm+RvKkFRjT38n/c1ORi3HgGWXJI15kNozQ==', 2, 'ub/Nej8BunZL3H6o+Z7+sg==', 'andrew.wright@netflix.com', 'andrew.wright@netflix.com', 1, 0, '2019-06-07 05:28:54', '2019-06-07 05:28:54', '2019-06-07 05:28:54', '1754-01-01 00:00:00.000', 0, '1754-01-01 00:00:00.000', 0, '1754-01-01 00:00:00.000')
   INSERT INTO dbo.dnn_UserPortals(UserID, PortalID, CreatedDate, Authorised, IsDeleted, RefreshRoles)
   VALUES(@UserID, @PortalID, '2019-06-07 05:28:54', 1, 0, 0)
   INSERT INTO dbo.dnn_UserRoles(UserID, RoleID, IsTrialUsed, CreatedByUserID, CreatedOnDate, LastModifiedByUserID, LastModifiedOnDate, [Status], IsOwner)
   VALUES(@UserId, @MaleRole, 0, 1, '2019-06-07 05:28:54', 1, '2019-06-07 05:28:54', 1, 0)
   INSERT INTO dbo.dnn_Users(Username, FirstName, LastName, Email, DisplayName, UpdatePassword, LastIPAddress, IsDeleted, CreatedByUserID, CreatedOnDate, LastModifiedByUserID, LastModifiedOnDate, PasswordResetToken, PasswordResetExpiration)
   VALUES('r.scott@gmw.cn', 'Raymond', 'Scott', 'r.scott@gmw.cn', 'Raymond Scott', 0, '', 0, 1, '2019-06-07 05:28:54', 1, '2019-06-07 05:28:54', NULL, NULL)
   SELECT @UserID = SCOPE_IDENTITY()
   INSERT INTO dbo.aspnet_Users(ApplicationID, UserName, LoweredUserName, IsAnonymous, LastActivityDate)
   VALUES(@ApplicationId, 'r.scott@gmw.cn', 'r.scott@gmw.cn', 0, '2019-06-07 05:28:54')
   SELECT @AspNetUserID = UserId FROM aspnet_Users WHERE Username = 'r.scott@gmw.cn'
   INSERT INTO dbo.aspnet_Membership(ApplicationID, UserID, Password, PasswordFormat, PasswordSalt, Email, LoweredEmail, IsApproved, IsLockedOut, CreateDate, LastLoginDate, LastPasswordChangedDate, LastLockoutDate, FailedPasswordAttemptCount, FailedPasswordAttemptWindowStart, FailedPasswordAnswerAttemptCount, FailedPasswordAnswerAttemptWindowStart)
   VALUES(@ApplicationID, @AspNetUserID, 'aMoPu/jMK8Yc4dxEEtAWm+RvKkFRjT38n/c1ORi3HgGWXJI15kNozQ==', 2, 'ub/Nej8BunZL3H6o+Z7+sg==', 'r.scott@gmw.cn', 'r.scott@gmw.cn', 1, 0, '2019-06-07 05:28:54', '2019-06-07 05:28:54', '2019-06-07 05:28:54', '1754-01-01 00:00:00.000', 0, '1754-01-01 00:00:00.000', 0, '1754-01-01 00:00:00.000')
   INSERT INTO dbo.dnn_UserPortals(UserID, PortalID, CreatedDate, Authorised, IsDeleted, RefreshRoles)
   VALUES(@UserID, @PortalID, '2019-06-07 05:28:54', 1, 0, 0)
   INSERT INTO dbo.dnn_UserRoles(UserID, RoleID, IsTrialUsed, CreatedByUserID, CreatedOnDate, LastModifiedByUserID, LastModifiedOnDate, [Status], IsOwner)
   VALUES(@UserId, @MaleRole, 0, 1, '2019-06-07 05:28:54', 1, '2019-06-07 05:28:54', 1, 0)
   INSERT INTO dbo.dnn_Users(Username, FirstName, LastName, Email, DisplayName, UpdatePassword, LastIPAddress, IsDeleted, CreatedByUserID, CreatedOnDate, LastModifiedByUserID, LastModifiedOnDate, PasswordResetToken, PasswordResetExpiration)
   VALUES('torresg@tmall.com', 'Gregory', 'Torres', 'torresg@tmall.com', 'Gregory Torres', 0, '', 0, 1, '2019-06-07 05:28:54', 1, '2019-06-07 05:28:54', NULL, NULL)
   SELECT @UserID = SCOPE_IDENTITY()
   INSERT INTO dbo.aspnet_Users(ApplicationID, UserName, LoweredUserName, IsAnonymous, LastActivityDate)
   VALUES(@ApplicationId, 'torresg@tmall.com', 'torresg@tmall.com', 0, '2019-06-07 05:28:54')
   SELECT @AspNetUserID = UserId FROM aspnet_Users WHERE Username = 'torresg@tmall.com'
   INSERT INTO dbo.aspnet_Membership(ApplicationID, UserID, Password, PasswordFormat, PasswordSalt, Email, LoweredEmail, IsApproved, IsLockedOut, CreateDate, LastLoginDate, LastPasswordChangedDate, LastLockoutDate, FailedPasswordAttemptCount, FailedPasswordAttemptWindowStart, FailedPasswordAnswerAttemptCount, FailedPasswordAnswerAttemptWindowStart)
   VALUES(@ApplicationID, @AspNetUserID, 'aMoPu/jMK8Yc4dxEEtAWm+RvKkFRjT38n/c1ORi3HgGWXJI15kNozQ==', 2, 'ub/Nej8BunZL3H6o+Z7+sg==', 'torresg@tmall.com', 'torresg@tmall.com', 1, 0, '2019-06-07 05:28:54', '2019-06-07 05:28:54', '2019-06-07 05:28:54', '1754-01-01 00:00:00.000', 0, '1754-01-01 00:00:00.000', 0, '1754-01-01 00:00:00.000')
   INSERT INTO dbo.dnn_UserPortals(UserID, PortalID, CreatedDate, Authorised, IsDeleted, RefreshRoles)
   VALUES(@UserID, @PortalID, '2019-06-07 05:28:54', 1, 0, 0)
   INSERT INTO dbo.dnn_UserRoles(UserID, RoleID, IsTrialUsed, CreatedByUserID, CreatedOnDate, LastModifiedByUserID, LastModifiedOnDate, [Status], IsOwner)
   VALUES(@UserId, @MaleRole, 0, 1, '2019-06-07 05:28:54', 1, '2019-06-07 05:28:54', 1, 0)
   INSERT INTO dbo.dnn_UserRoles(UserID, RoleID, IsTrialUsed, CreatedByUserID, CreatedOnDate, LastModifiedByUserID, LastModifiedOnDate, [Status], IsOwner)
   VALUES(@UserId, @AcademicRole, 0, 1, '2019-06-07 05:28:54', 1, '2019-06-07 05:28:54', 1, 0)
   INSERT INTO dbo.dnn_Users(Username, FirstName, LastName, Email, DisplayName, UpdatePassword, LastIPAddress, IsDeleted, CreatedByUserID, CreatedOnDate, LastModifiedByUserID, LastModifiedOnDate, PasswordResetToken, PasswordResetExpiration)
   VALUES('joshua.nguyen@360.cn', 'Joshua', 'Nguyen', 'joshua.nguyen@360.cn', 'Joshua Nguyen', 0, '', 0, 1, '2019-06-07 05:28:54', 1, '2019-06-07 05:28:54', NULL, NULL)
   SELECT @UserID = SCOPE_IDENTITY()
   INSERT INTO dbo.aspnet_Users(ApplicationID, UserName, LoweredUserName, IsAnonymous, LastActivityDate)
   VALUES(@ApplicationId, 'joshua.nguyen@360.cn', 'joshua.nguyen@360.cn', 0, '2019-06-07 05:28:54')
   SELECT @AspNetUserID = UserId FROM aspnet_Users WHERE Username = 'joshua.nguyen@360.cn'
   INSERT INTO dbo.aspnet_Membership(ApplicationID, UserID, Password, PasswordFormat, PasswordSalt, Email, LoweredEmail, IsApproved, IsLockedOut, CreateDate, LastLoginDate, LastPasswordChangedDate, LastLockoutDate, FailedPasswordAttemptCount, FailedPasswordAttemptWindowStart, FailedPasswordAnswerAttemptCount, FailedPasswordAnswerAttemptWindowStart)
   VALUES(@ApplicationID, @AspNetUserID, 'aMoPu/jMK8Yc4dxEEtAWm+RvKkFRjT38n/c1ORi3HgGWXJI15kNozQ==', 2, 'ub/Nej8BunZL3H6o+Z7+sg==', 'joshua.nguyen@360.cn', 'joshua.nguyen@360.cn', 1, 0, '2019-06-07 05:28:54', '2019-06-07 05:28:54', '2019-06-07 05:28:54', '1754-01-01 00:00:00.000', 0, '1754-01-01 00:00:00.000', 0, '1754-01-01 00:00:00.000')
   INSERT INTO dbo.dnn_UserPortals(UserID, PortalID, CreatedDate, Authorised, IsDeleted, RefreshRoles)
   VALUES(@UserID, @PortalID, '2019-06-07 05:28:54', 1, 0, 0)
   INSERT INTO dbo.dnn_UserRoles(UserID, RoleID, IsTrialUsed, CreatedByUserID, CreatedOnDate, LastModifiedByUserID, LastModifiedOnDate, [Status], IsOwner)
   VALUES(@UserId, @MaleRole, 0, 1, '2019-06-07 05:28:54', 1, '2019-06-07 05:28:54', 1, 0)
   INSERT INTO dbo.dnn_UserRoles(UserID, RoleID, IsTrialUsed, CreatedByUserID, CreatedOnDate, LastModifiedByUserID, LastModifiedOnDate, [Status], IsOwner)
   VALUES(@UserId, @ManagerRole, 0, 1, '2019-06-07 05:28:54', 1, '2019-06-07 05:28:54', 1, 0)
   INSERT INTO dbo.dnn_Users(Username, FirstName, LastName, Email, DisplayName, UpdatePassword, LastIPAddress, IsDeleted, CreatedByUserID, CreatedOnDate, LastModifiedByUserID, LastModifiedOnDate, PasswordResetToken, PasswordResetExpiration)
   VALUES('j.hill@google.it', 'Jerry', 'Hill', 'j.hill@google.it', 'Jerry Hill', 0, '', 0, 1, '2019-06-07 05:28:54', 1, '2019-06-07 05:28:54', NULL, NULL)
   SELECT @UserID = SCOPE_IDENTITY()
   INSERT INTO dbo.aspnet_Users(ApplicationID, UserName, LoweredUserName, IsAnonymous, LastActivityDate)
   VALUES(@ApplicationId, 'j.hill@google.it', 'j.hill@google.it', 0, '2019-06-07 05:28:54')
   SELECT @AspNetUserID = UserId FROM aspnet_Users WHERE Username = 'j.hill@google.it'
   INSERT INTO dbo.aspnet_Membership(ApplicationID, UserID, Password, PasswordFormat, PasswordSalt, Email, LoweredEmail, IsApproved, IsLockedOut, CreateDate, LastLoginDate, LastPasswordChangedDate, LastLockoutDate, FailedPasswordAttemptCount, FailedPasswordAttemptWindowStart, FailedPasswordAnswerAttemptCount, FailedPasswordAnswerAttemptWindowStart)
   VALUES(@ApplicationID, @AspNetUserID, 'aMoPu/jMK8Yc4dxEEtAWm+RvKkFRjT38n/c1ORi3HgGWXJI15kNozQ==', 2, 'ub/Nej8BunZL3H6o+Z7+sg==', 'j.hill@google.it', 'j.hill@google.it', 1, 0, '2019-06-07 05:28:54', '2019-06-07 05:28:54', '2019-06-07 05:28:54', '1754-01-01 00:00:00.000', 0, '1754-01-01 00:00:00.000', 0, '1754-01-01 00:00:00.000')
   INSERT INTO dbo.dnn_UserPortals(UserID, PortalID, CreatedDate, Authorised, IsDeleted, RefreshRoles)
   VALUES(@UserID, @PortalID, '2019-06-07 05:28:54', 1, 0, 0)
   INSERT INTO dbo.dnn_UserRoles(UserID, RoleID, IsTrialUsed, CreatedByUserID, CreatedOnDate, LastModifiedByUserID, LastModifiedOnDate, [Status], IsOwner)
   VALUES(@UserId, @MaleRole, 0, 1, '2019-06-07 05:28:54', 1, '2019-06-07 05:28:54', 1, 0)
   INSERT INTO dbo.dnn_Users(Username, FirstName, LastName, Email, DisplayName, UpdatePassword, LastIPAddress, IsDeleted, CreatedByUserID, CreatedOnDate, LastModifiedByUserID, LastModifiedOnDate, PasswordResetToken, PasswordResetExpiration)
   VALUES('floresd@microsoft.com', 'Dennis', 'Flores', 'floresd@microsoft.com', 'Dennis Flores', 0, '', 0, 1, '2019-06-07 05:28:54', 1, '2019-06-07 05:28:54', NULL, NULL)
   SELECT @UserID = SCOPE_IDENTITY()
   INSERT INTO dbo.aspnet_Users(ApplicationID, UserName, LoweredUserName, IsAnonymous, LastActivityDate)
   VALUES(@ApplicationId, 'floresd@microsoft.com', 'floresd@microsoft.com', 0, '2019-06-07 05:28:54')
   SELECT @AspNetUserID = UserId FROM aspnet_Users WHERE Username = 'floresd@microsoft.com'
   INSERT INTO dbo.aspnet_Membership(ApplicationID, UserID, Password, PasswordFormat, PasswordSalt, Email, LoweredEmail, IsApproved, IsLockedOut, CreateDate, LastLoginDate, LastPasswordChangedDate, LastLockoutDate, FailedPasswordAttemptCount, FailedPasswordAttemptWindowStart, FailedPasswordAnswerAttemptCount, FailedPasswordAnswerAttemptWindowStart)
   VALUES(@ApplicationID, @AspNetUserID, 'aMoPu/jMK8Yc4dxEEtAWm+RvKkFRjT38n/c1ORi3HgGWXJI15kNozQ==', 2, 'ub/Nej8BunZL3H6o+Z7+sg==', 'floresd@microsoft.com', 'floresd@microsoft.com', 1, 0, '2019-06-07 05:28:54', '2019-06-07 05:28:54', '2019-06-07 05:28:54', '1754-01-01 00:00:00.000', 0, '1754-01-01 00:00:00.000', 0, '1754-01-01 00:00:00.000')
   INSERT INTO dbo.dnn_UserPortals(UserID, PortalID, CreatedDate, Authorised, IsDeleted, RefreshRoles)
   VALUES(@UserID, @PortalID, '2019-06-07 05:28:54', 1, 0, 0)
   INSERT INTO dbo.dnn_UserRoles(UserID, RoleID, IsTrialUsed, CreatedByUserID, CreatedOnDate, LastModifiedByUserID, LastModifiedOnDate, [Status], IsOwner)
   VALUES(@UserId, @MaleRole, 0, 1, '2019-06-07 05:28:54', 1, '2019-06-07 05:28:54', 1, 0)
   INSERT INTO dbo.dnn_Users(Username, FirstName, LastName, Email, DisplayName, UpdatePassword, LastIPAddress, IsDeleted, CreatedByUserID, CreatedOnDate, LastModifiedByUserID, LastModifiedOnDate, PasswordResetToken, PasswordResetExpiration)
   VALUES('walter.green@onclickads.net', 'Walter', 'Green', 'walter.green@onclickads.net', 'Walter Green', 0, '', 0, 1, '2019-06-07 05:28:54', 1, '2019-06-07 05:28:54', NULL, NULL)
   SELECT @UserID = SCOPE_IDENTITY()
   INSERT INTO dbo.aspnet_Users(ApplicationID, UserName, LoweredUserName, IsAnonymous, LastActivityDate)
   VALUES(@ApplicationId, 'walter.green@onclickads.net', 'walter.green@onclickads.net', 0, '2019-06-07 05:28:54')
   SELECT @AspNetUserID = UserId FROM aspnet_Users WHERE Username = 'walter.green@onclickads.net'
   INSERT INTO dbo.aspnet_Membership(ApplicationID, UserID, Password, PasswordFormat, PasswordSalt, Email, LoweredEmail, IsApproved, IsLockedOut, CreateDate, LastLoginDate, LastPasswordChangedDate, LastLockoutDate, FailedPasswordAttemptCount, FailedPasswordAttemptWindowStart, FailedPasswordAnswerAttemptCount, FailedPasswordAnswerAttemptWindowStart)
   VALUES(@ApplicationID, @AspNetUserID, 'aMoPu/jMK8Yc4dxEEtAWm+RvKkFRjT38n/c1ORi3HgGWXJI15kNozQ==', 2, 'ub/Nej8BunZL3H6o+Z7+sg==', 'walter.green@onclickads.net', 'walter.green@onclickads.net', 1, 0, '2019-06-07 05:28:54', '2019-06-07 05:28:54', '2019-06-07 05:28:54', '1754-01-01 00:00:00.000', 0, '1754-01-01 00:00:00.000', 0, '1754-01-01 00:00:00.000')
   INSERT INTO dbo.dnn_UserPortals(UserID, PortalID, CreatedDate, Authorised, IsDeleted, RefreshRoles)
   VALUES(@UserID, @PortalID, '2019-06-07 05:28:54', 1, 0, 0)
   INSERT INTO dbo.dnn_UserRoles(UserID, RoleID, IsTrialUsed, CreatedByUserID, CreatedOnDate, LastModifiedByUserID, LastModifiedOnDate, [Status], IsOwner)
   VALUES(@UserId, @MaleRole, 0, 1, '2019-06-07 05:28:54', 1, '2019-06-07 05:28:54', 1, 0)
   INSERT INTO dbo.dnn_Users(Username, FirstName, LastName, Email, DisplayName, UpdatePassword, LastIPAddress, IsDeleted, CreatedByUserID, CreatedOnDate, LastModifiedByUserID, LastModifiedOnDate, PasswordResetToken, PasswordResetExpiration)
   VALUES('p.adams@google.es', 'Patrick', 'Adams', 'p.adams@google.es', 'Patrick Adams', 0, '', 0, 1, '2019-06-07 05:28:54', 1, '2019-06-07 05:28:54', NULL, NULL)
   SELECT @UserID = SCOPE_IDENTITY()
   INSERT INTO dbo.aspnet_Users(ApplicationID, UserName, LoweredUserName, IsAnonymous, LastActivityDate)
   VALUES(@ApplicationId, 'p.adams@google.es', 'p.adams@google.es', 0, '2019-06-07 05:28:54')
   SELECT @AspNetUserID = UserId FROM aspnet_Users WHERE Username = 'p.adams@google.es'
   INSERT INTO dbo.aspnet_Membership(ApplicationID, UserID, Password, PasswordFormat, PasswordSalt, Email, LoweredEmail, IsApproved, IsLockedOut, CreateDate, LastLoginDate, LastPasswordChangedDate, LastLockoutDate, FailedPasswordAttemptCount, FailedPasswordAttemptWindowStart, FailedPasswordAnswerAttemptCount, FailedPasswordAnswerAttemptWindowStart)
   VALUES(@ApplicationID, @AspNetUserID, 'aMoPu/jMK8Yc4dxEEtAWm+RvKkFRjT38n/c1ORi3HgGWXJI15kNozQ==', 2, 'ub/Nej8BunZL3H6o+Z7+sg==', 'p.adams@google.es', 'p.adams@google.es', 1, 0, '2019-06-07 05:28:54', '2019-06-07 05:28:54', '2019-06-07 05:28:54', '1754-01-01 00:00:00.000', 0, '1754-01-01 00:00:00.000', 0, '1754-01-01 00:00:00.000')
   INSERT INTO dbo.dnn_UserPortals(UserID, PortalID, CreatedDate, Authorised, IsDeleted, RefreshRoles)
   VALUES(@UserID, @PortalID, '2019-06-07 05:28:54', 1, 0, 0)
   INSERT INTO dbo.dnn_UserRoles(UserID, RoleID, IsTrialUsed, CreatedByUserID, CreatedOnDate, LastModifiedByUserID, LastModifiedOnDate, [Status], IsOwner)
   VALUES(@UserId, @MaleRole, 0, 1, '2019-06-07 05:28:54', 1, '2019-06-07 05:28:54', 1, 0)
   INSERT INTO dbo.dnn_Users(Username, FirstName, LastName, Email, DisplayName, UpdatePassword, LastIPAddress, IsDeleted, CreatedByUserID, CreatedOnDate, LastModifiedByUserID, LastModifiedOnDate, PasswordResetToken, PasswordResetExpiration)
   VALUES('nelsonp@paypal.com', 'Peter', 'Nelson', 'nelsonp@paypal.com', 'Peter Nelson', 0, '', 0, 1, '2019-06-07 05:28:54', 1, '2019-06-07 05:28:54', NULL, NULL)
   SELECT @UserID = SCOPE_IDENTITY()
   INSERT INTO dbo.aspnet_Users(ApplicationID, UserName, LoweredUserName, IsAnonymous, LastActivityDate)
   VALUES(@ApplicationId, 'nelsonp@paypal.com', 'nelsonp@paypal.com', 0, '2019-06-07 05:28:54')
   SELECT @AspNetUserID = UserId FROM aspnet_Users WHERE Username = 'nelsonp@paypal.com'
   INSERT INTO dbo.aspnet_Membership(ApplicationID, UserID, Password, PasswordFormat, PasswordSalt, Email, LoweredEmail, IsApproved, IsLockedOut, CreateDate, LastLoginDate, LastPasswordChangedDate, LastLockoutDate, FailedPasswordAttemptCount, FailedPasswordAttemptWindowStart, FailedPasswordAnswerAttemptCount, FailedPasswordAnswerAttemptWindowStart)
   VALUES(@ApplicationID, @AspNetUserID, 'aMoPu/jMK8Yc4dxEEtAWm+RvKkFRjT38n/c1ORi3HgGWXJI15kNozQ==', 2, 'ub/Nej8BunZL3H6o+Z7+sg==', 'nelsonp@paypal.com', 'nelsonp@paypal.com', 1, 0, '2019-06-07 05:28:54', '2019-06-07 05:28:54', '2019-06-07 05:28:54', '1754-01-01 00:00:00.000', 0, '1754-01-01 00:00:00.000', 0, '1754-01-01 00:00:00.000')
   INSERT INTO dbo.dnn_UserPortals(UserID, PortalID, CreatedDate, Authorised, IsDeleted, RefreshRoles)
   VALUES(@UserID, @PortalID, '2019-06-07 05:28:54', 1, 0, 0)
   INSERT INTO dbo.dnn_UserRoles(UserID, RoleID, IsTrialUsed, CreatedByUserID, CreatedOnDate, LastModifiedByUserID, LastModifiedOnDate, [Status], IsOwner)
   VALUES(@UserId, @MaleRole, 0, 1, '2019-06-07 05:28:54', 1, '2019-06-07 05:28:54', 1, 0)
   INSERT INTO dbo.dnn_Users(Username, FirstName, LastName, Email, DisplayName, UpdatePassword, LastIPAddress, IsDeleted, CreatedByUserID, CreatedOnDate, LastModifiedByUserID, LastModifiedOnDate, PasswordResetToken, PasswordResetExpiration)
   VALUES('harold.baker@sohu.com', 'Harold', 'Baker', 'harold.baker@sohu.com', 'Harold Baker', 0, '', 0, 1, '2019-06-07 05:28:54', 1, '2019-06-07 05:28:54', NULL, NULL)
   SELECT @UserID = SCOPE_IDENTITY()
   INSERT INTO dbo.aspnet_Users(ApplicationID, UserName, LoweredUserName, IsAnonymous, LastActivityDate)
   VALUES(@ApplicationId, 'harold.baker@sohu.com', 'harold.baker@sohu.com', 0, '2019-06-07 05:28:54')
   SELECT @AspNetUserID = UserId FROM aspnet_Users WHERE Username = 'harold.baker@sohu.com'
   INSERT INTO dbo.aspnet_Membership(ApplicationID, UserID, Password, PasswordFormat, PasswordSalt, Email, LoweredEmail, IsApproved, IsLockedOut, CreateDate, LastLoginDate, LastPasswordChangedDate, LastLockoutDate, FailedPasswordAttemptCount, FailedPasswordAttemptWindowStart, FailedPasswordAnswerAttemptCount, FailedPasswordAnswerAttemptWindowStart)
   VALUES(@ApplicationID, @AspNetUserID, 'aMoPu/jMK8Yc4dxEEtAWm+RvKkFRjT38n/c1ORi3HgGWXJI15kNozQ==', 2, 'ub/Nej8BunZL3H6o+Z7+sg==', 'harold.baker@sohu.com', 'harold.baker@sohu.com', 1, 0, '2019-06-07 05:28:54', '2019-06-07 05:28:54', '2019-06-07 05:28:54', '1754-01-01 00:00:00.000', 0, '1754-01-01 00:00:00.000', 0, '1754-01-01 00:00:00.000')
   INSERT INTO dbo.dnn_UserPortals(UserID, PortalID, CreatedDate, Authorised, IsDeleted, RefreshRoles)
   VALUES(@UserID, @PortalID, '2019-06-07 05:28:54', 1, 0, 0)
   INSERT INTO dbo.dnn_UserRoles(UserID, RoleID, IsTrialUsed, CreatedByUserID, CreatedOnDate, LastModifiedByUserID, LastModifiedOnDate, [Status], IsOwner)
   VALUES(@UserId, @MaleRole, 0, 1, '2019-06-07 05:28:54', 1, '2019-06-07 05:28:54', 1, 0)
   INSERT INTO dbo.dnn_Users(Username, FirstName, LastName, Email, DisplayName, UpdatePassword, LastIPAddress, IsDeleted, CreatedByUserID, CreatedOnDate, LastModifiedByUserID, LastModifiedOnDate, PasswordResetToken, PasswordResetExpiration)
   VALUES('d.hall@wordpress.com', 'Douglas', 'Hall', 'd.hall@wordpress.com', 'Douglas Hall', 0, '', 0, 1, '2019-06-07 05:28:54', 1, '2019-06-07 05:28:54', NULL, NULL)
   SELECT @UserID = SCOPE_IDENTITY()
   INSERT INTO dbo.aspnet_Users(ApplicationID, UserName, LoweredUserName, IsAnonymous, LastActivityDate)
   VALUES(@ApplicationId, 'd.hall@wordpress.com', 'd.hall@wordpress.com', 0, '2019-06-07 05:28:54')
   SELECT @AspNetUserID = UserId FROM aspnet_Users WHERE Username = 'd.hall@wordpress.com'
   INSERT INTO dbo.aspnet_Membership(ApplicationID, UserID, Password, PasswordFormat, PasswordSalt, Email, LoweredEmail, IsApproved, IsLockedOut, CreateDate, LastLoginDate, LastPasswordChangedDate, LastLockoutDate, FailedPasswordAttemptCount, FailedPasswordAttemptWindowStart, FailedPasswordAnswerAttemptCount, FailedPasswordAnswerAttemptWindowStart)
   VALUES(@ApplicationID, @AspNetUserID, 'aMoPu/jMK8Yc4dxEEtAWm+RvKkFRjT38n/c1ORi3HgGWXJI15kNozQ==', 2, 'ub/Nej8BunZL3H6o+Z7+sg==', 'd.hall@wordpress.com', 'd.hall@wordpress.com', 1, 0, '2019-06-07 05:28:54', '2019-06-07 05:28:54', '2019-06-07 05:28:54', '1754-01-01 00:00:00.000', 0, '1754-01-01 00:00:00.000', 0, '1754-01-01 00:00:00.000')
   INSERT INTO dbo.dnn_UserPortals(UserID, PortalID, CreatedDate, Authorised, IsDeleted, RefreshRoles)
   VALUES(@UserID, @PortalID, '2019-06-07 05:28:54', 1, 0, 0)
   INSERT INTO dbo.dnn_UserRoles(UserID, RoleID, IsTrialUsed, CreatedByUserID, CreatedOnDate, LastModifiedByUserID, LastModifiedOnDate, [Status], IsOwner)
   VALUES(@UserId, @MaleRole, 0, 1, '2019-06-07 05:28:54', 1, '2019-06-07 05:28:54', 1, 0)
   INSERT INTO dbo.dnn_Users(Username, FirstName, LastName, Email, DisplayName, UpdatePassword, LastIPAddress, IsDeleted, CreatedByUserID, CreatedOnDate, LastModifiedByUserID, LastModifiedOnDate, PasswordResetToken, PasswordResetExpiration)
   VALUES('riverah@tumblr.com', 'Henry', 'Rivera', 'riverah@tumblr.com', 'Henry Rivera', 0, '', 0, 1, '2019-06-07 05:28:54', 1, '2019-06-07 05:28:54', NULL, NULL)
   SELECT @UserID = SCOPE_IDENTITY()
   INSERT INTO dbo.aspnet_Users(ApplicationID, UserName, LoweredUserName, IsAnonymous, LastActivityDate)
   VALUES(@ApplicationId, 'riverah@tumblr.com', 'riverah@tumblr.com', 0, '2019-06-07 05:28:54')
   SELECT @AspNetUserID = UserId FROM aspnet_Users WHERE Username = 'riverah@tumblr.com'
   INSERT INTO dbo.aspnet_Membership(ApplicationID, UserID, Password, PasswordFormat, PasswordSalt, Email, LoweredEmail, IsApproved, IsLockedOut, CreateDate, LastLoginDate, LastPasswordChangedDate, LastLockoutDate, FailedPasswordAttemptCount, FailedPasswordAttemptWindowStart, FailedPasswordAnswerAttemptCount, FailedPasswordAnswerAttemptWindowStart)
   VALUES(@ApplicationID, @AspNetUserID, 'aMoPu/jMK8Yc4dxEEtAWm+RvKkFRjT38n/c1ORi3HgGWXJI15kNozQ==', 2, 'ub/Nej8BunZL3H6o+Z7+sg==', 'riverah@tumblr.com', 'riverah@tumblr.com', 1, 0, '2019-06-07 05:28:54', '2019-06-07 05:28:54', '2019-06-07 05:28:54', '1754-01-01 00:00:00.000', 0, '1754-01-01 00:00:00.000', 0, '1754-01-01 00:00:00.000')
   INSERT INTO dbo.dnn_UserPortals(UserID, PortalID, CreatedDate, Authorised, IsDeleted, RefreshRoles)
   VALUES(@UserID, @PortalID, '2019-06-07 05:28:54', 1, 0, 0)
   INSERT INTO dbo.dnn_UserRoles(UserID, RoleID, IsTrialUsed, CreatedByUserID, CreatedOnDate, LastModifiedByUserID, LastModifiedOnDate, [Status], IsOwner)
   VALUES(@UserId, @MaleRole, 0, 1, '2019-06-07 05:28:54', 1, '2019-06-07 05:28:54', 1, 0)
   INSERT INTO dbo.dnn_Users(Username, FirstName, LastName, Email, DisplayName, UpdatePassword, LastIPAddress, IsDeleted, CreatedByUserID, CreatedOnDate, LastModifiedByUserID, LastModifiedOnDate, PasswordResetToken, PasswordResetExpiration)
   VALUES('carl.campbell@blogspot.com', 'Carl', 'Campbell', 'carl.campbell@blogspot.com', 'Carl Campbell', 0, '', 0, 1, '2019-06-07 05:28:54', 1, '2019-06-07 05:28:54', NULL, NULL)
   SELECT @UserID = SCOPE_IDENTITY()
   INSERT INTO dbo.aspnet_Users(ApplicationID, UserName, LoweredUserName, IsAnonymous, LastActivityDate)
   VALUES(@ApplicationId, 'carl.campbell@blogspot.com', 'carl.campbell@blogspot.com', 0, '2019-06-07 05:28:54')
   SELECT @AspNetUserID = UserId FROM aspnet_Users WHERE Username = 'carl.campbell@blogspot.com'
   INSERT INTO dbo.aspnet_Membership(ApplicationID, UserID, Password, PasswordFormat, PasswordSalt, Email, LoweredEmail, IsApproved, IsLockedOut, CreateDate, LastLoginDate, LastPasswordChangedDate, LastLockoutDate, FailedPasswordAttemptCount, FailedPasswordAttemptWindowStart, FailedPasswordAnswerAttemptCount, FailedPasswordAnswerAttemptWindowStart)
   VALUES(@ApplicationID, @AspNetUserID, 'aMoPu/jMK8Yc4dxEEtAWm+RvKkFRjT38n/c1ORi3HgGWXJI15kNozQ==', 2, 'ub/Nej8BunZL3H6o+Z7+sg==', 'carl.campbell@blogspot.com', 'carl.campbell@blogspot.com', 1, 0, '2019-06-07 05:28:54', '2019-06-07 05:28:54', '2019-06-07 05:28:54', '1754-01-01 00:00:00.000', 0, '1754-01-01 00:00:00.000', 0, '1754-01-01 00:00:00.000')
   INSERT INTO dbo.dnn_UserPortals(UserID, PortalID, CreatedDate, Authorised, IsDeleted, RefreshRoles)
   VALUES(@UserID, @PortalID, '2019-06-07 05:28:54', 1, 0, 0)
   INSERT INTO dbo.dnn_UserRoles(UserID, RoleID, IsTrialUsed, CreatedByUserID, CreatedOnDate, LastModifiedByUserID, LastModifiedOnDate, [Status], IsOwner)
   VALUES(@UserId, @MaleRole, 0, 1, '2019-06-07 05:28:54', 1, '2019-06-07 05:28:54', 1, 0)
   INSERT INTO dbo.dnn_Users(Username, FirstName, LastName, Email, DisplayName, UpdatePassword, LastIPAddress, IsDeleted, CreatedByUserID, CreatedOnDate, LastModifiedByUserID, LastModifiedOnDate, PasswordResetToken, PasswordResetExpiration)
   VALUES('a.mitchell@imgur.com', 'Arthur', 'Mitchell', 'a.mitchell@imgur.com', 'Arthur Mitchell', 0, '', 0, 1, '2019-06-07 05:28:54', 1, '2019-06-07 05:28:54', NULL, NULL)
   SELECT @UserID = SCOPE_IDENTITY()
   INSERT INTO dbo.aspnet_Users(ApplicationID, UserName, LoweredUserName, IsAnonymous, LastActivityDate)
   VALUES(@ApplicationId, 'a.mitchell@imgur.com', 'a.mitchell@imgur.com', 0, '2019-06-07 05:28:54')
   SELECT @AspNetUserID = UserId FROM aspnet_Users WHERE Username = 'a.mitchell@imgur.com'
   INSERT INTO dbo.aspnet_Membership(ApplicationID, UserID, Password, PasswordFormat, PasswordSalt, Email, LoweredEmail, IsApproved, IsLockedOut, CreateDate, LastLoginDate, LastPasswordChangedDate, LastLockoutDate, FailedPasswordAttemptCount, FailedPasswordAttemptWindowStart, FailedPasswordAnswerAttemptCount, FailedPasswordAnswerAttemptWindowStart)
   VALUES(@ApplicationID, @AspNetUserID, 'aMoPu/jMK8Yc4dxEEtAWm+RvKkFRjT38n/c1ORi3HgGWXJI15kNozQ==', 2, 'ub/Nej8BunZL3H6o+Z7+sg==', 'a.mitchell@imgur.com', 'a.mitchell@imgur.com', 1, 0, '2019-06-07 05:28:54', '2019-06-07 05:28:54', '2019-06-07 05:28:54', '1754-01-01 00:00:00.000', 0, '1754-01-01 00:00:00.000', 0, '1754-01-01 00:00:00.000')
   INSERT INTO dbo.dnn_UserPortals(UserID, PortalID, CreatedDate, Authorised, IsDeleted, RefreshRoles)
   VALUES(@UserID, @PortalID, '2019-06-07 05:28:54', 1, 0, 0)
   INSERT INTO dbo.dnn_UserRoles(UserID, RoleID, IsTrialUsed, CreatedByUserID, CreatedOnDate, LastModifiedByUserID, LastModifiedOnDate, [Status], IsOwner)
   VALUES(@UserId, @MaleRole, 0, 1, '2019-06-07 05:28:54', 1, '2019-06-07 05:28:54', 1, 0)
   INSERT INTO dbo.dnn_UserRoles(UserID, RoleID, IsTrialUsed, CreatedByUserID, CreatedOnDate, LastModifiedByUserID, LastModifiedOnDate, [Status], IsOwner)
   VALUES(@UserId, @ManagerRole, 0, 1, '2019-06-07 05:28:54', 1, '2019-06-07 05:28:54', 1, 0)
   INSERT INTO dbo.dnn_Users(Username, FirstName, LastName, Email, DisplayName, UpdatePassword, LastIPAddress, IsDeleted, CreatedByUserID, CreatedOnDate, LastModifiedByUserID, LastModifiedOnDate, PasswordResetToken, PasswordResetExpiration)
   VALUES('carterr@xvideos.com', 'Ryan', 'Carter', 'carterr@xvideos.com', 'Ryan Carter', 0, '', 0, 1, '2019-06-07 05:28:54', 1, '2019-06-07 05:28:54', NULL, NULL)
   SELECT @UserID = SCOPE_IDENTITY()
   INSERT INTO dbo.aspnet_Users(ApplicationID, UserName, LoweredUserName, IsAnonymous, LastActivityDate)
   VALUES(@ApplicationId, 'carterr@xvideos.com', 'carterr@xvideos.com', 0, '2019-06-07 05:28:54')
   SELECT @AspNetUserID = UserId FROM aspnet_Users WHERE Username = 'carterr@xvideos.com'
   INSERT INTO dbo.aspnet_Membership(ApplicationID, UserID, Password, PasswordFormat, PasswordSalt, Email, LoweredEmail, IsApproved, IsLockedOut, CreateDate, LastLoginDate, LastPasswordChangedDate, LastLockoutDate, FailedPasswordAttemptCount, FailedPasswordAttemptWindowStart, FailedPasswordAnswerAttemptCount, FailedPasswordAnswerAttemptWindowStart)
   VALUES(@ApplicationID, @AspNetUserID, 'aMoPu/jMK8Yc4dxEEtAWm+RvKkFRjT38n/c1ORi3HgGWXJI15kNozQ==', 2, 'ub/Nej8BunZL3H6o+Z7+sg==', 'carterr@xvideos.com', 'carterr@xvideos.com', 1, 0, '2019-06-07 05:28:54', '2019-06-07 05:28:54', '2019-06-07 05:28:54', '1754-01-01 00:00:00.000', 0, '1754-01-01 00:00:00.000', 0, '1754-01-01 00:00:00.000')
   INSERT INTO dbo.dnn_UserPortals(UserID, PortalID, CreatedDate, Authorised, IsDeleted, RefreshRoles)
   VALUES(@UserID, @PortalID, '2019-06-07 05:28:54', 1, 0, 0)
   INSERT INTO dbo.dnn_UserRoles(UserID, RoleID, IsTrialUsed, CreatedByUserID, CreatedOnDate, LastModifiedByUserID, LastModifiedOnDate, [Status], IsOwner)
   VALUES(@UserId, @MaleRole, 0, 1, '2019-06-07 05:28:54', 1, '2019-06-07 05:28:54', 1, 0)
   INSERT INTO dbo.dnn_Users(Username, FirstName, LastName, Email, DisplayName, UpdatePassword, LastIPAddress, IsDeleted, CreatedByUserID, CreatedOnDate, LastModifiedByUserID, LastModifiedOnDate, PasswordResetToken, PasswordResetExpiration)
   VALUES('roger.roberts@google.com.mx', 'Roger', 'Roberts', 'roger.roberts@google.com.mx', 'Roger Roberts', 0, '', 0, 1, '2019-06-07 05:28:54', 1, '2019-06-07 05:28:54', NULL, NULL)
   SELECT @UserID = SCOPE_IDENTITY()
   INSERT INTO dbo.aspnet_Users(ApplicationID, UserName, LoweredUserName, IsAnonymous, LastActivityDate)
   VALUES(@ApplicationId, 'roger.roberts@google.com.mx', 'roger.roberts@google.com.mx', 0, '2019-06-07 05:28:54')
   SELECT @AspNetUserID = UserId FROM aspnet_Users WHERE Username = 'roger.roberts@google.com.mx'
   INSERT INTO dbo.aspnet_Membership(ApplicationID, UserID, Password, PasswordFormat, PasswordSalt, Email, LoweredEmail, IsApproved, IsLockedOut, CreateDate, LastLoginDate, LastPasswordChangedDate, LastLockoutDate, FailedPasswordAttemptCount, FailedPasswordAttemptWindowStart, FailedPasswordAnswerAttemptCount, FailedPasswordAnswerAttemptWindowStart)
   VALUES(@ApplicationID, @AspNetUserID, 'aMoPu/jMK8Yc4dxEEtAWm+RvKkFRjT38n/c1ORi3HgGWXJI15kNozQ==', 2, 'ub/Nej8BunZL3H6o+Z7+sg==', 'roger.roberts@google.com.mx', 'roger.roberts@google.com.mx', 1, 0, '2019-06-07 05:28:54', '2019-06-07 05:28:54', '2019-06-07 05:28:54', '1754-01-01 00:00:00.000', 0, '1754-01-01 00:00:00.000', 0, '1754-01-01 00:00:00.000')
   INSERT INTO dbo.dnn_UserPortals(UserID, PortalID, CreatedDate, Authorised, IsDeleted, RefreshRoles)
   VALUES(@UserID, @PortalID, '2019-06-07 05:28:54', 1, 0, 0)
   INSERT INTO dbo.dnn_UserRoles(UserID, RoleID, IsTrialUsed, CreatedByUserID, CreatedOnDate, LastModifiedByUserID, LastModifiedOnDate, [Status], IsOwner)
   VALUES(@UserId, @MaleRole, 0, 1, '2019-06-07 05:28:54', 1, '2019-06-07 05:28:54', 1, 0)
   INSERT INTO dbo.dnn_UserRoles(UserID, RoleID, IsTrialUsed, CreatedByUserID, CreatedOnDate, LastModifiedByUserID, LastModifiedOnDate, [Status], IsOwner)
   VALUES(@UserId, @AcademicRole, 0, 1, '2019-06-07 05:28:54', 1, '2019-06-07 05:28:54', 1, 0)
   INSERT INTO dbo.dnn_Users(Username, FirstName, LastName, Email, DisplayName, UpdatePassword, LastIPAddress, IsDeleted, CreatedByUserID, CreatedOnDate, LastModifiedByUserID, LastModifiedOnDate, PasswordResetToken, PasswordResetExpiration)
   VALUES('j.gomez@naver.com', 'Joe', 'Gomez', 'j.gomez@naver.com', 'Joe Gomez', 0, '', 0, 1, '2019-06-07 05:28:54', 1, '2019-06-07 05:28:54', NULL, NULL)
   SELECT @UserID = SCOPE_IDENTITY()
   INSERT INTO dbo.aspnet_Users(ApplicationID, UserName, LoweredUserName, IsAnonymous, LastActivityDate)
   VALUES(@ApplicationId, 'j.gomez@naver.com', 'j.gomez@naver.com', 0, '2019-06-07 05:28:54')
   SELECT @AspNetUserID = UserId FROM aspnet_Users WHERE Username = 'j.gomez@naver.com'
   INSERT INTO dbo.aspnet_Membership(ApplicationID, UserID, Password, PasswordFormat, PasswordSalt, Email, LoweredEmail, IsApproved, IsLockedOut, CreateDate, LastLoginDate, LastPasswordChangedDate, LastLockoutDate, FailedPasswordAttemptCount, FailedPasswordAttemptWindowStart, FailedPasswordAnswerAttemptCount, FailedPasswordAnswerAttemptWindowStart)
   VALUES(@ApplicationID, @AspNetUserID, 'aMoPu/jMK8Yc4dxEEtAWm+RvKkFRjT38n/c1ORi3HgGWXJI15kNozQ==', 2, 'ub/Nej8BunZL3H6o+Z7+sg==', 'j.gomez@naver.com', 'j.gomez@naver.com', 1, 0, '2019-06-07 05:28:54', '2019-06-07 05:28:54', '2019-06-07 05:28:54', '1754-01-01 00:00:00.000', 0, '1754-01-01 00:00:00.000', 0, '1754-01-01 00:00:00.000')
   INSERT INTO dbo.dnn_UserPortals(UserID, PortalID, CreatedDate, Authorised, IsDeleted, RefreshRoles)
   VALUES(@UserID, @PortalID, '2019-06-07 05:28:54', 1, 0, 0)
   INSERT INTO dbo.dnn_UserRoles(UserID, RoleID, IsTrialUsed, CreatedByUserID, CreatedOnDate, LastModifiedByUserID, LastModifiedOnDate, [Status], IsOwner)
   VALUES(@UserId, @MaleRole, 0, 1, '2019-06-07 05:28:54', 1, '2019-06-07 05:28:54', 1, 0)
   INSERT INTO dbo.dnn_Users(Username, FirstName, LastName, Email, DisplayName, UpdatePassword, LastIPAddress, IsDeleted, CreatedByUserID, CreatedOnDate, LastModifiedByUserID, LastModifiedOnDate, PasswordResetToken, PasswordResetExpiration)
   VALUES('phillipsj@stackoverflow.com', 'Juan', 'Phillips', 'phillipsj@stackoverflow.com', 'Juan Phillips', 0, '', 0, 1, '2019-06-07 05:28:54', 1, '2019-06-07 05:28:54', NULL, NULL)
   SELECT @UserID = SCOPE_IDENTITY()
   INSERT INTO dbo.aspnet_Users(ApplicationID, UserName, LoweredUserName, IsAnonymous, LastActivityDate)
   VALUES(@ApplicationId, 'phillipsj@stackoverflow.com', 'phillipsj@stackoverflow.com', 0, '2019-06-07 05:28:54')
   SELECT @AspNetUserID = UserId FROM aspnet_Users WHERE Username = 'phillipsj@stackoverflow.com'
   INSERT INTO dbo.aspnet_Membership(ApplicationID, UserID, Password, PasswordFormat, PasswordSalt, Email, LoweredEmail, IsApproved, IsLockedOut, CreateDate, LastLoginDate, LastPasswordChangedDate, LastLockoutDate, FailedPasswordAttemptCount, FailedPasswordAttemptWindowStart, FailedPasswordAnswerAttemptCount, FailedPasswordAnswerAttemptWindowStart)
   VALUES(@ApplicationID, @AspNetUserID, 'aMoPu/jMK8Yc4dxEEtAWm+RvKkFRjT38n/c1ORi3HgGWXJI15kNozQ==', 2, 'ub/Nej8BunZL3H6o+Z7+sg==', 'phillipsj@stackoverflow.com', 'phillipsj@stackoverflow.com', 1, 0, '2019-06-07 05:28:54', '2019-06-07 05:28:54', '2019-06-07 05:28:54', '1754-01-01 00:00:00.000', 0, '1754-01-01 00:00:00.000', 0, '1754-01-01 00:00:00.000')
   INSERT INTO dbo.dnn_UserPortals(UserID, PortalID, CreatedDate, Authorised, IsDeleted, RefreshRoles)
   VALUES(@UserID, @PortalID, '2019-06-07 05:28:54', 1, 0, 0)
   INSERT INTO dbo.dnn_UserRoles(UserID, RoleID, IsTrialUsed, CreatedByUserID, CreatedOnDate, LastModifiedByUserID, LastModifiedOnDate, [Status], IsOwner)
   VALUES(@UserId, @MaleRole, 0, 1, '2019-06-07 05:28:54', 1, '2019-06-07 05:28:54', 1, 0)
   INSERT INTO dbo.dnn_Users(Username, FirstName, LastName, Email, DisplayName, UpdatePassword, LastIPAddress, IsDeleted, CreatedByUserID, CreatedOnDate, LastModifiedByUserID, LastModifiedOnDate, PasswordResetToken, PasswordResetExpiration)
   VALUES('jack.evans@apple.com', 'Jack', 'Evans', 'jack.evans@apple.com', 'Jack Evans', 0, '', 0, 1, '2019-06-07 05:28:54', 1, '2019-06-07 05:28:54', NULL, NULL)
   SELECT @UserID = SCOPE_IDENTITY()
   INSERT INTO dbo.aspnet_Users(ApplicationID, UserName, LoweredUserName, IsAnonymous, LastActivityDate)
   VALUES(@ApplicationId, 'jack.evans@apple.com', 'jack.evans@apple.com', 0, '2019-06-07 05:28:54')
   SELECT @AspNetUserID = UserId FROM aspnet_Users WHERE Username = 'jack.evans@apple.com'
   INSERT INTO dbo.aspnet_Membership(ApplicationID, UserID, Password, PasswordFormat, PasswordSalt, Email, LoweredEmail, IsApproved, IsLockedOut, CreateDate, LastLoginDate, LastPasswordChangedDate, LastLockoutDate, FailedPasswordAttemptCount, FailedPasswordAttemptWindowStart, FailedPasswordAnswerAttemptCount, FailedPasswordAnswerAttemptWindowStart)
   VALUES(@ApplicationID, @AspNetUserID, 'aMoPu/jMK8Yc4dxEEtAWm+RvKkFRjT38n/c1ORi3HgGWXJI15kNozQ==', 2, 'ub/Nej8BunZL3H6o+Z7+sg==', 'jack.evans@apple.com', 'jack.evans@apple.com', 1, 0, '2019-06-07 05:28:54', '2019-06-07 05:28:54', '2019-06-07 05:28:54', '1754-01-01 00:00:00.000', 0, '1754-01-01 00:00:00.000', 0, '1754-01-01 00:00:00.000')
   INSERT INTO dbo.dnn_UserPortals(UserID, PortalID, CreatedDate, Authorised, IsDeleted, RefreshRoles)
   VALUES(@UserID, @PortalID, '2019-06-07 05:28:54', 1, 0, 0)
   INSERT INTO dbo.dnn_UserRoles(UserID, RoleID, IsTrialUsed, CreatedByUserID, CreatedOnDate, LastModifiedByUserID, LastModifiedOnDate, [Status], IsOwner)
   VALUES(@UserId, @MaleRole, 0, 1, '2019-06-07 05:28:54', 1, '2019-06-07 05:28:54', 1, 0)
   INSERT INTO dbo.dnn_Users(Username, FirstName, LastName, Email, DisplayName, UpdatePassword, LastIPAddress, IsDeleted, CreatedByUserID, CreatedOnDate, LastModifiedByUserID, LastModifiedOnDate, PasswordResetToken, PasswordResetExpiration)
   VALUES('a.turner@chinadaily.com.cn', 'Albert', 'Turner', 'a.turner@chinadaily.com.cn', 'Albert Turner', 0, '', 0, 1, '2019-06-07 05:28:54', 1, '2019-06-07 05:28:54', NULL, NULL)
   SELECT @UserID = SCOPE_IDENTITY()
   INSERT INTO dbo.aspnet_Users(ApplicationID, UserName, LoweredUserName, IsAnonymous, LastActivityDate)
   VALUES(@ApplicationId, 'a.turner@chinadaily.com.cn', 'a.turner@chinadaily.com.cn', 0, '2019-06-07 05:28:54')
   SELECT @AspNetUserID = UserId FROM aspnet_Users WHERE Username = 'a.turner@chinadaily.com.cn'
   INSERT INTO dbo.aspnet_Membership(ApplicationID, UserID, Password, PasswordFormat, PasswordSalt, Email, LoweredEmail, IsApproved, IsLockedOut, CreateDate, LastLoginDate, LastPasswordChangedDate, LastLockoutDate, FailedPasswordAttemptCount, FailedPasswordAttemptWindowStart, FailedPasswordAnswerAttemptCount, FailedPasswordAnswerAttemptWindowStart)
   VALUES(@ApplicationID, @AspNetUserID, 'aMoPu/jMK8Yc4dxEEtAWm+RvKkFRjT38n/c1ORi3HgGWXJI15kNozQ==', 2, 'ub/Nej8BunZL3H6o+Z7+sg==', 'a.turner@chinadaily.com.cn', 'a.turner@chinadaily.com.cn', 1, 0, '2019-06-07 05:28:54', '2019-06-07 05:28:54', '2019-06-07 05:28:54', '1754-01-01 00:00:00.000', 0, '1754-01-01 00:00:00.000', 0, '1754-01-01 00:00:00.000')
   INSERT INTO dbo.dnn_UserPortals(UserID, PortalID, CreatedDate, Authorised, IsDeleted, RefreshRoles)
   VALUES(@UserID, @PortalID, '2019-06-07 05:28:54', 1, 0, 0)
   INSERT INTO dbo.dnn_UserRoles(UserID, RoleID, IsTrialUsed, CreatedByUserID, CreatedOnDate, LastModifiedByUserID, LastModifiedOnDate, [Status], IsOwner)
   VALUES(@UserId, @MaleRole, 0, 1, '2019-06-07 05:28:54', 1, '2019-06-07 05:28:54', 1, 0)
   INSERT INTO dbo.dnn_Users(Username, FirstName, LastName, Email, DisplayName, UpdatePassword, LastIPAddress, IsDeleted, CreatedByUserID, CreatedOnDate, LastModifiedByUserID, LastModifiedOnDate, PasswordResetToken, PasswordResetExpiration)
   VALUES('diazj@fc2.com', 'Jonathan', 'Diaz', 'diazj@fc2.com', 'Jonathan Diaz', 0, '', 0, 1, '2019-06-07 05:28:54', 1, '2019-06-07 05:28:54', NULL, NULL)
   SELECT @UserID = SCOPE_IDENTITY()
   INSERT INTO dbo.aspnet_Users(ApplicationID, UserName, LoweredUserName, IsAnonymous, LastActivityDate)
   VALUES(@ApplicationId, 'diazj@fc2.com', 'diazj@fc2.com', 0, '2019-06-07 05:28:54')
   SELECT @AspNetUserID = UserId FROM aspnet_Users WHERE Username = 'diazj@fc2.com'
   INSERT INTO dbo.aspnet_Membership(ApplicationID, UserID, Password, PasswordFormat, PasswordSalt, Email, LoweredEmail, IsApproved, IsLockedOut, CreateDate, LastLoginDate, LastPasswordChangedDate, LastLockoutDate, FailedPasswordAttemptCount, FailedPasswordAttemptWindowStart, FailedPasswordAnswerAttemptCount, FailedPasswordAnswerAttemptWindowStart)
   VALUES(@ApplicationID, @AspNetUserID, 'aMoPu/jMK8Yc4dxEEtAWm+RvKkFRjT38n/c1ORi3HgGWXJI15kNozQ==', 2, 'ub/Nej8BunZL3H6o+Z7+sg==', 'diazj@fc2.com', 'diazj@fc2.com', 1, 0, '2019-06-07 05:28:54', '2019-06-07 05:28:54', '2019-06-07 05:28:54', '1754-01-01 00:00:00.000', 0, '1754-01-01 00:00:00.000', 0, '1754-01-01 00:00:00.000')
   INSERT INTO dbo.dnn_UserPortals(UserID, PortalID, CreatedDate, Authorised, IsDeleted, RefreshRoles)
   VALUES(@UserID, @PortalID, '2019-06-07 05:28:54', 1, 0, 0)
   INSERT INTO dbo.dnn_UserRoles(UserID, RoleID, IsTrialUsed, CreatedByUserID, CreatedOnDate, LastModifiedByUserID, LastModifiedOnDate, [Status], IsOwner)
   VALUES(@UserId, @MaleRole, 0, 1, '2019-06-07 05:28:54', 1, '2019-06-07 05:28:54', 1, 0)
   INSERT INTO dbo.dnn_Users(Username, FirstName, LastName, Email, DisplayName, UpdatePassword, LastIPAddress, IsDeleted, CreatedByUserID, CreatedOnDate, LastModifiedByUserID, LastModifiedOnDate, PasswordResetToken, PasswordResetExpiration)
   VALUES('justin.parker@aliexpress.com', 'Justin', 'Parker', 'justin.parker@aliexpress.com', 'Justin Parker', 0, '', 0, 1, '2019-06-07 05:28:54', 1, '2019-06-07 05:28:54', NULL, NULL)
   SELECT @UserID = SCOPE_IDENTITY()
   INSERT INTO dbo.aspnet_Users(ApplicationID, UserName, LoweredUserName, IsAnonymous, LastActivityDate)
   VALUES(@ApplicationId, 'justin.parker@aliexpress.com', 'justin.parker@aliexpress.com', 0, '2019-06-07 05:28:54')
   SELECT @AspNetUserID = UserId FROM aspnet_Users WHERE Username = 'justin.parker@aliexpress.com'
   INSERT INTO dbo.aspnet_Membership(ApplicationID, UserID, Password, PasswordFormat, PasswordSalt, Email, LoweredEmail, IsApproved, IsLockedOut, CreateDate, LastLoginDate, LastPasswordChangedDate, LastLockoutDate, FailedPasswordAttemptCount, FailedPasswordAttemptWindowStart, FailedPasswordAnswerAttemptCount, FailedPasswordAnswerAttemptWindowStart)
   VALUES(@ApplicationID, @AspNetUserID, 'aMoPu/jMK8Yc4dxEEtAWm+RvKkFRjT38n/c1ORi3HgGWXJI15kNozQ==', 2, 'ub/Nej8BunZL3H6o+Z7+sg==', 'justin.parker@aliexpress.com', 'justin.parker@aliexpress.com', 1, 0, '2019-06-07 05:28:54', '2019-06-07 05:28:54', '2019-06-07 05:28:54', '1754-01-01 00:00:00.000', 0, '1754-01-01 00:00:00.000', 0, '1754-01-01 00:00:00.000')
   INSERT INTO dbo.dnn_UserPortals(UserID, PortalID, CreatedDate, Authorised, IsDeleted, RefreshRoles)
   VALUES(@UserID, @PortalID, '2019-06-07 05:28:54', 1, 0, 0)
   INSERT INTO dbo.dnn_UserRoles(UserID, RoleID, IsTrialUsed, CreatedByUserID, CreatedOnDate, LastModifiedByUserID, LastModifiedOnDate, [Status], IsOwner)
   VALUES(@UserId, @MaleRole, 0, 1, '2019-06-07 05:28:54', 1, '2019-06-07 05:28:54', 1, 0)
   INSERT INTO dbo.dnn_Users(Username, FirstName, LastName, Email, DisplayName, UpdatePassword, LastIPAddress, IsDeleted, CreatedByUserID, CreatedOnDate, LastModifiedByUserID, LastModifiedOnDate, PasswordResetToken, PasswordResetExpiration)
   VALUES('t.cruz@imdb.com', 'Terry', 'Cruz', 't.cruz@imdb.com', 'Terry Cruz', 0, '', 0, 1, '2019-06-07 05:28:54', 1, '2019-06-07 05:28:54', NULL, NULL)
   SELECT @UserID = SCOPE_IDENTITY()
   INSERT INTO dbo.aspnet_Users(ApplicationID, UserName, LoweredUserName, IsAnonymous, LastActivityDate)
   VALUES(@ApplicationId, 't.cruz@imdb.com', 't.cruz@imdb.com', 0, '2019-06-07 05:28:54')
   SELECT @AspNetUserID = UserId FROM aspnet_Users WHERE Username = 't.cruz@imdb.com'
   INSERT INTO dbo.aspnet_Membership(ApplicationID, UserID, Password, PasswordFormat, PasswordSalt, Email, LoweredEmail, IsApproved, IsLockedOut, CreateDate, LastLoginDate, LastPasswordChangedDate, LastLockoutDate, FailedPasswordAttemptCount, FailedPasswordAttemptWindowStart, FailedPasswordAnswerAttemptCount, FailedPasswordAnswerAttemptWindowStart)
   VALUES(@ApplicationID, @AspNetUserID, 'aMoPu/jMK8Yc4dxEEtAWm+RvKkFRjT38n/c1ORi3HgGWXJI15kNozQ==', 2, 'ub/Nej8BunZL3H6o+Z7+sg==', 't.cruz@imdb.com', 't.cruz@imdb.com', 1, 0, '2019-06-07 05:28:54', '2019-06-07 05:28:54', '2019-06-07 05:28:54', '1754-01-01 00:00:00.000', 0, '1754-01-01 00:00:00.000', 0, '1754-01-01 00:00:00.000')
   INSERT INTO dbo.dnn_UserPortals(UserID, PortalID, CreatedDate, Authorised, IsDeleted, RefreshRoles)
   VALUES(@UserID, @PortalID, '2019-06-07 05:28:54', 1, 0, 0)
   INSERT INTO dbo.dnn_UserRoles(UserID, RoleID, IsTrialUsed, CreatedByUserID, CreatedOnDate, LastModifiedByUserID, LastModifiedOnDate, [Status], IsOwner)
   VALUES(@UserId, @MaleRole, 0, 1, '2019-06-07 05:28:54', 1, '2019-06-07 05:28:54', 1, 0)
   INSERT INTO dbo.dnn_Users(Username, FirstName, LastName, Email, DisplayName, UpdatePassword, LastIPAddress, IsDeleted, CreatedByUserID, CreatedOnDate, LastModifiedByUserID, LastModifiedOnDate, PasswordResetToken, PasswordResetExpiration)
   VALUES('edwardsg@google.ca', 'Gerald', 'Edwards', 'edwardsg@google.ca', 'Gerald Edwards', 0, '', 0, 1, '2019-06-07 05:28:54', 1, '2019-06-07 05:28:54', NULL, NULL)
   SELECT @UserID = SCOPE_IDENTITY()
   INSERT INTO dbo.aspnet_Users(ApplicationID, UserName, LoweredUserName, IsAnonymous, LastActivityDate)
   VALUES(@ApplicationId, 'edwardsg@google.ca', 'edwardsg@google.ca', 0, '2019-06-07 05:28:54')
   SELECT @AspNetUserID = UserId FROM aspnet_Users WHERE Username = 'edwardsg@google.ca'
   INSERT INTO dbo.aspnet_Membership(ApplicationID, UserID, Password, PasswordFormat, PasswordSalt, Email, LoweredEmail, IsApproved, IsLockedOut, CreateDate, LastLoginDate, LastPasswordChangedDate, LastLockoutDate, FailedPasswordAttemptCount, FailedPasswordAttemptWindowStart, FailedPasswordAnswerAttemptCount, FailedPasswordAnswerAttemptWindowStart)
   VALUES(@ApplicationID, @AspNetUserID, 'aMoPu/jMK8Yc4dxEEtAWm+RvKkFRjT38n/c1ORi3HgGWXJI15kNozQ==', 2, 'ub/Nej8BunZL3H6o+Z7+sg==', 'edwardsg@google.ca', 'edwardsg@google.ca', 1, 0, '2019-06-07 05:28:54', '2019-06-07 05:28:54', '2019-06-07 05:28:54', '1754-01-01 00:00:00.000', 0, '1754-01-01 00:00:00.000', 0, '1754-01-01 00:00:00.000')
   INSERT INTO dbo.dnn_UserPortals(UserID, PortalID, CreatedDate, Authorised, IsDeleted, RefreshRoles)
   VALUES(@UserID, @PortalID, '2019-06-07 05:28:54', 1, 0, 0)
   INSERT INTO dbo.dnn_UserRoles(UserID, RoleID, IsTrialUsed, CreatedByUserID, CreatedOnDate, LastModifiedByUserID, LastModifiedOnDate, [Status], IsOwner)
   VALUES(@UserId, @MaleRole, 0, 1, '2019-06-07 05:28:54', 1, '2019-06-07 05:28:54', 1, 0)
   INSERT INTO dbo.dnn_UserRoles(UserID, RoleID, IsTrialUsed, CreatedByUserID, CreatedOnDate, LastModifiedByUserID, LastModifiedOnDate, [Status], IsOwner)
   VALUES(@UserId, @ManagerRole, 0, 1, '2019-06-07 05:28:54', 1, '2019-06-07 05:28:54', 1, 0)
   INSERT INTO dbo.dnn_Users(Username, FirstName, LastName, Email, DisplayName, UpdatePassword, LastIPAddress, IsDeleted, CreatedByUserID, CreatedOnDate, LastModifiedByUserID, LastModifiedOnDate, PasswordResetToken, PasswordResetExpiration)
   VALUES('keith.collins@google.co.kr', 'Keith', 'Collins', 'keith.collins@google.co.kr', 'Keith Collins', 0, '', 0, 1, '2019-06-07 05:28:54', 1, '2019-06-07 05:28:54', NULL, NULL)
   SELECT @UserID = SCOPE_IDENTITY()
   INSERT INTO dbo.aspnet_Users(ApplicationID, UserName, LoweredUserName, IsAnonymous, LastActivityDate)
   VALUES(@ApplicationId, 'keith.collins@google.co.kr', 'keith.collins@google.co.kr', 0, '2019-06-07 05:28:54')
   SELECT @AspNetUserID = UserId FROM aspnet_Users WHERE Username = 'keith.collins@google.co.kr'
   INSERT INTO dbo.aspnet_Membership(ApplicationID, UserID, Password, PasswordFormat, PasswordSalt, Email, LoweredEmail, IsApproved, IsLockedOut, CreateDate, LastLoginDate, LastPasswordChangedDate, LastLockoutDate, FailedPasswordAttemptCount, FailedPasswordAttemptWindowStart, FailedPasswordAnswerAttemptCount, FailedPasswordAnswerAttemptWindowStart)
   VALUES(@ApplicationID, @AspNetUserID, 'aMoPu/jMK8Yc4dxEEtAWm+RvKkFRjT38n/c1ORi3HgGWXJI15kNozQ==', 2, 'ub/Nej8BunZL3H6o+Z7+sg==', 'keith.collins@google.co.kr', 'keith.collins@google.co.kr', 1, 0, '2019-06-07 05:28:54', '2019-06-07 05:28:54', '2019-06-07 05:28:54', '1754-01-01 00:00:00.000', 0, '1754-01-01 00:00:00.000', 0, '1754-01-01 00:00:00.000')
   INSERT INTO dbo.dnn_UserPortals(UserID, PortalID, CreatedDate, Authorised, IsDeleted, RefreshRoles)
   VALUES(@UserID, @PortalID, '2019-06-07 05:28:54', 1, 0, 0)
   INSERT INTO dbo.dnn_UserRoles(UserID, RoleID, IsTrialUsed, CreatedByUserID, CreatedOnDate, LastModifiedByUserID, LastModifiedOnDate, [Status], IsOwner)
   VALUES(@UserId, @MaleRole, 0, 1, '2019-06-07 05:28:54', 1, '2019-06-07 05:28:54', 1, 0)
   INSERT INTO dbo.dnn_Users(Username, FirstName, LastName, Email, DisplayName, UpdatePassword, LastIPAddress, IsDeleted, CreatedByUserID, CreatedOnDate, LastModifiedByUserID, LastModifiedOnDate, PasswordResetToken, PasswordResetExpiration)
   VALUES('s.reyes@github.com', 'Samuel', 'Reyes', 's.reyes@github.com', 'Samuel Reyes', 0, '', 0, 1, '2019-06-07 05:28:54', 1, '2019-06-07 05:28:54', NULL, NULL)
   SELECT @UserID = SCOPE_IDENTITY()
   INSERT INTO dbo.aspnet_Users(ApplicationID, UserName, LoweredUserName, IsAnonymous, LastActivityDate)
   VALUES(@ApplicationId, 's.reyes@github.com', 's.reyes@github.com', 0, '2019-06-07 05:28:54')
   SELECT @AspNetUserID = UserId FROM aspnet_Users WHERE Username = 's.reyes@github.com'
   INSERT INTO dbo.aspnet_Membership(ApplicationID, UserID, Password, PasswordFormat, PasswordSalt, Email, LoweredEmail, IsApproved, IsLockedOut, CreateDate, LastLoginDate, LastPasswordChangedDate, LastLockoutDate, FailedPasswordAttemptCount, FailedPasswordAttemptWindowStart, FailedPasswordAnswerAttemptCount, FailedPasswordAnswerAttemptWindowStart)
   VALUES(@ApplicationID, @AspNetUserID, 'aMoPu/jMK8Yc4dxEEtAWm+RvKkFRjT38n/c1ORi3HgGWXJI15kNozQ==', 2, 'ub/Nej8BunZL3H6o+Z7+sg==', 's.reyes@github.com', 's.reyes@github.com', 1, 0, '2019-06-07 05:28:54', '2019-06-07 05:28:54', '2019-06-07 05:28:54', '1754-01-01 00:00:00.000', 0, '1754-01-01 00:00:00.000', 0, '1754-01-01 00:00:00.000')
   INSERT INTO dbo.dnn_UserPortals(UserID, PortalID, CreatedDate, Authorised, IsDeleted, RefreshRoles)
   VALUES(@UserID, @PortalID, '2019-06-07 05:28:54', 1, 0, 0)
   INSERT INTO dbo.dnn_UserRoles(UserID, RoleID, IsTrialUsed, CreatedByUserID, CreatedOnDate, LastModifiedByUserID, LastModifiedOnDate, [Status], IsOwner)
   VALUES(@UserId, @MaleRole, 0, 1, '2019-06-07 05:28:54', 1, '2019-06-07 05:28:54', 1, 0)
   INSERT INTO dbo.dnn_Users(Username, FirstName, LastName, Email, DisplayName, UpdatePassword, LastIPAddress, IsDeleted, CreatedByUserID, CreatedOnDate, LastModifiedByUserID, LastModifiedOnDate, PasswordResetToken, PasswordResetExpiration)
   VALUES('stewartw@ok.ru', 'Willie', 'Stewart', 'stewartw@ok.ru', 'Willie Stewart', 0, '', 0, 1, '2019-06-07 05:28:54', 1, '2019-06-07 05:28:54', NULL, NULL)
   SELECT @UserID = SCOPE_IDENTITY()
   INSERT INTO dbo.aspnet_Users(ApplicationID, UserName, LoweredUserName, IsAnonymous, LastActivityDate)
   VALUES(@ApplicationId, 'stewartw@ok.ru', 'stewartw@ok.ru', 0, '2019-06-07 05:28:54')
   SELECT @AspNetUserID = UserId FROM aspnet_Users WHERE Username = 'stewartw@ok.ru'
   INSERT INTO dbo.aspnet_Membership(ApplicationID, UserID, Password, PasswordFormat, PasswordSalt, Email, LoweredEmail, IsApproved, IsLockedOut, CreateDate, LastLoginDate, LastPasswordChangedDate, LastLockoutDate, FailedPasswordAttemptCount, FailedPasswordAttemptWindowStart, FailedPasswordAnswerAttemptCount, FailedPasswordAnswerAttemptWindowStart)
   VALUES(@ApplicationID, @AspNetUserID, 'aMoPu/jMK8Yc4dxEEtAWm+RvKkFRjT38n/c1ORi3HgGWXJI15kNozQ==', 2, 'ub/Nej8BunZL3H6o+Z7+sg==', 'stewartw@ok.ru', 'stewartw@ok.ru', 1, 0, '2019-06-07 05:28:54', '2019-06-07 05:28:54', '2019-06-07 05:28:54', '1754-01-01 00:00:00.000', 0, '1754-01-01 00:00:00.000', 0, '1754-01-01 00:00:00.000')
   INSERT INTO dbo.dnn_UserPortals(UserID, PortalID, CreatedDate, Authorised, IsDeleted, RefreshRoles)
   VALUES(@UserID, @PortalID, '2019-06-07 05:28:54', 1, 0, 0)
   INSERT INTO dbo.dnn_UserRoles(UserID, RoleID, IsTrialUsed, CreatedByUserID, CreatedOnDate, LastModifiedByUserID, LastModifiedOnDate, [Status], IsOwner)
   VALUES(@UserId, @MaleRole, 0, 1, '2019-06-07 05:28:54', 1, '2019-06-07 05:28:54', 1, 0)
   INSERT INTO dbo.dnn_Users(Username, FirstName, LastName, Email, DisplayName, UpdatePassword, LastIPAddress, IsDeleted, CreatedByUserID, CreatedOnDate, LastModifiedByUserID, LastModifiedOnDate, PasswordResetToken, PasswordResetExpiration)
   VALUES('ralph.morris@pornhub.com', 'Ralph', 'Morris', 'ralph.morris@pornhub.com', 'Ralph Morris', 0, '', 0, 1, '2019-06-07 05:28:54', 1, '2019-06-07 05:28:54', NULL, NULL)
   SELECT @UserID = SCOPE_IDENTITY()
   INSERT INTO dbo.aspnet_Users(ApplicationID, UserName, LoweredUserName, IsAnonymous, LastActivityDate)
   VALUES(@ApplicationId, 'ralph.morris@pornhub.com', 'ralph.morris@pornhub.com', 0, '2019-06-07 05:28:54')
   SELECT @AspNetUserID = UserId FROM aspnet_Users WHERE Username = 'ralph.morris@pornhub.com'
   INSERT INTO dbo.aspnet_Membership(ApplicationID, UserID, Password, PasswordFormat, PasswordSalt, Email, LoweredEmail, IsApproved, IsLockedOut, CreateDate, LastLoginDate, LastPasswordChangedDate, LastLockoutDate, FailedPasswordAttemptCount, FailedPasswordAttemptWindowStart, FailedPasswordAnswerAttemptCount, FailedPasswordAnswerAttemptWindowStart)
   VALUES(@ApplicationID, @AspNetUserID, 'aMoPu/jMK8Yc4dxEEtAWm+RvKkFRjT38n/c1ORi3HgGWXJI15kNozQ==', 2, 'ub/Nej8BunZL3H6o+Z7+sg==', 'ralph.morris@pornhub.com', 'ralph.morris@pornhub.com', 1, 0, '2019-06-07 05:28:54', '2019-06-07 05:28:54', '2019-06-07 05:28:54', '1754-01-01 00:00:00.000', 0, '1754-01-01 00:00:00.000', 0, '1754-01-01 00:00:00.000')
   INSERT INTO dbo.dnn_UserPortals(UserID, PortalID, CreatedDate, Authorised, IsDeleted, RefreshRoles)
   VALUES(@UserID, @PortalID, '2019-06-07 05:28:54', 1, 0, 0)
   INSERT INTO dbo.dnn_UserRoles(UserID, RoleID, IsTrialUsed, CreatedByUserID, CreatedOnDate, LastModifiedByUserID, LastModifiedOnDate, [Status], IsOwner)
   VALUES(@UserId, @MaleRole, 0, 1, '2019-06-07 05:28:54', 1, '2019-06-07 05:28:54', 1, 0)
   INSERT INTO dbo.dnn_Users(Username, FirstName, LastName, Email, DisplayName, UpdatePassword, LastIPAddress, IsDeleted, CreatedByUserID, CreatedOnDate, LastModifiedByUserID, LastModifiedOnDate, PasswordResetToken, PasswordResetExpiration)
   VALUES('l.morales@google.com.hk', 'Lawrence', 'Morales', 'l.morales@google.com.hk', 'Lawrence Morales', 0, '', 0, 1, '2019-06-07 05:28:54', 1, '2019-06-07 05:28:54', NULL, NULL)
   SELECT @UserID = SCOPE_IDENTITY()
   INSERT INTO dbo.aspnet_Users(ApplicationID, UserName, LoweredUserName, IsAnonymous, LastActivityDate)
   VALUES(@ApplicationId, 'l.morales@google.com.hk', 'l.morales@google.com.hk', 0, '2019-06-07 05:28:54')
   SELECT @AspNetUserID = UserId FROM aspnet_Users WHERE Username = 'l.morales@google.com.hk'
   INSERT INTO dbo.aspnet_Membership(ApplicationID, UserID, Password, PasswordFormat, PasswordSalt, Email, LoweredEmail, IsApproved, IsLockedOut, CreateDate, LastLoginDate, LastPasswordChangedDate, LastLockoutDate, FailedPasswordAttemptCount, FailedPasswordAttemptWindowStart, FailedPasswordAnswerAttemptCount, FailedPasswordAnswerAttemptWindowStart)
   VALUES(@ApplicationID, @AspNetUserID, 'aMoPu/jMK8Yc4dxEEtAWm+RvKkFRjT38n/c1ORi3HgGWXJI15kNozQ==', 2, 'ub/Nej8BunZL3H6o+Z7+sg==', 'l.morales@google.com.hk', 'l.morales@google.com.hk', 1, 0, '2019-06-07 05:28:54', '2019-06-07 05:28:54', '2019-06-07 05:28:54', '1754-01-01 00:00:00.000', 0, '1754-01-01 00:00:00.000', 0, '1754-01-01 00:00:00.000')
   INSERT INTO dbo.dnn_UserPortals(UserID, PortalID, CreatedDate, Authorised, IsDeleted, RefreshRoles)
   VALUES(@UserID, @PortalID, '2019-06-07 05:28:54', 1, 0, 0)
   INSERT INTO dbo.dnn_UserRoles(UserID, RoleID, IsTrialUsed, CreatedByUserID, CreatedOnDate, LastModifiedByUserID, LastModifiedOnDate, [Status], IsOwner)
   VALUES(@UserId, @MaleRole, 0, 1, '2019-06-07 05:28:54', 1, '2019-06-07 05:28:54', 1, 0)
   INSERT INTO dbo.dnn_UserRoles(UserID, RoleID, IsTrialUsed, CreatedByUserID, CreatedOnDate, LastModifiedByUserID, LastModifiedOnDate, [Status], IsOwner)
   VALUES(@UserId, @AcademicRole, 0, 1, '2019-06-07 05:28:54', 1, '2019-06-07 05:28:54', 1, 0)
   INSERT INTO dbo.dnn_Users(Username, FirstName, LastName, Email, DisplayName, UpdatePassword, LastIPAddress, IsDeleted, CreatedByUserID, CreatedOnDate, LastModifiedByUserID, LastModifiedOnDate, PasswordResetToken, PasswordResetExpiration)
   VALUES('murphyn@whatsapp.com', 'Nicholas', 'Murphy', 'murphyn@whatsapp.com', 'Nicholas Murphy', 0, '', 0, 1, '2019-06-07 05:28:54', 1, '2019-06-07 05:28:54', NULL, NULL)
   SELECT @UserID = SCOPE_IDENTITY()
   INSERT INTO dbo.aspnet_Users(ApplicationID, UserName, LoweredUserName, IsAnonymous, LastActivityDate)
   VALUES(@ApplicationId, 'murphyn@whatsapp.com', 'murphyn@whatsapp.com', 0, '2019-06-07 05:28:54')
   SELECT @AspNetUserID = UserId FROM aspnet_Users WHERE Username = 'murphyn@whatsapp.com'
   INSERT INTO dbo.aspnet_Membership(ApplicationID, UserID, Password, PasswordFormat, PasswordSalt, Email, LoweredEmail, IsApproved, IsLockedOut, CreateDate, LastLoginDate, LastPasswordChangedDate, LastLockoutDate, FailedPasswordAttemptCount, FailedPasswordAttemptWindowStart, FailedPasswordAnswerAttemptCount, FailedPasswordAnswerAttemptWindowStart)
   VALUES(@ApplicationID, @AspNetUserID, 'aMoPu/jMK8Yc4dxEEtAWm+RvKkFRjT38n/c1ORi3HgGWXJI15kNozQ==', 2, 'ub/Nej8BunZL3H6o+Z7+sg==', 'murphyn@whatsapp.com', 'murphyn@whatsapp.com', 1, 0, '2019-06-07 05:28:54', '2019-06-07 05:28:54', '2019-06-07 05:28:54', '1754-01-01 00:00:00.000', 0, '1754-01-01 00:00:00.000', 0, '1754-01-01 00:00:00.000')
   INSERT INTO dbo.dnn_UserPortals(UserID, PortalID, CreatedDate, Authorised, IsDeleted, RefreshRoles)
   VALUES(@UserID, @PortalID, '2019-06-07 05:28:54', 1, 0, 0)
   INSERT INTO dbo.dnn_UserRoles(UserID, RoleID, IsTrialUsed, CreatedByUserID, CreatedOnDate, LastModifiedByUserID, LastModifiedOnDate, [Status], IsOwner)
   VALUES(@UserId, @MaleRole, 0, 1, '2019-06-07 05:28:54', 1, '2019-06-07 05:28:54', 1, 0)
   INSERT INTO dbo.dnn_Users(Username, FirstName, LastName, Email, DisplayName, UpdatePassword, LastIPAddress, IsDeleted, CreatedByUserID, CreatedOnDate, LastModifiedByUserID, LastModifiedOnDate, PasswordResetToken, PasswordResetExpiration)
   VALUES('roy.cook@diply.com', 'Roy', 'Cook', 'roy.cook@diply.com', 'Roy Cook', 0, '', 0, 1, '2019-06-07 05:28:54', 1, '2019-06-07 05:28:54', NULL, NULL)
   SELECT @UserID = SCOPE_IDENTITY()
   INSERT INTO dbo.aspnet_Users(ApplicationID, UserName, LoweredUserName, IsAnonymous, LastActivityDate)
   VALUES(@ApplicationId, 'roy.cook@diply.com', 'roy.cook@diply.com', 0, '2019-06-07 05:28:54')
   SELECT @AspNetUserID = UserId FROM aspnet_Users WHERE Username = 'roy.cook@diply.com'
   INSERT INTO dbo.aspnet_Membership(ApplicationID, UserID, Password, PasswordFormat, PasswordSalt, Email, LoweredEmail, IsApproved, IsLockedOut, CreateDate, LastLoginDate, LastPasswordChangedDate, LastLockoutDate, FailedPasswordAttemptCount, FailedPasswordAttemptWindowStart, FailedPasswordAnswerAttemptCount, FailedPasswordAnswerAttemptWindowStart)
   VALUES(@ApplicationID, @AspNetUserID, 'aMoPu/jMK8Yc4dxEEtAWm+RvKkFRjT38n/c1ORi3HgGWXJI15kNozQ==', 2, 'ub/Nej8BunZL3H6o+Z7+sg==', 'roy.cook@diply.com', 'roy.cook@diply.com', 1, 0, '2019-06-07 05:28:54', '2019-06-07 05:28:54', '2019-06-07 05:28:54', '1754-01-01 00:00:00.000', 0, '1754-01-01 00:00:00.000', 0, '1754-01-01 00:00:00.000')
   INSERT INTO dbo.dnn_UserPortals(UserID, PortalID, CreatedDate, Authorised, IsDeleted, RefreshRoles)
   VALUES(@UserID, @PortalID, '2019-06-07 05:28:54', 1, 0, 0)
   INSERT INTO dbo.dnn_UserRoles(UserID, RoleID, IsTrialUsed, CreatedByUserID, CreatedOnDate, LastModifiedByUserID, LastModifiedOnDate, [Status], IsOwner)
   VALUES(@UserId, @MaleRole, 0, 1, '2019-06-07 05:28:54', 1, '2019-06-07 05:28:54', 1, 0)
   INSERT INTO dbo.dnn_Users(Username, FirstName, LastName, Email, DisplayName, UpdatePassword, LastIPAddress, IsDeleted, CreatedByUserID, CreatedOnDate, LastModifiedByUserID, LastModifiedOnDate, PasswordResetToken, PasswordResetExpiration)
   VALUES('b.rogers@jd.com', 'Benjamin', 'Rogers', 'b.rogers@jd.com', 'Benjamin Rogers', 0, '', 0, 1, '2019-06-07 05:28:54', 1, '2019-06-07 05:28:54', NULL, NULL)
   SELECT @UserID = SCOPE_IDENTITY()
   INSERT INTO dbo.aspnet_Users(ApplicationID, UserName, LoweredUserName, IsAnonymous, LastActivityDate)
   VALUES(@ApplicationId, 'b.rogers@jd.com', 'b.rogers@jd.com', 0, '2019-06-07 05:28:54')
   SELECT @AspNetUserID = UserId FROM aspnet_Users WHERE Username = 'b.rogers@jd.com'
   INSERT INTO dbo.aspnet_Membership(ApplicationID, UserID, Password, PasswordFormat, PasswordSalt, Email, LoweredEmail, IsApproved, IsLockedOut, CreateDate, LastLoginDate, LastPasswordChangedDate, LastLockoutDate, FailedPasswordAttemptCount, FailedPasswordAttemptWindowStart, FailedPasswordAnswerAttemptCount, FailedPasswordAnswerAttemptWindowStart)
   VALUES(@ApplicationID, @AspNetUserID, 'aMoPu/jMK8Yc4dxEEtAWm+RvKkFRjT38n/c1ORi3HgGWXJI15kNozQ==', 2, 'ub/Nej8BunZL3H6o+Z7+sg==', 'b.rogers@jd.com', 'b.rogers@jd.com', 1, 0, '2019-06-07 05:28:54', '2019-06-07 05:28:54', '2019-06-07 05:28:54', '1754-01-01 00:00:00.000', 0, '1754-01-01 00:00:00.000', 0, '1754-01-01 00:00:00.000')
   INSERT INTO dbo.dnn_UserPortals(UserID, PortalID, CreatedDate, Authorised, IsDeleted, RefreshRoles)
   VALUES(@UserID, @PortalID, '2019-06-07 05:28:54', 1, 0, 0)
   INSERT INTO dbo.dnn_UserRoles(UserID, RoleID, IsTrialUsed, CreatedByUserID, CreatedOnDate, LastModifiedByUserID, LastModifiedOnDate, [Status], IsOwner)
   VALUES(@UserId, @MaleRole, 0, 1, '2019-06-07 05:28:54', 1, '2019-06-07 05:28:54', 1, 0)
   INSERT INTO dbo.dnn_Users(Username, FirstName, LastName, Email, DisplayName, UpdatePassword, LastIPAddress, IsDeleted, CreatedByUserID, CreatedOnDate, LastModifiedByUserID, LastModifiedOnDate, PasswordResetToken, PasswordResetExpiration)
   VALUES('gutierrezb@amazon.de', 'Bruce', 'Gutierrez', 'gutierrezb@amazon.de', 'Bruce Gutierrez', 0, '', 0, 1, '2019-06-07 05:28:54', 1, '2019-06-07 05:28:54', NULL, NULL)
   SELECT @UserID = SCOPE_IDENTITY()
   INSERT INTO dbo.aspnet_Users(ApplicationID, UserName, LoweredUserName, IsAnonymous, LastActivityDate)
   VALUES(@ApplicationId, 'gutierrezb@amazon.de', 'gutierrezb@amazon.de', 0, '2019-06-07 05:28:54')
   SELECT @AspNetUserID = UserId FROM aspnet_Users WHERE Username = 'gutierrezb@amazon.de'
   INSERT INTO dbo.aspnet_Membership(ApplicationID, UserID, Password, PasswordFormat, PasswordSalt, Email, LoweredEmail, IsApproved, IsLockedOut, CreateDate, LastLoginDate, LastPasswordChangedDate, LastLockoutDate, FailedPasswordAttemptCount, FailedPasswordAttemptWindowStart, FailedPasswordAnswerAttemptCount, FailedPasswordAnswerAttemptWindowStart)
   VALUES(@ApplicationID, @AspNetUserID, 'aMoPu/jMK8Yc4dxEEtAWm+RvKkFRjT38n/c1ORi3HgGWXJI15kNozQ==', 2, 'ub/Nej8BunZL3H6o+Z7+sg==', 'gutierrezb@amazon.de', 'gutierrezb@amazon.de', 1, 0, '2019-06-07 05:28:54', '2019-06-07 05:28:54', '2019-06-07 05:28:54', '1754-01-01 00:00:00.000', 0, '1754-01-01 00:00:00.000', 0, '1754-01-01 00:00:00.000')
   INSERT INTO dbo.dnn_UserPortals(UserID, PortalID, CreatedDate, Authorised, IsDeleted, RefreshRoles)
   VALUES(@UserID, @PortalID, '2019-06-07 05:28:54', 1, 0, 0)
   INSERT INTO dbo.dnn_UserRoles(UserID, RoleID, IsTrialUsed, CreatedByUserID, CreatedOnDate, LastModifiedByUserID, LastModifiedOnDate, [Status], IsOwner)
   VALUES(@UserId, @MaleRole, 0, 1, '2019-06-07 05:28:54', 1, '2019-06-07 05:28:54', 1, 0)
   INSERT INTO dbo.dnn_Users(Username, FirstName, LastName, Email, DisplayName, UpdatePassword, LastIPAddress, IsDeleted, CreatedByUserID, CreatedOnDate, LastModifiedByUserID, LastModifiedOnDate, PasswordResetToken, PasswordResetExpiration)
   VALUES('brandon.ortiz@google.com.tr', 'Brandon', 'Ortiz', 'brandon.ortiz@google.com.tr', 'Brandon Ortiz', 0, '', 0, 1, '2019-06-07 05:28:54', 1, '2019-06-07 05:28:54', NULL, NULL)
   SELECT @UserID = SCOPE_IDENTITY()
   INSERT INTO dbo.aspnet_Users(ApplicationID, UserName, LoweredUserName, IsAnonymous, LastActivityDate)
   VALUES(@ApplicationId, 'brandon.ortiz@google.com.tr', 'brandon.ortiz@google.com.tr', 0, '2019-06-07 05:28:54')
   SELECT @AspNetUserID = UserId FROM aspnet_Users WHERE Username = 'brandon.ortiz@google.com.tr'
   INSERT INTO dbo.aspnet_Membership(ApplicationID, UserID, Password, PasswordFormat, PasswordSalt, Email, LoweredEmail, IsApproved, IsLockedOut, CreateDate, LastLoginDate, LastPasswordChangedDate, LastLockoutDate, FailedPasswordAttemptCount, FailedPasswordAttemptWindowStart, FailedPasswordAnswerAttemptCount, FailedPasswordAnswerAttemptWindowStart)
   VALUES(@ApplicationID, @AspNetUserID, 'aMoPu/jMK8Yc4dxEEtAWm+RvKkFRjT38n/c1ORi3HgGWXJI15kNozQ==', 2, 'ub/Nej8BunZL3H6o+Z7+sg==', 'brandon.ortiz@google.com.tr', 'brandon.ortiz@google.com.tr', 1, 0, '2019-06-07 05:28:54', '2019-06-07 05:28:54', '2019-06-07 05:28:54', '1754-01-01 00:00:00.000', 0, '1754-01-01 00:00:00.000', 0, '1754-01-01 00:00:00.000')
   INSERT INTO dbo.dnn_UserPortals(UserID, PortalID, CreatedDate, Authorised, IsDeleted, RefreshRoles)
   VALUES(@UserID, @PortalID, '2019-06-07 05:28:54', 1, 0, 0)
   INSERT INTO dbo.dnn_UserRoles(UserID, RoleID, IsTrialUsed, CreatedByUserID, CreatedOnDate, LastModifiedByUserID, LastModifiedOnDate, [Status], IsOwner)
   VALUES(@UserId, @MaleRole, 0, 1, '2019-06-07 05:28:54', 1, '2019-06-07 05:28:54', 1, 0)
   INSERT INTO dbo.dnn_UserRoles(UserID, RoleID, IsTrialUsed, CreatedByUserID, CreatedOnDate, LastModifiedByUserID, LastModifiedOnDate, [Status], IsOwner)
   VALUES(@UserId, @ManagerRole, 0, 1, '2019-06-07 05:28:54', 1, '2019-06-07 05:28:54', 1, 0)
   INSERT INTO dbo.dnn_Users(Username, FirstName, LastName, Email, DisplayName, UpdatePassword, LastIPAddress, IsDeleted, CreatedByUserID, CreatedOnDate, LastModifiedByUserID, LastModifiedOnDate, PasswordResetToken, PasswordResetExpiration)
   VALUES('a.morgan@rakuten.co.jp', 'Adam', 'Morgan', 'a.morgan@rakuten.co.jp', 'Adam Morgan', 0, '', 0, 1, '2019-06-07 05:28:54', 1, '2019-06-07 05:28:54', NULL, NULL)
   SELECT @UserID = SCOPE_IDENTITY()
   INSERT INTO dbo.aspnet_Users(ApplicationID, UserName, LoweredUserName, IsAnonymous, LastActivityDate)
   VALUES(@ApplicationId, 'a.morgan@rakuten.co.jp', 'a.morgan@rakuten.co.jp', 0, '2019-06-07 05:28:54')
   SELECT @AspNetUserID = UserId FROM aspnet_Users WHERE Username = 'a.morgan@rakuten.co.jp'
   INSERT INTO dbo.aspnet_Membership(ApplicationID, UserID, Password, PasswordFormat, PasswordSalt, Email, LoweredEmail, IsApproved, IsLockedOut, CreateDate, LastLoginDate, LastPasswordChangedDate, LastLockoutDate, FailedPasswordAttemptCount, FailedPasswordAttemptWindowStart, FailedPasswordAnswerAttemptCount, FailedPasswordAnswerAttemptWindowStart)
   VALUES(@ApplicationID, @AspNetUserID, 'aMoPu/jMK8Yc4dxEEtAWm+RvKkFRjT38n/c1ORi3HgGWXJI15kNozQ==', 2, 'ub/Nej8BunZL3H6o+Z7+sg==', 'a.morgan@rakuten.co.jp', 'a.morgan@rakuten.co.jp', 1, 0, '2019-06-07 05:28:54', '2019-06-07 05:28:54', '2019-06-07 05:28:54', '1754-01-01 00:00:00.000', 0, '1754-01-01 00:00:00.000', 0, '1754-01-01 00:00:00.000')
   INSERT INTO dbo.dnn_UserPortals(UserID, PortalID, CreatedDate, Authorised, IsDeleted, RefreshRoles)
   VALUES(@UserID, @PortalID, '2019-06-07 05:28:54', 1, 0, 0)
   INSERT INTO dbo.dnn_UserRoles(UserID, RoleID, IsTrialUsed, CreatedByUserID, CreatedOnDate, LastModifiedByUserID, LastModifiedOnDate, [Status], IsOwner)
   VALUES(@UserId, @MaleRole, 0, 1, '2019-06-07 05:28:54', 1, '2019-06-07 05:28:54', 1, 0)
   INSERT INTO dbo.dnn_Users(Username, FirstName, LastName, Email, DisplayName, UpdatePassword, LastIPAddress, IsDeleted, CreatedByUserID, CreatedOnDate, LastModifiedByUserID, LastModifiedOnDate, PasswordResetToken, PasswordResetExpiration)
   VALUES('cooperh@craigslist.org', 'Harry', 'Cooper', 'cooperh@craigslist.org', 'Harry Cooper', 0, '', 0, 1, '2019-06-07 05:28:54', 1, '2019-06-07 05:28:54', NULL, NULL)
   SELECT @UserID = SCOPE_IDENTITY()
   INSERT INTO dbo.aspnet_Users(ApplicationID, UserName, LoweredUserName, IsAnonymous, LastActivityDate)
   VALUES(@ApplicationId, 'cooperh@craigslist.org', 'cooperh@craigslist.org', 0, '2019-06-07 05:28:54')
   SELECT @AspNetUserID = UserId FROM aspnet_Users WHERE Username = 'cooperh@craigslist.org'
   INSERT INTO dbo.aspnet_Membership(ApplicationID, UserID, Password, PasswordFormat, PasswordSalt, Email, LoweredEmail, IsApproved, IsLockedOut, CreateDate, LastLoginDate, LastPasswordChangedDate, LastLockoutDate, FailedPasswordAttemptCount, FailedPasswordAttemptWindowStart, FailedPasswordAnswerAttemptCount, FailedPasswordAnswerAttemptWindowStart)
   VALUES(@ApplicationID, @AspNetUserID, 'aMoPu/jMK8Yc4dxEEtAWm+RvKkFRjT38n/c1ORi3HgGWXJI15kNozQ==', 2, 'ub/Nej8BunZL3H6o+Z7+sg==', 'cooperh@craigslist.org', 'cooperh@craigslist.org', 1, 0, '2019-06-07 05:28:54', '2019-06-07 05:28:54', '2019-06-07 05:28:54', '1754-01-01 00:00:00.000', 0, '1754-01-01 00:00:00.000', 0, '1754-01-01 00:00:00.000')
   INSERT INTO dbo.dnn_UserPortals(UserID, PortalID, CreatedDate, Authorised, IsDeleted, RefreshRoles)
   VALUES(@UserID, @PortalID, '2019-06-07 05:28:54', 1, 0, 0)
   INSERT INTO dbo.dnn_UserRoles(UserID, RoleID, IsTrialUsed, CreatedByUserID, CreatedOnDate, LastModifiedByUserID, LastModifiedOnDate, [Status], IsOwner)
   VALUES(@UserId, @MaleRole, 0, 1, '2019-06-07 05:28:54', 1, '2019-06-07 05:28:54', 1, 0)
   INSERT INTO dbo.dnn_Users(Username, FirstName, LastName, Email, DisplayName, UpdatePassword, LastIPAddress, IsDeleted, CreatedByUserID, CreatedOnDate, LastModifiedByUserID, LastModifiedOnDate, PasswordResetToken, PasswordResetExpiration)
   VALUES('fred.peterson@office.com', 'Fred', 'Peterson', 'fred.peterson@office.com', 'Fred Peterson', 0, '', 0, 1, '2019-06-07 05:28:54', 1, '2019-06-07 05:28:54', NULL, NULL)
   SELECT @UserID = SCOPE_IDENTITY()
   INSERT INTO dbo.aspnet_Users(ApplicationID, UserName, LoweredUserName, IsAnonymous, LastActivityDate)
   VALUES(@ApplicationId, 'fred.peterson@office.com', 'fred.peterson@office.com', 0, '2019-06-07 05:28:54')
   SELECT @AspNetUserID = UserId FROM aspnet_Users WHERE Username = 'fred.peterson@office.com'
   INSERT INTO dbo.aspnet_Membership(ApplicationID, UserID, Password, PasswordFormat, PasswordSalt, Email, LoweredEmail, IsApproved, IsLockedOut, CreateDate, LastLoginDate, LastPasswordChangedDate, LastLockoutDate, FailedPasswordAttemptCount, FailedPasswordAttemptWindowStart, FailedPasswordAnswerAttemptCount, FailedPasswordAnswerAttemptWindowStart)
   VALUES(@ApplicationID, @AspNetUserID, 'aMoPu/jMK8Yc4dxEEtAWm+RvKkFRjT38n/c1ORi3HgGWXJI15kNozQ==', 2, 'ub/Nej8BunZL3H6o+Z7+sg==', 'fred.peterson@office.com', 'fred.peterson@office.com', 1, 0, '2019-06-07 05:28:54', '2019-06-07 05:28:54', '2019-06-07 05:28:54', '1754-01-01 00:00:00.000', 0, '1754-01-01 00:00:00.000', 0, '1754-01-01 00:00:00.000')
   INSERT INTO dbo.dnn_UserPortals(UserID, PortalID, CreatedDate, Authorised, IsDeleted, RefreshRoles)
   VALUES(@UserID, @PortalID, '2019-06-07 05:28:54', 1, 0, 0)
   INSERT INTO dbo.dnn_UserRoles(UserID, RoleID, IsTrialUsed, CreatedByUserID, CreatedOnDate, LastModifiedByUserID, LastModifiedOnDate, [Status], IsOwner)
   VALUES(@UserId, @MaleRole, 0, 1, '2019-06-07 05:28:54', 1, '2019-06-07 05:28:54', 1, 0)
   INSERT INTO dbo.dnn_Users(Username, FirstName, LastName, Email, DisplayName, UpdatePassword, LastIPAddress, IsDeleted, CreatedByUserID, CreatedOnDate, LastModifiedByUserID, LastModifiedOnDate, PasswordResetToken, PasswordResetExpiration)
   VALUES('w.bailey@google.co.id', 'Wayne', 'Bailey', 'w.bailey@google.co.id', 'Wayne Bailey', 0, '', 0, 1, '2019-06-07 05:28:54', 1, '2019-06-07 05:28:54', NULL, NULL)
   SELECT @UserID = SCOPE_IDENTITY()
   INSERT INTO dbo.aspnet_Users(ApplicationID, UserName, LoweredUserName, IsAnonymous, LastActivityDate)
   VALUES(@ApplicationId, 'w.bailey@google.co.id', 'w.bailey@google.co.id', 0, '2019-06-07 05:28:54')
   SELECT @AspNetUserID = UserId FROM aspnet_Users WHERE Username = 'w.bailey@google.co.id'
   INSERT INTO dbo.aspnet_Membership(ApplicationID, UserID, Password, PasswordFormat, PasswordSalt, Email, LoweredEmail, IsApproved, IsLockedOut, CreateDate, LastLoginDate, LastPasswordChangedDate, LastLockoutDate, FailedPasswordAttemptCount, FailedPasswordAttemptWindowStart, FailedPasswordAnswerAttemptCount, FailedPasswordAnswerAttemptWindowStart)
   VALUES(@ApplicationID, @AspNetUserID, 'aMoPu/jMK8Yc4dxEEtAWm+RvKkFRjT38n/c1ORi3HgGWXJI15kNozQ==', 2, 'ub/Nej8BunZL3H6o+Z7+sg==', 'w.bailey@google.co.id', 'w.bailey@google.co.id', 1, 0, '2019-06-07 05:28:54', '2019-06-07 05:28:54', '2019-06-07 05:28:54', '1754-01-01 00:00:00.000', 0, '1754-01-01 00:00:00.000', 0, '1754-01-01 00:00:00.000')
   INSERT INTO dbo.dnn_UserPortals(UserID, PortalID, CreatedDate, Authorised, IsDeleted, RefreshRoles)
   VALUES(@UserID, @PortalID, '2019-06-07 05:28:54', 1, 0, 0)
   INSERT INTO dbo.dnn_UserRoles(UserID, RoleID, IsTrialUsed, CreatedByUserID, CreatedOnDate, LastModifiedByUserID, LastModifiedOnDate, [Status], IsOwner)
   VALUES(@UserId, @MaleRole, 0, 1, '2019-06-07 05:28:54', 1, '2019-06-07 05:28:54', 1, 0)
   INSERT INTO dbo.dnn_Users(Username, FirstName, LastName, Email, DisplayName, UpdatePassword, LastIPAddress, IsDeleted, CreatedByUserID, CreatedOnDate, LastModifiedByUserID, LastModifiedOnDate, PasswordResetToken, PasswordResetExpiration)
   VALUES('reedb@kat.cr', 'Billy', 'Reed', 'reedb@kat.cr', 'Billy Reed', 0, '', 0, 1, '2019-06-07 05:28:54', 1, '2019-06-07 05:28:54', NULL, NULL)
   SELECT @UserID = SCOPE_IDENTITY()
   INSERT INTO dbo.aspnet_Users(ApplicationID, UserName, LoweredUserName, IsAnonymous, LastActivityDate)
   VALUES(@ApplicationId, 'reedb@kat.cr', 'reedb@kat.cr', 0, '2019-06-07 05:28:54')
   SELECT @AspNetUserID = UserId FROM aspnet_Users WHERE Username = 'reedb@kat.cr'
   INSERT INTO dbo.aspnet_Membership(ApplicationID, UserID, Password, PasswordFormat, PasswordSalt, Email, LoweredEmail, IsApproved, IsLockedOut, CreateDate, LastLoginDate, LastPasswordChangedDate, LastLockoutDate, FailedPasswordAttemptCount, FailedPasswordAttemptWindowStart, FailedPasswordAnswerAttemptCount, FailedPasswordAnswerAttemptWindowStart)
   VALUES(@ApplicationID, @AspNetUserID, 'aMoPu/jMK8Yc4dxEEtAWm+RvKkFRjT38n/c1ORi3HgGWXJI15kNozQ==', 2, 'ub/Nej8BunZL3H6o+Z7+sg==', 'reedb@kat.cr', 'reedb@kat.cr', 1, 0, '2019-06-07 05:28:54', '2019-06-07 05:28:54', '2019-06-07 05:28:54', '1754-01-01 00:00:00.000', 0, '1754-01-01 00:00:00.000', 0, '1754-01-01 00:00:00.000')
   INSERT INTO dbo.dnn_UserPortals(UserID, PortalID, CreatedDate, Authorised, IsDeleted, RefreshRoles)
   VALUES(@UserID, @PortalID, '2019-06-07 05:28:54', 1, 0, 0)
   INSERT INTO dbo.dnn_UserRoles(UserID, RoleID, IsTrialUsed, CreatedByUserID, CreatedOnDate, LastModifiedByUserID, LastModifiedOnDate, [Status], IsOwner)
   VALUES(@UserId, @MaleRole, 0, 1, '2019-06-07 05:28:54', 1, '2019-06-07 05:28:54', 1, 0)
   INSERT INTO dbo.dnn_Users(Username, FirstName, LastName, Email, DisplayName, UpdatePassword, LastIPAddress, IsDeleted, CreatedByUserID, CreatedOnDate, LastModifiedByUserID, LastModifiedOnDate, PasswordResetToken, PasswordResetExpiration)
   VALUES('steve.kelly@amazon.in', 'Steve', 'Kelly', 'steve.kelly@amazon.in', 'Steve Kelly', 0, '', 0, 1, '2019-06-07 05:28:54', 1, '2019-06-07 05:28:54', NULL, NULL)
   SELECT @UserID = SCOPE_IDENTITY()
   INSERT INTO dbo.aspnet_Users(ApplicationID, UserName, LoweredUserName, IsAnonymous, LastActivityDate)
   VALUES(@ApplicationId, 'steve.kelly@amazon.in', 'steve.kelly@amazon.in', 0, '2019-06-07 05:28:54')
   SELECT @AspNetUserID = UserId FROM aspnet_Users WHERE Username = 'steve.kelly@amazon.in'
   INSERT INTO dbo.aspnet_Membership(ApplicationID, UserID, Password, PasswordFormat, PasswordSalt, Email, LoweredEmail, IsApproved, IsLockedOut, CreateDate, LastLoginDate, LastPasswordChangedDate, LastLockoutDate, FailedPasswordAttemptCount, FailedPasswordAttemptWindowStart, FailedPasswordAnswerAttemptCount, FailedPasswordAnswerAttemptWindowStart)
   VALUES(@ApplicationID, @AspNetUserID, 'aMoPu/jMK8Yc4dxEEtAWm+RvKkFRjT38n/c1ORi3HgGWXJI15kNozQ==', 2, 'ub/Nej8BunZL3H6o+Z7+sg==', 'steve.kelly@amazon.in', 'steve.kelly@amazon.in', 1, 0, '2019-06-07 05:28:54', '2019-06-07 05:28:54', '2019-06-07 05:28:54', '1754-01-01 00:00:00.000', 0, '1754-01-01 00:00:00.000', 0, '1754-01-01 00:00:00.000')
   INSERT INTO dbo.dnn_UserPortals(UserID, PortalID, CreatedDate, Authorised, IsDeleted, RefreshRoles)
   VALUES(@UserID, @PortalID, '2019-06-07 05:28:54', 1, 0, 0)
   INSERT INTO dbo.dnn_UserRoles(UserID, RoleID, IsTrialUsed, CreatedByUserID, CreatedOnDate, LastModifiedByUserID, LastModifiedOnDate, [Status], IsOwner)
   VALUES(@UserId, @MaleRole, 0, 1, '2019-06-07 05:28:54', 1, '2019-06-07 05:28:54', 1, 0)
   INSERT INTO dbo.dnn_Users(Username, FirstName, LastName, Email, DisplayName, UpdatePassword, LastIPAddress, IsDeleted, CreatedByUserID, CreatedOnDate, LastModifiedByUserID, LastModifiedOnDate, PasswordResetToken, PasswordResetExpiration)
   VALUES('l.howard@tianya.cn', 'Louis', 'Howard', 'l.howard@tianya.cn', 'Louis Howard', 0, '', 0, 1, '2019-06-07 05:28:54', 1, '2019-06-07 05:28:54', NULL, NULL)
   SELECT @UserID = SCOPE_IDENTITY()
   INSERT INTO dbo.aspnet_Users(ApplicationID, UserName, LoweredUserName, IsAnonymous, LastActivityDate)
   VALUES(@ApplicationId, 'l.howard@tianya.cn', 'l.howard@tianya.cn', 0, '2019-06-07 05:28:54')
   SELECT @AspNetUserID = UserId FROM aspnet_Users WHERE Username = 'l.howard@tianya.cn'
   INSERT INTO dbo.aspnet_Membership(ApplicationID, UserID, Password, PasswordFormat, PasswordSalt, Email, LoweredEmail, IsApproved, IsLockedOut, CreateDate, LastLoginDate, LastPasswordChangedDate, LastLockoutDate, FailedPasswordAttemptCount, FailedPasswordAttemptWindowStart, FailedPasswordAnswerAttemptCount, FailedPasswordAnswerAttemptWindowStart)
   VALUES(@ApplicationID, @AspNetUserID, 'aMoPu/jMK8Yc4dxEEtAWm+RvKkFRjT38n/c1ORi3HgGWXJI15kNozQ==', 2, 'ub/Nej8BunZL3H6o+Z7+sg==', 'l.howard@tianya.cn', 'l.howard@tianya.cn', 1, 0, '2019-06-07 05:28:54', '2019-06-07 05:28:54', '2019-06-07 05:28:54', '1754-01-01 00:00:00.000', 0, '1754-01-01 00:00:00.000', 0, '1754-01-01 00:00:00.000')
   INSERT INTO dbo.dnn_UserPortals(UserID, PortalID, CreatedDate, Authorised, IsDeleted, RefreshRoles)
   VALUES(@UserID, @PortalID, '2019-06-07 05:28:54', 1, 0, 0)
   INSERT INTO dbo.dnn_UserRoles(UserID, RoleID, IsTrialUsed, CreatedByUserID, CreatedOnDate, LastModifiedByUserID, LastModifiedOnDate, [Status], IsOwner)
   VALUES(@UserId, @MaleRole, 0, 1, '2019-06-07 05:28:54', 1, '2019-06-07 05:28:54', 1, 0)
   INSERT INTO dbo.dnn_Users(Username, FirstName, LastName, Email, DisplayName, UpdatePassword, LastIPAddress, IsDeleted, CreatedByUserID, CreatedOnDate, LastModifiedByUserID, LastModifiedOnDate, PasswordResetToken, PasswordResetExpiration)
   VALUES('ramosj@blogger.com', 'Jeremy', 'Ramos', 'ramosj@blogger.com', 'Jeremy Ramos', 0, '', 0, 1, '2019-06-07 05:28:54', 1, '2019-06-07 05:28:54', NULL, NULL)
   SELECT @UserID = SCOPE_IDENTITY()
   INSERT INTO dbo.aspnet_Users(ApplicationID, UserName, LoweredUserName, IsAnonymous, LastActivityDate)
   VALUES(@ApplicationId, 'ramosj@blogger.com', 'ramosj@blogger.com', 0, '2019-06-07 05:28:54')
   SELECT @AspNetUserID = UserId FROM aspnet_Users WHERE Username = 'ramosj@blogger.com'
   INSERT INTO dbo.aspnet_Membership(ApplicationID, UserID, Password, PasswordFormat, PasswordSalt, Email, LoweredEmail, IsApproved, IsLockedOut, CreateDate, LastLoginDate, LastPasswordChangedDate, LastLockoutDate, FailedPasswordAttemptCount, FailedPasswordAttemptWindowStart, FailedPasswordAnswerAttemptCount, FailedPasswordAnswerAttemptWindowStart)
   VALUES(@ApplicationID, @AspNetUserID, 'aMoPu/jMK8Yc4dxEEtAWm+RvKkFRjT38n/c1ORi3HgGWXJI15kNozQ==', 2, 'ub/Nej8BunZL3H6o+Z7+sg==', 'ramosj@blogger.com', 'ramosj@blogger.com', 1, 0, '2019-06-07 05:28:54', '2019-06-07 05:28:54', '2019-06-07 05:28:54', '1754-01-01 00:00:00.000', 0, '1754-01-01 00:00:00.000', 0, '1754-01-01 00:00:00.000')
   INSERT INTO dbo.dnn_UserPortals(UserID, PortalID, CreatedDate, Authorised, IsDeleted, RefreshRoles)
   VALUES(@UserID, @PortalID, '2019-06-07 05:28:54', 1, 0, 0)
   INSERT INTO dbo.dnn_UserRoles(UserID, RoleID, IsTrialUsed, CreatedByUserID, CreatedOnDate, LastModifiedByUserID, LastModifiedOnDate, [Status], IsOwner)
   VALUES(@UserId, @MaleRole, 0, 1, '2019-06-07 05:28:54', 1, '2019-06-07 05:28:54', 1, 0)
   INSERT INTO dbo.dnn_UserRoles(UserID, RoleID, IsTrialUsed, CreatedByUserID, CreatedOnDate, LastModifiedByUserID, LastModifiedOnDate, [Status], IsOwner)
   VALUES(@UserId, @AcademicRole, 0, 1, '2019-06-07 05:28:54', 1, '2019-06-07 05:28:54', 1, 0)
   INSERT INTO dbo.dnn_Users(Username, FirstName, LastName, Email, DisplayName, UpdatePassword, LastIPAddress, IsDeleted, CreatedByUserID, CreatedOnDate, LastModifiedByUserID, LastModifiedOnDate, PasswordResetToken, PasswordResetExpiration)
   VALUES('aaron.kim@google.pl', 'Aaron', 'Kim', 'aaron.kim@google.pl', 'Aaron Kim', 0, '', 0, 1, '2019-06-07 05:28:54', 1, '2019-06-07 05:28:54', NULL, NULL)
   SELECT @UserID = SCOPE_IDENTITY()
   INSERT INTO dbo.aspnet_Users(ApplicationID, UserName, LoweredUserName, IsAnonymous, LastActivityDate)
   VALUES(@ApplicationId, 'aaron.kim@google.pl', 'aaron.kim@google.pl', 0, '2019-06-07 05:28:54')
   SELECT @AspNetUserID = UserId FROM aspnet_Users WHERE Username = 'aaron.kim@google.pl'
   INSERT INTO dbo.aspnet_Membership(ApplicationID, UserID, Password, PasswordFormat, PasswordSalt, Email, LoweredEmail, IsApproved, IsLockedOut, CreateDate, LastLoginDate, LastPasswordChangedDate, LastLockoutDate, FailedPasswordAttemptCount, FailedPasswordAttemptWindowStart, FailedPasswordAnswerAttemptCount, FailedPasswordAnswerAttemptWindowStart)
   VALUES(@ApplicationID, @AspNetUserID, 'aMoPu/jMK8Yc4dxEEtAWm+RvKkFRjT38n/c1ORi3HgGWXJI15kNozQ==', 2, 'ub/Nej8BunZL3H6o+Z7+sg==', 'aaron.kim@google.pl', 'aaron.kim@google.pl', 1, 0, '2019-06-07 05:28:54', '2019-06-07 05:28:54', '2019-06-07 05:28:54', '1754-01-01 00:00:00.000', 0, '1754-01-01 00:00:00.000', 0, '1754-01-01 00:00:00.000')
   INSERT INTO dbo.dnn_UserPortals(UserID, PortalID, CreatedDate, Authorised, IsDeleted, RefreshRoles)
   VALUES(@UserID, @PortalID, '2019-06-07 05:28:54', 1, 0, 0)
   INSERT INTO dbo.dnn_UserRoles(UserID, RoleID, IsTrialUsed, CreatedByUserID, CreatedOnDate, LastModifiedByUserID, LastModifiedOnDate, [Status], IsOwner)
   VALUES(@UserId, @MaleRole, 0, 1, '2019-06-07 05:28:54', 1, '2019-06-07 05:28:54', 1, 0)
   INSERT INTO dbo.dnn_Users(Username, FirstName, LastName, Email, DisplayName, UpdatePassword, LastIPAddress, IsDeleted, CreatedByUserID, CreatedOnDate, LastModifiedByUserID, LastModifiedOnDate, PasswordResetToken, PasswordResetExpiration)
   VALUES('r.cox@nicovideo.jp', 'Randy', 'Cox', 'r.cox@nicovideo.jp', 'Randy Cox', 0, '', 0, 1, '2019-06-07 05:28:54', 1, '2019-06-07 05:28:54', NULL, NULL)
   SELECT @UserID = SCOPE_IDENTITY()
   INSERT INTO dbo.aspnet_Users(ApplicationID, UserName, LoweredUserName, IsAnonymous, LastActivityDate)
   VALUES(@ApplicationId, 'r.cox@nicovideo.jp', 'r.cox@nicovideo.jp', 0, '2019-06-07 05:28:54')
   SELECT @AspNetUserID = UserId FROM aspnet_Users WHERE Username = 'r.cox@nicovideo.jp'
   INSERT INTO dbo.aspnet_Membership(ApplicationID, UserID, Password, PasswordFormat, PasswordSalt, Email, LoweredEmail, IsApproved, IsLockedOut, CreateDate, LastLoginDate, LastPasswordChangedDate, LastLockoutDate, FailedPasswordAttemptCount, FailedPasswordAttemptWindowStart, FailedPasswordAnswerAttemptCount, FailedPasswordAnswerAttemptWindowStart)
   VALUES(@ApplicationID, @AspNetUserID, 'aMoPu/jMK8Yc4dxEEtAWm+RvKkFRjT38n/c1ORi3HgGWXJI15kNozQ==', 2, 'ub/Nej8BunZL3H6o+Z7+sg==', 'r.cox@nicovideo.jp', 'r.cox@nicovideo.jp', 1, 0, '2019-06-07 05:28:54', '2019-06-07 05:28:54', '2019-06-07 05:28:54', '1754-01-01 00:00:00.000', 0, '1754-01-01 00:00:00.000', 0, '1754-01-01 00:00:00.000')
   INSERT INTO dbo.dnn_UserPortals(UserID, PortalID, CreatedDate, Authorised, IsDeleted, RefreshRoles)
   VALUES(@UserID, @PortalID, '2019-06-07 05:28:54', 1, 0, 0)
   INSERT INTO dbo.dnn_UserRoles(UserID, RoleID, IsTrialUsed, CreatedByUserID, CreatedOnDate, LastModifiedByUserID, LastModifiedOnDate, [Status], IsOwner)
   VALUES(@UserId, @MaleRole, 0, 1, '2019-06-07 05:28:54', 1, '2019-06-07 05:28:54', 1, 0)
   INSERT INTO dbo.dnn_UserRoles(UserID, RoleID, IsTrialUsed, CreatedByUserID, CreatedOnDate, LastModifiedByUserID, LastModifiedOnDate, [Status], IsOwner)
   VALUES(@UserId, @ManagerRole, 0, 1, '2019-06-07 05:28:54', 1, '2019-06-07 05:28:54', 1, 0)
   INSERT INTO dbo.dnn_Users(Username, FirstName, LastName, Email, DisplayName, UpdatePassword, LastIPAddress, IsDeleted, CreatedByUserID, CreatedOnDate, LastModifiedByUserID, LastModifiedOnDate, PasswordResetToken, PasswordResetExpiration)
   VALUES('wardh@alibaba.com', 'Howard', 'Ward', 'wardh@alibaba.com', 'Howard Ward', 0, '', 0, 1, '2019-06-07 05:28:54', 1, '2019-06-07 05:28:54', NULL, NULL)
   SELECT @UserID = SCOPE_IDENTITY()
   INSERT INTO dbo.aspnet_Users(ApplicationID, UserName, LoweredUserName, IsAnonymous, LastActivityDate)
   VALUES(@ApplicationId, 'wardh@alibaba.com', 'wardh@alibaba.com', 0, '2019-06-07 05:28:54')
   SELECT @AspNetUserID = UserId FROM aspnet_Users WHERE Username = 'wardh@alibaba.com'
   INSERT INTO dbo.aspnet_Membership(ApplicationID, UserID, Password, PasswordFormat, PasswordSalt, Email, LoweredEmail, IsApproved, IsLockedOut, CreateDate, LastLoginDate, LastPasswordChangedDate, LastLockoutDate, FailedPasswordAttemptCount, FailedPasswordAttemptWindowStart, FailedPasswordAnswerAttemptCount, FailedPasswordAnswerAttemptWindowStart)
   VALUES(@ApplicationID, @AspNetUserID, 'aMoPu/jMK8Yc4dxEEtAWm+RvKkFRjT38n/c1ORi3HgGWXJI15kNozQ==', 2, 'ub/Nej8BunZL3H6o+Z7+sg==', 'wardh@alibaba.com', 'wardh@alibaba.com', 1, 0, '2019-06-07 05:28:54', '2019-06-07 05:28:54', '2019-06-07 05:28:54', '1754-01-01 00:00:00.000', 0, '1754-01-01 00:00:00.000', 0, '1754-01-01 00:00:00.000')
   INSERT INTO dbo.dnn_UserPortals(UserID, PortalID, CreatedDate, Authorised, IsDeleted, RefreshRoles)
   VALUES(@UserID, @PortalID, '2019-06-07 05:28:54', 1, 0, 0)
   INSERT INTO dbo.dnn_UserRoles(UserID, RoleID, IsTrialUsed, CreatedByUserID, CreatedOnDate, LastModifiedByUserID, LastModifiedOnDate, [Status], IsOwner)
   VALUES(@UserId, @MaleRole, 0, 1, '2019-06-07 05:28:54', 1, '2019-06-07 05:28:54', 1, 0)
   INSERT INTO dbo.dnn_Users(Username, FirstName, LastName, Email, DisplayName, UpdatePassword, LastIPAddress, IsDeleted, CreatedByUserID, CreatedOnDate, LastModifiedByUserID, LastModifiedOnDate, PasswordResetToken, PasswordResetExpiration)
   VALUES('eugene.richardson@soso.com', 'Eugene', 'Richardson', 'eugene.richardson@soso.com', 'Eugene Richardson', 0, '', 0, 1, '2019-06-07 05:28:54', 1, '2019-06-07 05:28:54', NULL, NULL)
   SELECT @UserID = SCOPE_IDENTITY()
   INSERT INTO dbo.aspnet_Users(ApplicationID, UserName, LoweredUserName, IsAnonymous, LastActivityDate)
   VALUES(@ApplicationId, 'eugene.richardson@soso.com', 'eugene.richardson@soso.com', 0, '2019-06-07 05:28:54')
   SELECT @AspNetUserID = UserId FROM aspnet_Users WHERE Username = 'eugene.richardson@soso.com'
   INSERT INTO dbo.aspnet_Membership(ApplicationID, UserID, Password, PasswordFormat, PasswordSalt, Email, LoweredEmail, IsApproved, IsLockedOut, CreateDate, LastLoginDate, LastPasswordChangedDate, LastLockoutDate, FailedPasswordAttemptCount, FailedPasswordAttemptWindowStart, FailedPasswordAnswerAttemptCount, FailedPasswordAnswerAttemptWindowStart)
   VALUES(@ApplicationID, @AspNetUserID, 'aMoPu/jMK8Yc4dxEEtAWm+RvKkFRjT38n/c1ORi3HgGWXJI15kNozQ==', 2, 'ub/Nej8BunZL3H6o+Z7+sg==', 'eugene.richardson@soso.com', 'eugene.richardson@soso.com', 1, 0, '2019-06-07 05:28:54', '2019-06-07 05:28:54', '2019-06-07 05:28:54', '1754-01-01 00:00:00.000', 0, '1754-01-01 00:00:00.000', 0, '1754-01-01 00:00:00.000')
   INSERT INTO dbo.dnn_UserPortals(UserID, PortalID, CreatedDate, Authorised, IsDeleted, RefreshRoles)
   VALUES(@UserID, @PortalID, '2019-06-07 05:28:54', 1, 0, 0)
   INSERT INTO dbo.dnn_UserRoles(UserID, RoleID, IsTrialUsed, CreatedByUserID, CreatedOnDate, LastModifiedByUserID, LastModifiedOnDate, [Status], IsOwner)
   VALUES(@UserId, @MaleRole, 0, 1, '2019-06-07 05:28:54', 1, '2019-06-07 05:28:54', 1, 0)
   INSERT INTO dbo.dnn_Users(Username, FirstName, LastName, Email, DisplayName, UpdatePassword, LastIPAddress, IsDeleted, CreatedByUserID, CreatedOnDate, LastModifiedByUserID, LastModifiedOnDate, PasswordResetToken, PasswordResetExpiration)
   VALUES('c.watson@pixnet.net', 'Carlos', 'Watson', 'c.watson@pixnet.net', 'Carlos Watson', 0, '', 0, 1, '2019-06-07 05:28:54', 1, '2019-06-07 05:28:54', NULL, NULL)
   SELECT @UserID = SCOPE_IDENTITY()
   INSERT INTO dbo.aspnet_Users(ApplicationID, UserName, LoweredUserName, IsAnonymous, LastActivityDate)
   VALUES(@ApplicationId, 'c.watson@pixnet.net', 'c.watson@pixnet.net', 0, '2019-06-07 05:28:54')
   SELECT @AspNetUserID = UserId FROM aspnet_Users WHERE Username = 'c.watson@pixnet.net'
   INSERT INTO dbo.aspnet_Membership(ApplicationID, UserID, Password, PasswordFormat, PasswordSalt, Email, LoweredEmail, IsApproved, IsLockedOut, CreateDate, LastLoginDate, LastPasswordChangedDate, LastLockoutDate, FailedPasswordAttemptCount, FailedPasswordAttemptWindowStart, FailedPasswordAnswerAttemptCount, FailedPasswordAnswerAttemptWindowStart)
   VALUES(@ApplicationID, @AspNetUserID, 'aMoPu/jMK8Yc4dxEEtAWm+RvKkFRjT38n/c1ORi3HgGWXJI15kNozQ==', 2, 'ub/Nej8BunZL3H6o+Z7+sg==', 'c.watson@pixnet.net', 'c.watson@pixnet.net', 1, 0, '2019-06-07 05:28:54', '2019-06-07 05:28:54', '2019-06-07 05:28:54', '1754-01-01 00:00:00.000', 0, '1754-01-01 00:00:00.000', 0, '1754-01-01 00:00:00.000')
   INSERT INTO dbo.dnn_UserPortals(UserID, PortalID, CreatedDate, Authorised, IsDeleted, RefreshRoles)
   VALUES(@UserID, @PortalID, '2019-06-07 05:28:54', 1, 0, 0)
   INSERT INTO dbo.dnn_UserRoles(UserID, RoleID, IsTrialUsed, CreatedByUserID, CreatedOnDate, LastModifiedByUserID, LastModifiedOnDate, [Status], IsOwner)
   VALUES(@UserId, @MaleRole, 0, 1, '2019-06-07 05:28:54', 1, '2019-06-07 05:28:54', 1, 0)
   INSERT INTO dbo.dnn_Users(Username, FirstName, LastName, Email, DisplayName, UpdatePassword, LastIPAddress, IsDeleted, CreatedByUserID, CreatedOnDate, LastModifiedByUserID, LastModifiedOnDate, PasswordResetToken, PasswordResetExpiration)
   VALUES('brooksr@google.com.au', 'Russell', 'Brooks', 'brooksr@google.com.au', 'Russell Brooks', 0, '', 0, 1, '2019-06-07 05:28:54', 1, '2019-06-07 05:28:54', NULL, NULL)
   SELECT @UserID = SCOPE_IDENTITY()
   INSERT INTO dbo.aspnet_Users(ApplicationID, UserName, LoweredUserName, IsAnonymous, LastActivityDate)
   VALUES(@ApplicationId, 'brooksr@google.com.au', 'brooksr@google.com.au', 0, '2019-06-07 05:28:54')
   SELECT @AspNetUserID = UserId FROM aspnet_Users WHERE Username = 'brooksr@google.com.au'
   INSERT INTO dbo.aspnet_Membership(ApplicationID, UserID, Password, PasswordFormat, PasswordSalt, Email, LoweredEmail, IsApproved, IsLockedOut, CreateDate, LastLoginDate, LastPasswordChangedDate, LastLockoutDate, FailedPasswordAttemptCount, FailedPasswordAttemptWindowStart, FailedPasswordAnswerAttemptCount, FailedPasswordAnswerAttemptWindowStart)
   VALUES(@ApplicationID, @AspNetUserID, 'aMoPu/jMK8Yc4dxEEtAWm+RvKkFRjT38n/c1ORi3HgGWXJI15kNozQ==', 2, 'ub/Nej8BunZL3H6o+Z7+sg==', 'brooksr@google.com.au', 'brooksr@google.com.au', 1, 0, '2019-06-07 05:28:54', '2019-06-07 05:28:54', '2019-06-07 05:28:54', '1754-01-01 00:00:00.000', 0, '1754-01-01 00:00:00.000', 0, '1754-01-01 00:00:00.000')
   INSERT INTO dbo.dnn_UserPortals(UserID, PortalID, CreatedDate, Authorised, IsDeleted, RefreshRoles)
   VALUES(@UserID, @PortalID, '2019-06-07 05:28:54', 1, 0, 0)
   INSERT INTO dbo.dnn_UserRoles(UserID, RoleID, IsTrialUsed, CreatedByUserID, CreatedOnDate, LastModifiedByUserID, LastModifiedOnDate, [Status], IsOwner)
   VALUES(@UserId, @MaleRole, 0, 1, '2019-06-07 05:28:54', 1, '2019-06-07 05:28:54', 1, 0)
   INSERT INTO dbo.dnn_Users(Username, FirstName, LastName, Email, DisplayName, UpdatePassword, LastIPAddress, IsDeleted, CreatedByUserID, CreatedOnDate, LastModifiedByUserID, LastModifiedOnDate, PasswordResetToken, PasswordResetExpiration)
   VALUES('bobby.chavez@go.com', 'Bobby', 'Chavez', 'bobby.chavez@go.com', 'Bobby Chavez', 0, '', 0, 1, '2019-06-07 05:28:54', 1, '2019-06-07 05:28:54', NULL, NULL)
   SELECT @UserID = SCOPE_IDENTITY()
   INSERT INTO dbo.aspnet_Users(ApplicationID, UserName, LoweredUserName, IsAnonymous, LastActivityDate)
   VALUES(@ApplicationId, 'bobby.chavez@go.com', 'bobby.chavez@go.com', 0, '2019-06-07 05:28:54')
   SELECT @AspNetUserID = UserId FROM aspnet_Users WHERE Username = 'bobby.chavez@go.com'
   INSERT INTO dbo.aspnet_Membership(ApplicationID, UserID, Password, PasswordFormat, PasswordSalt, Email, LoweredEmail, IsApproved, IsLockedOut, CreateDate, LastLoginDate, LastPasswordChangedDate, LastLockoutDate, FailedPasswordAttemptCount, FailedPasswordAttemptWindowStart, FailedPasswordAnswerAttemptCount, FailedPasswordAnswerAttemptWindowStart)
   VALUES(@ApplicationID, @AspNetUserID, 'aMoPu/jMK8Yc4dxEEtAWm+RvKkFRjT38n/c1ORi3HgGWXJI15kNozQ==', 2, 'ub/Nej8BunZL3H6o+Z7+sg==', 'bobby.chavez@go.com', 'bobby.chavez@go.com', 1, 0, '2019-06-07 05:28:54', '2019-06-07 05:28:54', '2019-06-07 05:28:54', '1754-01-01 00:00:00.000', 0, '1754-01-01 00:00:00.000', 0, '1754-01-01 00:00:00.000')
   INSERT INTO dbo.dnn_UserPortals(UserID, PortalID, CreatedDate, Authorised, IsDeleted, RefreshRoles)
   VALUES(@UserID, @PortalID, '2019-06-07 05:28:54', 1, 0, 0)
   INSERT INTO dbo.dnn_UserRoles(UserID, RoleID, IsTrialUsed, CreatedByUserID, CreatedOnDate, LastModifiedByUserID, LastModifiedOnDate, [Status], IsOwner)
   VALUES(@UserId, @MaleRole, 0, 1, '2019-06-07 05:28:54', 1, '2019-06-07 05:28:54', 1, 0)
   INSERT INTO dbo.dnn_Users(Username, FirstName, LastName, Email, DisplayName, UpdatePassword, LastIPAddress, IsDeleted, CreatedByUserID, CreatedOnDate, LastModifiedByUserID, LastModifiedOnDate, PasswordResetToken, PasswordResetExpiration)
   VALUES('v.wood@amazon.co.uk', 'Victor', 'Wood', 'v.wood@amazon.co.uk', 'Victor Wood', 0, '', 0, 1, '2019-06-07 05:28:54', 1, '2019-06-07 05:28:54', NULL, NULL)
   SELECT @UserID = SCOPE_IDENTITY()
   INSERT INTO dbo.aspnet_Users(ApplicationID, UserName, LoweredUserName, IsAnonymous, LastActivityDate)
   VALUES(@ApplicationId, 'v.wood@amazon.co.uk', 'v.wood@amazon.co.uk', 0, '2019-06-07 05:28:54')
   SELECT @AspNetUserID = UserId FROM aspnet_Users WHERE Username = 'v.wood@amazon.co.uk'
   INSERT INTO dbo.aspnet_Membership(ApplicationID, UserID, Password, PasswordFormat, PasswordSalt, Email, LoweredEmail, IsApproved, IsLockedOut, CreateDate, LastLoginDate, LastPasswordChangedDate, LastLockoutDate, FailedPasswordAttemptCount, FailedPasswordAttemptWindowStart, FailedPasswordAnswerAttemptCount, FailedPasswordAnswerAttemptWindowStart)
   VALUES(@ApplicationID, @AspNetUserID, 'aMoPu/jMK8Yc4dxEEtAWm+RvKkFRjT38n/c1ORi3HgGWXJI15kNozQ==', 2, 'ub/Nej8BunZL3H6o+Z7+sg==', 'v.wood@amazon.co.uk', 'v.wood@amazon.co.uk', 1, 0, '2019-06-07 05:28:54', '2019-06-07 05:28:54', '2019-06-07 05:28:54', '1754-01-01 00:00:00.000', 0, '1754-01-01 00:00:00.000', 0, '1754-01-01 00:00:00.000')
   INSERT INTO dbo.dnn_UserPortals(UserID, PortalID, CreatedDate, Authorised, IsDeleted, RefreshRoles)
   VALUES(@UserID, @PortalID, '2019-06-07 05:28:54', 1, 0, 0)
   INSERT INTO dbo.dnn_UserRoles(UserID, RoleID, IsTrialUsed, CreatedByUserID, CreatedOnDate, LastModifiedByUserID, LastModifiedOnDate, [Status], IsOwner)
   VALUES(@UserId, @MaleRole, 0, 1, '2019-06-07 05:28:54', 1, '2019-06-07 05:28:54', 1, 0)
   INSERT INTO dbo.dnn_Users(Username, FirstName, LastName, Email, DisplayName, UpdatePassword, LastIPAddress, IsDeleted, CreatedByUserID, CreatedOnDate, LastModifiedByUserID, LastModifiedOnDate, PasswordResetToken, PasswordResetExpiration)
   VALUES('jamesm@xhamster.com', 'Martin', 'James', 'jamesm@xhamster.com', 'Martin James', 0, '', 0, 1, '2019-06-07 05:28:54', 1, '2019-06-07 05:28:54', NULL, NULL)
   SELECT @UserID = SCOPE_IDENTITY()
   INSERT INTO dbo.aspnet_Users(ApplicationID, UserName, LoweredUserName, IsAnonymous, LastActivityDate)
   VALUES(@ApplicationId, 'jamesm@xhamster.com', 'jamesm@xhamster.com', 0, '2019-06-07 05:28:54')
   SELECT @AspNetUserID = UserId FROM aspnet_Users WHERE Username = 'jamesm@xhamster.com'
   INSERT INTO dbo.aspnet_Membership(ApplicationID, UserID, Password, PasswordFormat, PasswordSalt, Email, LoweredEmail, IsApproved, IsLockedOut, CreateDate, LastLoginDate, LastPasswordChangedDate, LastLockoutDate, FailedPasswordAttemptCount, FailedPasswordAttemptWindowStart, FailedPasswordAnswerAttemptCount, FailedPasswordAnswerAttemptWindowStart)
   VALUES(@ApplicationID, @AspNetUserID, 'aMoPu/jMK8Yc4dxEEtAWm+RvKkFRjT38n/c1ORi3HgGWXJI15kNozQ==', 2, 'ub/Nej8BunZL3H6o+Z7+sg==', 'jamesm@xhamster.com', 'jamesm@xhamster.com', 1, 0, '2019-06-07 05:28:54', '2019-06-07 05:28:54', '2019-06-07 05:28:54', '1754-01-01 00:00:00.000', 0, '1754-01-01 00:00:00.000', 0, '1754-01-01 00:00:00.000')
   INSERT INTO dbo.dnn_UserPortals(UserID, PortalID, CreatedDate, Authorised, IsDeleted, RefreshRoles)
   VALUES(@UserID, @PortalID, '2019-06-07 05:28:54', 1, 0, 0)
   INSERT INTO dbo.dnn_UserRoles(UserID, RoleID, IsTrialUsed, CreatedByUserID, CreatedOnDate, LastModifiedByUserID, LastModifiedOnDate, [Status], IsOwner)
   VALUES(@UserId, @MaleRole, 0, 1, '2019-06-07 05:28:54', 1, '2019-06-07 05:28:54', 1, 0)
   INSERT INTO dbo.dnn_Users(Username, FirstName, LastName, Email, DisplayName, UpdatePassword, LastIPAddress, IsDeleted, CreatedByUserID, CreatedOnDate, LastModifiedByUserID, LastModifiedOnDate, PasswordResetToken, PasswordResetExpiration)
   VALUES('ernest.bennett@dropbox.com', 'Ernest', 'Bennett', 'ernest.bennett@dropbox.com', 'Ernest Bennett', 0, '', 0, 1, '2019-06-07 05:28:54', 1, '2019-06-07 05:28:54', NULL, NULL)
   SELECT @UserID = SCOPE_IDENTITY()
   INSERT INTO dbo.aspnet_Users(ApplicationID, UserName, LoweredUserName, IsAnonymous, LastActivityDate)
   VALUES(@ApplicationId, 'ernest.bennett@dropbox.com', 'ernest.bennett@dropbox.com', 0, '2019-06-07 05:28:54')
   SELECT @AspNetUserID = UserId FROM aspnet_Users WHERE Username = 'ernest.bennett@dropbox.com'
   INSERT INTO dbo.aspnet_Membership(ApplicationID, UserID, Password, PasswordFormat, PasswordSalt, Email, LoweredEmail, IsApproved, IsLockedOut, CreateDate, LastLoginDate, LastPasswordChangedDate, LastLockoutDate, FailedPasswordAttemptCount, FailedPasswordAttemptWindowStart, FailedPasswordAnswerAttemptCount, FailedPasswordAnswerAttemptWindowStart)
   VALUES(@ApplicationID, @AspNetUserID, 'aMoPu/jMK8Yc4dxEEtAWm+RvKkFRjT38n/c1ORi3HgGWXJI15kNozQ==', 2, 'ub/Nej8BunZL3H6o+Z7+sg==', 'ernest.bennett@dropbox.com', 'ernest.bennett@dropbox.com', 1, 0, '2019-06-07 05:28:54', '2019-06-07 05:28:54', '2019-06-07 05:28:54', '1754-01-01 00:00:00.000', 0, '1754-01-01 00:00:00.000', 0, '1754-01-01 00:00:00.000')
   INSERT INTO dbo.dnn_UserPortals(UserID, PortalID, CreatedDate, Authorised, IsDeleted, RefreshRoles)
   VALUES(@UserID, @PortalID, '2019-06-07 05:28:54', 1, 0, 0)
   INSERT INTO dbo.dnn_UserRoles(UserID, RoleID, IsTrialUsed, CreatedByUserID, CreatedOnDate, LastModifiedByUserID, LastModifiedOnDate, [Status], IsOwner)
   VALUES(@UserId, @MaleRole, 0, 1, '2019-06-07 05:28:54', 1, '2019-06-07 05:28:54', 1, 0)
   INSERT INTO dbo.dnn_Users(Username, FirstName, LastName, Email, DisplayName, UpdatePassword, LastIPAddress, IsDeleted, CreatedByUserID, CreatedOnDate, LastModifiedByUserID, LastModifiedOnDate, PasswordResetToken, PasswordResetExpiration)
   VALUES('p.gray@google.com.tw', 'Phillip', 'Gray', 'p.gray@google.com.tw', 'Phillip Gray', 0, '', 0, 1, '2019-06-07 05:28:54', 1, '2019-06-07 05:28:54', NULL, NULL)
   SELECT @UserID = SCOPE_IDENTITY()
   INSERT INTO dbo.aspnet_Users(ApplicationID, UserName, LoweredUserName, IsAnonymous, LastActivityDate)
   VALUES(@ApplicationId, 'p.gray@google.com.tw', 'p.gray@google.com.tw', 0, '2019-06-07 05:28:54')
   SELECT @AspNetUserID = UserId FROM aspnet_Users WHERE Username = 'p.gray@google.com.tw'
   INSERT INTO dbo.aspnet_Membership(ApplicationID, UserID, Password, PasswordFormat, PasswordSalt, Email, LoweredEmail, IsApproved, IsLockedOut, CreateDate, LastLoginDate, LastPasswordChangedDate, LastLockoutDate, FailedPasswordAttemptCount, FailedPasswordAttemptWindowStart, FailedPasswordAnswerAttemptCount, FailedPasswordAnswerAttemptWindowStart)
   VALUES(@ApplicationID, @AspNetUserID, 'aMoPu/jMK8Yc4dxEEtAWm+RvKkFRjT38n/c1ORi3HgGWXJI15kNozQ==', 2, 'ub/Nej8BunZL3H6o+Z7+sg==', 'p.gray@google.com.tw', 'p.gray@google.com.tw', 1, 0, '2019-06-07 05:28:54', '2019-06-07 05:28:54', '2019-06-07 05:28:54', '1754-01-01 00:00:00.000', 0, '1754-01-01 00:00:00.000', 0, '1754-01-01 00:00:00.000')
   INSERT INTO dbo.dnn_UserPortals(UserID, PortalID, CreatedDate, Authorised, IsDeleted, RefreshRoles)
   VALUES(@UserID, @PortalID, '2019-06-07 05:28:54', 1, 0, 0)
   INSERT INTO dbo.dnn_UserRoles(UserID, RoleID, IsTrialUsed, CreatedByUserID, CreatedOnDate, LastModifiedByUserID, LastModifiedOnDate, [Status], IsOwner)
   VALUES(@UserId, @MaleRole, 0, 1, '2019-06-07 05:28:54', 1, '2019-06-07 05:28:54', 1, 0)
   INSERT INTO dbo.dnn_Users(Username, FirstName, LastName, Email, DisplayName, UpdatePassword, LastIPAddress, IsDeleted, CreatedByUserID, CreatedOnDate, LastModifiedByUserID, LastModifiedOnDate, PasswordResetToken, PasswordResetExpiration)
   VALUES('mendozat@outbrain.com', 'Todd', 'Mendoza', 'mendozat@outbrain.com', 'Todd Mendoza', 0, '', 0, 1, '2019-06-07 05:28:54', 1, '2019-06-07 05:28:54', NULL, NULL)
   SELECT @UserID = SCOPE_IDENTITY()
   INSERT INTO dbo.aspnet_Users(ApplicationID, UserName, LoweredUserName, IsAnonymous, LastActivityDate)
   VALUES(@ApplicationId, 'mendozat@outbrain.com', 'mendozat@outbrain.com', 0, '2019-06-07 05:28:54')
   SELECT @AspNetUserID = UserId FROM aspnet_Users WHERE Username = 'mendozat@outbrain.com'
   INSERT INTO dbo.aspnet_Membership(ApplicationID, UserID, Password, PasswordFormat, PasswordSalt, Email, LoweredEmail, IsApproved, IsLockedOut, CreateDate, LastLoginDate, LastPasswordChangedDate, LastLockoutDate, FailedPasswordAttemptCount, FailedPasswordAttemptWindowStart, FailedPasswordAnswerAttemptCount, FailedPasswordAnswerAttemptWindowStart)
   VALUES(@ApplicationID, @AspNetUserID, 'aMoPu/jMK8Yc4dxEEtAWm+RvKkFRjT38n/c1ORi3HgGWXJI15kNozQ==', 2, 'ub/Nej8BunZL3H6o+Z7+sg==', 'mendozat@outbrain.com', 'mendozat@outbrain.com', 1, 0, '2019-06-07 05:28:54', '2019-06-07 05:28:54', '2019-06-07 05:28:54', '1754-01-01 00:00:00.000', 0, '1754-01-01 00:00:00.000', 0, '1754-01-01 00:00:00.000')
   INSERT INTO dbo.dnn_UserPortals(UserID, PortalID, CreatedDate, Authorised, IsDeleted, RefreshRoles)
   VALUES(@UserID, @PortalID, '2019-06-07 05:28:54', 1, 0, 0)
   INSERT INTO dbo.dnn_UserRoles(UserID, RoleID, IsTrialUsed, CreatedByUserID, CreatedOnDate, LastModifiedByUserID, LastModifiedOnDate, [Status], IsOwner)
   VALUES(@UserId, @MaleRole, 0, 1, '2019-06-07 05:28:54', 1, '2019-06-07 05:28:54', 1, 0)
   INSERT INTO dbo.dnn_UserRoles(UserID, RoleID, IsTrialUsed, CreatedByUserID, CreatedOnDate, LastModifiedByUserID, LastModifiedOnDate, [Status], IsOwner)
   VALUES(@UserId, @ManagerRole, 0, 1, '2019-06-07 05:28:54', 1, '2019-06-07 05:28:54', 1, 0)
   INSERT INTO dbo.dnn_Users(Username, FirstName, LastName, Email, DisplayName, UpdatePassword, LastIPAddress, IsDeleted, CreatedByUserID, CreatedOnDate, LastModifiedByUserID, LastModifiedOnDate, PasswordResetToken, PasswordResetExpiration)
   VALUES('jesse.ruiz@xinhuanet.com', 'Jesse', 'Ruiz', 'jesse.ruiz@xinhuanet.com', 'Jesse Ruiz', 0, '', 0, 1, '2019-06-07 05:28:54', 1, '2019-06-07 05:28:54', NULL, NULL)
   SELECT @UserID = SCOPE_IDENTITY()
   INSERT INTO dbo.aspnet_Users(ApplicationID, UserName, LoweredUserName, IsAnonymous, LastActivityDate)
   VALUES(@ApplicationId, 'jesse.ruiz@xinhuanet.com', 'jesse.ruiz@xinhuanet.com', 0, '2019-06-07 05:28:54')
   SELECT @AspNetUserID = UserId FROM aspnet_Users WHERE Username = 'jesse.ruiz@xinhuanet.com'
   INSERT INTO dbo.aspnet_Membership(ApplicationID, UserID, Password, PasswordFormat, PasswordSalt, Email, LoweredEmail, IsApproved, IsLockedOut, CreateDate, LastLoginDate, LastPasswordChangedDate, LastLockoutDate, FailedPasswordAttemptCount, FailedPasswordAttemptWindowStart, FailedPasswordAnswerAttemptCount, FailedPasswordAnswerAttemptWindowStart)
   VALUES(@ApplicationID, @AspNetUserID, 'aMoPu/jMK8Yc4dxEEtAWm+RvKkFRjT38n/c1ORi3HgGWXJI15kNozQ==', 2, 'ub/Nej8BunZL3H6o+Z7+sg==', 'jesse.ruiz@xinhuanet.com', 'jesse.ruiz@xinhuanet.com', 1, 0, '2019-06-07 05:28:54', '2019-06-07 05:28:54', '2019-06-07 05:28:54', '1754-01-01 00:00:00.000', 0, '1754-01-01 00:00:00.000', 0, '1754-01-01 00:00:00.000')
   INSERT INTO dbo.dnn_UserPortals(UserID, PortalID, CreatedDate, Authorised, IsDeleted, RefreshRoles)
   VALUES(@UserID, @PortalID, '2019-06-07 05:28:54', 1, 0, 0)
   INSERT INTO dbo.dnn_UserRoles(UserID, RoleID, IsTrialUsed, CreatedByUserID, CreatedOnDate, LastModifiedByUserID, LastModifiedOnDate, [Status], IsOwner)
   VALUES(@UserId, @MaleRole, 0, 1, '2019-06-07 05:28:54', 1, '2019-06-07 05:28:54', 1, 0)
   INSERT INTO dbo.dnn_UserRoles(UserID, RoleID, IsTrialUsed, CreatedByUserID, CreatedOnDate, LastModifiedByUserID, LastModifiedOnDate, [Status], IsOwner)
   VALUES(@UserId, @AcademicRole, 0, 1, '2019-06-07 05:28:54', 1, '2019-06-07 05:28:54', 1, 0)
   INSERT INTO dbo.dnn_Users(Username, FirstName, LastName, Email, DisplayName, UpdatePassword, LastIPAddress, IsDeleted, CreatedByUserID, CreatedOnDate, LastModifiedByUserID, LastModifiedOnDate, PasswordResetToken, PasswordResetExpiration)
   VALUES('c.hughes@cntv.cn', 'Craig', 'Hughes', 'c.hughes@cntv.cn', 'Craig Hughes', 0, '', 0, 1, '2019-06-07 05:28:54', 1, '2019-06-07 05:28:54', NULL, NULL)
   SELECT @UserID = SCOPE_IDENTITY()
   INSERT INTO dbo.aspnet_Users(ApplicationID, UserName, LoweredUserName, IsAnonymous, LastActivityDate)
   VALUES(@ApplicationId, 'c.hughes@cntv.cn', 'c.hughes@cntv.cn', 0, '2019-06-07 05:28:54')
   SELECT @AspNetUserID = UserId FROM aspnet_Users WHERE Username = 'c.hughes@cntv.cn'
   INSERT INTO dbo.aspnet_Membership(ApplicationID, UserID, Password, PasswordFormat, PasswordSalt, Email, LoweredEmail, IsApproved, IsLockedOut, CreateDate, LastLoginDate, LastPasswordChangedDate, LastLockoutDate, FailedPasswordAttemptCount, FailedPasswordAttemptWindowStart, FailedPasswordAnswerAttemptCount, FailedPasswordAnswerAttemptWindowStart)
   VALUES(@ApplicationID, @AspNetUserID, 'aMoPu/jMK8Yc4dxEEtAWm+RvKkFRjT38n/c1ORi3HgGWXJI15kNozQ==', 2, 'ub/Nej8BunZL3H6o+Z7+sg==', 'c.hughes@cntv.cn', 'c.hughes@cntv.cn', 1, 0, '2019-06-07 05:28:54', '2019-06-07 05:28:54', '2019-06-07 05:28:54', '1754-01-01 00:00:00.000', 0, '1754-01-01 00:00:00.000', 0, '1754-01-01 00:00:00.000')
   INSERT INTO dbo.dnn_UserPortals(UserID, PortalID, CreatedDate, Authorised, IsDeleted, RefreshRoles)
   VALUES(@UserID, @PortalID, '2019-06-07 05:28:54', 1, 0, 0)
   INSERT INTO dbo.dnn_UserRoles(UserID, RoleID, IsTrialUsed, CreatedByUserID, CreatedOnDate, LastModifiedByUserID, LastModifiedOnDate, [Status], IsOwner)
   VALUES(@UserId, @MaleRole, 0, 1, '2019-06-07 05:28:54', 1, '2019-06-07 05:28:54', 1, 0)
   INSERT INTO dbo.dnn_Users(Username, FirstName, LastName, Email, DisplayName, UpdatePassword, LastIPAddress, IsDeleted, CreatedByUserID, CreatedOnDate, LastModifiedByUserID, LastModifiedOnDate, PasswordResetToken, PasswordResetExpiration)
   VALUES('pricea@googleusercontent.com', 'Alan', 'Price', 'pricea@googleusercontent.com', 'Alan Price', 0, '', 0, 1, '2019-06-07 05:28:54', 1, '2019-06-07 05:28:54', NULL, NULL)
   SELECT @UserID = SCOPE_IDENTITY()
   INSERT INTO dbo.aspnet_Users(ApplicationID, UserName, LoweredUserName, IsAnonymous, LastActivityDate)
   VALUES(@ApplicationId, 'pricea@googleusercontent.com', 'pricea@googleusercontent.com', 0, '2019-06-07 05:28:54')
   SELECT @AspNetUserID = UserId FROM aspnet_Users WHERE Username = 'pricea@googleusercontent.com'
   INSERT INTO dbo.aspnet_Membership(ApplicationID, UserID, Password, PasswordFormat, PasswordSalt, Email, LoweredEmail, IsApproved, IsLockedOut, CreateDate, LastLoginDate, LastPasswordChangedDate, LastLockoutDate, FailedPasswordAttemptCount, FailedPasswordAttemptWindowStart, FailedPasswordAnswerAttemptCount, FailedPasswordAnswerAttemptWindowStart)
   VALUES(@ApplicationID, @AspNetUserID, 'aMoPu/jMK8Yc4dxEEtAWm+RvKkFRjT38n/c1ORi3HgGWXJI15kNozQ==', 2, 'ub/Nej8BunZL3H6o+Z7+sg==', 'pricea@googleusercontent.com', 'pricea@googleusercontent.com', 1, 0, '2019-06-07 05:28:54', '2019-06-07 05:28:54', '2019-06-07 05:28:54', '1754-01-01 00:00:00.000', 0, '1754-01-01 00:00:00.000', 0, '1754-01-01 00:00:00.000')
   INSERT INTO dbo.dnn_UserPortals(UserID, PortalID, CreatedDate, Authorised, IsDeleted, RefreshRoles)
   VALUES(@UserID, @PortalID, '2019-06-07 05:28:54', 1, 0, 0)
   INSERT INTO dbo.dnn_UserRoles(UserID, RoleID, IsTrialUsed, CreatedByUserID, CreatedOnDate, LastModifiedByUserID, LastModifiedOnDate, [Status], IsOwner)
   VALUES(@UserId, @MaleRole, 0, 1, '2019-06-07 05:28:54', 1, '2019-06-07 05:28:54', 1, 0)
   INSERT INTO dbo.dnn_Users(Username, FirstName, LastName, Email, DisplayName, UpdatePassword, LastIPAddress, IsDeleted, CreatedByUserID, CreatedOnDate, LastModifiedByUserID, LastModifiedOnDate, PasswordResetToken, PasswordResetExpiration)
   VALUES('shawn.alvarez@cnn.com', 'Shawn', 'Alvarez', 'shawn.alvarez@cnn.com', 'Shawn Alvarez', 0, '', 0, 1, '2019-06-07 05:28:54', 1, '2019-06-07 05:28:54', NULL, NULL)
   SELECT @UserID = SCOPE_IDENTITY()
   INSERT INTO dbo.aspnet_Users(ApplicationID, UserName, LoweredUserName, IsAnonymous, LastActivityDate)
   VALUES(@ApplicationId, 'shawn.alvarez@cnn.com', 'shawn.alvarez@cnn.com', 0, '2019-06-07 05:28:54')
   SELECT @AspNetUserID = UserId FROM aspnet_Users WHERE Username = 'shawn.alvarez@cnn.com'
   INSERT INTO dbo.aspnet_Membership(ApplicationID, UserID, Password, PasswordFormat, PasswordSalt, Email, LoweredEmail, IsApproved, IsLockedOut, CreateDate, LastLoginDate, LastPasswordChangedDate, LastLockoutDate, FailedPasswordAttemptCount, FailedPasswordAttemptWindowStart, FailedPasswordAnswerAttemptCount, FailedPasswordAnswerAttemptWindowStart)
   VALUES(@ApplicationID, @AspNetUserID, 'aMoPu/jMK8Yc4dxEEtAWm+RvKkFRjT38n/c1ORi3HgGWXJI15kNozQ==', 2, 'ub/Nej8BunZL3H6o+Z7+sg==', 'shawn.alvarez@cnn.com', 'shawn.alvarez@cnn.com', 1, 0, '2019-06-07 05:28:54', '2019-06-07 05:28:54', '2019-06-07 05:28:54', '1754-01-01 00:00:00.000', 0, '1754-01-01 00:00:00.000', 0, '1754-01-01 00:00:00.000')
   INSERT INTO dbo.dnn_UserPortals(UserID, PortalID, CreatedDate, Authorised, IsDeleted, RefreshRoles)
   VALUES(@UserID, @PortalID, '2019-06-07 05:28:54', 1, 0, 0)
   INSERT INTO dbo.dnn_UserRoles(UserID, RoleID, IsTrialUsed, CreatedByUserID, CreatedOnDate, LastModifiedByUserID, LastModifiedOnDate, [Status], IsOwner)
   VALUES(@UserId, @MaleRole, 0, 1, '2019-06-07 05:28:54', 1, '2019-06-07 05:28:54', 1, 0)
   INSERT INTO dbo.dnn_Users(Username, FirstName, LastName, Email, DisplayName, UpdatePassword, LastIPAddress, IsDeleted, CreatedByUserID, CreatedOnDate, LastModifiedByUserID, LastModifiedOnDate, PasswordResetToken, PasswordResetExpiration)
   VALUES('c.castillo@ask.com', 'Clarence', 'Castillo', 'c.castillo@ask.com', 'Clarence Castillo', 0, '', 0, 1, '2019-06-07 05:28:54', 1, '2019-06-07 05:28:54', NULL, NULL)
   SELECT @UserID = SCOPE_IDENTITY()
   INSERT INTO dbo.aspnet_Users(ApplicationID, UserName, LoweredUserName, IsAnonymous, LastActivityDate)
   VALUES(@ApplicationId, 'c.castillo@ask.com', 'c.castillo@ask.com', 0, '2019-06-07 05:28:54')
   SELECT @AspNetUserID = UserId FROM aspnet_Users WHERE Username = 'c.castillo@ask.com'
   INSERT INTO dbo.aspnet_Membership(ApplicationID, UserID, Password, PasswordFormat, PasswordSalt, Email, LoweredEmail, IsApproved, IsLockedOut, CreateDate, LastLoginDate, LastPasswordChangedDate, LastLockoutDate, FailedPasswordAttemptCount, FailedPasswordAttemptWindowStart, FailedPasswordAnswerAttemptCount, FailedPasswordAnswerAttemptWindowStart)
   VALUES(@ApplicationID, @AspNetUserID, 'aMoPu/jMK8Yc4dxEEtAWm+RvKkFRjT38n/c1ORi3HgGWXJI15kNozQ==', 2, 'ub/Nej8BunZL3H6o+Z7+sg==', 'c.castillo@ask.com', 'c.castillo@ask.com', 1, 0, '2019-06-07 05:28:54', '2019-06-07 05:28:54', '2019-06-07 05:28:54', '1754-01-01 00:00:00.000', 0, '1754-01-01 00:00:00.000', 0, '1754-01-01 00:00:00.000')
   INSERT INTO dbo.dnn_UserPortals(UserID, PortalID, CreatedDate, Authorised, IsDeleted, RefreshRoles)
   VALUES(@UserID, @PortalID, '2019-06-07 05:28:54', 1, 0, 0)
   INSERT INTO dbo.dnn_UserRoles(UserID, RoleID, IsTrialUsed, CreatedByUserID, CreatedOnDate, LastModifiedByUserID, LastModifiedOnDate, [Status], IsOwner)
   VALUES(@UserId, @MaleRole, 0, 1, '2019-06-07 05:28:54', 1, '2019-06-07 05:28:54', 1, 0)
   INSERT INTO dbo.dnn_Users(Username, FirstName, LastName, Email, DisplayName, UpdatePassword, LastIPAddress, IsDeleted, CreatedByUserID, CreatedOnDate, LastModifiedByUserID, LastModifiedOnDate, PasswordResetToken, PasswordResetExpiration)
   VALUES('sanderss@coccoc.com', 'Sean', 'Sanders', 'sanderss@coccoc.com', 'Sean Sanders', 0, '', 0, 1, '2019-06-07 05:28:54', 1, '2019-06-07 05:28:54', NULL, NULL)
   SELECT @UserID = SCOPE_IDENTITY()
   INSERT INTO dbo.aspnet_Users(ApplicationID, UserName, LoweredUserName, IsAnonymous, LastActivityDate)
   VALUES(@ApplicationId, 'sanderss@coccoc.com', 'sanderss@coccoc.com', 0, '2019-06-07 05:28:54')
   SELECT @AspNetUserID = UserId FROM aspnet_Users WHERE Username = 'sanderss@coccoc.com'
   INSERT INTO dbo.aspnet_Membership(ApplicationID, UserID, Password, PasswordFormat, PasswordSalt, Email, LoweredEmail, IsApproved, IsLockedOut, CreateDate, LastLoginDate, LastPasswordChangedDate, LastLockoutDate, FailedPasswordAttemptCount, FailedPasswordAttemptWindowStart, FailedPasswordAnswerAttemptCount, FailedPasswordAnswerAttemptWindowStart)
   VALUES(@ApplicationID, @AspNetUserID, 'aMoPu/jMK8Yc4dxEEtAWm+RvKkFRjT38n/c1ORi3HgGWXJI15kNozQ==', 2, 'ub/Nej8BunZL3H6o+Z7+sg==', 'sanderss@coccoc.com', 'sanderss@coccoc.com', 1, 0, '2019-06-07 05:28:54', '2019-06-07 05:28:54', '2019-06-07 05:28:54', '1754-01-01 00:00:00.000', 0, '1754-01-01 00:00:00.000', 0, '1754-01-01 00:00:00.000')
   INSERT INTO dbo.dnn_UserPortals(UserID, PortalID, CreatedDate, Authorised, IsDeleted, RefreshRoles)
   VALUES(@UserID, @PortalID, '2019-06-07 05:28:54', 1, 0, 0)
   INSERT INTO dbo.dnn_UserRoles(UserID, RoleID, IsTrialUsed, CreatedByUserID, CreatedOnDate, LastModifiedByUserID, LastModifiedOnDate, [Status], IsOwner)
   VALUES(@UserId, @MaleRole, 0, 1, '2019-06-07 05:28:54', 1, '2019-06-07 05:28:54', 1, 0)
   INSERT INTO dbo.dnn_Users(Username, FirstName, LastName, Email, DisplayName, UpdatePassword, LastIPAddress, IsDeleted, CreatedByUserID, CreatedOnDate, LastModifiedByUserID, LastModifiedOnDate, PasswordResetToken, PasswordResetExpiration)
   VALUES('philip.patel@booking.com', 'Philip', 'Patel', 'philip.patel@booking.com', 'Philip Patel', 0, '', 0, 1, '2019-06-07 05:28:54', 1, '2019-06-07 05:28:54', NULL, NULL)
   SELECT @UserID = SCOPE_IDENTITY()
   INSERT INTO dbo.aspnet_Users(ApplicationID, UserName, LoweredUserName, IsAnonymous, LastActivityDate)
   VALUES(@ApplicationId, 'philip.patel@booking.com', 'philip.patel@booking.com', 0, '2019-06-07 05:28:54')
   SELECT @AspNetUserID = UserId FROM aspnet_Users WHERE Username = 'philip.patel@booking.com'
   INSERT INTO dbo.aspnet_Membership(ApplicationID, UserID, Password, PasswordFormat, PasswordSalt, Email, LoweredEmail, IsApproved, IsLockedOut, CreateDate, LastLoginDate, LastPasswordChangedDate, LastLockoutDate, FailedPasswordAttemptCount, FailedPasswordAttemptWindowStart, FailedPasswordAnswerAttemptCount, FailedPasswordAnswerAttemptWindowStart)
   VALUES(@ApplicationID, @AspNetUserID, 'aMoPu/jMK8Yc4dxEEtAWm+RvKkFRjT38n/c1ORi3HgGWXJI15kNozQ==', 2, 'ub/Nej8BunZL3H6o+Z7+sg==', 'philip.patel@booking.com', 'philip.patel@booking.com', 1, 0, '2019-06-07 05:28:54', '2019-06-07 05:28:54', '2019-06-07 05:28:54', '1754-01-01 00:00:00.000', 0, '1754-01-01 00:00:00.000', 0, '1754-01-01 00:00:00.000')
   INSERT INTO dbo.dnn_UserPortals(UserID, PortalID, CreatedDate, Authorised, IsDeleted, RefreshRoles)
   VALUES(@UserID, @PortalID, '2019-06-07 05:28:54', 1, 0, 0)
   INSERT INTO dbo.dnn_UserRoles(UserID, RoleID, IsTrialUsed, CreatedByUserID, CreatedOnDate, LastModifiedByUserID, LastModifiedOnDate, [Status], IsOwner)
   VALUES(@UserId, @MaleRole, 0, 1, '2019-06-07 05:28:54', 1, '2019-06-07 05:28:54', 1, 0)
   INSERT INTO dbo.dnn_Users(Username, FirstName, LastName, Email, DisplayName, UpdatePassword, LastIPAddress, IsDeleted, CreatedByUserID, CreatedOnDate, LastModifiedByUserID, LastModifiedOnDate, PasswordResetToken, PasswordResetExpiration)
   VALUES('c.myers@bbc.co.uk', 'Chris', 'Myers', 'c.myers@bbc.co.uk', 'Chris Myers', 0, '', 0, 1, '2019-06-07 05:28:54', 1, '2019-06-07 05:28:54', NULL, NULL)
   SELECT @UserID = SCOPE_IDENTITY()
   INSERT INTO dbo.aspnet_Users(ApplicationID, UserName, LoweredUserName, IsAnonymous, LastActivityDate)
   VALUES(@ApplicationId, 'c.myers@bbc.co.uk', 'c.myers@bbc.co.uk', 0, '2019-06-07 05:28:54')
   SELECT @AspNetUserID = UserId FROM aspnet_Users WHERE Username = 'c.myers@bbc.co.uk'
   INSERT INTO dbo.aspnet_Membership(ApplicationID, UserID, Password, PasswordFormat, PasswordSalt, Email, LoweredEmail, IsApproved, IsLockedOut, CreateDate, LastLoginDate, LastPasswordChangedDate, LastLockoutDate, FailedPasswordAttemptCount, FailedPasswordAttemptWindowStart, FailedPasswordAnswerAttemptCount, FailedPasswordAnswerAttemptWindowStart)
   VALUES(@ApplicationID, @AspNetUserID, 'aMoPu/jMK8Yc4dxEEtAWm+RvKkFRjT38n/c1ORi3HgGWXJI15kNozQ==', 2, 'ub/Nej8BunZL3H6o+Z7+sg==', 'c.myers@bbc.co.uk', 'c.myers@bbc.co.uk', 1, 0, '2019-06-07 05:28:54', '2019-06-07 05:28:54', '2019-06-07 05:28:54', '1754-01-01 00:00:00.000', 0, '1754-01-01 00:00:00.000', 0, '1754-01-01 00:00:00.000')
   INSERT INTO dbo.dnn_UserPortals(UserID, PortalID, CreatedDate, Authorised, IsDeleted, RefreshRoles)
   VALUES(@UserID, @PortalID, '2019-06-07 05:28:54', 1, 0, 0)
   INSERT INTO dbo.dnn_UserRoles(UserID, RoleID, IsTrialUsed, CreatedByUserID, CreatedOnDate, LastModifiedByUserID, LastModifiedOnDate, [Status], IsOwner)
   VALUES(@UserId, @MaleRole, 0, 1, '2019-06-07 05:28:54', 1, '2019-06-07 05:28:54', 1, 0)
   INSERT INTO dbo.dnn_Users(Username, FirstName, LastName, Email, DisplayName, UpdatePassword, LastIPAddress, IsDeleted, CreatedByUserID, CreatedOnDate, LastModifiedByUserID, LastModifiedOnDate, PasswordResetToken, PasswordResetExpiration)
   VALUES('longj@popads.net', 'Johnny', 'Long', 'longj@popads.net', 'Johnny Long', 0, '', 0, 1, '2019-06-07 05:28:54', 1, '2019-06-07 05:28:54', NULL, NULL)
   SELECT @UserID = SCOPE_IDENTITY()
   INSERT INTO dbo.aspnet_Users(ApplicationID, UserName, LoweredUserName, IsAnonymous, LastActivityDate)
   VALUES(@ApplicationId, 'longj@popads.net', 'longj@popads.net', 0, '2019-06-07 05:28:54')
   SELECT @AspNetUserID = UserId FROM aspnet_Users WHERE Username = 'longj@popads.net'
   INSERT INTO dbo.aspnet_Membership(ApplicationID, UserID, Password, PasswordFormat, PasswordSalt, Email, LoweredEmail, IsApproved, IsLockedOut, CreateDate, LastLoginDate, LastPasswordChangedDate, LastLockoutDate, FailedPasswordAttemptCount, FailedPasswordAttemptWindowStart, FailedPasswordAnswerAttemptCount, FailedPasswordAnswerAttemptWindowStart)
   VALUES(@ApplicationID, @AspNetUserID, 'aMoPu/jMK8Yc4dxEEtAWm+RvKkFRjT38n/c1ORi3HgGWXJI15kNozQ==', 2, 'ub/Nej8BunZL3H6o+Z7+sg==', 'longj@popads.net', 'longj@popads.net', 1, 0, '2019-06-07 05:28:54', '2019-06-07 05:28:54', '2019-06-07 05:28:54', '1754-01-01 00:00:00.000', 0, '1754-01-01 00:00:00.000', 0, '1754-01-01 00:00:00.000')
   INSERT INTO dbo.dnn_UserPortals(UserID, PortalID, CreatedDate, Authorised, IsDeleted, RefreshRoles)
   VALUES(@UserID, @PortalID, '2019-06-07 05:28:54', 1, 0, 0)
   INSERT INTO dbo.dnn_UserRoles(UserID, RoleID, IsTrialUsed, CreatedByUserID, CreatedOnDate, LastModifiedByUserID, LastModifiedOnDate, [Status], IsOwner)
   VALUES(@UserId, @MaleRole, 0, 1, '2019-06-07 05:28:54', 1, '2019-06-07 05:28:54', 1, 0)
   INSERT INTO dbo.dnn_Users(Username, FirstName, LastName, Email, DisplayName, UpdatePassword, LastIPAddress, IsDeleted, CreatedByUserID, CreatedOnDate, LastModifiedByUserID, LastModifiedOnDate, PasswordResetToken, PasswordResetExpiration)
   VALUES('earl.ross@youth.cn', 'Earl', 'Ross', 'earl.ross@youth.cn', 'Earl Ross', 0, '', 0, 1, '2019-06-07 05:28:54', 1, '2019-06-07 05:28:54', NULL, NULL)
   SELECT @UserID = SCOPE_IDENTITY()
   INSERT INTO dbo.aspnet_Users(ApplicationID, UserName, LoweredUserName, IsAnonymous, LastActivityDate)
   VALUES(@ApplicationId, 'earl.ross@youth.cn', 'earl.ross@youth.cn', 0, '2019-06-07 05:28:54')
   SELECT @AspNetUserID = UserId FROM aspnet_Users WHERE Username = 'earl.ross@youth.cn'
   INSERT INTO dbo.aspnet_Membership(ApplicationID, UserID, Password, PasswordFormat, PasswordSalt, Email, LoweredEmail, IsApproved, IsLockedOut, CreateDate, LastLoginDate, LastPasswordChangedDate, LastLockoutDate, FailedPasswordAttemptCount, FailedPasswordAttemptWindowStart, FailedPasswordAnswerAttemptCount, FailedPasswordAnswerAttemptWindowStart)
   VALUES(@ApplicationID, @AspNetUserID, 'aMoPu/jMK8Yc4dxEEtAWm+RvKkFRjT38n/c1ORi3HgGWXJI15kNozQ==', 2, 'ub/Nej8BunZL3H6o+Z7+sg==', 'earl.ross@youth.cn', 'earl.ross@youth.cn', 1, 0, '2019-06-07 05:28:54', '2019-06-07 05:28:54', '2019-06-07 05:28:54', '1754-01-01 00:00:00.000', 0, '1754-01-01 00:00:00.000', 0, '1754-01-01 00:00:00.000')
   INSERT INTO dbo.dnn_UserPortals(UserID, PortalID, CreatedDate, Authorised, IsDeleted, RefreshRoles)
   VALUES(@UserID, @PortalID, '2019-06-07 05:28:54', 1, 0, 0)
   INSERT INTO dbo.dnn_UserRoles(UserID, RoleID, IsTrialUsed, CreatedByUserID, CreatedOnDate, LastModifiedByUserID, LastModifiedOnDate, [Status], IsOwner)
   VALUES(@UserId, @MaleRole, 0, 1, '2019-06-07 05:28:54', 1, '2019-06-07 05:28:54', 1, 0)
   INSERT INTO dbo.dnn_UserRoles(UserID, RoleID, IsTrialUsed, CreatedByUserID, CreatedOnDate, LastModifiedByUserID, LastModifiedOnDate, [Status], IsOwner)
   VALUES(@UserId, @ManagerRole, 0, 1, '2019-06-07 05:28:54', 1, '2019-06-07 05:28:54', 1, 0)
   INSERT INTO dbo.dnn_Users(Username, FirstName, LastName, Email, DisplayName, UpdatePassword, LastIPAddress, IsDeleted, CreatedByUserID, CreatedOnDate, LastModifiedByUserID, LastModifiedOnDate, PasswordResetToken, PasswordResetExpiration)
   VALUES('j.foster@twitch.tv', 'Jimmy', 'Foster', 'j.foster@twitch.tv', 'Jimmy Foster', 0, '', 0, 1, '2019-06-07 05:28:54', 1, '2019-06-07 05:28:54', NULL, NULL)
   SELECT @UserID = SCOPE_IDENTITY()
   INSERT INTO dbo.aspnet_Users(ApplicationID, UserName, LoweredUserName, IsAnonymous, LastActivityDate)
   VALUES(@ApplicationId, 'j.foster@twitch.tv', 'j.foster@twitch.tv', 0, '2019-06-07 05:28:54')
   SELECT @AspNetUserID = UserId FROM aspnet_Users WHERE Username = 'j.foster@twitch.tv'
   INSERT INTO dbo.aspnet_Membership(ApplicationID, UserID, Password, PasswordFormat, PasswordSalt, Email, LoweredEmail, IsApproved, IsLockedOut, CreateDate, LastLoginDate, LastPasswordChangedDate, LastLockoutDate, FailedPasswordAttemptCount, FailedPasswordAttemptWindowStart, FailedPasswordAnswerAttemptCount, FailedPasswordAnswerAttemptWindowStart)
   VALUES(@ApplicationID, @AspNetUserID, 'aMoPu/jMK8Yc4dxEEtAWm+RvKkFRjT38n/c1ORi3HgGWXJI15kNozQ==', 2, 'ub/Nej8BunZL3H6o+Z7+sg==', 'j.foster@twitch.tv', 'j.foster@twitch.tv', 1, 0, '2019-06-07 05:28:54', '2019-06-07 05:28:54', '2019-06-07 05:28:54', '1754-01-01 00:00:00.000', 0, '1754-01-01 00:00:00.000', 0, '1754-01-01 00:00:00.000')
   INSERT INTO dbo.dnn_UserPortals(UserID, PortalID, CreatedDate, Authorised, IsDeleted, RefreshRoles)
   VALUES(@UserID, @PortalID, '2019-06-07 05:28:54', 1, 0, 0)
   INSERT INTO dbo.dnn_UserRoles(UserID, RoleID, IsTrialUsed, CreatedByUserID, CreatedOnDate, LastModifiedByUserID, LastModifiedOnDate, [Status], IsOwner)
   VALUES(@UserId, @MaleRole, 0, 1, '2019-06-07 05:28:54', 1, '2019-06-07 05:28:54', 1, 0)
   INSERT INTO dbo.dnn_Users(Username, FirstName, LastName, Email, DisplayName, UpdatePassword, LastIPAddress, IsDeleted, CreatedByUserID, CreatedOnDate, LastModifiedByUserID, LastModifiedOnDate, PasswordResetToken, PasswordResetExpiration)
   VALUES('jimeneza@wikia.com', 'Antonio', 'Jimenez', 'jimeneza@wikia.com', 'Antonio Jimenez', 0, '', 0, 1, '2019-06-07 05:28:54', 1, '2019-06-07 05:28:54', NULL, NULL)
   SELECT @UserID = SCOPE_IDENTITY()
   INSERT INTO dbo.aspnet_Users(ApplicationID, UserName, LoweredUserName, IsAnonymous, LastActivityDate)
   VALUES(@ApplicationId, 'jimeneza@wikia.com', 'jimeneza@wikia.com', 0, '2019-06-07 05:28:54')
   SELECT @AspNetUserID = UserId FROM aspnet_Users WHERE Username = 'jimeneza@wikia.com'
   INSERT INTO dbo.aspnet_Membership(ApplicationID, UserID, Password, PasswordFormat, PasswordSalt, Email, LoweredEmail, IsApproved, IsLockedOut, CreateDate, LastLoginDate, LastPasswordChangedDate, LastLockoutDate, FailedPasswordAttemptCount, FailedPasswordAttemptWindowStart, FailedPasswordAnswerAttemptCount, FailedPasswordAnswerAttemptWindowStart)
   VALUES(@ApplicationID, @AspNetUserID, 'aMoPu/jMK8Yc4dxEEtAWm+RvKkFRjT38n/c1ORi3HgGWXJI15kNozQ==', 2, 'ub/Nej8BunZL3H6o+Z7+sg==', 'jimeneza@wikia.com', 'jimeneza@wikia.com', 1, 0, '2019-06-07 05:28:54', '2019-06-07 05:28:54', '2019-06-07 05:28:54', '1754-01-01 00:00:00.000', 0, '1754-01-01 00:00:00.000', 0, '1754-01-01 00:00:00.000')
   INSERT INTO dbo.dnn_UserPortals(UserID, PortalID, CreatedDate, Authorised, IsDeleted, RefreshRoles)
   VALUES(@UserID, @PortalID, '2019-06-07 05:28:54', 1, 0, 0)
   INSERT INTO dbo.dnn_UserRoles(UserID, RoleID, IsTrialUsed, CreatedByUserID, CreatedOnDate, LastModifiedByUserID, LastModifiedOnDate, [Status], IsOwner)
   VALUES(@UserId, @MaleRole, 0, 1, '2019-06-07 05:28:54', 1, '2019-06-07 05:28:54', 1, 0)
   INSERT INTO dbo.dnn_Users(Username, FirstName, LastName, Email, DisplayName, UpdatePassword, LastIPAddress, IsDeleted, CreatedByUserID, CreatedOnDate, LastModifiedByUserID, LastModifiedOnDate, PasswordResetToken, PasswordResetExpiration)
   VALUES('danny.powell@microsoftonline.com', 'Danny', 'Powell', 'danny.powell@microsoftonline.com', 'Danny Powell', 0, '', 0, 1, '2019-06-07 05:28:54', 1, '2019-06-07 05:28:54', NULL, NULL)
   SELECT @UserID = SCOPE_IDENTITY()
   INSERT INTO dbo.aspnet_Users(ApplicationID, UserName, LoweredUserName, IsAnonymous, LastActivityDate)
   VALUES(@ApplicationId, 'danny.powell@microsoftonline.com', 'danny.powell@microsoftonline.com', 0, '2019-06-07 05:28:54')
   SELECT @AspNetUserID = UserId FROM aspnet_Users WHERE Username = 'danny.powell@microsoftonline.com'
   INSERT INTO dbo.aspnet_Membership(ApplicationID, UserID, Password, PasswordFormat, PasswordSalt, Email, LoweredEmail, IsApproved, IsLockedOut, CreateDate, LastLoginDate, LastPasswordChangedDate, LastLockoutDate, FailedPasswordAttemptCount, FailedPasswordAttemptWindowStart, FailedPasswordAnswerAttemptCount, FailedPasswordAnswerAttemptWindowStart)
   VALUES(@ApplicationID, @AspNetUserID, 'aMoPu/jMK8Yc4dxEEtAWm+RvKkFRjT38n/c1ORi3HgGWXJI15kNozQ==', 2, 'ub/Nej8BunZL3H6o+Z7+sg==', 'danny.powell@microsoftonline.com', 'danny.powell@microsoftonline.com', 1, 0, '2019-06-07 05:28:54', '2019-06-07 05:28:54', '2019-06-07 05:28:54', '1754-01-01 00:00:00.000', 0, '1754-01-01 00:00:00.000', 0, '1754-01-01 00:00:00.000')
   INSERT INTO dbo.dnn_UserPortals(UserID, PortalID, CreatedDate, Authorised, IsDeleted, RefreshRoles)
   VALUES(@UserID, @PortalID, '2019-06-07 05:28:54', 1, 0, 0)
   INSERT INTO dbo.dnn_UserRoles(UserID, RoleID, IsTrialUsed, CreatedByUserID, CreatedOnDate, LastModifiedByUserID, LastModifiedOnDate, [Status], IsOwner)
   VALUES(@UserId, @MaleRole, 0, 1, '2019-06-07 05:28:54', 1, '2019-06-07 05:28:54', 1, 0)
   INSERT INTO dbo.dnn_Users(Username, FirstName, LastName, Email, DisplayName, UpdatePassword, LastIPAddress, IsDeleted, CreatedByUserID, CreatedOnDate, LastModifiedByUserID, LastModifiedOnDate, PasswordResetToken, PasswordResetExpiration)
   VALUES('b.jenkins@quora.com', 'Bryan', 'Jenkins', 'b.jenkins@quora.com', 'Bryan Jenkins', 0, '', 0, 1, '2019-06-07 05:28:54', 1, '2019-06-07 05:28:54', NULL, NULL)
   SELECT @UserID = SCOPE_IDENTITY()
   INSERT INTO dbo.aspnet_Users(ApplicationID, UserName, LoweredUserName, IsAnonymous, LastActivityDate)
   VALUES(@ApplicationId, 'b.jenkins@quora.com', 'b.jenkins@quora.com', 0, '2019-06-07 05:28:54')
   SELECT @AspNetUserID = UserId FROM aspnet_Users WHERE Username = 'b.jenkins@quora.com'
   INSERT INTO dbo.aspnet_Membership(ApplicationID, UserID, Password, PasswordFormat, PasswordSalt, Email, LoweredEmail, IsApproved, IsLockedOut, CreateDate, LastLoginDate, LastPasswordChangedDate, LastLockoutDate, FailedPasswordAttemptCount, FailedPasswordAttemptWindowStart, FailedPasswordAnswerAttemptCount, FailedPasswordAnswerAttemptWindowStart)
   VALUES(@ApplicationID, @AspNetUserID, 'aMoPu/jMK8Yc4dxEEtAWm+RvKkFRjT38n/c1ORi3HgGWXJI15kNozQ==', 2, 'ub/Nej8BunZL3H6o+Z7+sg==', 'b.jenkins@quora.com', 'b.jenkins@quora.com', 1, 0, '2019-06-07 05:28:54', '2019-06-07 05:28:54', '2019-06-07 05:28:54', '1754-01-01 00:00:00.000', 0, '1754-01-01 00:00:00.000', 0, '1754-01-01 00:00:00.000')
   INSERT INTO dbo.dnn_UserPortals(UserID, PortalID, CreatedDate, Authorised, IsDeleted, RefreshRoles)
   VALUES(@UserID, @PortalID, '2019-06-07 05:28:54', 1, 0, 0)
   INSERT INTO dbo.dnn_UserRoles(UserID, RoleID, IsTrialUsed, CreatedByUserID, CreatedOnDate, LastModifiedByUserID, LastModifiedOnDate, [Status], IsOwner)
   VALUES(@UserId, @MaleRole, 0, 1, '2019-06-07 05:28:54', 1, '2019-06-07 05:28:54', 1, 0)
   INSERT INTO dbo.dnn_UserRoles(UserID, RoleID, IsTrialUsed, CreatedByUserID, CreatedOnDate, LastModifiedByUserID, LastModifiedOnDate, [Status], IsOwner)
   VALUES(@UserId, @AcademicRole, 0, 1, '2019-06-07 05:28:54', 1, '2019-06-07 05:28:54', 1, 0)
   INSERT INTO dbo.dnn_Users(Username, FirstName, LastName, Email, DisplayName, UpdatePassword, LastIPAddress, IsDeleted, CreatedByUserID, CreatedOnDate, LastModifiedByUserID, LastModifiedOnDate, PasswordResetToken, PasswordResetExpiration)
   VALUES('perryt@chase.com', 'Tony', 'Perry', 'perryt@chase.com', 'Tony Perry', 0, '', 0, 1, '2019-06-07 05:28:54', 1, '2019-06-07 05:28:54', NULL, NULL)
   SELECT @UserID = SCOPE_IDENTITY()
   INSERT INTO dbo.aspnet_Users(ApplicationID, UserName, LoweredUserName, IsAnonymous, LastActivityDate)
   VALUES(@ApplicationId, 'perryt@chase.com', 'perryt@chase.com', 0, '2019-06-07 05:28:54')
   SELECT @AspNetUserID = UserId FROM aspnet_Users WHERE Username = 'perryt@chase.com'
   INSERT INTO dbo.aspnet_Membership(ApplicationID, UserID, Password, PasswordFormat, PasswordSalt, Email, LoweredEmail, IsApproved, IsLockedOut, CreateDate, LastLoginDate, LastPasswordChangedDate, LastLockoutDate, FailedPasswordAttemptCount, FailedPasswordAttemptWindowStart, FailedPasswordAnswerAttemptCount, FailedPasswordAnswerAttemptWindowStart)
   VALUES(@ApplicationID, @AspNetUserID, 'aMoPu/jMK8Yc4dxEEtAWm+RvKkFRjT38n/c1ORi3HgGWXJI15kNozQ==', 2, 'ub/Nej8BunZL3H6o+Z7+sg==', 'perryt@chase.com', 'perryt@chase.com', 1, 0, '2019-06-07 05:28:54', '2019-06-07 05:28:54', '2019-06-07 05:28:54', '1754-01-01 00:00:00.000', 0, '1754-01-01 00:00:00.000', 0, '1754-01-01 00:00:00.000')
   INSERT INTO dbo.dnn_UserPortals(UserID, PortalID, CreatedDate, Authorised, IsDeleted, RefreshRoles)
   VALUES(@UserID, @PortalID, '2019-06-07 05:28:54', 1, 0, 0)
   INSERT INTO dbo.dnn_UserRoles(UserID, RoleID, IsTrialUsed, CreatedByUserID, CreatedOnDate, LastModifiedByUserID, LastModifiedOnDate, [Status], IsOwner)
   VALUES(@UserId, @MaleRole, 0, 1, '2019-06-07 05:28:54', 1, '2019-06-07 05:28:54', 1, 0)
   INSERT INTO dbo.dnn_Users(Username, FirstName, LastName, Email, DisplayName, UpdatePassword, LastIPAddress, IsDeleted, CreatedByUserID, CreatedOnDate, LastModifiedByUserID, LastModifiedOnDate, PasswordResetToken, PasswordResetExpiration)
   VALUES('luis.russell@adobe.com', 'Luis', 'Russell', 'luis.russell@adobe.com', 'Luis Russell', 0, '', 0, 1, '2019-06-07 05:28:54', 1, '2019-06-07 05:28:54', NULL, NULL)
   SELECT @UserID = SCOPE_IDENTITY()
   INSERT INTO dbo.aspnet_Users(ApplicationID, UserName, LoweredUserName, IsAnonymous, LastActivityDate)
   VALUES(@ApplicationId, 'luis.russell@adobe.com', 'luis.russell@adobe.com', 0, '2019-06-07 05:28:54')
   SELECT @AspNetUserID = UserId FROM aspnet_Users WHERE Username = 'luis.russell@adobe.com'
   INSERT INTO dbo.aspnet_Membership(ApplicationID, UserID, Password, PasswordFormat, PasswordSalt, Email, LoweredEmail, IsApproved, IsLockedOut, CreateDate, LastLoginDate, LastPasswordChangedDate, LastLockoutDate, FailedPasswordAttemptCount, FailedPasswordAttemptWindowStart, FailedPasswordAnswerAttemptCount, FailedPasswordAnswerAttemptWindowStart)
   VALUES(@ApplicationID, @AspNetUserID, 'aMoPu/jMK8Yc4dxEEtAWm+RvKkFRjT38n/c1ORi3HgGWXJI15kNozQ==', 2, 'ub/Nej8BunZL3H6o+Z7+sg==', 'luis.russell@adobe.com', 'luis.russell@adobe.com', 1, 0, '2019-06-07 05:28:54', '2019-06-07 05:28:54', '2019-06-07 05:28:54', '1754-01-01 00:00:00.000', 0, '1754-01-01 00:00:00.000', 0, '1754-01-01 00:00:00.000')
   INSERT INTO dbo.dnn_UserPortals(UserID, PortalID, CreatedDate, Authorised, IsDeleted, RefreshRoles)
   VALUES(@UserID, @PortalID, '2019-06-07 05:28:54', 1, 0, 0)
   INSERT INTO dbo.dnn_UserRoles(UserID, RoleID, IsTrialUsed, CreatedByUserID, CreatedOnDate, LastModifiedByUserID, LastModifiedOnDate, [Status], IsOwner)
   VALUES(@UserId, @MaleRole, 0, 1, '2019-06-07 05:28:54', 1, '2019-06-07 05:28:54', 1, 0)
   INSERT INTO dbo.dnn_Users(Username, FirstName, LastName, Email, DisplayName, UpdatePassword, LastIPAddress, IsDeleted, CreatedByUserID, CreatedOnDate, LastModifiedByUserID, LastModifiedOnDate, PasswordResetToken, PasswordResetExpiration)
   VALUES('m.sullivan@163.com', 'Mike', 'Sullivan', 'm.sullivan@163.com', 'Mike Sullivan', 0, '', 0, 1, '2019-06-07 05:28:54', 1, '2019-06-07 05:28:54', NULL, NULL)
   SELECT @UserID = SCOPE_IDENTITY()
   INSERT INTO dbo.aspnet_Users(ApplicationID, UserName, LoweredUserName, IsAnonymous, LastActivityDate)
   VALUES(@ApplicationId, 'm.sullivan@163.com', 'm.sullivan@163.com', 0, '2019-06-07 05:28:54')
   SELECT @AspNetUserID = UserId FROM aspnet_Users WHERE Username = 'm.sullivan@163.com'
   INSERT INTO dbo.aspnet_Membership(ApplicationID, UserID, Password, PasswordFormat, PasswordSalt, Email, LoweredEmail, IsApproved, IsLockedOut, CreateDate, LastLoginDate, LastPasswordChangedDate, LastLockoutDate, FailedPasswordAttemptCount, FailedPasswordAttemptWindowStart, FailedPasswordAnswerAttemptCount, FailedPasswordAnswerAttemptWindowStart)
   VALUES(@ApplicationID, @AspNetUserID, 'aMoPu/jMK8Yc4dxEEtAWm+RvKkFRjT38n/c1ORi3HgGWXJI15kNozQ==', 2, 'ub/Nej8BunZL3H6o+Z7+sg==', 'm.sullivan@163.com', 'm.sullivan@163.com', 1, 0, '2019-06-07 05:28:54', '2019-06-07 05:28:54', '2019-06-07 05:28:54', '1754-01-01 00:00:00.000', 0, '1754-01-01 00:00:00.000', 0, '1754-01-01 00:00:00.000')
   INSERT INTO dbo.dnn_UserPortals(UserID, PortalID, CreatedDate, Authorised, IsDeleted, RefreshRoles)
   VALUES(@UserID, @PortalID, '2019-06-07 05:28:54', 1, 0, 0)
   INSERT INTO dbo.dnn_UserRoles(UserID, RoleID, IsTrialUsed, CreatedByUserID, CreatedOnDate, LastModifiedByUserID, LastModifiedOnDate, [Status], IsOwner)
   VALUES(@UserId, @MaleRole, 0, 1, '2019-06-07 05:28:54', 1, '2019-06-07 05:28:54', 1, 0)
   INSERT INTO dbo.dnn_Users(Username, FirstName, LastName, Email, DisplayName, UpdatePassword, LastIPAddress, IsDeleted, CreatedByUserID, CreatedOnDate, LastModifiedByUserID, LastModifiedOnDate, PasswordResetToken, PasswordResetExpiration)
   VALUES('bells@360.com', 'Stanley', 'Bell', 'bells@360.com', 'Stanley Bell', 0, '', 0, 1, '2019-06-07 05:28:54', 1, '2019-06-07 05:28:54', NULL, NULL)
   SELECT @UserID = SCOPE_IDENTITY()
   INSERT INTO dbo.aspnet_Users(ApplicationID, UserName, LoweredUserName, IsAnonymous, LastActivityDate)
   VALUES(@ApplicationId, 'bells@360.com', 'bells@360.com', 0, '2019-06-07 05:28:54')
   SELECT @AspNetUserID = UserId FROM aspnet_Users WHERE Username = 'bells@360.com'
   INSERT INTO dbo.aspnet_Membership(ApplicationID, UserID, Password, PasswordFormat, PasswordSalt, Email, LoweredEmail, IsApproved, IsLockedOut, CreateDate, LastLoginDate, LastPasswordChangedDate, LastLockoutDate, FailedPasswordAttemptCount, FailedPasswordAttemptWindowStart, FailedPasswordAnswerAttemptCount, FailedPasswordAnswerAttemptWindowStart)
   VALUES(@ApplicationID, @AspNetUserID, 'aMoPu/jMK8Yc4dxEEtAWm+RvKkFRjT38n/c1ORi3HgGWXJI15kNozQ==', 2, 'ub/Nej8BunZL3H6o+Z7+sg==', 'bells@360.com', 'bells@360.com', 1, 0, '2019-06-07 05:28:54', '2019-06-07 05:28:54', '2019-06-07 05:28:54', '1754-01-01 00:00:00.000', 0, '1754-01-01 00:00:00.000', 0, '1754-01-01 00:00:00.000')
   INSERT INTO dbo.dnn_UserPortals(UserID, PortalID, CreatedDate, Authorised, IsDeleted, RefreshRoles)
   VALUES(@UserID, @PortalID, '2019-06-07 05:28:54', 1, 0, 0)
   INSERT INTO dbo.dnn_UserRoles(UserID, RoleID, IsTrialUsed, CreatedByUserID, CreatedOnDate, LastModifiedByUserID, LastModifiedOnDate, [Status], IsOwner)
   VALUES(@UserId, @MaleRole, 0, 1, '2019-06-07 05:28:54', 1, '2019-06-07 05:28:54', 1, 0)
   INSERT INTO dbo.dnn_Users(Username, FirstName, LastName, Email, DisplayName, UpdatePassword, LastIPAddress, IsDeleted, CreatedByUserID, CreatedOnDate, LastModifiedByUserID, LastModifiedOnDate, PasswordResetToken, PasswordResetExpiration)
   VALUES('leonard.coleman@haosou.com', 'Leonard', 'Coleman', 'leonard.coleman@haosou.com', 'Leonard Coleman', 0, '', 0, 1, '2019-06-07 05:28:54', 1, '2019-06-07 05:28:54', NULL, NULL)
   SELECT @UserID = SCOPE_IDENTITY()
   INSERT INTO dbo.aspnet_Users(ApplicationID, UserName, LoweredUserName, IsAnonymous, LastActivityDate)
   VALUES(@ApplicationId, 'leonard.coleman@haosou.com', 'leonard.coleman@haosou.com', 0, '2019-06-07 05:28:54')
   SELECT @AspNetUserID = UserId FROM aspnet_Users WHERE Username = 'leonard.coleman@haosou.com'
   INSERT INTO dbo.aspnet_Membership(ApplicationID, UserID, Password, PasswordFormat, PasswordSalt, Email, LoweredEmail, IsApproved, IsLockedOut, CreateDate, LastLoginDate, LastPasswordChangedDate, LastLockoutDate, FailedPasswordAttemptCount, FailedPasswordAttemptWindowStart, FailedPasswordAnswerAttemptCount, FailedPasswordAnswerAttemptWindowStart)
   VALUES(@ApplicationID, @AspNetUserID, 'aMoPu/jMK8Yc4dxEEtAWm+RvKkFRjT38n/c1ORi3HgGWXJI15kNozQ==', 2, 'ub/Nej8BunZL3H6o+Z7+sg==', 'leonard.coleman@haosou.com', 'leonard.coleman@haosou.com', 1, 0, '2019-06-07 05:28:54', '2019-06-07 05:28:54', '2019-06-07 05:28:54', '1754-01-01 00:00:00.000', 0, '1754-01-01 00:00:00.000', 0, '1754-01-01 00:00:00.000')
   INSERT INTO dbo.dnn_UserPortals(UserID, PortalID, CreatedDate, Authorised, IsDeleted, RefreshRoles)
   VALUES(@UserID, @PortalID, '2019-06-07 05:28:54', 1, 0, 0)
   INSERT INTO dbo.dnn_UserRoles(UserID, RoleID, IsTrialUsed, CreatedByUserID, CreatedOnDate, LastModifiedByUserID, LastModifiedOnDate, [Status], IsOwner)
   VALUES(@UserId, @MaleRole, 0, 1, '2019-06-07 05:28:54', 1, '2019-06-07 05:28:54', 1, 0)
   INSERT INTO dbo.dnn_Users(Username, FirstName, LastName, Email, DisplayName, UpdatePassword, LastIPAddress, IsDeleted, CreatedByUserID, CreatedOnDate, LastModifiedByUserID, LastModifiedOnDate, PasswordResetToken, PasswordResetExpiration)
   VALUES('n.butler@google.com.pk', 'Nathan', 'Butler', 'n.butler@google.com.pk', 'Nathan Butler', 0, '', 0, 1, '2019-06-07 05:28:54', 1, '2019-06-07 05:28:54', NULL, NULL)
   SELECT @UserID = SCOPE_IDENTITY()
   INSERT INTO dbo.aspnet_Users(ApplicationID, UserName, LoweredUserName, IsAnonymous, LastActivityDate)
   VALUES(@ApplicationId, 'n.butler@google.com.pk', 'n.butler@google.com.pk', 0, '2019-06-07 05:28:54')
   SELECT @AspNetUserID = UserId FROM aspnet_Users WHERE Username = 'n.butler@google.com.pk'
   INSERT INTO dbo.aspnet_Membership(ApplicationID, UserID, Password, PasswordFormat, PasswordSalt, Email, LoweredEmail, IsApproved, IsLockedOut, CreateDate, LastLoginDate, LastPasswordChangedDate, LastLockoutDate, FailedPasswordAttemptCount, FailedPasswordAttemptWindowStart, FailedPasswordAnswerAttemptCount, FailedPasswordAnswerAttemptWindowStart)
   VALUES(@ApplicationID, @AspNetUserID, 'aMoPu/jMK8Yc4dxEEtAWm+RvKkFRjT38n/c1ORi3HgGWXJI15kNozQ==', 2, 'ub/Nej8BunZL3H6o+Z7+sg==', 'n.butler@google.com.pk', 'n.butler@google.com.pk', 1, 0, '2019-06-07 05:28:54', '2019-06-07 05:28:54', '2019-06-07 05:28:54', '1754-01-01 00:00:00.000', 0, '1754-01-01 00:00:00.000', 0, '1754-01-01 00:00:00.000')
   INSERT INTO dbo.dnn_UserPortals(UserID, PortalID, CreatedDate, Authorised, IsDeleted, RefreshRoles)
   VALUES(@UserID, @PortalID, '2019-06-07 05:28:54', 1, 0, 0)
   INSERT INTO dbo.dnn_UserRoles(UserID, RoleID, IsTrialUsed, CreatedByUserID, CreatedOnDate, LastModifiedByUserID, LastModifiedOnDate, [Status], IsOwner)
   VALUES(@UserId, @MaleRole, 0, 1, '2019-06-07 05:28:54', 1, '2019-06-07 05:28:54', 1, 0)
   INSERT INTO dbo.dnn_UserRoles(UserID, RoleID, IsTrialUsed, CreatedByUserID, CreatedOnDate, LastModifiedByUserID, LastModifiedOnDate, [Status], IsOwner)
   VALUES(@UserId, @ManagerRole, 0, 1, '2019-06-07 05:28:54', 1, '2019-06-07 05:28:54', 1, 0)
   INSERT INTO dbo.dnn_Users(Username, FirstName, LastName, Email, DisplayName, UpdatePassword, LastIPAddress, IsDeleted, CreatedByUserID, CreatedOnDate, LastModifiedByUserID, LastModifiedOnDate, PasswordResetToken, PasswordResetExpiration)
   VALUES('hendersond@google.co.th', 'Dale', 'Henderson', 'hendersond@google.co.th', 'Dale Henderson', 0, '', 0, 1, '2019-06-07 05:28:54', 1, '2019-06-07 05:28:54', NULL, NULL)
   SELECT @UserID = SCOPE_IDENTITY()
   INSERT INTO dbo.aspnet_Users(ApplicationID, UserName, LoweredUserName, IsAnonymous, LastActivityDate)
   VALUES(@ApplicationId, 'hendersond@google.co.th', 'hendersond@google.co.th', 0, '2019-06-07 05:28:54')
   SELECT @AspNetUserID = UserId FROM aspnet_Users WHERE Username = 'hendersond@google.co.th'
   INSERT INTO dbo.aspnet_Membership(ApplicationID, UserID, Password, PasswordFormat, PasswordSalt, Email, LoweredEmail, IsApproved, IsLockedOut, CreateDate, LastLoginDate, LastPasswordChangedDate, LastLockoutDate, FailedPasswordAttemptCount, FailedPasswordAttemptWindowStart, FailedPasswordAnswerAttemptCount, FailedPasswordAnswerAttemptWindowStart)
   VALUES(@ApplicationID, @AspNetUserID, 'aMoPu/jMK8Yc4dxEEtAWm+RvKkFRjT38n/c1ORi3HgGWXJI15kNozQ==', 2, 'ub/Nej8BunZL3H6o+Z7+sg==', 'hendersond@google.co.th', 'hendersond@google.co.th', 1, 0, '2019-06-07 05:28:54', '2019-06-07 05:28:54', '2019-06-07 05:28:54', '1754-01-01 00:00:00.000', 0, '1754-01-01 00:00:00.000', 0, '1754-01-01 00:00:00.000')
   INSERT INTO dbo.dnn_UserPortals(UserID, PortalID, CreatedDate, Authorised, IsDeleted, RefreshRoles)
   VALUES(@UserID, @PortalID, '2019-06-07 05:28:54', 1, 0, 0)
   INSERT INTO dbo.dnn_UserRoles(UserID, RoleID, IsTrialUsed, CreatedByUserID, CreatedOnDate, LastModifiedByUserID, LastModifiedOnDate, [Status], IsOwner)
   VALUES(@UserId, @MaleRole, 0, 1, '2019-06-07 05:28:54', 1, '2019-06-07 05:28:54', 1, 0)
   INSERT INTO dbo.dnn_Users(Username, FirstName, LastName, Email, DisplayName, UpdatePassword, LastIPAddress, IsDeleted, CreatedByUserID, CreatedOnDate, LastModifiedByUserID, LastModifiedOnDate, PasswordResetToken, PasswordResetExpiration)
   VALUES('manuel.barnes@google.com.eg', 'Manuel', 'Barnes', 'manuel.barnes@google.com.eg', 'Manuel Barnes', 0, '', 0, 1, '2019-06-07 05:28:54', 1, '2019-06-07 05:28:54', NULL, NULL)
   SELECT @UserID = SCOPE_IDENTITY()
   INSERT INTO dbo.aspnet_Users(ApplicationID, UserName, LoweredUserName, IsAnonymous, LastActivityDate)
   VALUES(@ApplicationId, 'manuel.barnes@google.com.eg', 'manuel.barnes@google.com.eg', 0, '2019-06-07 05:28:54')
   SELECT @AspNetUserID = UserId FROM aspnet_Users WHERE Username = 'manuel.barnes@google.com.eg'
   INSERT INTO dbo.aspnet_Membership(ApplicationID, UserID, Password, PasswordFormat, PasswordSalt, Email, LoweredEmail, IsApproved, IsLockedOut, CreateDate, LastLoginDate, LastPasswordChangedDate, LastLockoutDate, FailedPasswordAttemptCount, FailedPasswordAttemptWindowStart, FailedPasswordAnswerAttemptCount, FailedPasswordAnswerAttemptWindowStart)
   VALUES(@ApplicationID, @AspNetUserID, 'aMoPu/jMK8Yc4dxEEtAWm+RvKkFRjT38n/c1ORi3HgGWXJI15kNozQ==', 2, 'ub/Nej8BunZL3H6o+Z7+sg==', 'manuel.barnes@google.com.eg', 'manuel.barnes@google.com.eg', 1, 0, '2019-06-07 05:28:54', '2019-06-07 05:28:54', '2019-06-07 05:28:54', '1754-01-01 00:00:00.000', 0, '1754-01-01 00:00:00.000', 0, '1754-01-01 00:00:00.000')
   INSERT INTO dbo.dnn_UserPortals(UserID, PortalID, CreatedDate, Authorised, IsDeleted, RefreshRoles)
   VALUES(@UserID, @PortalID, '2019-06-07 05:28:54', 1, 0, 0)
   INSERT INTO dbo.dnn_UserRoles(UserID, RoleID, IsTrialUsed, CreatedByUserID, CreatedOnDate, LastModifiedByUserID, LastModifiedOnDate, [Status], IsOwner)
   VALUES(@UserId, @MaleRole, 0, 1, '2019-06-07 05:28:54', 1, '2019-06-07 05:28:54', 1, 0)
   INSERT INTO dbo.dnn_Users(Username, FirstName, LastName, Email, DisplayName, UpdatePassword, LastIPAddress, IsDeleted, CreatedByUserID, CreatedOnDate, LastModifiedByUserID, LastModifiedOnDate, PasswordResetToken, PasswordResetExpiration)
   VALUES('r.gonzales@google.com.ar', 'Rodney', 'Gonzales', 'r.gonzales@google.com.ar', 'Rodney Gonzales', 0, '', 0, 1, '2019-06-07 05:28:54', 1, '2019-06-07 05:28:54', NULL, NULL)
   SELECT @UserID = SCOPE_IDENTITY()
   INSERT INTO dbo.aspnet_Users(ApplicationID, UserName, LoweredUserName, IsAnonymous, LastActivityDate)
   VALUES(@ApplicationId, 'r.gonzales@google.com.ar', 'r.gonzales@google.com.ar', 0, '2019-06-07 05:28:54')
   SELECT @AspNetUserID = UserId FROM aspnet_Users WHERE Username = 'r.gonzales@google.com.ar'
   INSERT INTO dbo.aspnet_Membership(ApplicationID, UserID, Password, PasswordFormat, PasswordSalt, Email, LoweredEmail, IsApproved, IsLockedOut, CreateDate, LastLoginDate, LastPasswordChangedDate, LastLockoutDate, FailedPasswordAttemptCount, FailedPasswordAttemptWindowStart, FailedPasswordAnswerAttemptCount, FailedPasswordAnswerAttemptWindowStart)
   VALUES(@ApplicationID, @AspNetUserID, 'aMoPu/jMK8Yc4dxEEtAWm+RvKkFRjT38n/c1ORi3HgGWXJI15kNozQ==', 2, 'ub/Nej8BunZL3H6o+Z7+sg==', 'r.gonzales@google.com.ar', 'r.gonzales@google.com.ar', 1, 0, '2019-06-07 05:28:54', '2019-06-07 05:28:54', '2019-06-07 05:28:54', '1754-01-01 00:00:00.000', 0, '1754-01-01 00:00:00.000', 0, '1754-01-01 00:00:00.000')
   INSERT INTO dbo.dnn_UserPortals(UserID, PortalID, CreatedDate, Authorised, IsDeleted, RefreshRoles)
   VALUES(@UserID, @PortalID, '2019-06-07 05:28:54', 1, 0, 0)
   INSERT INTO dbo.dnn_UserRoles(UserID, RoleID, IsTrialUsed, CreatedByUserID, CreatedOnDate, LastModifiedByUserID, LastModifiedOnDate, [Status], IsOwner)
   VALUES(@UserId, @MaleRole, 0, 1, '2019-06-07 05:28:54', 1, '2019-06-07 05:28:54', 1, 0)
   INSERT INTO dbo.dnn_Users(Username, FirstName, LastName, Email, DisplayName, UpdatePassword, LastIPAddress, IsDeleted, CreatedByUserID, CreatedOnDate, LastModifiedByUserID, LastModifiedOnDate, PasswordResetToken, PasswordResetExpiration)
   VALUES('fisherc@youku.com', 'Curtis', 'Fisher', 'fisherc@youku.com', 'Curtis Fisher', 0, '', 0, 1, '2019-06-07 05:28:54', 1, '2019-06-07 05:28:54', NULL, NULL)
   SELECT @UserID = SCOPE_IDENTITY()
   INSERT INTO dbo.aspnet_Users(ApplicationID, UserName, LoweredUserName, IsAnonymous, LastActivityDate)
   VALUES(@ApplicationId, 'fisherc@youku.com', 'fisherc@youku.com', 0, '2019-06-07 05:28:54')
   SELECT @AspNetUserID = UserId FROM aspnet_Users WHERE Username = 'fisherc@youku.com'
   INSERT INTO dbo.aspnet_Membership(ApplicationID, UserID, Password, PasswordFormat, PasswordSalt, Email, LoweredEmail, IsApproved, IsLockedOut, CreateDate, LastLoginDate, LastPasswordChangedDate, LastLockoutDate, FailedPasswordAttemptCount, FailedPasswordAttemptWindowStart, FailedPasswordAnswerAttemptCount, FailedPasswordAnswerAttemptWindowStart)
   VALUES(@ApplicationID, @AspNetUserID, 'aMoPu/jMK8Yc4dxEEtAWm+RvKkFRjT38n/c1ORi3HgGWXJI15kNozQ==', 2, 'ub/Nej8BunZL3H6o+Z7+sg==', 'fisherc@youku.com', 'fisherc@youku.com', 1, 0, '2019-06-07 05:28:54', '2019-06-07 05:28:54', '2019-06-07 05:28:54', '1754-01-01 00:00:00.000', 0, '1754-01-01 00:00:00.000', 0, '1754-01-01 00:00:00.000')
   INSERT INTO dbo.dnn_UserPortals(UserID, PortalID, CreatedDate, Authorised, IsDeleted, RefreshRoles)
   VALUES(@UserID, @PortalID, '2019-06-07 05:28:54', 1, 0, 0)
   INSERT INTO dbo.dnn_UserRoles(UserID, RoleID, IsTrialUsed, CreatedByUserID, CreatedOnDate, LastModifiedByUserID, LastModifiedOnDate, [Status], IsOwner)
   VALUES(@UserId, @MaleRole, 0, 1, '2019-06-07 05:28:54', 1, '2019-06-07 05:28:54', 1, 0)
   INSERT INTO dbo.dnn_Users(Username, FirstName, LastName, Email, DisplayName, UpdatePassword, LastIPAddress, IsDeleted, CreatedByUserID, CreatedOnDate, LastModifiedByUserID, LastModifiedOnDate, PasswordResetToken, PasswordResetExpiration)
   VALUES('norman.vasquez@google.com.sa', 'Norman', 'Vasquez', 'norman.vasquez@google.com.sa', 'Norman Vasquez', 0, '', 0, 1, '2019-06-07 05:28:54', 1, '2019-06-07 05:28:54', NULL, NULL)
   SELECT @UserID = SCOPE_IDENTITY()
   INSERT INTO dbo.aspnet_Users(ApplicationID, UserName, LoweredUserName, IsAnonymous, LastActivityDate)
   VALUES(@ApplicationId, 'norman.vasquez@google.com.sa', 'norman.vasquez@google.com.sa', 0, '2019-06-07 05:28:54')
   SELECT @AspNetUserID = UserId FROM aspnet_Users WHERE Username = 'norman.vasquez@google.com.sa'
   INSERT INTO dbo.aspnet_Membership(ApplicationID, UserID, Password, PasswordFormat, PasswordSalt, Email, LoweredEmail, IsApproved, IsLockedOut, CreateDate, LastLoginDate, LastPasswordChangedDate, LastLockoutDate, FailedPasswordAttemptCount, FailedPasswordAttemptWindowStart, FailedPasswordAnswerAttemptCount, FailedPasswordAnswerAttemptWindowStart)
   VALUES(@ApplicationID, @AspNetUserID, 'aMoPu/jMK8Yc4dxEEtAWm+RvKkFRjT38n/c1ORi3HgGWXJI15kNozQ==', 2, 'ub/Nej8BunZL3H6o+Z7+sg==', 'norman.vasquez@google.com.sa', 'norman.vasquez@google.com.sa', 1, 0, '2019-06-07 05:28:54', '2019-06-07 05:28:54', '2019-06-07 05:28:54', '1754-01-01 00:00:00.000', 0, '1754-01-01 00:00:00.000', 0, '1754-01-01 00:00:00.000')
   INSERT INTO dbo.dnn_UserPortals(UserID, PortalID, CreatedDate, Authorised, IsDeleted, RefreshRoles)
   VALUES(@UserID, @PortalID, '2019-06-07 05:28:54', 1, 0, 0)
   INSERT INTO dbo.dnn_UserRoles(UserID, RoleID, IsTrialUsed, CreatedByUserID, CreatedOnDate, LastModifiedByUserID, LastModifiedOnDate, [Status], IsOwner)
   VALUES(@UserId, @MaleRole, 0, 1, '2019-06-07 05:28:54', 1, '2019-06-07 05:28:54', 1, 0)
   INSERT INTO dbo.dnn_Users(Username, FirstName, LastName, Email, DisplayName, UpdatePassword, LastIPAddress, IsDeleted, CreatedByUserID, CreatedOnDate, LastModifiedByUserID, LastModifiedOnDate, PasswordResetToken, PasswordResetExpiration)
   VALUES('a.simmons@bbc.com', 'Allen', 'Simmons', 'a.simmons@bbc.com', 'Allen Simmons', 0, '', 0, 1, '2019-06-07 05:28:54', 1, '2019-06-07 05:28:54', NULL, NULL)
   SELECT @UserID = SCOPE_IDENTITY()
   INSERT INTO dbo.aspnet_Users(ApplicationID, UserName, LoweredUserName, IsAnonymous, LastActivityDate)
   VALUES(@ApplicationId, 'a.simmons@bbc.com', 'a.simmons@bbc.com', 0, '2019-06-07 05:28:54')
   SELECT @AspNetUserID = UserId FROM aspnet_Users WHERE Username = 'a.simmons@bbc.com'
   INSERT INTO dbo.aspnet_Membership(ApplicationID, UserID, Password, PasswordFormat, PasswordSalt, Email, LoweredEmail, IsApproved, IsLockedOut, CreateDate, LastLoginDate, LastPasswordChangedDate, LastLockoutDate, FailedPasswordAttemptCount, FailedPasswordAttemptWindowStart, FailedPasswordAnswerAttemptCount, FailedPasswordAnswerAttemptWindowStart)
   VALUES(@ApplicationID, @AspNetUserID, 'aMoPu/jMK8Yc4dxEEtAWm+RvKkFRjT38n/c1ORi3HgGWXJI15kNozQ==', 2, 'ub/Nej8BunZL3H6o+Z7+sg==', 'a.simmons@bbc.com', 'a.simmons@bbc.com', 1, 0, '2019-06-07 05:28:54', '2019-06-07 05:28:54', '2019-06-07 05:28:54', '1754-01-01 00:00:00.000', 0, '1754-01-01 00:00:00.000', 0, '1754-01-01 00:00:00.000')
   INSERT INTO dbo.dnn_UserPortals(UserID, PortalID, CreatedDate, Authorised, IsDeleted, RefreshRoles)
   VALUES(@UserID, @PortalID, '2019-06-07 05:28:54', 1, 0, 0)
   INSERT INTO dbo.dnn_UserRoles(UserID, RoleID, IsTrialUsed, CreatedByUserID, CreatedOnDate, LastModifiedByUserID, LastModifiedOnDate, [Status], IsOwner)
   VALUES(@UserId, @MaleRole, 0, 1, '2019-06-07 05:28:54', 1, '2019-06-07 05:28:54', 1, 0)
   INSERT INTO dbo.dnn_Users(Username, FirstName, LastName, Email, DisplayName, UpdatePassword, LastIPAddress, IsDeleted, CreatedByUserID, CreatedOnDate, LastModifiedByUserID, LastModifiedOnDate, PasswordResetToken, PasswordResetExpiration)
   VALUES('romerom@flipkart.com', 'Marvin', 'Romero', 'romerom@flipkart.com', 'Marvin Romero', 0, '', 0, 1, '2019-06-07 05:28:54', 1, '2019-06-07 05:28:54', NULL, NULL)
   SELECT @UserID = SCOPE_IDENTITY()
   INSERT INTO dbo.aspnet_Users(ApplicationID, UserName, LoweredUserName, IsAnonymous, LastActivityDate)
   VALUES(@ApplicationId, 'romerom@flipkart.com', 'romerom@flipkart.com', 0, '2019-06-07 05:28:54')
   SELECT @AspNetUserID = UserId FROM aspnet_Users WHERE Username = 'romerom@flipkart.com'
   INSERT INTO dbo.aspnet_Membership(ApplicationID, UserID, Password, PasswordFormat, PasswordSalt, Email, LoweredEmail, IsApproved, IsLockedOut, CreateDate, LastLoginDate, LastPasswordChangedDate, LastLockoutDate, FailedPasswordAttemptCount, FailedPasswordAttemptWindowStart, FailedPasswordAnswerAttemptCount, FailedPasswordAnswerAttemptWindowStart)
   VALUES(@ApplicationID, @AspNetUserID, 'aMoPu/jMK8Yc4dxEEtAWm+RvKkFRjT38n/c1ORi3HgGWXJI15kNozQ==', 2, 'ub/Nej8BunZL3H6o+Z7+sg==', 'romerom@flipkart.com', 'romerom@flipkart.com', 1, 0, '2019-06-07 05:28:54', '2019-06-07 05:28:54', '2019-06-07 05:28:54', '1754-01-01 00:00:00.000', 0, '1754-01-01 00:00:00.000', 0, '1754-01-01 00:00:00.000')
   INSERT INTO dbo.dnn_UserPortals(UserID, PortalID, CreatedDate, Authorised, IsDeleted, RefreshRoles)
   VALUES(@UserID, @PortalID, '2019-06-07 05:28:54', 1, 0, 0)
   INSERT INTO dbo.dnn_UserRoles(UserID, RoleID, IsTrialUsed, CreatedByUserID, CreatedOnDate, LastModifiedByUserID, LastModifiedOnDate, [Status], IsOwner)
   VALUES(@UserId, @MaleRole, 0, 1, '2019-06-07 05:28:54', 1, '2019-06-07 05:28:54', 1, 0)
   INSERT INTO dbo.dnn_UserRoles(UserID, RoleID, IsTrialUsed, CreatedByUserID, CreatedOnDate, LastModifiedByUserID, LastModifiedOnDate, [Status], IsOwner)
   VALUES(@UserId, @AcademicRole, 0, 1, '2019-06-07 05:28:54', 1, '2019-06-07 05:28:54', 1, 0)
   INSERT INTO dbo.dnn_Users(Username, FirstName, LastName, Email, DisplayName, UpdatePassword, LastIPAddress, IsDeleted, CreatedByUserID, CreatedOnDate, LastModifiedByUserID, LastModifiedOnDate, PasswordResetToken, PasswordResetExpiration)
   VALUES('vincent.jordan@alipay.com', 'Vincent', 'Jordan', 'vincent.jordan@alipay.com', 'Vincent Jordan', 0, '', 0, 1, '2019-06-07 05:28:54', 1, '2019-06-07 05:28:54', NULL, NULL)
   SELECT @UserID = SCOPE_IDENTITY()
   INSERT INTO dbo.aspnet_Users(ApplicationID, UserName, LoweredUserName, IsAnonymous, LastActivityDate)
   VALUES(@ApplicationId, 'vincent.jordan@alipay.com', 'vincent.jordan@alipay.com', 0, '2019-06-07 05:28:54')
   SELECT @AspNetUserID = UserId FROM aspnet_Users WHERE Username = 'vincent.jordan@alipay.com'
   INSERT INTO dbo.aspnet_Membership(ApplicationID, UserID, Password, PasswordFormat, PasswordSalt, Email, LoweredEmail, IsApproved, IsLockedOut, CreateDate, LastLoginDate, LastPasswordChangedDate, LastLockoutDate, FailedPasswordAttemptCount, FailedPasswordAttemptWindowStart, FailedPasswordAnswerAttemptCount, FailedPasswordAnswerAttemptWindowStart)
   VALUES(@ApplicationID, @AspNetUserID, 'aMoPu/jMK8Yc4dxEEtAWm+RvKkFRjT38n/c1ORi3HgGWXJI15kNozQ==', 2, 'ub/Nej8BunZL3H6o+Z7+sg==', 'vincent.jordan@alipay.com', 'vincent.jordan@alipay.com', 1, 0, '2019-06-07 05:28:54', '2019-06-07 05:28:54', '2019-06-07 05:28:54', '1754-01-01 00:00:00.000', 0, '1754-01-01 00:00:00.000', 0, '1754-01-01 00:00:00.000')
   INSERT INTO dbo.dnn_UserPortals(UserID, PortalID, CreatedDate, Authorised, IsDeleted, RefreshRoles)
   VALUES(@UserID, @PortalID, '2019-06-07 05:28:54', 1, 0, 0)
   INSERT INTO dbo.dnn_UserRoles(UserID, RoleID, IsTrialUsed, CreatedByUserID, CreatedOnDate, LastModifiedByUserID, LastModifiedOnDate, [Status], IsOwner)
   VALUES(@UserId, @MaleRole, 0, 1, '2019-06-07 05:28:54', 1, '2019-06-07 05:28:54', 1, 0)
   INSERT INTO dbo.dnn_Users(Username, FirstName, LastName, Email, DisplayName, UpdatePassword, LastIPAddress, IsDeleted, CreatedByUserID, CreatedOnDate, LastModifiedByUserID, LastModifiedOnDate, PasswordResetToken, PasswordResetExpiration)
   VALUES('g.patterson@bongacams.com', 'Glenn', 'Patterson', 'g.patterson@bongacams.com', 'Glenn Patterson', 0, '', 0, 1, '2019-06-07 05:28:54', 1, '2019-06-07 05:28:54', NULL, NULL)
   SELECT @UserID = SCOPE_IDENTITY()
   INSERT INTO dbo.aspnet_Users(ApplicationID, UserName, LoweredUserName, IsAnonymous, LastActivityDate)
   VALUES(@ApplicationId, 'g.patterson@bongacams.com', 'g.patterson@bongacams.com', 0, '2019-06-07 05:28:54')
   SELECT @AspNetUserID = UserId FROM aspnet_Users WHERE Username = 'g.patterson@bongacams.com'
   INSERT INTO dbo.aspnet_Membership(ApplicationID, UserID, Password, PasswordFormat, PasswordSalt, Email, LoweredEmail, IsApproved, IsLockedOut, CreateDate, LastLoginDate, LastPasswordChangedDate, LastLockoutDate, FailedPasswordAttemptCount, FailedPasswordAttemptWindowStart, FailedPasswordAnswerAttemptCount, FailedPasswordAnswerAttemptWindowStart)
   VALUES(@ApplicationID, @AspNetUserID, 'aMoPu/jMK8Yc4dxEEtAWm+RvKkFRjT38n/c1ORi3HgGWXJI15kNozQ==', 2, 'ub/Nej8BunZL3H6o+Z7+sg==', 'g.patterson@bongacams.com', 'g.patterson@bongacams.com', 1, 0, '2019-06-07 05:28:54', '2019-06-07 05:28:54', '2019-06-07 05:28:54', '1754-01-01 00:00:00.000', 0, '1754-01-01 00:00:00.000', 0, '1754-01-01 00:00:00.000')
   INSERT INTO dbo.dnn_UserPortals(UserID, PortalID, CreatedDate, Authorised, IsDeleted, RefreshRoles)
   VALUES(@UserID, @PortalID, '2019-06-07 05:28:54', 1, 0, 0)
   INSERT INTO dbo.dnn_UserRoles(UserID, RoleID, IsTrialUsed, CreatedByUserID, CreatedOnDate, LastModifiedByUserID, LastModifiedOnDate, [Status], IsOwner)
   VALUES(@UserId, @MaleRole, 0, 1, '2019-06-07 05:28:54', 1, '2019-06-07 05:28:54', 1, 0)
   INSERT INTO dbo.dnn_Users(Username, FirstName, LastName, Email, DisplayName, UpdatePassword, LastIPAddress, IsDeleted, CreatedByUserID, CreatedOnDate, LastModifiedByUserID, LastModifiedOnDate, PasswordResetToken, PasswordResetExpiration)
   VALUES('alexanderj@adf.ly', 'Jeffery', 'Alexander', 'alexanderj@adf.ly', 'Jeffery Alexander', 0, '', 0, 1, '2019-06-07 05:28:54', 1, '2019-06-07 05:28:54', NULL, NULL)
   SELECT @UserID = SCOPE_IDENTITY()
   INSERT INTO dbo.aspnet_Users(ApplicationID, UserName, LoweredUserName, IsAnonymous, LastActivityDate)
   VALUES(@ApplicationId, 'alexanderj@adf.ly', 'alexanderj@adf.ly', 0, '2019-06-07 05:28:54')
   SELECT @AspNetUserID = UserId FROM aspnet_Users WHERE Username = 'alexanderj@adf.ly'
   INSERT INTO dbo.aspnet_Membership(ApplicationID, UserID, Password, PasswordFormat, PasswordSalt, Email, LoweredEmail, IsApproved, IsLockedOut, CreateDate, LastLoginDate, LastPasswordChangedDate, LastLockoutDate, FailedPasswordAttemptCount, FailedPasswordAttemptWindowStart, FailedPasswordAnswerAttemptCount, FailedPasswordAnswerAttemptWindowStart)
   VALUES(@ApplicationID, @AspNetUserID, 'aMoPu/jMK8Yc4dxEEtAWm+RvKkFRjT38n/c1ORi3HgGWXJI15kNozQ==', 2, 'ub/Nej8BunZL3H6o+Z7+sg==', 'alexanderj@adf.ly', 'alexanderj@adf.ly', 1, 0, '2019-06-07 05:28:54', '2019-06-07 05:28:54', '2019-06-07 05:28:54', '1754-01-01 00:00:00.000', 0, '1754-01-01 00:00:00.000', 0, '1754-01-01 00:00:00.000')
   INSERT INTO dbo.dnn_UserPortals(UserID, PortalID, CreatedDate, Authorised, IsDeleted, RefreshRoles)
   VALUES(@UserID, @PortalID, '2019-06-07 05:28:54', 1, 0, 0)
   INSERT INTO dbo.dnn_UserRoles(UserID, RoleID, IsTrialUsed, CreatedByUserID, CreatedOnDate, LastModifiedByUserID, LastModifiedOnDate, [Status], IsOwner)
   VALUES(@UserId, @MaleRole, 0, 1, '2019-06-07 05:28:54', 1, '2019-06-07 05:28:54', 1, 0)
   INSERT INTO dbo.dnn_UserRoles(UserID, RoleID, IsTrialUsed, CreatedByUserID, CreatedOnDate, LastModifiedByUserID, LastModifiedOnDate, [Status], IsOwner)
   VALUES(@UserId, @ManagerRole, 0, 1, '2019-06-07 05:28:54', 1, '2019-06-07 05:28:54', 1, 0)
   INSERT INTO dbo.dnn_Users(Username, FirstName, LastName, Email, DisplayName, UpdatePassword, LastIPAddress, IsDeleted, CreatedByUserID, CreatedOnDate, LastModifiedByUserID, LastModifiedOnDate, PasswordResetToken, PasswordResetExpiration)
   VALUES('travis.hamilton@nytimes.com', 'Travis', 'Hamilton', 'travis.hamilton@nytimes.com', 'Travis Hamilton', 0, '', 0, 1, '2019-06-07 05:28:54', 1, '2019-06-07 05:28:54', NULL, NULL)
   SELECT @UserID = SCOPE_IDENTITY()
   INSERT INTO dbo.aspnet_Users(ApplicationID, UserName, LoweredUserName, IsAnonymous, LastActivityDate)
   VALUES(@ApplicationId, 'travis.hamilton@nytimes.com', 'travis.hamilton@nytimes.com', 0, '2019-06-07 05:28:54')
   SELECT @AspNetUserID = UserId FROM aspnet_Users WHERE Username = 'travis.hamilton@nytimes.com'
   INSERT INTO dbo.aspnet_Membership(ApplicationID, UserID, Password, PasswordFormat, PasswordSalt, Email, LoweredEmail, IsApproved, IsLockedOut, CreateDate, LastLoginDate, LastPasswordChangedDate, LastLockoutDate, FailedPasswordAttemptCount, FailedPasswordAttemptWindowStart, FailedPasswordAnswerAttemptCount, FailedPasswordAnswerAttemptWindowStart)
   VALUES(@ApplicationID, @AspNetUserID, 'aMoPu/jMK8Yc4dxEEtAWm+RvKkFRjT38n/c1ORi3HgGWXJI15kNozQ==', 2, 'ub/Nej8BunZL3H6o+Z7+sg==', 'travis.hamilton@nytimes.com', 'travis.hamilton@nytimes.com', 1, 0, '2019-06-07 05:28:54', '2019-06-07 05:28:54', '2019-06-07 05:28:54', '1754-01-01 00:00:00.000', 0, '1754-01-01 00:00:00.000', 0, '1754-01-01 00:00:00.000')
   INSERT INTO dbo.dnn_UserPortals(UserID, PortalID, CreatedDate, Authorised, IsDeleted, RefreshRoles)
   VALUES(@UserID, @PortalID, '2019-06-07 05:28:54', 1, 0, 0)
   INSERT INTO dbo.dnn_UserRoles(UserID, RoleID, IsTrialUsed, CreatedByUserID, CreatedOnDate, LastModifiedByUserID, LastModifiedOnDate, [Status], IsOwner)
   VALUES(@UserId, @MaleRole, 0, 1, '2019-06-07 05:28:54', 1, '2019-06-07 05:28:54', 1, 0)
   INSERT INTO dbo.dnn_Users(Username, FirstName, LastName, Email, DisplayName, UpdatePassword, LastIPAddress, IsDeleted, CreatedByUserID, CreatedOnDate, LastModifiedByUserID, LastModifiedOnDate, PasswordResetToken, PasswordResetExpiration)
   VALUES('j.graham@google.nl', 'Jeff', 'Graham', 'j.graham@google.nl', 'Jeff Graham', 0, '', 0, 1, '2019-06-07 05:28:54', 1, '2019-06-07 05:28:54', NULL, NULL)
   SELECT @UserID = SCOPE_IDENTITY()
   INSERT INTO dbo.aspnet_Users(ApplicationID, UserName, LoweredUserName, IsAnonymous, LastActivityDate)
   VALUES(@ApplicationId, 'j.graham@google.nl', 'j.graham@google.nl', 0, '2019-06-07 05:28:54')
   SELECT @AspNetUserID = UserId FROM aspnet_Users WHERE Username = 'j.graham@google.nl'
   INSERT INTO dbo.aspnet_Membership(ApplicationID, UserID, Password, PasswordFormat, PasswordSalt, Email, LoweredEmail, IsApproved, IsLockedOut, CreateDate, LastLoginDate, LastPasswordChangedDate, LastLockoutDate, FailedPasswordAttemptCount, FailedPasswordAttemptWindowStart, FailedPasswordAnswerAttemptCount, FailedPasswordAnswerAttemptWindowStart)
   VALUES(@ApplicationID, @AspNetUserID, 'aMoPu/jMK8Yc4dxEEtAWm+RvKkFRjT38n/c1ORi3HgGWXJI15kNozQ==', 2, 'ub/Nej8BunZL3H6o+Z7+sg==', 'j.graham@google.nl', 'j.graham@google.nl', 1, 0, '2019-06-07 05:28:54', '2019-06-07 05:28:54', '2019-06-07 05:28:54', '1754-01-01 00:00:00.000', 0, '1754-01-01 00:00:00.000', 0, '1754-01-01 00:00:00.000')
   INSERT INTO dbo.dnn_UserPortals(UserID, PortalID, CreatedDate, Authorised, IsDeleted, RefreshRoles)
   VALUES(@UserID, @PortalID, '2019-06-07 05:28:54', 1, 0, 0)
   INSERT INTO dbo.dnn_UserRoles(UserID, RoleID, IsTrialUsed, CreatedByUserID, CreatedOnDate, LastModifiedByUserID, LastModifiedOnDate, [Status], IsOwner)
   VALUES(@UserId, @MaleRole, 0, 1, '2019-06-07 05:28:54', 1, '2019-06-07 05:28:54', 1, 0)
   INSERT INTO dbo.dnn_Users(Username, FirstName, LastName, Email, DisplayName, UpdatePassword, LastIPAddress, IsDeleted, CreatedByUserID, CreatedOnDate, LastModifiedByUserID, LastModifiedOnDate, PasswordResetToken, PasswordResetExpiration)
   VALUES('reynoldsc@sogou.com', 'Chad', 'Reynolds', 'reynoldsc@sogou.com', 'Chad Reynolds', 0, '', 0, 1, '2019-06-07 05:28:54', 1, '2019-06-07 05:28:54', NULL, NULL)
   SELECT @UserID = SCOPE_IDENTITY()
   INSERT INTO dbo.aspnet_Users(ApplicationID, UserName, LoweredUserName, IsAnonymous, LastActivityDate)
   VALUES(@ApplicationId, 'reynoldsc@sogou.com', 'reynoldsc@sogou.com', 0, '2019-06-07 05:28:54')
   SELECT @AspNetUserID = UserId FROM aspnet_Users WHERE Username = 'reynoldsc@sogou.com'
   INSERT INTO dbo.aspnet_Membership(ApplicationID, UserID, Password, PasswordFormat, PasswordSalt, Email, LoweredEmail, IsApproved, IsLockedOut, CreateDate, LastLoginDate, LastPasswordChangedDate, LastLockoutDate, FailedPasswordAttemptCount, FailedPasswordAttemptWindowStart, FailedPasswordAnswerAttemptCount, FailedPasswordAnswerAttemptWindowStart)
   VALUES(@ApplicationID, @AspNetUserID, 'aMoPu/jMK8Yc4dxEEtAWm+RvKkFRjT38n/c1ORi3HgGWXJI15kNozQ==', 2, 'ub/Nej8BunZL3H6o+Z7+sg==', 'reynoldsc@sogou.com', 'reynoldsc@sogou.com', 1, 0, '2019-06-07 05:28:54', '2019-06-07 05:28:54', '2019-06-07 05:28:54', '1754-01-01 00:00:00.000', 0, '1754-01-01 00:00:00.000', 0, '1754-01-01 00:00:00.000')
   INSERT INTO dbo.dnn_UserPortals(UserID, PortalID, CreatedDate, Authorised, IsDeleted, RefreshRoles)
   VALUES(@UserID, @PortalID, '2019-06-07 05:28:54', 1, 0, 0)
   INSERT INTO dbo.dnn_UserRoles(UserID, RoleID, IsTrialUsed, CreatedByUserID, CreatedOnDate, LastModifiedByUserID, LastModifiedOnDate, [Status], IsOwner)
   VALUES(@UserId, @MaleRole, 0, 1, '2019-06-07 05:28:54', 1, '2019-06-07 05:28:54', 1, 0)
   INSERT INTO dbo.dnn_Users(Username, FirstName, LastName, Email, DisplayName, UpdatePassword, LastIPAddress, IsDeleted, CreatedByUserID, CreatedOnDate, LastModifiedByUserID, LastModifiedOnDate, PasswordResetToken, PasswordResetExpiration)
   VALUES('jacob.griffin@livedoor.jp', 'Jacob', 'Griffin', 'jacob.griffin@livedoor.jp', 'Jacob Griffin', 0, '', 0, 1, '2019-06-07 05:28:54', 1, '2019-06-07 05:28:54', NULL, NULL)
   SELECT @UserID = SCOPE_IDENTITY()
   INSERT INTO dbo.aspnet_Users(ApplicationID, UserName, LoweredUserName, IsAnonymous, LastActivityDate)
   VALUES(@ApplicationId, 'jacob.griffin@livedoor.jp', 'jacob.griffin@livedoor.jp', 0, '2019-06-07 05:28:54')
   SELECT @AspNetUserID = UserId FROM aspnet_Users WHERE Username = 'jacob.griffin@livedoor.jp'
   INSERT INTO dbo.aspnet_Membership(ApplicationID, UserID, Password, PasswordFormat, PasswordSalt, Email, LoweredEmail, IsApproved, IsLockedOut, CreateDate, LastLoginDate, LastPasswordChangedDate, LastLockoutDate, FailedPasswordAttemptCount, FailedPasswordAttemptWindowStart, FailedPasswordAnswerAttemptCount, FailedPasswordAnswerAttemptWindowStart)
   VALUES(@ApplicationID, @AspNetUserID, 'aMoPu/jMK8Yc4dxEEtAWm+RvKkFRjT38n/c1ORi3HgGWXJI15kNozQ==', 2, 'ub/Nej8BunZL3H6o+Z7+sg==', 'jacob.griffin@livedoor.jp', 'jacob.griffin@livedoor.jp', 1, 0, '2019-06-07 05:28:54', '2019-06-07 05:28:54', '2019-06-07 05:28:54', '1754-01-01 00:00:00.000', 0, '1754-01-01 00:00:00.000', 0, '1754-01-01 00:00:00.000')
   INSERT INTO dbo.dnn_UserPortals(UserID, PortalID, CreatedDate, Authorised, IsDeleted, RefreshRoles)
   VALUES(@UserID, @PortalID, '2019-06-07 05:28:54', 1, 0, 0)
   INSERT INTO dbo.dnn_UserRoles(UserID, RoleID, IsTrialUsed, CreatedByUserID, CreatedOnDate, LastModifiedByUserID, LastModifiedOnDate, [Status], IsOwner)
   VALUES(@UserId, @MaleRole, 0, 1, '2019-06-07 05:28:54', 1, '2019-06-07 05:28:54', 1, 0)
   INSERT INTO dbo.dnn_Users(Username, FirstName, LastName, Email, DisplayName, UpdatePassword, LastIPAddress, IsDeleted, CreatedByUserID, CreatedOnDate, LastModifiedByUserID, LastModifiedOnDate, PasswordResetToken, PasswordResetExpiration)
   VALUES('l.wallace@daum.net', 'Lee', 'Wallace', 'l.wallace@daum.net', 'Lee Wallace', 0, '', 0, 1, '2019-06-07 05:28:54', 1, '2019-06-07 05:28:54', NULL, NULL)
   SELECT @UserID = SCOPE_IDENTITY()
   INSERT INTO dbo.aspnet_Users(ApplicationID, UserName, LoweredUserName, IsAnonymous, LastActivityDate)
   VALUES(@ApplicationId, 'l.wallace@daum.net', 'l.wallace@daum.net', 0, '2019-06-07 05:28:54')
   SELECT @AspNetUserID = UserId FROM aspnet_Users WHERE Username = 'l.wallace@daum.net'
   INSERT INTO dbo.aspnet_Membership(ApplicationID, UserID, Password, PasswordFormat, PasswordSalt, Email, LoweredEmail, IsApproved, IsLockedOut, CreateDate, LastLoginDate, LastPasswordChangedDate, LastLockoutDate, FailedPasswordAttemptCount, FailedPasswordAttemptWindowStart, FailedPasswordAnswerAttemptCount, FailedPasswordAnswerAttemptWindowStart)
   VALUES(@ApplicationID, @AspNetUserID, 'aMoPu/jMK8Yc4dxEEtAWm+RvKkFRjT38n/c1ORi3HgGWXJI15kNozQ==', 2, 'ub/Nej8BunZL3H6o+Z7+sg==', 'l.wallace@daum.net', 'l.wallace@daum.net', 1, 0, '2019-06-07 05:28:54', '2019-06-07 05:28:54', '2019-06-07 05:28:54', '1754-01-01 00:00:00.000', 0, '1754-01-01 00:00:00.000', 0, '1754-01-01 00:00:00.000')
   INSERT INTO dbo.dnn_UserPortals(UserID, PortalID, CreatedDate, Authorised, IsDeleted, RefreshRoles)
   VALUES(@UserID, @PortalID, '2019-06-07 05:28:54', 1, 0, 0)
   INSERT INTO dbo.dnn_UserRoles(UserID, RoleID, IsTrialUsed, CreatedByUserID, CreatedOnDate, LastModifiedByUserID, LastModifiedOnDate, [Status], IsOwner)
   VALUES(@UserId, @MaleRole, 0, 1, '2019-06-07 05:28:54', 1, '2019-06-07 05:28:54', 1, 0)
   INSERT INTO dbo.dnn_Users(Username, FirstName, LastName, Email, DisplayName, UpdatePassword, LastIPAddress, IsDeleted, CreatedByUserID, CreatedOnDate, LastModifiedByUserID, LastModifiedOnDate, PasswordResetToken, PasswordResetExpiration)
   VALUES('morenom@txxx.com', 'Melvin', 'Moreno', 'morenom@txxx.com', 'Melvin Moreno', 0, '', 0, 1, '2019-06-07 05:28:54', 1, '2019-06-07 05:28:54', NULL, NULL)
   SELECT @UserID = SCOPE_IDENTITY()
   INSERT INTO dbo.aspnet_Users(ApplicationID, UserName, LoweredUserName, IsAnonymous, LastActivityDate)
   VALUES(@ApplicationId, 'morenom@txxx.com', 'morenom@txxx.com', 0, '2019-06-07 05:28:54')
   SELECT @AspNetUserID = UserId FROM aspnet_Users WHERE Username = 'morenom@txxx.com'
   INSERT INTO dbo.aspnet_Membership(ApplicationID, UserID, Password, PasswordFormat, PasswordSalt, Email, LoweredEmail, IsApproved, IsLockedOut, CreateDate, LastLoginDate, LastPasswordChangedDate, LastLockoutDate, FailedPasswordAttemptCount, FailedPasswordAttemptWindowStart, FailedPasswordAnswerAttemptCount, FailedPasswordAnswerAttemptWindowStart)
   VALUES(@ApplicationID, @AspNetUserID, 'aMoPu/jMK8Yc4dxEEtAWm+RvKkFRjT38n/c1ORi3HgGWXJI15kNozQ==', 2, 'ub/Nej8BunZL3H6o+Z7+sg==', 'morenom@txxx.com', 'morenom@txxx.com', 1, 0, '2019-06-07 05:28:54', '2019-06-07 05:28:54', '2019-06-07 05:28:54', '1754-01-01 00:00:00.000', 0, '1754-01-01 00:00:00.000', 0, '1754-01-01 00:00:00.000')
   INSERT INTO dbo.dnn_UserPortals(UserID, PortalID, CreatedDate, Authorised, IsDeleted, RefreshRoles)
   VALUES(@UserID, @PortalID, '2019-06-07 05:28:54', 1, 0, 0)
   INSERT INTO dbo.dnn_UserRoles(UserID, RoleID, IsTrialUsed, CreatedByUserID, CreatedOnDate, LastModifiedByUserID, LastModifiedOnDate, [Status], IsOwner)
   VALUES(@UserId, @MaleRole, 0, 1, '2019-06-07 05:28:54', 1, '2019-06-07 05:28:54', 1, 0)
   INSERT INTO dbo.dnn_Users(Username, FirstName, LastName, Email, DisplayName, UpdatePassword, LastIPAddress, IsDeleted, CreatedByUserID, CreatedOnDate, LastModifiedByUserID, LastModifiedOnDate, PasswordResetToken, PasswordResetExpiration)
   VALUES('alfred.west@amazon.cn', 'Alfred', 'West', 'alfred.west@amazon.cn', 'Alfred West', 0, '', 0, 1, '2019-06-07 05:28:54', 1, '2019-06-07 05:28:54', NULL, NULL)
   SELECT @UserID = SCOPE_IDENTITY()
   INSERT INTO dbo.aspnet_Users(ApplicationID, UserName, LoweredUserName, IsAnonymous, LastActivityDate)
   VALUES(@ApplicationId, 'alfred.west@amazon.cn', 'alfred.west@amazon.cn', 0, '2019-06-07 05:28:54')
   SELECT @AspNetUserID = UserId FROM aspnet_Users WHERE Username = 'alfred.west@amazon.cn'
   INSERT INTO dbo.aspnet_Membership(ApplicationID, UserID, Password, PasswordFormat, PasswordSalt, Email, LoweredEmail, IsApproved, IsLockedOut, CreateDate, LastLoginDate, LastPasswordChangedDate, LastLockoutDate, FailedPasswordAttemptCount, FailedPasswordAttemptWindowStart, FailedPasswordAnswerAttemptCount, FailedPasswordAnswerAttemptWindowStart)
   VALUES(@ApplicationID, @AspNetUserID, 'aMoPu/jMK8Yc4dxEEtAWm+RvKkFRjT38n/c1ORi3HgGWXJI15kNozQ==', 2, 'ub/Nej8BunZL3H6o+Z7+sg==', 'alfred.west@amazon.cn', 'alfred.west@amazon.cn', 1, 0, '2019-06-07 05:28:54', '2019-06-07 05:28:54', '2019-06-07 05:28:54', '1754-01-01 00:00:00.000', 0, '1754-01-01 00:00:00.000', 0, '1754-01-01 00:00:00.000')
   INSERT INTO dbo.dnn_UserPortals(UserID, PortalID, CreatedDate, Authorised, IsDeleted, RefreshRoles)
   VALUES(@UserID, @PortalID, '2019-06-07 05:28:54', 1, 0, 0)
   INSERT INTO dbo.dnn_UserRoles(UserID, RoleID, IsTrialUsed, CreatedByUserID, CreatedOnDate, LastModifiedByUserID, LastModifiedOnDate, [Status], IsOwner)
   VALUES(@UserId, @MaleRole, 0, 1, '2019-06-07 05:28:54', 1, '2019-06-07 05:28:54', 1, 0)
   INSERT INTO dbo.dnn_Users(Username, FirstName, LastName, Email, DisplayName, UpdatePassword, LastIPAddress, IsDeleted, CreatedByUserID, CreatedOnDate, LastModifiedByUserID, LastModifiedOnDate, PasswordResetToken, PasswordResetExpiration)
   VALUES('k.cole@espn.go.com', 'Kyle', 'Cole', 'k.cole@espn.go.com', 'Kyle Cole', 0, '', 0, 1, '2019-06-07 05:28:54', 1, '2019-06-07 05:28:54', NULL, NULL)
   SELECT @UserID = SCOPE_IDENTITY()
   INSERT INTO dbo.aspnet_Users(ApplicationID, UserName, LoweredUserName, IsAnonymous, LastActivityDate)
   VALUES(@ApplicationId, 'k.cole@espn.go.com', 'k.cole@espn.go.com', 0, '2019-06-07 05:28:54')
   SELECT @AspNetUserID = UserId FROM aspnet_Users WHERE Username = 'k.cole@espn.go.com'
   INSERT INTO dbo.aspnet_Membership(ApplicationID, UserID, Password, PasswordFormat, PasswordSalt, Email, LoweredEmail, IsApproved, IsLockedOut, CreateDate, LastLoginDate, LastPasswordChangedDate, LastLockoutDate, FailedPasswordAttemptCount, FailedPasswordAttemptWindowStart, FailedPasswordAnswerAttemptCount, FailedPasswordAnswerAttemptWindowStart)
   VALUES(@ApplicationID, @AspNetUserID, 'aMoPu/jMK8Yc4dxEEtAWm+RvKkFRjT38n/c1ORi3HgGWXJI15kNozQ==', 2, 'ub/Nej8BunZL3H6o+Z7+sg==', 'k.cole@espn.go.com', 'k.cole@espn.go.com', 1, 0, '2019-06-07 05:28:54', '2019-06-07 05:28:54', '2019-06-07 05:28:54', '1754-01-01 00:00:00.000', 0, '1754-01-01 00:00:00.000', 0, '1754-01-01 00:00:00.000')
   INSERT INTO dbo.dnn_UserPortals(UserID, PortalID, CreatedDate, Authorised, IsDeleted, RefreshRoles)
   VALUES(@UserID, @PortalID, '2019-06-07 05:28:54', 1, 0, 0)
   INSERT INTO dbo.dnn_UserRoles(UserID, RoleID, IsTrialUsed, CreatedByUserID, CreatedOnDate, LastModifiedByUserID, LastModifiedOnDate, [Status], IsOwner)
   VALUES(@UserId, @MaleRole, 0, 1, '2019-06-07 05:28:54', 1, '2019-06-07 05:28:54', 1, 0)
   INSERT INTO dbo.dnn_Users(Username, FirstName, LastName, Email, DisplayName, UpdatePassword, LastIPAddress, IsDeleted, CreatedByUserID, CreatedOnDate, LastModifiedByUserID, LastModifiedOnDate, PasswordResetToken, PasswordResetExpiration)
   VALUES('hayesf@ebay.co.uk', 'Francis', 'Hayes', 'hayesf@ebay.co.uk', 'Francis Hayes', 0, '', 0, 1, '2019-06-07 05:28:54', 1, '2019-06-07 05:28:54', NULL, NULL)
   SELECT @UserID = SCOPE_IDENTITY()
   INSERT INTO dbo.aspnet_Users(ApplicationID, UserName, LoweredUserName, IsAnonymous, LastActivityDate)
   VALUES(@ApplicationId, 'hayesf@ebay.co.uk', 'hayesf@ebay.co.uk', 0, '2019-06-07 05:28:54')
   SELECT @AspNetUserID = UserId FROM aspnet_Users WHERE Username = 'hayesf@ebay.co.uk'
   INSERT INTO dbo.aspnet_Membership(ApplicationID, UserID, Password, PasswordFormat, PasswordSalt, Email, LoweredEmail, IsApproved, IsLockedOut, CreateDate, LastLoginDate, LastPasswordChangedDate, LastLockoutDate, FailedPasswordAttemptCount, FailedPasswordAttemptWindowStart, FailedPasswordAnswerAttemptCount, FailedPasswordAnswerAttemptWindowStart)
   VALUES(@ApplicationID, @AspNetUserID, 'aMoPu/jMK8Yc4dxEEtAWm+RvKkFRjT38n/c1ORi3HgGWXJI15kNozQ==', 2, 'ub/Nej8BunZL3H6o+Z7+sg==', 'hayesf@ebay.co.uk', 'hayesf@ebay.co.uk', 1, 0, '2019-06-07 05:28:54', '2019-06-07 05:28:54', '2019-06-07 05:28:54', '1754-01-01 00:00:00.000', 0, '1754-01-01 00:00:00.000', 0, '1754-01-01 00:00:00.000')
   INSERT INTO dbo.dnn_UserPortals(UserID, PortalID, CreatedDate, Authorised, IsDeleted, RefreshRoles)
   VALUES(@UserID, @PortalID, '2019-06-07 05:28:54', 1, 0, 0)
   INSERT INTO dbo.dnn_UserRoles(UserID, RoleID, IsTrialUsed, CreatedByUserID, CreatedOnDate, LastModifiedByUserID, LastModifiedOnDate, [Status], IsOwner)
   VALUES(@UserId, @MaleRole, 0, 1, '2019-06-07 05:28:54', 1, '2019-06-07 05:28:54', 1, 0)
   INSERT INTO dbo.dnn_Users(Username, FirstName, LastName, Email, DisplayName, UpdatePassword, LastIPAddress, IsDeleted, CreatedByUserID, CreatedOnDate, LastModifiedByUserID, LastModifiedOnDate, PasswordResetToken, PasswordResetExpiration)
   VALUES('bradley.bryant@ettoday.net', 'Bradley', 'Bryant', 'bradley.bryant@ettoday.net', 'Bradley Bryant', 0, '', 0, 1, '2019-06-07 05:28:54', 1, '2019-06-07 05:28:54', NULL, NULL)
   SELECT @UserID = SCOPE_IDENTITY()
   INSERT INTO dbo.aspnet_Users(ApplicationID, UserName, LoweredUserName, IsAnonymous, LastActivityDate)
   VALUES(@ApplicationId, 'bradley.bryant@ettoday.net', 'bradley.bryant@ettoday.net', 0, '2019-06-07 05:28:54')
   SELECT @AspNetUserID = UserId FROM aspnet_Users WHERE Username = 'bradley.bryant@ettoday.net'
   INSERT INTO dbo.aspnet_Membership(ApplicationID, UserID, Password, PasswordFormat, PasswordSalt, Email, LoweredEmail, IsApproved, IsLockedOut, CreateDate, LastLoginDate, LastPasswordChangedDate, LastLockoutDate, FailedPasswordAttemptCount, FailedPasswordAttemptWindowStart, FailedPasswordAnswerAttemptCount, FailedPasswordAnswerAttemptWindowStart)
   VALUES(@ApplicationID, @AspNetUserID, 'aMoPu/jMK8Yc4dxEEtAWm+RvKkFRjT38n/c1ORi3HgGWXJI15kNozQ==', 2, 'ub/Nej8BunZL3H6o+Z7+sg==', 'bradley.bryant@ettoday.net', 'bradley.bryant@ettoday.net', 1, 0, '2019-06-07 05:28:54', '2019-06-07 05:28:54', '2019-06-07 05:28:54', '1754-01-01 00:00:00.000', 0, '1754-01-01 00:00:00.000', 0, '1754-01-01 00:00:00.000')
   INSERT INTO dbo.dnn_UserPortals(UserID, PortalID, CreatedDate, Authorised, IsDeleted, RefreshRoles)
   VALUES(@UserID, @PortalID, '2019-06-07 05:28:54', 1, 0, 0)
   INSERT INTO dbo.dnn_UserRoles(UserID, RoleID, IsTrialUsed, CreatedByUserID, CreatedOnDate, LastModifiedByUserID, LastModifiedOnDate, [Status], IsOwner)
   VALUES(@UserId, @MaleRole, 0, 1, '2019-06-07 05:28:54', 1, '2019-06-07 05:28:54', 1, 0)
   INSERT INTO dbo.dnn_UserRoles(UserID, RoleID, IsTrialUsed, CreatedByUserID, CreatedOnDate, LastModifiedByUserID, LastModifiedOnDate, [Status], IsOwner)
   VALUES(@UserId, @ManagerRole, 0, 1, '2019-06-07 05:28:54', 1, '2019-06-07 05:28:54', 1, 0)
   INSERT INTO dbo.dnn_UserRoles(UserID, RoleID, IsTrialUsed, CreatedByUserID, CreatedOnDate, LastModifiedByUserID, LastModifiedOnDate, [Status], IsOwner)
   VALUES(@UserId, @AcademicRole, 0, 1, '2019-06-07 05:28:54', 1, '2019-06-07 05:28:54', 1, 0)
   INSERT INTO dbo.dnn_Users(Username, FirstName, LastName, Email, DisplayName, UpdatePassword, LastIPAddress, IsDeleted, CreatedByUserID, CreatedOnDate, LastModifiedByUserID, LastModifiedOnDate, PasswordResetToken, PasswordResetExpiration)
   VALUES('j.herrera@bankofamerica.com', 'Jesus', 'Herrera', 'j.herrera@bankofamerica.com', 'Jesus Herrera', 0, '', 0, 1, '2019-06-07 05:28:54', 1, '2019-06-07 05:28:54', NULL, NULL)
   SELECT @UserID = SCOPE_IDENTITY()
   INSERT INTO dbo.aspnet_Users(ApplicationID, UserName, LoweredUserName, IsAnonymous, LastActivityDate)
   VALUES(@ApplicationId, 'j.herrera@bankofamerica.com', 'j.herrera@bankofamerica.com', 0, '2019-06-07 05:28:54')
   SELECT @AspNetUserID = UserId FROM aspnet_Users WHERE Username = 'j.herrera@bankofamerica.com'
   INSERT INTO dbo.aspnet_Membership(ApplicationID, UserID, Password, PasswordFormat, PasswordSalt, Email, LoweredEmail, IsApproved, IsLockedOut, CreateDate, LastLoginDate, LastPasswordChangedDate, LastLockoutDate, FailedPasswordAttemptCount, FailedPasswordAttemptWindowStart, FailedPasswordAnswerAttemptCount, FailedPasswordAnswerAttemptWindowStart)
   VALUES(@ApplicationID, @AspNetUserID, 'aMoPu/jMK8Yc4dxEEtAWm+RvKkFRjT38n/c1ORi3HgGWXJI15kNozQ==', 2, 'ub/Nej8BunZL3H6o+Z7+sg==', 'j.herrera@bankofamerica.com', 'j.herrera@bankofamerica.com', 1, 0, '2019-06-07 05:28:54', '2019-06-07 05:28:54', '2019-06-07 05:28:54', '1754-01-01 00:00:00.000', 0, '1754-01-01 00:00:00.000', 0, '1754-01-01 00:00:00.000')
   INSERT INTO dbo.dnn_UserPortals(UserID, PortalID, CreatedDate, Authorised, IsDeleted, RefreshRoles)
   VALUES(@UserID, @PortalID, '2019-06-07 05:28:54', 1, 0, 0)
   INSERT INTO dbo.dnn_UserRoles(UserID, RoleID, IsTrialUsed, CreatedByUserID, CreatedOnDate, LastModifiedByUserID, LastModifiedOnDate, [Status], IsOwner)
   VALUES(@UserId, @MaleRole, 0, 1, '2019-06-07 05:28:54', 1, '2019-06-07 05:28:54', 1, 0)
   INSERT INTO dbo.dnn_Users(Username, FirstName, LastName, Email, DisplayName, UpdatePassword, LastIPAddress, IsDeleted, CreatedByUserID, CreatedOnDate, LastModifiedByUserID, LastModifiedOnDate, PasswordResetToken, PasswordResetExpiration)
   VALUES('gibsonh@china.com', 'Herbert', 'Gibson', 'gibsonh@china.com', 'Herbert Gibson', 0, '', 0, 1, '2019-06-07 05:28:54', 1, '2019-06-07 05:28:54', NULL, NULL)
   SELECT @UserID = SCOPE_IDENTITY()
   INSERT INTO dbo.aspnet_Users(ApplicationID, UserName, LoweredUserName, IsAnonymous, LastActivityDate)
   VALUES(@ApplicationId, 'gibsonh@china.com', 'gibsonh@china.com', 0, '2019-06-07 05:28:54')
   SELECT @AspNetUserID = UserId FROM aspnet_Users WHERE Username = 'gibsonh@china.com'
   INSERT INTO dbo.aspnet_Membership(ApplicationID, UserID, Password, PasswordFormat, PasswordSalt, Email, LoweredEmail, IsApproved, IsLockedOut, CreateDate, LastLoginDate, LastPasswordChangedDate, LastLockoutDate, FailedPasswordAttemptCount, FailedPasswordAttemptWindowStart, FailedPasswordAnswerAttemptCount, FailedPasswordAnswerAttemptWindowStart)
   VALUES(@ApplicationID, @AspNetUserID, 'aMoPu/jMK8Yc4dxEEtAWm+RvKkFRjT38n/c1ORi3HgGWXJI15kNozQ==', 2, 'ub/Nej8BunZL3H6o+Z7+sg==', 'gibsonh@china.com', 'gibsonh@china.com', 1, 0, '2019-06-07 05:28:54', '2019-06-07 05:28:54', '2019-06-07 05:28:54', '1754-01-01 00:00:00.000', 0, '1754-01-01 00:00:00.000', 0, '1754-01-01 00:00:00.000')
   INSERT INTO dbo.dnn_UserPortals(UserID, PortalID, CreatedDate, Authorised, IsDeleted, RefreshRoles)
   VALUES(@UserID, @PortalID, '2019-06-07 05:28:54', 1, 0, 0)
   INSERT INTO dbo.dnn_UserRoles(UserID, RoleID, IsTrialUsed, CreatedByUserID, CreatedOnDate, LastModifiedByUserID, LastModifiedOnDate, [Status], IsOwner)
   VALUES(@UserId, @MaleRole, 0, 1, '2019-06-07 05:28:54', 1, '2019-06-07 05:28:54', 1, 0)
   INSERT INTO dbo.dnn_Users(Username, FirstName, LastName, Email, DisplayName, UpdatePassword, LastIPAddress, IsDeleted, CreatedByUserID, CreatedOnDate, LastModifiedByUserID, LastModifiedOnDate, PasswordResetToken, PasswordResetExpiration)
   VALUES('frederick.ellis@indiatimes.com', 'Frederick', 'Ellis', 'frederick.ellis@indiatimes.com', 'Frederick Ellis', 0, '', 0, 1, '2019-06-07 05:28:54', 1, '2019-06-07 05:28:54', NULL, NULL)
   SELECT @UserID = SCOPE_IDENTITY()
   INSERT INTO dbo.aspnet_Users(ApplicationID, UserName, LoweredUserName, IsAnonymous, LastActivityDate)
   VALUES(@ApplicationId, 'frederick.ellis@indiatimes.com', 'frederick.ellis@indiatimes.com', 0, '2019-06-07 05:28:54')
   SELECT @AspNetUserID = UserId FROM aspnet_Users WHERE Username = 'frederick.ellis@indiatimes.com'
   INSERT INTO dbo.aspnet_Membership(ApplicationID, UserID, Password, PasswordFormat, PasswordSalt, Email, LoweredEmail, IsApproved, IsLockedOut, CreateDate, LastLoginDate, LastPasswordChangedDate, LastLockoutDate, FailedPasswordAttemptCount, FailedPasswordAttemptWindowStart, FailedPasswordAnswerAttemptCount, FailedPasswordAnswerAttemptWindowStart)
   VALUES(@ApplicationID, @AspNetUserID, 'aMoPu/jMK8Yc4dxEEtAWm+RvKkFRjT38n/c1ORi3HgGWXJI15kNozQ==', 2, 'ub/Nej8BunZL3H6o+Z7+sg==', 'frederick.ellis@indiatimes.com', 'frederick.ellis@indiatimes.com', 1, 0, '2019-06-07 05:28:54', '2019-06-07 05:28:54', '2019-06-07 05:28:54', '1754-01-01 00:00:00.000', 0, '1754-01-01 00:00:00.000', 0, '1754-01-01 00:00:00.000')
   INSERT INTO dbo.dnn_UserPortals(UserID, PortalID, CreatedDate, Authorised, IsDeleted, RefreshRoles)
   VALUES(@UserID, @PortalID, '2019-06-07 05:28:54', 1, 0, 0)
   INSERT INTO dbo.dnn_UserRoles(UserID, RoleID, IsTrialUsed, CreatedByUserID, CreatedOnDate, LastModifiedByUserID, LastModifiedOnDate, [Status], IsOwner)
   VALUES(@UserId, @MaleRole, 0, 1, '2019-06-07 05:28:54', 1, '2019-06-07 05:28:54', 1, 0)
   INSERT INTO dbo.dnn_Users(Username, FirstName, LastName, Email, DisplayName, UpdatePassword, LastIPAddress, IsDeleted, CreatedByUserID, CreatedOnDate, LastModifiedByUserID, LastModifiedOnDate, PasswordResetToken, PasswordResetExpiration)
   VALUES('r.tran@myway.com', 'Ray', 'Tran', 'r.tran@myway.com', 'Ray Tran', 0, '', 0, 1, '2019-06-07 05:28:54', 1, '2019-06-07 05:28:54', NULL, NULL)
   SELECT @UserID = SCOPE_IDENTITY()
   INSERT INTO dbo.aspnet_Users(ApplicationID, UserName, LoweredUserName, IsAnonymous, LastActivityDate)
   VALUES(@ApplicationId, 'r.tran@myway.com', 'r.tran@myway.com', 0, '2019-06-07 05:28:54')
   SELECT @AspNetUserID = UserId FROM aspnet_Users WHERE Username = 'r.tran@myway.com'
   INSERT INTO dbo.aspnet_Membership(ApplicationID, UserID, Password, PasswordFormat, PasswordSalt, Email, LoweredEmail, IsApproved, IsLockedOut, CreateDate, LastLoginDate, LastPasswordChangedDate, LastLockoutDate, FailedPasswordAttemptCount, FailedPasswordAttemptWindowStart, FailedPasswordAnswerAttemptCount, FailedPasswordAnswerAttemptWindowStart)
   VALUES(@ApplicationID, @AspNetUserID, 'aMoPu/jMK8Yc4dxEEtAWm+RvKkFRjT38n/c1ORi3HgGWXJI15kNozQ==', 2, 'ub/Nej8BunZL3H6o+Z7+sg==', 'r.tran@myway.com', 'r.tran@myway.com', 1, 0, '2019-06-07 05:28:54', '2019-06-07 05:28:54', '2019-06-07 05:28:54', '1754-01-01 00:00:00.000', 0, '1754-01-01 00:00:00.000', 0, '1754-01-01 00:00:00.000')
   INSERT INTO dbo.dnn_UserPortals(UserID, PortalID, CreatedDate, Authorised, IsDeleted, RefreshRoles)
   VALUES(@UserID, @PortalID, '2019-06-07 05:28:54', 1, 0, 0)
   INSERT INTO dbo.dnn_UserRoles(UserID, RoleID, IsTrialUsed, CreatedByUserID, CreatedOnDate, LastModifiedByUserID, LastModifiedOnDate, [Status], IsOwner)
   VALUES(@UserId, @MaleRole, 0, 1, '2019-06-07 05:28:54', 1, '2019-06-07 05:28:54', 1, 0)
   INSERT INTO dbo.dnn_Users(Username, FirstName, LastName, Email, DisplayName, UpdatePassword, LastIPAddress, IsDeleted, CreatedByUserID, CreatedOnDate, LastModifiedByUserID, LastModifiedOnDate, PasswordResetToken, PasswordResetExpiration)
   VALUES('medinaj@bilibili.com', 'Joel', 'Medina', 'medinaj@bilibili.com', 'Joel Medina', 0, '', 0, 1, '2019-06-07 05:28:54', 1, '2019-06-07 05:28:54', NULL, NULL)
   SELECT @UserID = SCOPE_IDENTITY()
   INSERT INTO dbo.aspnet_Users(ApplicationID, UserName, LoweredUserName, IsAnonymous, LastActivityDate)
   VALUES(@ApplicationId, 'medinaj@bilibili.com', 'medinaj@bilibili.com', 0, '2019-06-07 05:28:54')
   SELECT @AspNetUserID = UserId FROM aspnet_Users WHERE Username = 'medinaj@bilibili.com'
   INSERT INTO dbo.aspnet_Membership(ApplicationID, UserID, Password, PasswordFormat, PasswordSalt, Email, LoweredEmail, IsApproved, IsLockedOut, CreateDate, LastLoginDate, LastPasswordChangedDate, LastLockoutDate, FailedPasswordAttemptCount, FailedPasswordAttemptWindowStart, FailedPasswordAnswerAttemptCount, FailedPasswordAnswerAttemptWindowStart)
   VALUES(@ApplicationID, @AspNetUserID, 'aMoPu/jMK8Yc4dxEEtAWm+RvKkFRjT38n/c1ORi3HgGWXJI15kNozQ==', 2, 'ub/Nej8BunZL3H6o+Z7+sg==', 'medinaj@bilibili.com', 'medinaj@bilibili.com', 1, 0, '2019-06-07 05:28:54', '2019-06-07 05:28:54', '2019-06-07 05:28:54', '1754-01-01 00:00:00.000', 0, '1754-01-01 00:00:00.000', 0, '1754-01-01 00:00:00.000')
   INSERT INTO dbo.dnn_UserPortals(UserID, PortalID, CreatedDate, Authorised, IsDeleted, RefreshRoles)
   VALUES(@UserID, @PortalID, '2019-06-07 05:28:54', 1, 0, 0)
   INSERT INTO dbo.dnn_UserRoles(UserID, RoleID, IsTrialUsed, CreatedByUserID, CreatedOnDate, LastModifiedByUserID, LastModifiedOnDate, [Status], IsOwner)
   VALUES(@UserId, @MaleRole, 0, 1, '2019-06-07 05:28:54', 1, '2019-06-07 05:28:54', 1, 0)
   INSERT INTO dbo.dnn_Users(Username, FirstName, LastName, Email, DisplayName, UpdatePassword, LastIPAddress, IsDeleted, CreatedByUserID, CreatedOnDate, LastModifiedByUserID, LastModifiedOnDate, PasswordResetToken, PasswordResetExpiration)
   VALUES('edwin.aguilar@walmart.com', 'Edwin', 'Aguilar', 'edwin.aguilar@walmart.com', 'Edwin Aguilar', 0, '', 0, 1, '2019-06-07 05:28:54', 1, '2019-06-07 05:28:54', NULL, NULL)
   SELECT @UserID = SCOPE_IDENTITY()
   INSERT INTO dbo.aspnet_Users(ApplicationID, UserName, LoweredUserName, IsAnonymous, LastActivityDate)
   VALUES(@ApplicationId, 'edwin.aguilar@walmart.com', 'edwin.aguilar@walmart.com', 0, '2019-06-07 05:28:54')
   SELECT @AspNetUserID = UserId FROM aspnet_Users WHERE Username = 'edwin.aguilar@walmart.com'
   INSERT INTO dbo.aspnet_Membership(ApplicationID, UserID, Password, PasswordFormat, PasswordSalt, Email, LoweredEmail, IsApproved, IsLockedOut, CreateDate, LastLoginDate, LastPasswordChangedDate, LastLockoutDate, FailedPasswordAttemptCount, FailedPasswordAttemptWindowStart, FailedPasswordAnswerAttemptCount, FailedPasswordAnswerAttemptWindowStart)
   VALUES(@ApplicationID, @AspNetUserID, 'aMoPu/jMK8Yc4dxEEtAWm+RvKkFRjT38n/c1ORi3HgGWXJI15kNozQ==', 2, 'ub/Nej8BunZL3H6o+Z7+sg==', 'edwin.aguilar@walmart.com', 'edwin.aguilar@walmart.com', 1, 0, '2019-06-07 05:28:54', '2019-06-07 05:28:54', '2019-06-07 05:28:54', '1754-01-01 00:00:00.000', 0, '1754-01-01 00:00:00.000', 0, '1754-01-01 00:00:00.000')
   INSERT INTO dbo.dnn_UserPortals(UserID, PortalID, CreatedDate, Authorised, IsDeleted, RefreshRoles)
   VALUES(@UserID, @PortalID, '2019-06-07 05:28:54', 1, 0, 0)
   INSERT INTO dbo.dnn_UserRoles(UserID, RoleID, IsTrialUsed, CreatedByUserID, CreatedOnDate, LastModifiedByUserID, LastModifiedOnDate, [Status], IsOwner)
   VALUES(@UserId, @MaleRole, 0, 1, '2019-06-07 05:28:54', 1, '2019-06-07 05:28:54', 1, 0)
   INSERT INTO dbo.dnn_Users(Username, FirstName, LastName, Email, DisplayName, UpdatePassword, LastIPAddress, IsDeleted, CreatedByUserID, CreatedOnDate, LastModifiedByUserID, LastModifiedOnDate, PasswordResetToken, PasswordResetExpiration)
   VALUES('d.stevens@ebay.de', 'Don', 'Stevens', 'd.stevens@ebay.de', 'Don Stevens', 0, '', 0, 1, '2019-06-07 05:28:54', 1, '2019-06-07 05:28:54', NULL, NULL)
   SELECT @UserID = SCOPE_IDENTITY()
   INSERT INTO dbo.aspnet_Users(ApplicationID, UserName, LoweredUserName, IsAnonymous, LastActivityDate)
   VALUES(@ApplicationId, 'd.stevens@ebay.de', 'd.stevens@ebay.de', 0, '2019-06-07 05:28:54')
   SELECT @AspNetUserID = UserId FROM aspnet_Users WHERE Username = 'd.stevens@ebay.de'
   INSERT INTO dbo.aspnet_Membership(ApplicationID, UserID, Password, PasswordFormat, PasswordSalt, Email, LoweredEmail, IsApproved, IsLockedOut, CreateDate, LastLoginDate, LastPasswordChangedDate, LastLockoutDate, FailedPasswordAttemptCount, FailedPasswordAttemptWindowStart, FailedPasswordAnswerAttemptCount, FailedPasswordAnswerAttemptWindowStart)
   VALUES(@ApplicationID, @AspNetUserID, 'aMoPu/jMK8Yc4dxEEtAWm+RvKkFRjT38n/c1ORi3HgGWXJI15kNozQ==', 2, 'ub/Nej8BunZL3H6o+Z7+sg==', 'd.stevens@ebay.de', 'd.stevens@ebay.de', 1, 0, '2019-06-07 05:28:54', '2019-06-07 05:28:54', '2019-06-07 05:28:54', '1754-01-01 00:00:00.000', 0, '1754-01-01 00:00:00.000', 0, '1754-01-01 00:00:00.000')
   INSERT INTO dbo.dnn_UserPortals(UserID, PortalID, CreatedDate, Authorised, IsDeleted, RefreshRoles)
   VALUES(@UserID, @PortalID, '2019-06-07 05:28:54', 1, 0, 0)
   INSERT INTO dbo.dnn_UserRoles(UserID, RoleID, IsTrialUsed, CreatedByUserID, CreatedOnDate, LastModifiedByUserID, LastModifiedOnDate, [Status], IsOwner)
   VALUES(@UserId, @MaleRole, 0, 1, '2019-06-07 05:28:54', 1, '2019-06-07 05:28:54', 1, 0)
   INSERT INTO dbo.dnn_Users(Username, FirstName, LastName, Email, DisplayName, UpdatePassword, LastIPAddress, IsDeleted, CreatedByUserID, CreatedOnDate, LastModifiedByUserID, LastModifiedOnDate, PasswordResetToken, PasswordResetExpiration)
   VALUES('murraye@china.com.cn', 'Eddie', 'Murray', 'murraye@china.com.cn', 'Eddie Murray', 0, '', 0, 1, '2019-06-07 05:28:54', 1, '2019-06-07 05:28:54', NULL, NULL)
   SELECT @UserID = SCOPE_IDENTITY()
   INSERT INTO dbo.aspnet_Users(ApplicationID, UserName, LoweredUserName, IsAnonymous, LastActivityDate)
   VALUES(@ApplicationId, 'murraye@china.com.cn', 'murraye@china.com.cn', 0, '2019-06-07 05:28:54')
   SELECT @AspNetUserID = UserId FROM aspnet_Users WHERE Username = 'murraye@china.com.cn'
   INSERT INTO dbo.aspnet_Membership(ApplicationID, UserID, Password, PasswordFormat, PasswordSalt, Email, LoweredEmail, IsApproved, IsLockedOut, CreateDate, LastLoginDate, LastPasswordChangedDate, LastLockoutDate, FailedPasswordAttemptCount, FailedPasswordAttemptWindowStart, FailedPasswordAnswerAttemptCount, FailedPasswordAnswerAttemptWindowStart)
   VALUES(@ApplicationID, @AspNetUserID, 'aMoPu/jMK8Yc4dxEEtAWm+RvKkFRjT38n/c1ORi3HgGWXJI15kNozQ==', 2, 'ub/Nej8BunZL3H6o+Z7+sg==', 'murraye@china.com.cn', 'murraye@china.com.cn', 1, 0, '2019-06-07 05:28:54', '2019-06-07 05:28:54', '2019-06-07 05:28:54', '1754-01-01 00:00:00.000', 0, '1754-01-01 00:00:00.000', 0, '1754-01-01 00:00:00.000')
   INSERT INTO dbo.dnn_UserPortals(UserID, PortalID, CreatedDate, Authorised, IsDeleted, RefreshRoles)
   VALUES(@UserID, @PortalID, '2019-06-07 05:28:54', 1, 0, 0)
   INSERT INTO dbo.dnn_UserRoles(UserID, RoleID, IsTrialUsed, CreatedByUserID, CreatedOnDate, LastModifiedByUserID, LastModifiedOnDate, [Status], IsOwner)
   VALUES(@UserId, @MaleRole, 0, 1, '2019-06-07 05:28:54', 1, '2019-06-07 05:28:54', 1, 0)
   INSERT INTO dbo.dnn_Users(Username, FirstName, LastName, Email, DisplayName, UpdatePassword, LastIPAddress, IsDeleted, CreatedByUserID, CreatedOnDate, LastModifiedByUserID, LastModifiedOnDate, PasswordResetToken, PasswordResetExpiration)
   VALUES('ricky.ford@godaddy.com', 'Ricky', 'Ford', 'ricky.ford@godaddy.com', 'Ricky Ford', 0, '', 0, 1, '2019-06-07 05:28:54', 1, '2019-06-07 05:28:54', NULL, NULL)
   SELECT @UserID = SCOPE_IDENTITY()
   INSERT INTO dbo.aspnet_Users(ApplicationID, UserName, LoweredUserName, IsAnonymous, LastActivityDate)
   VALUES(@ApplicationId, 'ricky.ford@godaddy.com', 'ricky.ford@godaddy.com', 0, '2019-06-07 05:28:54')
   SELECT @AspNetUserID = UserId FROM aspnet_Users WHERE Username = 'ricky.ford@godaddy.com'
   INSERT INTO dbo.aspnet_Membership(ApplicationID, UserID, Password, PasswordFormat, PasswordSalt, Email, LoweredEmail, IsApproved, IsLockedOut, CreateDate, LastLoginDate, LastPasswordChangedDate, LastLockoutDate, FailedPasswordAttemptCount, FailedPasswordAttemptWindowStart, FailedPasswordAnswerAttemptCount, FailedPasswordAnswerAttemptWindowStart)
   VALUES(@ApplicationID, @AspNetUserID, 'aMoPu/jMK8Yc4dxEEtAWm+RvKkFRjT38n/c1ORi3HgGWXJI15kNozQ==', 2, 'ub/Nej8BunZL3H6o+Z7+sg==', 'ricky.ford@godaddy.com', 'ricky.ford@godaddy.com', 1, 0, '2019-06-07 05:28:54', '2019-06-07 05:28:54', '2019-06-07 05:28:54', '1754-01-01 00:00:00.000', 0, '1754-01-01 00:00:00.000', 0, '1754-01-01 00:00:00.000')
   INSERT INTO dbo.dnn_UserPortals(UserID, PortalID, CreatedDate, Authorised, IsDeleted, RefreshRoles)
   VALUES(@UserID, @PortalID, '2019-06-07 05:28:54', 1, 0, 0)
   INSERT INTO dbo.dnn_UserRoles(UserID, RoleID, IsTrialUsed, CreatedByUserID, CreatedOnDate, LastModifiedByUserID, LastModifiedOnDate, [Status], IsOwner)
   VALUES(@UserId, @MaleRole, 0, 1, '2019-06-07 05:28:54', 1, '2019-06-07 05:28:54', 1, 0)
   INSERT INTO dbo.dnn_Users(Username, FirstName, LastName, Email, DisplayName, UpdatePassword, LastIPAddress, IsDeleted, CreatedByUserID, CreatedOnDate, LastModifiedByUserID, LastModifiedOnDate, PasswordResetToken, PasswordResetExpiration)
   VALUES('t.castro@dailymail.co.uk', 'Troy', 'Castro', 't.castro@dailymail.co.uk', 'Troy Castro', 0, '', 0, 1, '2019-06-07 05:28:54', 1, '2019-06-07 05:28:54', NULL, NULL)
   SELECT @UserID = SCOPE_IDENTITY()
   INSERT INTO dbo.aspnet_Users(ApplicationID, UserName, LoweredUserName, IsAnonymous, LastActivityDate)
   VALUES(@ApplicationId, 't.castro@dailymail.co.uk', 't.castro@dailymail.co.uk', 0, '2019-06-07 05:28:54')
   SELECT @AspNetUserID = UserId FROM aspnet_Users WHERE Username = 't.castro@dailymail.co.uk'
   INSERT INTO dbo.aspnet_Membership(ApplicationID, UserID, Password, PasswordFormat, PasswordSalt, Email, LoweredEmail, IsApproved, IsLockedOut, CreateDate, LastLoginDate, LastPasswordChangedDate, LastLockoutDate, FailedPasswordAttemptCount, FailedPasswordAttemptWindowStart, FailedPasswordAnswerAttemptCount, FailedPasswordAnswerAttemptWindowStart)
   VALUES(@ApplicationID, @AspNetUserID, 'aMoPu/jMK8Yc4dxEEtAWm+RvKkFRjT38n/c1ORi3HgGWXJI15kNozQ==', 2, 'ub/Nej8BunZL3H6o+Z7+sg==', 't.castro@dailymail.co.uk', 't.castro@dailymail.co.uk', 1, 0, '2019-06-07 05:28:54', '2019-06-07 05:28:54', '2019-06-07 05:28:54', '1754-01-01 00:00:00.000', 0, '1754-01-01 00:00:00.000', 0, '1754-01-01 00:00:00.000')
   INSERT INTO dbo.dnn_UserPortals(UserID, PortalID, CreatedDate, Authorised, IsDeleted, RefreshRoles)
   VALUES(@UserID, @PortalID, '2019-06-07 05:28:54', 1, 0, 0)
   INSERT INTO dbo.dnn_UserRoles(UserID, RoleID, IsTrialUsed, CreatedByUserID, CreatedOnDate, LastModifiedByUserID, LastModifiedOnDate, [Status], IsOwner)
   VALUES(@UserId, @MaleRole, 0, 1, '2019-06-07 05:28:54', 1, '2019-06-07 05:28:54', 1, 0)
   INSERT INTO dbo.dnn_UserRoles(UserID, RoleID, IsTrialUsed, CreatedByUserID, CreatedOnDate, LastModifiedByUserID, LastModifiedOnDate, [Status], IsOwner)
   VALUES(@UserId, @ManagerRole, 0, 1, '2019-06-07 05:28:54', 1, '2019-06-07 05:28:54', 1, 0)
   INSERT INTO dbo.dnn_Users(Username, FirstName, LastName, Email, DisplayName, UpdatePassword, LastIPAddress, IsDeleted, CreatedByUserID, CreatedOnDate, LastModifiedByUserID, LastModifiedOnDate, PasswordResetToken, PasswordResetExpiration)
   VALUES('marshallr@buzzfeed.com', 'Randall', 'Marshall', 'marshallr@buzzfeed.com', 'Randall Marshall', 0, '', 0, 1, '2019-06-07 05:28:54', 1, '2019-06-07 05:28:54', NULL, NULL)
   SELECT @UserID = SCOPE_IDENTITY()
   INSERT INTO dbo.aspnet_Users(ApplicationID, UserName, LoweredUserName, IsAnonymous, LastActivityDate)
   VALUES(@ApplicationId, 'marshallr@buzzfeed.com', 'marshallr@buzzfeed.com', 0, '2019-06-07 05:28:54')
   SELECT @AspNetUserID = UserId FROM aspnet_Users WHERE Username = 'marshallr@buzzfeed.com'
   INSERT INTO dbo.aspnet_Membership(ApplicationID, UserID, Password, PasswordFormat, PasswordSalt, Email, LoweredEmail, IsApproved, IsLockedOut, CreateDate, LastLoginDate, LastPasswordChangedDate, LastLockoutDate, FailedPasswordAttemptCount, FailedPasswordAttemptWindowStart, FailedPasswordAnswerAttemptCount, FailedPasswordAnswerAttemptWindowStart)
   VALUES(@ApplicationID, @AspNetUserID, 'aMoPu/jMK8Yc4dxEEtAWm+RvKkFRjT38n/c1ORi3HgGWXJI15kNozQ==', 2, 'ub/Nej8BunZL3H6o+Z7+sg==', 'marshallr@buzzfeed.com', 'marshallr@buzzfeed.com', 1, 0, '2019-06-07 05:28:54', '2019-06-07 05:28:54', '2019-06-07 05:28:54', '1754-01-01 00:00:00.000', 0, '1754-01-01 00:00:00.000', 0, '1754-01-01 00:00:00.000')
   INSERT INTO dbo.dnn_UserPortals(UserID, PortalID, CreatedDate, Authorised, IsDeleted, RefreshRoles)
   VALUES(@UserID, @PortalID, '2019-06-07 05:28:54', 1, 0, 0)
   INSERT INTO dbo.dnn_UserRoles(UserID, RoleID, IsTrialUsed, CreatedByUserID, CreatedOnDate, LastModifiedByUserID, LastModifiedOnDate, [Status], IsOwner)
   VALUES(@UserId, @MaleRole, 0, 1, '2019-06-07 05:28:54', 1, '2019-06-07 05:28:54', 1, 0)
   INSERT INTO dbo.dnn_Users(Username, FirstName, LastName, Email, DisplayName, UpdatePassword, LastIPAddress, IsDeleted, CreatedByUserID, CreatedOnDate, LastModifiedByUserID, LastModifiedOnDate, PasswordResetToken, PasswordResetExpiration)
   VALUES('barry.owens@zillow.com', 'Barry', 'Owens', 'barry.owens@zillow.com', 'Barry Owens', 0, '', 0, 1, '2019-06-07 05:28:54', 1, '2019-06-07 05:28:54', NULL, NULL)
   SELECT @UserID = SCOPE_IDENTITY()
   INSERT INTO dbo.aspnet_Users(ApplicationID, UserName, LoweredUserName, IsAnonymous, LastActivityDate)
   VALUES(@ApplicationId, 'barry.owens@zillow.com', 'barry.owens@zillow.com', 0, '2019-06-07 05:28:54')
   SELECT @AspNetUserID = UserId FROM aspnet_Users WHERE Username = 'barry.owens@zillow.com'
   INSERT INTO dbo.aspnet_Membership(ApplicationID, UserID, Password, PasswordFormat, PasswordSalt, Email, LoweredEmail, IsApproved, IsLockedOut, CreateDate, LastLoginDate, LastPasswordChangedDate, LastLockoutDate, FailedPasswordAttemptCount, FailedPasswordAttemptWindowStart, FailedPasswordAnswerAttemptCount, FailedPasswordAnswerAttemptWindowStart)
   VALUES(@ApplicationID, @AspNetUserID, 'aMoPu/jMK8Yc4dxEEtAWm+RvKkFRjT38n/c1ORi3HgGWXJI15kNozQ==', 2, 'ub/Nej8BunZL3H6o+Z7+sg==', 'barry.owens@zillow.com', 'barry.owens@zillow.com', 1, 0, '2019-06-07 05:28:54', '2019-06-07 05:28:54', '2019-06-07 05:28:54', '1754-01-01 00:00:00.000', 0, '1754-01-01 00:00:00.000', 0, '1754-01-01 00:00:00.000')
   INSERT INTO dbo.dnn_UserPortals(UserID, PortalID, CreatedDate, Authorised, IsDeleted, RefreshRoles)
   VALUES(@UserID, @PortalID, '2019-06-07 05:28:54', 1, 0, 0)
   INSERT INTO dbo.dnn_UserRoles(UserID, RoleID, IsTrialUsed, CreatedByUserID, CreatedOnDate, LastModifiedByUserID, LastModifiedOnDate, [Status], IsOwner)
   VALUES(@UserId, @MaleRole, 0, 1, '2019-06-07 05:28:54', 1, '2019-06-07 05:28:54', 1, 0)
   INSERT INTO dbo.dnn_Users(Username, FirstName, LastName, Email, DisplayName, UpdatePassword, LastIPAddress, IsDeleted, CreatedByUserID, CreatedOnDate, LastModifiedByUserID, LastModifiedOnDate, PasswordResetToken, PasswordResetExpiration)
   VALUES('a.harrison@xnxx.com', 'Alexander', 'Harrison', 'a.harrison@xnxx.com', 'Alexander Harrison', 0, '', 0, 1, '2019-06-07 05:28:54', 1, '2019-06-07 05:28:54', NULL, NULL)
   SELECT @UserID = SCOPE_IDENTITY()
   INSERT INTO dbo.aspnet_Users(ApplicationID, UserName, LoweredUserName, IsAnonymous, LastActivityDate)
   VALUES(@ApplicationId, 'a.harrison@xnxx.com', 'a.harrison@xnxx.com', 0, '2019-06-07 05:28:54')
   SELECT @AspNetUserID = UserId FROM aspnet_Users WHERE Username = 'a.harrison@xnxx.com'
   INSERT INTO dbo.aspnet_Membership(ApplicationID, UserID, Password, PasswordFormat, PasswordSalt, Email, LoweredEmail, IsApproved, IsLockedOut, CreateDate, LastLoginDate, LastPasswordChangedDate, LastLockoutDate, FailedPasswordAttemptCount, FailedPasswordAttemptWindowStart, FailedPasswordAnswerAttemptCount, FailedPasswordAnswerAttemptWindowStart)
   VALUES(@ApplicationID, @AspNetUserID, 'aMoPu/jMK8Yc4dxEEtAWm+RvKkFRjT38n/c1ORi3HgGWXJI15kNozQ==', 2, 'ub/Nej8BunZL3H6o+Z7+sg==', 'a.harrison@xnxx.com', 'a.harrison@xnxx.com', 1, 0, '2019-06-07 05:28:54', '2019-06-07 05:28:54', '2019-06-07 05:28:54', '1754-01-01 00:00:00.000', 0, '1754-01-01 00:00:00.000', 0, '1754-01-01 00:00:00.000')
   INSERT INTO dbo.dnn_UserPortals(UserID, PortalID, CreatedDate, Authorised, IsDeleted, RefreshRoles)
   VALUES(@UserID, @PortalID, '2019-06-07 05:28:54', 1, 0, 0)
   INSERT INTO dbo.dnn_UserRoles(UserID, RoleID, IsTrialUsed, CreatedByUserID, CreatedOnDate, LastModifiedByUserID, LastModifiedOnDate, [Status], IsOwner)
   VALUES(@UserId, @MaleRole, 0, 1, '2019-06-07 05:28:54', 1, '2019-06-07 05:28:54', 1, 0)
   INSERT INTO dbo.dnn_UserRoles(UserID, RoleID, IsTrialUsed, CreatedByUserID, CreatedOnDate, LastModifiedByUserID, LastModifiedOnDate, [Status], IsOwner)
   VALUES(@UserId, @AcademicRole, 0, 1, '2019-06-07 05:28:54', 1, '2019-06-07 05:28:54', 1, 0)
   INSERT INTO dbo.dnn_Users(Username, FirstName, LastName, Email, DisplayName, UpdatePassword, LastIPAddress, IsDeleted, CreatedByUserID, CreatedOnDate, LastModifiedByUserID, LastModifiedOnDate, PasswordResetToken, PasswordResetExpiration)
   VALUES('fernandezb@salesforce.com', 'Bernard', 'Fernandez', 'fernandezb@salesforce.com', 'Bernard Fernandez', 0, '', 0, 1, '2019-06-07 05:28:54', 1, '2019-06-07 05:28:54', NULL, NULL)
   SELECT @UserID = SCOPE_IDENTITY()
   INSERT INTO dbo.aspnet_Users(ApplicationID, UserName, LoweredUserName, IsAnonymous, LastActivityDate)
   VALUES(@ApplicationId, 'fernandezb@salesforce.com', 'fernandezb@salesforce.com', 0, '2019-06-07 05:28:54')
   SELECT @AspNetUserID = UserId FROM aspnet_Users WHERE Username = 'fernandezb@salesforce.com'
   INSERT INTO dbo.aspnet_Membership(ApplicationID, UserID, Password, PasswordFormat, PasswordSalt, Email, LoweredEmail, IsApproved, IsLockedOut, CreateDate, LastLoginDate, LastPasswordChangedDate, LastLockoutDate, FailedPasswordAttemptCount, FailedPasswordAttemptWindowStart, FailedPasswordAnswerAttemptCount, FailedPasswordAnswerAttemptWindowStart)
   VALUES(@ApplicationID, @AspNetUserID, 'aMoPu/jMK8Yc4dxEEtAWm+RvKkFRjT38n/c1ORi3HgGWXJI15kNozQ==', 2, 'ub/Nej8BunZL3H6o+Z7+sg==', 'fernandezb@salesforce.com', 'fernandezb@salesforce.com', 1, 0, '2019-06-07 05:28:54', '2019-06-07 05:28:54', '2019-06-07 05:28:54', '1754-01-01 00:00:00.000', 0, '1754-01-01 00:00:00.000', 0, '1754-01-01 00:00:00.000')
   INSERT INTO dbo.dnn_UserPortals(UserID, PortalID, CreatedDate, Authorised, IsDeleted, RefreshRoles)
   VALUES(@UserID, @PortalID, '2019-06-07 05:28:54', 1, 0, 0)
   INSERT INTO dbo.dnn_UserRoles(UserID, RoleID, IsTrialUsed, CreatedByUserID, CreatedOnDate, LastModifiedByUserID, LastModifiedOnDate, [Status], IsOwner)
   VALUES(@UserId, @MaleRole, 0, 1, '2019-06-07 05:28:54', 1, '2019-06-07 05:28:54', 1, 0)
   INSERT INTO dbo.dnn_Users(Username, FirstName, LastName, Email, DisplayName, UpdatePassword, LastIPAddress, IsDeleted, CreatedByUserID, CreatedOnDate, LastModifiedByUserID, LastModifiedOnDate, PasswordResetToken, PasswordResetExpiration)
   VALUES('mario.mcdonald@dailymotion.com', 'Mario', 'Mcdonald', 'mario.mcdonald@dailymotion.com', 'Mario Mcdonald', 0, '', 0, 1, '2019-06-07 05:28:54', 1, '2019-06-07 05:28:54', NULL, NULL)
   SELECT @UserID = SCOPE_IDENTITY()
   INSERT INTO dbo.aspnet_Users(ApplicationID, UserName, LoweredUserName, IsAnonymous, LastActivityDate)
   VALUES(@ApplicationId, 'mario.mcdonald@dailymotion.com', 'mario.mcdonald@dailymotion.com', 0, '2019-06-07 05:28:54')
   SELECT @AspNetUserID = UserId FROM aspnet_Users WHERE Username = 'mario.mcdonald@dailymotion.com'
   INSERT INTO dbo.aspnet_Membership(ApplicationID, UserID, Password, PasswordFormat, PasswordSalt, Email, LoweredEmail, IsApproved, IsLockedOut, CreateDate, LastLoginDate, LastPasswordChangedDate, LastLockoutDate, FailedPasswordAttemptCount, FailedPasswordAttemptWindowStart, FailedPasswordAnswerAttemptCount, FailedPasswordAnswerAttemptWindowStart)
   VALUES(@ApplicationID, @AspNetUserID, 'aMoPu/jMK8Yc4dxEEtAWm+RvKkFRjT38n/c1ORi3HgGWXJI15kNozQ==', 2, 'ub/Nej8BunZL3H6o+Z7+sg==', 'mario.mcdonald@dailymotion.com', 'mario.mcdonald@dailymotion.com', 1, 0, '2019-06-07 05:28:54', '2019-06-07 05:28:54', '2019-06-07 05:28:54', '1754-01-01 00:00:00.000', 0, '1754-01-01 00:00:00.000', 0, '1754-01-01 00:00:00.000')
   INSERT INTO dbo.dnn_UserPortals(UserID, PortalID, CreatedDate, Authorised, IsDeleted, RefreshRoles)
   VALUES(@UserID, @PortalID, '2019-06-07 05:28:54', 1, 0, 0)
   INSERT INTO dbo.dnn_UserRoles(UserID, RoleID, IsTrialUsed, CreatedByUserID, CreatedOnDate, LastModifiedByUserID, LastModifiedOnDate, [Status], IsOwner)
   VALUES(@UserId, @MaleRole, 0, 1, '2019-06-07 05:28:54', 1, '2019-06-07 05:28:54', 1, 0)
   INSERT INTO dbo.dnn_Users(Username, FirstName, LastName, Email, DisplayName, UpdatePassword, LastIPAddress, IsDeleted, CreatedByUserID, CreatedOnDate, LastModifiedByUserID, LastModifiedOnDate, PasswordResetToken, PasswordResetExpiration)
   VALUES('l.woods@wellsfargo.com', 'Leroy', 'Woods', 'l.woods@wellsfargo.com', 'Leroy Woods', 0, '', 0, 1, '2019-06-07 05:28:54', 1, '2019-06-07 05:28:54', NULL, NULL)
   SELECT @UserID = SCOPE_IDENTITY()
   INSERT INTO dbo.aspnet_Users(ApplicationID, UserName, LoweredUserName, IsAnonymous, LastActivityDate)
   VALUES(@ApplicationId, 'l.woods@wellsfargo.com', 'l.woods@wellsfargo.com', 0, '2019-06-07 05:28:54')
   SELECT @AspNetUserID = UserId FROM aspnet_Users WHERE Username = 'l.woods@wellsfargo.com'
   INSERT INTO dbo.aspnet_Membership(ApplicationID, UserID, Password, PasswordFormat, PasswordSalt, Email, LoweredEmail, IsApproved, IsLockedOut, CreateDate, LastLoginDate, LastPasswordChangedDate, LastLockoutDate, FailedPasswordAttemptCount, FailedPasswordAttemptWindowStart, FailedPasswordAnswerAttemptCount, FailedPasswordAnswerAttemptWindowStart)
   VALUES(@ApplicationID, @AspNetUserID, 'aMoPu/jMK8Yc4dxEEtAWm+RvKkFRjT38n/c1ORi3HgGWXJI15kNozQ==', 2, 'ub/Nej8BunZL3H6o+Z7+sg==', 'l.woods@wellsfargo.com', 'l.woods@wellsfargo.com', 1, 0, '2019-06-07 05:28:54', '2019-06-07 05:28:54', '2019-06-07 05:28:54', '1754-01-01 00:00:00.000', 0, '1754-01-01 00:00:00.000', 0, '1754-01-01 00:00:00.000')
   INSERT INTO dbo.dnn_UserPortals(UserID, PortalID, CreatedDate, Authorised, IsDeleted, RefreshRoles)
   VALUES(@UserID, @PortalID, '2019-06-07 05:28:54', 1, 0, 0)
   INSERT INTO dbo.dnn_UserRoles(UserID, RoleID, IsTrialUsed, CreatedByUserID, CreatedOnDate, LastModifiedByUserID, LastModifiedOnDate, [Status], IsOwner)
   VALUES(@UserId, @MaleRole, 0, 1, '2019-06-07 05:28:54', 1, '2019-06-07 05:28:54', 1, 0)
   INSERT INTO dbo.dnn_Users(Username, FirstName, LastName, Email, DisplayName, UpdatePassword, LastIPAddress, IsDeleted, CreatedByUserID, CreatedOnDate, LastModifiedByUserID, LastModifiedOnDate, PasswordResetToken, PasswordResetExpiration)
   VALUES('washingtonf@detail.tmall.com', 'Francisco', 'Washington', 'washingtonf@detail.tmall.com', 'Francisco Washington', 0, '', 0, 1, '2019-06-07 05:28:54', 1, '2019-06-07 05:28:54', NULL, NULL)
   SELECT @UserID = SCOPE_IDENTITY()
   INSERT INTO dbo.aspnet_Users(ApplicationID, UserName, LoweredUserName, IsAnonymous, LastActivityDate)
   VALUES(@ApplicationId, 'washingtonf@detail.tmall.com', 'washingtonf@detail.tmall.com', 0, '2019-06-07 05:28:54')
   SELECT @AspNetUserID = UserId FROM aspnet_Users WHERE Username = 'washingtonf@detail.tmall.com'
   INSERT INTO dbo.aspnet_Membership(ApplicationID, UserID, Password, PasswordFormat, PasswordSalt, Email, LoweredEmail, IsApproved, IsLockedOut, CreateDate, LastLoginDate, LastPasswordChangedDate, LastLockoutDate, FailedPasswordAttemptCount, FailedPasswordAttemptWindowStart, FailedPasswordAnswerAttemptCount, FailedPasswordAnswerAttemptWindowStart)
   VALUES(@ApplicationID, @AspNetUserID, 'aMoPu/jMK8Yc4dxEEtAWm+RvKkFRjT38n/c1ORi3HgGWXJI15kNozQ==', 2, 'ub/Nej8BunZL3H6o+Z7+sg==', 'washingtonf@detail.tmall.com', 'washingtonf@detail.tmall.com', 1, 0, '2019-06-07 05:28:54', '2019-06-07 05:28:54', '2019-06-07 05:28:54', '1754-01-01 00:00:00.000', 0, '1754-01-01 00:00:00.000', 0, '1754-01-01 00:00:00.000')
   INSERT INTO dbo.dnn_UserPortals(UserID, PortalID, CreatedDate, Authorised, IsDeleted, RefreshRoles)
   VALUES(@UserID, @PortalID, '2019-06-07 05:28:54', 1, 0, 0)
   INSERT INTO dbo.dnn_UserRoles(UserID, RoleID, IsTrialUsed, CreatedByUserID, CreatedOnDate, LastModifiedByUserID, LastModifiedOnDate, [Status], IsOwner)
   VALUES(@UserId, @MaleRole, 0, 1, '2019-06-07 05:28:54', 1, '2019-06-07 05:28:54', 1, 0)
   INSERT INTO dbo.dnn_Users(Username, FirstName, LastName, Email, DisplayName, UpdatePassword, LastIPAddress, IsDeleted, CreatedByUserID, CreatedOnDate, LastModifiedByUserID, LastModifiedOnDate, PasswordResetToken, PasswordResetExpiration)
   VALUES('marcus.kennedy@steampowered.com', 'Marcus', 'Kennedy', 'marcus.kennedy@steampowered.com', 'Marcus Kennedy', 0, '', 0, 1, '2019-06-07 05:28:54', 1, '2019-06-07 05:28:54', NULL, NULL)
   SELECT @UserID = SCOPE_IDENTITY()
   INSERT INTO dbo.aspnet_Users(ApplicationID, UserName, LoweredUserName, IsAnonymous, LastActivityDate)
   VALUES(@ApplicationId, 'marcus.kennedy@steampowered.com', 'marcus.kennedy@steampowered.com', 0, '2019-06-07 05:28:54')
   SELECT @AspNetUserID = UserId FROM aspnet_Users WHERE Username = 'marcus.kennedy@steampowered.com'
   INSERT INTO dbo.aspnet_Membership(ApplicationID, UserID, Password, PasswordFormat, PasswordSalt, Email, LoweredEmail, IsApproved, IsLockedOut, CreateDate, LastLoginDate, LastPasswordChangedDate, LastLockoutDate, FailedPasswordAttemptCount, FailedPasswordAttemptWindowStart, FailedPasswordAnswerAttemptCount, FailedPasswordAnswerAttemptWindowStart)
   VALUES(@ApplicationID, @AspNetUserID, 'aMoPu/jMK8Yc4dxEEtAWm+RvKkFRjT38n/c1ORi3HgGWXJI15kNozQ==', 2, 'ub/Nej8BunZL3H6o+Z7+sg==', 'marcus.kennedy@steampowered.com', 'marcus.kennedy@steampowered.com', 1, 0, '2019-06-07 05:28:54', '2019-06-07 05:28:54', '2019-06-07 05:28:54', '1754-01-01 00:00:00.000', 0, '1754-01-01 00:00:00.000', 0, '1754-01-01 00:00:00.000')
   INSERT INTO dbo.dnn_UserPortals(UserID, PortalID, CreatedDate, Authorised, IsDeleted, RefreshRoles)
   VALUES(@UserID, @PortalID, '2019-06-07 05:28:54', 1, 0, 0)
   INSERT INTO dbo.dnn_UserRoles(UserID, RoleID, IsTrialUsed, CreatedByUserID, CreatedOnDate, LastModifiedByUserID, LastModifiedOnDate, [Status], IsOwner)
   VALUES(@UserId, @MaleRole, 0, 1, '2019-06-07 05:28:54', 1, '2019-06-07 05:28:54', 1, 0)
   INSERT INTO dbo.dnn_Users(Username, FirstName, LastName, Email, DisplayName, UpdatePassword, LastIPAddress, IsDeleted, CreatedByUserID, CreatedOnDate, LastModifiedByUserID, LastModifiedOnDate, PasswordResetToken, PasswordResetExpiration)
   VALUES('m.wells@steamcommunity.com', 'Micheal', 'Wells', 'm.wells@steamcommunity.com', 'Micheal Wells', 0, '', 0, 1, '2019-06-07 05:28:54', 1, '2019-06-07 05:28:54', NULL, NULL)
   SELECT @UserID = SCOPE_IDENTITY()
   INSERT INTO dbo.aspnet_Users(ApplicationID, UserName, LoweredUserName, IsAnonymous, LastActivityDate)
   VALUES(@ApplicationId, 'm.wells@steamcommunity.com', 'm.wells@steamcommunity.com', 0, '2019-06-07 05:28:54')
   SELECT @AspNetUserID = UserId FROM aspnet_Users WHERE Username = 'm.wells@steamcommunity.com'
   INSERT INTO dbo.aspnet_Membership(ApplicationID, UserID, Password, PasswordFormat, PasswordSalt, Email, LoweredEmail, IsApproved, IsLockedOut, CreateDate, LastLoginDate, LastPasswordChangedDate, LastLockoutDate, FailedPasswordAttemptCount, FailedPasswordAttemptWindowStart, FailedPasswordAnswerAttemptCount, FailedPasswordAnswerAttemptWindowStart)
   VALUES(@ApplicationID, @AspNetUserID, 'aMoPu/jMK8Yc4dxEEtAWm+RvKkFRjT38n/c1ORi3HgGWXJI15kNozQ==', 2, 'ub/Nej8BunZL3H6o+Z7+sg==', 'm.wells@steamcommunity.com', 'm.wells@steamcommunity.com', 1, 0, '2019-06-07 05:28:54', '2019-06-07 05:28:54', '2019-06-07 05:28:54', '1754-01-01 00:00:00.000', 0, '1754-01-01 00:00:00.000', 0, '1754-01-01 00:00:00.000')
   INSERT INTO dbo.dnn_UserPortals(UserID, PortalID, CreatedDate, Authorised, IsDeleted, RefreshRoles)
   VALUES(@UserID, @PortalID, '2019-06-07 05:28:54', 1, 0, 0)
   INSERT INTO dbo.dnn_UserRoles(UserID, RoleID, IsTrialUsed, CreatedByUserID, CreatedOnDate, LastModifiedByUserID, LastModifiedOnDate, [Status], IsOwner)
   VALUES(@UserId, @MaleRole, 0, 1, '2019-06-07 05:28:54', 1, '2019-06-07 05:28:54', 1, 0)
   INSERT INTO dbo.dnn_Users(Username, FirstName, LastName, Email, DisplayName, UpdatePassword, LastIPAddress, IsDeleted, CreatedByUserID, CreatedOnDate, LastModifiedByUserID, LastModifiedOnDate, PasswordResetToken, PasswordResetExpiration)
   VALUES('vargast@nametests.com', 'Theodore', 'Vargas', 'vargast@nametests.com', 'Theodore Vargas', 0, '', 0, 1, '2019-06-07 05:28:54', 1, '2019-06-07 05:28:54', NULL, NULL)
   SELECT @UserID = SCOPE_IDENTITY()
   INSERT INTO dbo.aspnet_Users(ApplicationID, UserName, LoweredUserName, IsAnonymous, LastActivityDate)
   VALUES(@ApplicationId, 'vargast@nametests.com', 'vargast@nametests.com', 0, '2019-06-07 05:28:54')
   SELECT @AspNetUserID = UserId FROM aspnet_Users WHERE Username = 'vargast@nametests.com'
   INSERT INTO dbo.aspnet_Membership(ApplicationID, UserID, Password, PasswordFormat, PasswordSalt, Email, LoweredEmail, IsApproved, IsLockedOut, CreateDate, LastLoginDate, LastPasswordChangedDate, LastLockoutDate, FailedPasswordAttemptCount, FailedPasswordAttemptWindowStart, FailedPasswordAnswerAttemptCount, FailedPasswordAnswerAttemptWindowStart)
   VALUES(@ApplicationID, @AspNetUserID, 'aMoPu/jMK8Yc4dxEEtAWm+RvKkFRjT38n/c1ORi3HgGWXJI15kNozQ==', 2, 'ub/Nej8BunZL3H6o+Z7+sg==', 'vargast@nametests.com', 'vargast@nametests.com', 1, 0, '2019-06-07 05:28:54', '2019-06-07 05:28:54', '2019-06-07 05:28:54', '1754-01-01 00:00:00.000', 0, '1754-01-01 00:00:00.000', 0, '1754-01-01 00:00:00.000')
   INSERT INTO dbo.dnn_UserPortals(UserID, PortalID, CreatedDate, Authorised, IsDeleted, RefreshRoles)
   VALUES(@UserID, @PortalID, '2019-06-07 05:28:54', 1, 0, 0)
   INSERT INTO dbo.dnn_UserRoles(UserID, RoleID, IsTrialUsed, CreatedByUserID, CreatedOnDate, LastModifiedByUserID, LastModifiedOnDate, [Status], IsOwner)
   VALUES(@UserId, @MaleRole, 0, 1, '2019-06-07 05:28:54', 1, '2019-06-07 05:28:54', 1, 0)
   INSERT INTO dbo.dnn_UserRoles(UserID, RoleID, IsTrialUsed, CreatedByUserID, CreatedOnDate, LastModifiedByUserID, LastModifiedOnDate, [Status], IsOwner)
   VALUES(@UserId, @ManagerRole, 0, 1, '2019-06-07 05:28:54', 1, '2019-06-07 05:28:54', 1, 0)
   INSERT INTO dbo.dnn_Users(Username, FirstName, LastName, Email, DisplayName, UpdatePassword, LastIPAddress, IsDeleted, CreatedByUserID, CreatedOnDate, LastModifiedByUserID, LastModifiedOnDate, PasswordResetToken, PasswordResetExpiration)
   VALUES('clifford.henry@google.co.ve', 'Clifford', 'Henry', 'clifford.henry@google.co.ve', 'Clifford Henry', 0, '', 0, 1, '2019-06-07 05:28:54', 1, '2019-06-07 05:28:54', NULL, NULL)
   SELECT @UserID = SCOPE_IDENTITY()
   INSERT INTO dbo.aspnet_Users(ApplicationID, UserName, LoweredUserName, IsAnonymous, LastActivityDate)
   VALUES(@ApplicationId, 'clifford.henry@google.co.ve', 'clifford.henry@google.co.ve', 0, '2019-06-07 05:28:54')
   SELECT @AspNetUserID = UserId FROM aspnet_Users WHERE Username = 'clifford.henry@google.co.ve'
   INSERT INTO dbo.aspnet_Membership(ApplicationID, UserID, Password, PasswordFormat, PasswordSalt, Email, LoweredEmail, IsApproved, IsLockedOut, CreateDate, LastLoginDate, LastPasswordChangedDate, LastLockoutDate, FailedPasswordAttemptCount, FailedPasswordAttemptWindowStart, FailedPasswordAnswerAttemptCount, FailedPasswordAnswerAttemptWindowStart)
   VALUES(@ApplicationID, @AspNetUserID, 'aMoPu/jMK8Yc4dxEEtAWm+RvKkFRjT38n/c1ORi3HgGWXJI15kNozQ==', 2, 'ub/Nej8BunZL3H6o+Z7+sg==', 'clifford.henry@google.co.ve', 'clifford.henry@google.co.ve', 1, 0, '2019-06-07 05:28:54', '2019-06-07 05:28:54', '2019-06-07 05:28:54', '1754-01-01 00:00:00.000', 0, '1754-01-01 00:00:00.000', 0, '1754-01-01 00:00:00.000')
   INSERT INTO dbo.dnn_UserPortals(UserID, PortalID, CreatedDate, Authorised, IsDeleted, RefreshRoles)
   VALUES(@UserID, @PortalID, '2019-06-07 05:28:54', 1, 0, 0)
   INSERT INTO dbo.dnn_UserRoles(UserID, RoleID, IsTrialUsed, CreatedByUserID, CreatedOnDate, LastModifiedByUserID, LastModifiedOnDate, [Status], IsOwner)
   VALUES(@UserId, @MaleRole, 0, 1, '2019-06-07 05:28:54', 1, '2019-06-07 05:28:54', 1, 0)
   INSERT INTO dbo.dnn_Users(Username, FirstName, LastName, Email, DisplayName, UpdatePassword, LastIPAddress, IsDeleted, CreatedByUserID, CreatedOnDate, LastModifiedByUserID, LastModifiedOnDate, PasswordResetToken, PasswordResetExpiration)
   VALUES('m.chen@theguardian.com', 'Miguel', 'Chen', 'm.chen@theguardian.com', 'Miguel Chen', 0, '', 0, 1, '2019-06-07 05:28:54', 1, '2019-06-07 05:28:54', NULL, NULL)
   SELECT @UserID = SCOPE_IDENTITY()
   INSERT INTO dbo.aspnet_Users(ApplicationID, UserName, LoweredUserName, IsAnonymous, LastActivityDate)
   VALUES(@ApplicationId, 'm.chen@theguardian.com', 'm.chen@theguardian.com', 0, '2019-06-07 05:28:54')
   SELECT @AspNetUserID = UserId FROM aspnet_Users WHERE Username = 'm.chen@theguardian.com'
   INSERT INTO dbo.aspnet_Membership(ApplicationID, UserID, Password, PasswordFormat, PasswordSalt, Email, LoweredEmail, IsApproved, IsLockedOut, CreateDate, LastLoginDate, LastPasswordChangedDate, LastLockoutDate, FailedPasswordAttemptCount, FailedPasswordAttemptWindowStart, FailedPasswordAnswerAttemptCount, FailedPasswordAnswerAttemptWindowStart)
   VALUES(@ApplicationID, @AspNetUserID, 'aMoPu/jMK8Yc4dxEEtAWm+RvKkFRjT38n/c1ORi3HgGWXJI15kNozQ==', 2, 'ub/Nej8BunZL3H6o+Z7+sg==', 'm.chen@theguardian.com', 'm.chen@theguardian.com', 1, 0, '2019-06-07 05:28:54', '2019-06-07 05:28:54', '2019-06-07 05:28:54', '1754-01-01 00:00:00.000', 0, '1754-01-01 00:00:00.000', 0, '1754-01-01 00:00:00.000')
   INSERT INTO dbo.dnn_UserPortals(UserID, PortalID, CreatedDate, Authorised, IsDeleted, RefreshRoles)
   VALUES(@UserID, @PortalID, '2019-06-07 05:28:54', 1, 0, 0)
   INSERT INTO dbo.dnn_UserRoles(UserID, RoleID, IsTrialUsed, CreatedByUserID, CreatedOnDate, LastModifiedByUserID, LastModifiedOnDate, [Status], IsOwner)
   VALUES(@UserId, @MaleRole, 0, 1, '2019-06-07 05:28:54', 1, '2019-06-07 05:28:54', 1, 0)
   INSERT INTO dbo.dnn_Users(Username, FirstName, LastName, Email, DisplayName, UpdatePassword, LastIPAddress, IsDeleted, CreatedByUserID, CreatedOnDate, LastModifiedByUserID, LastModifiedOnDate, PasswordResetToken, PasswordResetExpiration)
   VALUES('freemano@google.com.ua', 'Oscar', 'Freeman', 'freemano@google.com.ua', 'Oscar Freeman', 0, '', 0, 1, '2019-06-07 05:28:54', 1, '2019-06-07 05:28:54', NULL, NULL)
   SELECT @UserID = SCOPE_IDENTITY()
   INSERT INTO dbo.aspnet_Users(ApplicationID, UserName, LoweredUserName, IsAnonymous, LastActivityDate)
   VALUES(@ApplicationId, 'freemano@google.com.ua', 'freemano@google.com.ua', 0, '2019-06-07 05:28:54')
   SELECT @AspNetUserID = UserId FROM aspnet_Users WHERE Username = 'freemano@google.com.ua'
   INSERT INTO dbo.aspnet_Membership(ApplicationID, UserID, Password, PasswordFormat, PasswordSalt, Email, LoweredEmail, IsApproved, IsLockedOut, CreateDate, LastLoginDate, LastPasswordChangedDate, LastLockoutDate, FailedPasswordAttemptCount, FailedPasswordAttemptWindowStart, FailedPasswordAnswerAttemptCount, FailedPasswordAnswerAttemptWindowStart)
   VALUES(@ApplicationID, @AspNetUserID, 'aMoPu/jMK8Yc4dxEEtAWm+RvKkFRjT38n/c1ORi3HgGWXJI15kNozQ==', 2, 'ub/Nej8BunZL3H6o+Z7+sg==', 'freemano@google.com.ua', 'freemano@google.com.ua', 1, 0, '2019-06-07 05:28:54', '2019-06-07 05:28:54', '2019-06-07 05:28:54', '1754-01-01 00:00:00.000', 0, '1754-01-01 00:00:00.000', 0, '1754-01-01 00:00:00.000')
   INSERT INTO dbo.dnn_UserPortals(UserID, PortalID, CreatedDate, Authorised, IsDeleted, RefreshRoles)
   VALUES(@UserID, @PortalID, '2019-06-07 05:28:54', 1, 0, 0)
   INSERT INTO dbo.dnn_UserRoles(UserID, RoleID, IsTrialUsed, CreatedByUserID, CreatedOnDate, LastModifiedByUserID, LastModifiedOnDate, [Status], IsOwner)
   VALUES(@UserId, @MaleRole, 0, 1, '2019-06-07 05:28:54', 1, '2019-06-07 05:28:54', 1, 0)
   INSERT INTO dbo.dnn_Users(Username, FirstName, LastName, Email, DisplayName, UpdatePassword, LastIPAddress, IsDeleted, CreatedByUserID, CreatedOnDate, LastModifiedByUserID, LastModifiedOnDate, PasswordResetToken, PasswordResetExpiration)
   VALUES('jay.webb@indeed.com', 'Jay', 'Webb', 'jay.webb@indeed.com', 'Jay Webb', 0, '', 0, 1, '2019-06-07 05:28:54', 1, '2019-06-07 05:28:54', NULL, NULL)
   SELECT @UserID = SCOPE_IDENTITY()
   INSERT INTO dbo.aspnet_Users(ApplicationID, UserName, LoweredUserName, IsAnonymous, LastActivityDate)
   VALUES(@ApplicationId, 'jay.webb@indeed.com', 'jay.webb@indeed.com', 0, '2019-06-07 05:28:54')
   SELECT @AspNetUserID = UserId FROM aspnet_Users WHERE Username = 'jay.webb@indeed.com'
   INSERT INTO dbo.aspnet_Membership(ApplicationID, UserID, Password, PasswordFormat, PasswordSalt, Email, LoweredEmail, IsApproved, IsLockedOut, CreateDate, LastLoginDate, LastPasswordChangedDate, LastLockoutDate, FailedPasswordAttemptCount, FailedPasswordAttemptWindowStart, FailedPasswordAnswerAttemptCount, FailedPasswordAnswerAttemptWindowStart)
   VALUES(@ApplicationID, @AspNetUserID, 'aMoPu/jMK8Yc4dxEEtAWm+RvKkFRjT38n/c1ORi3HgGWXJI15kNozQ==', 2, 'ub/Nej8BunZL3H6o+Z7+sg==', 'jay.webb@indeed.com', 'jay.webb@indeed.com', 1, 0, '2019-06-07 05:28:54', '2019-06-07 05:28:54', '2019-06-07 05:28:54', '1754-01-01 00:00:00.000', 0, '1754-01-01 00:00:00.000', 0, '1754-01-01 00:00:00.000')
   INSERT INTO dbo.dnn_UserPortals(UserID, PortalID, CreatedDate, Authorised, IsDeleted, RefreshRoles)
   VALUES(@UserID, @PortalID, '2019-06-07 05:28:54', 1, 0, 0)
   INSERT INTO dbo.dnn_UserRoles(UserID, RoleID, IsTrialUsed, CreatedByUserID, CreatedOnDate, LastModifiedByUserID, LastModifiedOnDate, [Status], IsOwner)
   VALUES(@UserId, @MaleRole, 0, 1, '2019-06-07 05:28:54', 1, '2019-06-07 05:28:54', 1, 0)
   INSERT INTO dbo.dnn_Users(Username, FirstName, LastName, Email, DisplayName, UpdatePassword, LastIPAddress, IsDeleted, CreatedByUserID, CreatedOnDate, LastModifiedByUserID, LastModifiedOnDate, PasswordResetToken, PasswordResetExpiration)
   VALUES('j.tucker@ameblo.jp', 'Jim', 'Tucker', 'j.tucker@ameblo.jp', 'Jim Tucker', 0, '', 0, 1, '2019-06-07 05:28:54', 1, '2019-06-07 05:28:54', NULL, NULL)
   SELECT @UserID = SCOPE_IDENTITY()
   INSERT INTO dbo.aspnet_Users(ApplicationID, UserName, LoweredUserName, IsAnonymous, LastActivityDate)
   VALUES(@ApplicationId, 'j.tucker@ameblo.jp', 'j.tucker@ameblo.jp', 0, '2019-06-07 05:28:54')
   SELECT @AspNetUserID = UserId FROM aspnet_Users WHERE Username = 'j.tucker@ameblo.jp'
   INSERT INTO dbo.aspnet_Membership(ApplicationID, UserID, Password, PasswordFormat, PasswordSalt, Email, LoweredEmail, IsApproved, IsLockedOut, CreateDate, LastLoginDate, LastPasswordChangedDate, LastLockoutDate, FailedPasswordAttemptCount, FailedPasswordAttemptWindowStart, FailedPasswordAnswerAttemptCount, FailedPasswordAnswerAttemptWindowStart)
   VALUES(@ApplicationID, @AspNetUserID, 'aMoPu/jMK8Yc4dxEEtAWm+RvKkFRjT38n/c1ORi3HgGWXJI15kNozQ==', 2, 'ub/Nej8BunZL3H6o+Z7+sg==', 'j.tucker@ameblo.jp', 'j.tucker@ameblo.jp', 1, 0, '2019-06-07 05:28:54', '2019-06-07 05:28:54', '2019-06-07 05:28:54', '1754-01-01 00:00:00.000', 0, '1754-01-01 00:00:00.000', 0, '1754-01-01 00:00:00.000')
   INSERT INTO dbo.dnn_UserPortals(UserID, PortalID, CreatedDate, Authorised, IsDeleted, RefreshRoles)
   VALUES(@UserID, @PortalID, '2019-06-07 05:28:54', 1, 0, 0)
   INSERT INTO dbo.dnn_UserRoles(UserID, RoleID, IsTrialUsed, CreatedByUserID, CreatedOnDate, LastModifiedByUserID, LastModifiedOnDate, [Status], IsOwner)
   VALUES(@UserId, @MaleRole, 0, 1, '2019-06-07 05:28:54', 1, '2019-06-07 05:28:54', 1, 0)
   INSERT INTO dbo.dnn_Users(Username, FirstName, LastName, Email, DisplayName, UpdatePassword, LastIPAddress, IsDeleted, CreatedByUserID, CreatedOnDate, LastModifiedByUserID, LastModifiedOnDate, PasswordResetToken, PasswordResetExpiration)
   VALUES('guzmant@aol.com', 'Tom', 'Guzman', 'guzmant@aol.com', 'Tom Guzman', 0, '', 0, 1, '2019-06-07 05:28:54', 1, '2019-06-07 05:28:54', NULL, NULL)
   SELECT @UserID = SCOPE_IDENTITY()
   INSERT INTO dbo.aspnet_Users(ApplicationID, UserName, LoweredUserName, IsAnonymous, LastActivityDate)
   VALUES(@ApplicationId, 'guzmant@aol.com', 'guzmant@aol.com', 0, '2019-06-07 05:28:54')
   SELECT @AspNetUserID = UserId FROM aspnet_Users WHERE Username = 'guzmant@aol.com'
   INSERT INTO dbo.aspnet_Membership(ApplicationID, UserID, Password, PasswordFormat, PasswordSalt, Email, LoweredEmail, IsApproved, IsLockedOut, CreateDate, LastLoginDate, LastPasswordChangedDate, LastLockoutDate, FailedPasswordAttemptCount, FailedPasswordAttemptWindowStart, FailedPasswordAnswerAttemptCount, FailedPasswordAnswerAttemptWindowStart)
   VALUES(@ApplicationID, @AspNetUserID, 'aMoPu/jMK8Yc4dxEEtAWm+RvKkFRjT38n/c1ORi3HgGWXJI15kNozQ==', 2, 'ub/Nej8BunZL3H6o+Z7+sg==', 'guzmant@aol.com', 'guzmant@aol.com', 1, 0, '2019-06-07 05:28:54', '2019-06-07 05:28:54', '2019-06-07 05:28:54', '1754-01-01 00:00:00.000', 0, '1754-01-01 00:00:00.000', 0, '1754-01-01 00:00:00.000')
   INSERT INTO dbo.dnn_UserPortals(UserID, PortalID, CreatedDate, Authorised, IsDeleted, RefreshRoles)
   VALUES(@UserID, @PortalID, '2019-06-07 05:28:54', 1, 0, 0)
   INSERT INTO dbo.dnn_UserRoles(UserID, RoleID, IsTrialUsed, CreatedByUserID, CreatedOnDate, LastModifiedByUserID, LastModifiedOnDate, [Status], IsOwner)
   VALUES(@UserId, @MaleRole, 0, 1, '2019-06-07 05:28:54', 1, '2019-06-07 05:28:54', 1, 0)
   INSERT INTO dbo.dnn_UserRoles(UserID, RoleID, IsTrialUsed, CreatedByUserID, CreatedOnDate, LastModifiedByUserID, LastModifiedOnDate, [Status], IsOwner)
   VALUES(@UserId, @AcademicRole, 0, 1, '2019-06-07 05:28:54', 1, '2019-06-07 05:28:54', 1, 0)
   INSERT INTO dbo.dnn_Users(Username, FirstName, LastName, Email, DisplayName, UpdatePassword, LastIPAddress, IsDeleted, CreatedByUserID, CreatedOnDate, LastModifiedByUserID, LastModifiedOnDate, PasswordResetToken, PasswordResetExpiration)
   VALUES('calvin.burns@etsy.com', 'Calvin', 'Burns', 'calvin.burns@etsy.com', 'Calvin Burns', 0, '', 0, 1, '2019-06-07 05:28:54', 1, '2019-06-07 05:28:54', NULL, NULL)
   SELECT @UserID = SCOPE_IDENTITY()
   INSERT INTO dbo.aspnet_Users(ApplicationID, UserName, LoweredUserName, IsAnonymous, LastActivityDate)
   VALUES(@ApplicationId, 'calvin.burns@etsy.com', 'calvin.burns@etsy.com', 0, '2019-06-07 05:28:54')
   SELECT @AspNetUserID = UserId FROM aspnet_Users WHERE Username = 'calvin.burns@etsy.com'
   INSERT INTO dbo.aspnet_Membership(ApplicationID, UserID, Password, PasswordFormat, PasswordSalt, Email, LoweredEmail, IsApproved, IsLockedOut, CreateDate, LastLoginDate, LastPasswordChangedDate, LastLockoutDate, FailedPasswordAttemptCount, FailedPasswordAttemptWindowStart, FailedPasswordAnswerAttemptCount, FailedPasswordAnswerAttemptWindowStart)
   VALUES(@ApplicationID, @AspNetUserID, 'aMoPu/jMK8Yc4dxEEtAWm+RvKkFRjT38n/c1ORi3HgGWXJI15kNozQ==', 2, 'ub/Nej8BunZL3H6o+Z7+sg==', 'calvin.burns@etsy.com', 'calvin.burns@etsy.com', 1, 0, '2019-06-07 05:28:54', '2019-06-07 05:28:54', '2019-06-07 05:28:54', '1754-01-01 00:00:00.000', 0, '1754-01-01 00:00:00.000', 0, '1754-01-01 00:00:00.000')
   INSERT INTO dbo.dnn_UserPortals(UserID, PortalID, CreatedDate, Authorised, IsDeleted, RefreshRoles)
   VALUES(@UserID, @PortalID, '2019-06-07 05:28:54', 1, 0, 0)
   INSERT INTO dbo.dnn_UserRoles(UserID, RoleID, IsTrialUsed, CreatedByUserID, CreatedOnDate, LastModifiedByUserID, LastModifiedOnDate, [Status], IsOwner)
   VALUES(@UserId, @MaleRole, 0, 1, '2019-06-07 05:28:54', 1, '2019-06-07 05:28:54', 1, 0)
   INSERT INTO dbo.dnn_Users(Username, FirstName, LastName, Email, DisplayName, UpdatePassword, LastIPAddress, IsDeleted, CreatedByUserID, CreatedOnDate, LastModifiedByUserID, LastModifiedOnDate, PasswordResetToken, PasswordResetExpiration)
   VALUES('a.crawford@globo.com', 'Alex', 'Crawford', 'a.crawford@globo.com', 'Alex Crawford', 0, '', 0, 1, '2019-06-07 05:28:54', 1, '2019-06-07 05:28:54', NULL, NULL)
   SELECT @UserID = SCOPE_IDENTITY()
   INSERT INTO dbo.aspnet_Users(ApplicationID, UserName, LoweredUserName, IsAnonymous, LastActivityDate)
   VALUES(@ApplicationId, 'a.crawford@globo.com', 'a.crawford@globo.com', 0, '2019-06-07 05:28:54')
   SELECT @AspNetUserID = UserId FROM aspnet_Users WHERE Username = 'a.crawford@globo.com'
   INSERT INTO dbo.aspnet_Membership(ApplicationID, UserID, Password, PasswordFormat, PasswordSalt, Email, LoweredEmail, IsApproved, IsLockedOut, CreateDate, LastLoginDate, LastPasswordChangedDate, LastLockoutDate, FailedPasswordAttemptCount, FailedPasswordAttemptWindowStart, FailedPasswordAnswerAttemptCount, FailedPasswordAnswerAttemptWindowStart)
   VALUES(@ApplicationID, @AspNetUserID, 'aMoPu/jMK8Yc4dxEEtAWm+RvKkFRjT38n/c1ORi3HgGWXJI15kNozQ==', 2, 'ub/Nej8BunZL3H6o+Z7+sg==', 'a.crawford@globo.com', 'a.crawford@globo.com', 1, 0, '2019-06-07 05:28:54', '2019-06-07 05:28:54', '2019-06-07 05:28:54', '1754-01-01 00:00:00.000', 0, '1754-01-01 00:00:00.000', 0, '1754-01-01 00:00:00.000')
   INSERT INTO dbo.dnn_UserPortals(UserID, PortalID, CreatedDate, Authorised, IsDeleted, RefreshRoles)
   VALUES(@UserID, @PortalID, '2019-06-07 05:28:54', 1, 0, 0)
   INSERT INTO dbo.dnn_UserRoles(UserID, RoleID, IsTrialUsed, CreatedByUserID, CreatedOnDate, LastModifiedByUserID, LastModifiedOnDate, [Status], IsOwner)
   VALUES(@UserId, @MaleRole, 0, 1, '2019-06-07 05:28:54', 1, '2019-06-07 05:28:54', 1, 0)
   INSERT INTO dbo.dnn_Users(Username, FirstName, LastName, Email, DisplayName, UpdatePassword, LastIPAddress, IsDeleted, CreatedByUserID, CreatedOnDate, LastModifiedByUserID, LastModifiedOnDate, PasswordResetToken, PasswordResetExpiration)
   VALUES('olsonj@google.co.za', 'Jon', 'Olson', 'olsonj@google.co.za', 'Jon Olson', 0, '', 0, 1, '2019-06-07 05:28:54', 1, '2019-06-07 05:28:54', NULL, NULL)
   SELECT @UserID = SCOPE_IDENTITY()
   INSERT INTO dbo.aspnet_Users(ApplicationID, UserName, LoweredUserName, IsAnonymous, LastActivityDate)
   VALUES(@ApplicationId, 'olsonj@google.co.za', 'olsonj@google.co.za', 0, '2019-06-07 05:28:54')
   SELECT @AspNetUserID = UserId FROM aspnet_Users WHERE Username = 'olsonj@google.co.za'
   INSERT INTO dbo.aspnet_Membership(ApplicationID, UserID, Password, PasswordFormat, PasswordSalt, Email, LoweredEmail, IsApproved, IsLockedOut, CreateDate, LastLoginDate, LastPasswordChangedDate, LastLockoutDate, FailedPasswordAttemptCount, FailedPasswordAttemptWindowStart, FailedPasswordAnswerAttemptCount, FailedPasswordAnswerAttemptWindowStart)
   VALUES(@ApplicationID, @AspNetUserID, 'aMoPu/jMK8Yc4dxEEtAWm+RvKkFRjT38n/c1ORi3HgGWXJI15kNozQ==', 2, 'ub/Nej8BunZL3H6o+Z7+sg==', 'olsonj@google.co.za', 'olsonj@google.co.za', 1, 0, '2019-06-07 05:28:54', '2019-06-07 05:28:54', '2019-06-07 05:28:54', '1754-01-01 00:00:00.000', 0, '1754-01-01 00:00:00.000', 0, '1754-01-01 00:00:00.000')
   INSERT INTO dbo.dnn_UserPortals(UserID, PortalID, CreatedDate, Authorised, IsDeleted, RefreshRoles)
   VALUES(@UserID, @PortalID, '2019-06-07 05:28:54', 1, 0, 0)
   INSERT INTO dbo.dnn_UserRoles(UserID, RoleID, IsTrialUsed, CreatedByUserID, CreatedOnDate, LastModifiedByUserID, LastModifiedOnDate, [Status], IsOwner)
   VALUES(@UserId, @MaleRole, 0, 1, '2019-06-07 05:28:54', 1, '2019-06-07 05:28:54', 1, 0)
   INSERT INTO dbo.dnn_Users(Username, FirstName, LastName, Email, DisplayName, UpdatePassword, LastIPAddress, IsDeleted, CreatedByUserID, CreatedOnDate, LastModifiedByUserID, LastModifiedOnDate, PasswordResetToken, PasswordResetExpiration)
   VALUES('ronnie.simpson@yelp.com', 'Ronnie', 'Simpson', 'ronnie.simpson@yelp.com', 'Ronnie Simpson', 0, '', 0, 1, '2019-06-07 05:28:54', 1, '2019-06-07 05:28:54', NULL, NULL)
   SELECT @UserID = SCOPE_IDENTITY()
   INSERT INTO dbo.aspnet_Users(ApplicationID, UserName, LoweredUserName, IsAnonymous, LastActivityDate)
   VALUES(@ApplicationId, 'ronnie.simpson@yelp.com', 'ronnie.simpson@yelp.com', 0, '2019-06-07 05:28:54')
   SELECT @AspNetUserID = UserId FROM aspnet_Users WHERE Username = 'ronnie.simpson@yelp.com'
   INSERT INTO dbo.aspnet_Membership(ApplicationID, UserID, Password, PasswordFormat, PasswordSalt, Email, LoweredEmail, IsApproved, IsLockedOut, CreateDate, LastLoginDate, LastPasswordChangedDate, LastLockoutDate, FailedPasswordAttemptCount, FailedPasswordAttemptWindowStart, FailedPasswordAnswerAttemptCount, FailedPasswordAnswerAttemptWindowStart)
   VALUES(@ApplicationID, @AspNetUserID, 'aMoPu/jMK8Yc4dxEEtAWm+RvKkFRjT38n/c1ORi3HgGWXJI15kNozQ==', 2, 'ub/Nej8BunZL3H6o+Z7+sg==', 'ronnie.simpson@yelp.com', 'ronnie.simpson@yelp.com', 1, 0, '2019-06-07 05:28:54', '2019-06-07 05:28:54', '2019-06-07 05:28:54', '1754-01-01 00:00:00.000', 0, '1754-01-01 00:00:00.000', 0, '1754-01-01 00:00:00.000')
   INSERT INTO dbo.dnn_UserPortals(UserID, PortalID, CreatedDate, Authorised, IsDeleted, RefreshRoles)
   VALUES(@UserID, @PortalID, '2019-06-07 05:28:54', 1, 0, 0)
   INSERT INTO dbo.dnn_UserRoles(UserID, RoleID, IsTrialUsed, CreatedByUserID, CreatedOnDate, LastModifiedByUserID, LastModifiedOnDate, [Status], IsOwner)
   VALUES(@UserId, @MaleRole, 0, 1, '2019-06-07 05:28:54', 1, '2019-06-07 05:28:54', 1, 0)
   INSERT INTO dbo.dnn_UserRoles(UserID, RoleID, IsTrialUsed, CreatedByUserID, CreatedOnDate, LastModifiedByUserID, LastModifiedOnDate, [Status], IsOwner)
   VALUES(@UserId, @ManagerRole, 0, 1, '2019-06-07 05:28:54', 1, '2019-06-07 05:28:54', 1, 0)
   INSERT INTO dbo.dnn_Users(Username, FirstName, LastName, Email, DisplayName, UpdatePassword, LastIPAddress, IsDeleted, CreatedByUserID, CreatedOnDate, LastModifiedByUserID, LastModifiedOnDate, PasswordResetToken, PasswordResetExpiration)
   VALUES('b.porter@amazonaws.com', 'Bill', 'Porter', 'b.porter@amazonaws.com', 'Bill Porter', 0, '', 0, 1, '2019-06-07 05:28:54', 1, '2019-06-07 05:28:54', NULL, NULL)
   SELECT @UserID = SCOPE_IDENTITY()
   INSERT INTO dbo.aspnet_Users(ApplicationID, UserName, LoweredUserName, IsAnonymous, LastActivityDate)
   VALUES(@ApplicationId, 'b.porter@amazonaws.com', 'b.porter@amazonaws.com', 0, '2019-06-07 05:28:54')
   SELECT @AspNetUserID = UserId FROM aspnet_Users WHERE Username = 'b.porter@amazonaws.com'
   INSERT INTO dbo.aspnet_Membership(ApplicationID, UserID, Password, PasswordFormat, PasswordSalt, Email, LoweredEmail, IsApproved, IsLockedOut, CreateDate, LastLoginDate, LastPasswordChangedDate, LastLockoutDate, FailedPasswordAttemptCount, FailedPasswordAttemptWindowStart, FailedPasswordAnswerAttemptCount, FailedPasswordAnswerAttemptWindowStart)
   VALUES(@ApplicationID, @AspNetUserID, 'aMoPu/jMK8Yc4dxEEtAWm+RvKkFRjT38n/c1ORi3HgGWXJI15kNozQ==', 2, 'ub/Nej8BunZL3H6o+Z7+sg==', 'b.porter@amazonaws.com', 'b.porter@amazonaws.com', 1, 0, '2019-06-07 05:28:54', '2019-06-07 05:28:54', '2019-06-07 05:28:54', '1754-01-01 00:00:00.000', 0, '1754-01-01 00:00:00.000', 0, '1754-01-01 00:00:00.000')
   INSERT INTO dbo.dnn_UserPortals(UserID, PortalID, CreatedDate, Authorised, IsDeleted, RefreshRoles)
   VALUES(@UserID, @PortalID, '2019-06-07 05:28:54', 1, 0, 0)
   INSERT INTO dbo.dnn_UserRoles(UserID, RoleID, IsTrialUsed, CreatedByUserID, CreatedOnDate, LastModifiedByUserID, LastModifiedOnDate, [Status], IsOwner)
   VALUES(@UserId, @MaleRole, 0, 1, '2019-06-07 05:28:54', 1, '2019-06-07 05:28:54', 1, 0)
   INSERT INTO dbo.dnn_Users(Username, FirstName, LastName, Email, DisplayName, UpdatePassword, LastIPAddress, IsDeleted, CreatedByUserID, CreatedOnDate, LastModifiedByUserID, LastModifiedOnDate, PasswordResetToken, PasswordResetExpiration)
   VALUES('hunterl@huffingtonpost.com', 'Lloyd', 'Hunter', 'hunterl@huffingtonpost.com', 'Lloyd Hunter', 0, '', 0, 1, '2019-06-07 05:28:54', 1, '2019-06-07 05:28:54', NULL, NULL)
   SELECT @UserID = SCOPE_IDENTITY()
   INSERT INTO dbo.aspnet_Users(ApplicationID, UserName, LoweredUserName, IsAnonymous, LastActivityDate)
   VALUES(@ApplicationId, 'hunterl@huffingtonpost.com', 'hunterl@huffingtonpost.com', 0, '2019-06-07 05:28:54')
   SELECT @AspNetUserID = UserId FROM aspnet_Users WHERE Username = 'hunterl@huffingtonpost.com'
   INSERT INTO dbo.aspnet_Membership(ApplicationID, UserID, Password, PasswordFormat, PasswordSalt, Email, LoweredEmail, IsApproved, IsLockedOut, CreateDate, LastLoginDate, LastPasswordChangedDate, LastLockoutDate, FailedPasswordAttemptCount, FailedPasswordAttemptWindowStart, FailedPasswordAnswerAttemptCount, FailedPasswordAnswerAttemptWindowStart)
   VALUES(@ApplicationID, @AspNetUserID, 'aMoPu/jMK8Yc4dxEEtAWm+RvKkFRjT38n/c1ORi3HgGWXJI15kNozQ==', 2, 'ub/Nej8BunZL3H6o+Z7+sg==', 'hunterl@huffingtonpost.com', 'hunterl@huffingtonpost.com', 1, 0, '2019-06-07 05:28:54', '2019-06-07 05:28:54', '2019-06-07 05:28:54', '1754-01-01 00:00:00.000', 0, '1754-01-01 00:00:00.000', 0, '1754-01-01 00:00:00.000')
   INSERT INTO dbo.dnn_UserPortals(UserID, PortalID, CreatedDate, Authorised, IsDeleted, RefreshRoles)
   VALUES(@UserID, @PortalID, '2019-06-07 05:28:54', 1, 0, 0)
   INSERT INTO dbo.dnn_UserRoles(UserID, RoleID, IsTrialUsed, CreatedByUserID, CreatedOnDate, LastModifiedByUserID, LastModifiedOnDate, [Status], IsOwner)
   VALUES(@UserId, @MaleRole, 0, 1, '2019-06-07 05:28:54', 1, '2019-06-07 05:28:54', 1, 0)
   INSERT INTO dbo.dnn_Users(Username, FirstName, LastName, Email, DisplayName, UpdatePassword, LastIPAddress, IsDeleted, CreatedByUserID, CreatedOnDate, LastModifiedByUserID, LastModifiedOnDate, PasswordResetToken, PasswordResetExpiration)
   VALUES('tommy.gordon@tudou.com', 'Tommy', 'Gordon', 'tommy.gordon@tudou.com', 'Tommy Gordon', 0, '', 0, 1, '2019-06-07 05:28:54', 1, '2019-06-07 05:28:54', NULL, NULL)
   SELECT @UserID = SCOPE_IDENTITY()
   INSERT INTO dbo.aspnet_Users(ApplicationID, UserName, LoweredUserName, IsAnonymous, LastActivityDate)
   VALUES(@ApplicationId, 'tommy.gordon@tudou.com', 'tommy.gordon@tudou.com', 0, '2019-06-07 05:28:54')
   SELECT @AspNetUserID = UserId FROM aspnet_Users WHERE Username = 'tommy.gordon@tudou.com'
   INSERT INTO dbo.aspnet_Membership(ApplicationID, UserID, Password, PasswordFormat, PasswordSalt, Email, LoweredEmail, IsApproved, IsLockedOut, CreateDate, LastLoginDate, LastPasswordChangedDate, LastLockoutDate, FailedPasswordAttemptCount, FailedPasswordAttemptWindowStart, FailedPasswordAnswerAttemptCount, FailedPasswordAnswerAttemptWindowStart)
   VALUES(@ApplicationID, @AspNetUserID, 'aMoPu/jMK8Yc4dxEEtAWm+RvKkFRjT38n/c1ORi3HgGWXJI15kNozQ==', 2, 'ub/Nej8BunZL3H6o+Z7+sg==', 'tommy.gordon@tudou.com', 'tommy.gordon@tudou.com', 1, 0, '2019-06-07 05:28:54', '2019-06-07 05:28:54', '2019-06-07 05:28:54', '1754-01-01 00:00:00.000', 0, '1754-01-01 00:00:00.000', 0, '1754-01-01 00:00:00.000')
   INSERT INTO dbo.dnn_UserPortals(UserID, PortalID, CreatedDate, Authorised, IsDeleted, RefreshRoles)
   VALUES(@UserID, @PortalID, '2019-06-07 05:28:54', 1, 0, 0)
   INSERT INTO dbo.dnn_UserRoles(UserID, RoleID, IsTrialUsed, CreatedByUserID, CreatedOnDate, LastModifiedByUserID, LastModifiedOnDate, [Status], IsOwner)
   VALUES(@UserId, @MaleRole, 0, 1, '2019-06-07 05:28:54', 1, '2019-06-07 05:28:54', 1, 0)
   INSERT INTO dbo.dnn_Users(Username, FirstName, LastName, Email, DisplayName, UpdatePassword, LastIPAddress, IsDeleted, CreatedByUserID, CreatedOnDate, LastModifiedByUserID, LastModifiedOnDate, PasswordResetToken, PasswordResetExpiration)
   VALUES('l.mendez@so.com', 'Leon', 'Mendez', 'l.mendez@so.com', 'Leon Mendez', 0, '', 0, 1, '2019-06-07 05:28:54', 1, '2019-06-07 05:28:54', NULL, NULL)
   SELECT @UserID = SCOPE_IDENTITY()
   INSERT INTO dbo.aspnet_Users(ApplicationID, UserName, LoweredUserName, IsAnonymous, LastActivityDate)
   VALUES(@ApplicationId, 'l.mendez@so.com', 'l.mendez@so.com', 0, '2019-06-07 05:28:54')
   SELECT @AspNetUserID = UserId FROM aspnet_Users WHERE Username = 'l.mendez@so.com'
   INSERT INTO dbo.aspnet_Membership(ApplicationID, UserID, Password, PasswordFormat, PasswordSalt, Email, LoweredEmail, IsApproved, IsLockedOut, CreateDate, LastLoginDate, LastPasswordChangedDate, LastLockoutDate, FailedPasswordAttemptCount, FailedPasswordAttemptWindowStart, FailedPasswordAnswerAttemptCount, FailedPasswordAnswerAttemptWindowStart)
   VALUES(@ApplicationID, @AspNetUserID, 'aMoPu/jMK8Yc4dxEEtAWm+RvKkFRjT38n/c1ORi3HgGWXJI15kNozQ==', 2, 'ub/Nej8BunZL3H6o+Z7+sg==', 'l.mendez@so.com', 'l.mendez@so.com', 1, 0, '2019-06-07 05:28:54', '2019-06-07 05:28:54', '2019-06-07 05:28:54', '1754-01-01 00:00:00.000', 0, '1754-01-01 00:00:00.000', 0, '1754-01-01 00:00:00.000')
   INSERT INTO dbo.dnn_UserPortals(UserID, PortalID, CreatedDate, Authorised, IsDeleted, RefreshRoles)
   VALUES(@UserID, @PortalID, '2019-06-07 05:28:54', 1, 0, 0)
   INSERT INTO dbo.dnn_UserRoles(UserID, RoleID, IsTrialUsed, CreatedByUserID, CreatedOnDate, LastModifiedByUserID, LastModifiedOnDate, [Status], IsOwner)
   VALUES(@UserId, @MaleRole, 0, 1, '2019-06-07 05:28:54', 1, '2019-06-07 05:28:54', 1, 0)
   INSERT INTO dbo.dnn_Users(Username, FirstName, LastName, Email, DisplayName, UpdatePassword, LastIPAddress, IsDeleted, CreatedByUserID, CreatedOnDate, LastModifiedByUserID, LastModifiedOnDate, PasswordResetToken, PasswordResetExpiration)
   VALUES('silvad@zhihu.com', 'Derek', 'Silva', 'silvad@zhihu.com', 'Derek Silva', 0, '', 0, 1, '2019-06-07 05:28:54', 1, '2019-06-07 05:28:54', NULL, NULL)
   SELECT @UserID = SCOPE_IDENTITY()
   INSERT INTO dbo.aspnet_Users(ApplicationID, UserName, LoweredUserName, IsAnonymous, LastActivityDate)
   VALUES(@ApplicationId, 'silvad@zhihu.com', 'silvad@zhihu.com', 0, '2019-06-07 05:28:54')
   SELECT @AspNetUserID = UserId FROM aspnet_Users WHERE Username = 'silvad@zhihu.com'
   INSERT INTO dbo.aspnet_Membership(ApplicationID, UserID, Password, PasswordFormat, PasswordSalt, Email, LoweredEmail, IsApproved, IsLockedOut, CreateDate, LastLoginDate, LastPasswordChangedDate, LastLockoutDate, FailedPasswordAttemptCount, FailedPasswordAttemptWindowStart, FailedPasswordAnswerAttemptCount, FailedPasswordAnswerAttemptWindowStart)
   VALUES(@ApplicationID, @AspNetUserID, 'aMoPu/jMK8Yc4dxEEtAWm+RvKkFRjT38n/c1ORi3HgGWXJI15kNozQ==', 2, 'ub/Nej8BunZL3H6o+Z7+sg==', 'silvad@zhihu.com', 'silvad@zhihu.com', 1, 0, '2019-06-07 05:28:54', '2019-06-07 05:28:54', '2019-06-07 05:28:54', '1754-01-01 00:00:00.000', 0, '1754-01-01 00:00:00.000', 0, '1754-01-01 00:00:00.000')
   INSERT INTO dbo.dnn_UserPortals(UserID, PortalID, CreatedDate, Authorised, IsDeleted, RefreshRoles)
   VALUES(@UserID, @PortalID, '2019-06-07 05:28:54', 1, 0, 0)
   INSERT INTO dbo.dnn_UserRoles(UserID, RoleID, IsTrialUsed, CreatedByUserID, CreatedOnDate, LastModifiedByUserID, LastModifiedOnDate, [Status], IsOwner)
   VALUES(@UserId, @MaleRole, 0, 1, '2019-06-07 05:28:54', 1, '2019-06-07 05:28:54', 1, 0)
   INSERT INTO dbo.dnn_Users(Username, FirstName, LastName, Email, DisplayName, UpdatePassword, LastIPAddress, IsDeleted, CreatedByUserID, CreatedOnDate, LastModifiedByUserID, LastModifiedOnDate, PasswordResetToken, PasswordResetExpiration)
   VALUES('warren.shaw@soundcloud.com', 'Warren', 'Shaw', 'warren.shaw@soundcloud.com', 'Warren Shaw', 0, '', 0, 1, '2019-06-07 05:28:54', 1, '2019-06-07 05:28:54', NULL, NULL)
   SELECT @UserID = SCOPE_IDENTITY()
   INSERT INTO dbo.aspnet_Users(ApplicationID, UserName, LoweredUserName, IsAnonymous, LastActivityDate)
   VALUES(@ApplicationId, 'warren.shaw@soundcloud.com', 'warren.shaw@soundcloud.com', 0, '2019-06-07 05:28:54')
   SELECT @AspNetUserID = UserId FROM aspnet_Users WHERE Username = 'warren.shaw@soundcloud.com'
   INSERT INTO dbo.aspnet_Membership(ApplicationID, UserID, Password, PasswordFormat, PasswordSalt, Email, LoweredEmail, IsApproved, IsLockedOut, CreateDate, LastLoginDate, LastPasswordChangedDate, LastLockoutDate, FailedPasswordAttemptCount, FailedPasswordAttemptWindowStart, FailedPasswordAnswerAttemptCount, FailedPasswordAnswerAttemptWindowStart)
   VALUES(@ApplicationID, @AspNetUserID, 'aMoPu/jMK8Yc4dxEEtAWm+RvKkFRjT38n/c1ORi3HgGWXJI15kNozQ==', 2, 'ub/Nej8BunZL3H6o+Z7+sg==', 'warren.shaw@soundcloud.com', 'warren.shaw@soundcloud.com', 1, 0, '2019-06-07 05:28:54', '2019-06-07 05:28:54', '2019-06-07 05:28:54', '1754-01-01 00:00:00.000', 0, '1754-01-01 00:00:00.000', 0, '1754-01-01 00:00:00.000')
   INSERT INTO dbo.dnn_UserPortals(UserID, PortalID, CreatedDate, Authorised, IsDeleted, RefreshRoles)
   VALUES(@UserID, @PortalID, '2019-06-07 05:28:54', 1, 0, 0)
   INSERT INTO dbo.dnn_UserRoles(UserID, RoleID, IsTrialUsed, CreatedByUserID, CreatedOnDate, LastModifiedByUserID, LastModifiedOnDate, [Status], IsOwner)
   VALUES(@UserId, @MaleRole, 0, 1, '2019-06-07 05:28:54', 1, '2019-06-07 05:28:54', 1, 0)
   INSERT INTO dbo.dnn_Users(Username, FirstName, LastName, Email, DisplayName, UpdatePassword, LastIPAddress, IsDeleted, CreatedByUserID, CreatedOnDate, LastModifiedByUserID, LastModifiedOnDate, PasswordResetToken, PasswordResetExpiration)
   VALUES('d.snyder@tripadvisor.com', 'Darrell', 'Snyder', 'd.snyder@tripadvisor.com', 'Darrell Snyder', 0, '', 0, 1, '2019-06-07 05:28:54', 1, '2019-06-07 05:28:54', NULL, NULL)
   SELECT @UserID = SCOPE_IDENTITY()
   INSERT INTO dbo.aspnet_Users(ApplicationID, UserName, LoweredUserName, IsAnonymous, LastActivityDate)
   VALUES(@ApplicationId, 'd.snyder@tripadvisor.com', 'd.snyder@tripadvisor.com', 0, '2019-06-07 05:28:54')
   SELECT @AspNetUserID = UserId FROM aspnet_Users WHERE Username = 'd.snyder@tripadvisor.com'
   INSERT INTO dbo.aspnet_Membership(ApplicationID, UserID, Password, PasswordFormat, PasswordSalt, Email, LoweredEmail, IsApproved, IsLockedOut, CreateDate, LastLoginDate, LastPasswordChangedDate, LastLockoutDate, FailedPasswordAttemptCount, FailedPasswordAttemptWindowStart, FailedPasswordAnswerAttemptCount, FailedPasswordAnswerAttemptWindowStart)
   VALUES(@ApplicationID, @AspNetUserID, 'aMoPu/jMK8Yc4dxEEtAWm+RvKkFRjT38n/c1ORi3HgGWXJI15kNozQ==', 2, 'ub/Nej8BunZL3H6o+Z7+sg==', 'd.snyder@tripadvisor.com', 'd.snyder@tripadvisor.com', 1, 0, '2019-06-07 05:28:54', '2019-06-07 05:28:54', '2019-06-07 05:28:54', '1754-01-01 00:00:00.000', 0, '1754-01-01 00:00:00.000', 0, '1754-01-01 00:00:00.000')
   INSERT INTO dbo.dnn_UserPortals(UserID, PortalID, CreatedDate, Authorised, IsDeleted, RefreshRoles)
   VALUES(@UserID, @PortalID, '2019-06-07 05:28:54', 1, 0, 0)
   INSERT INTO dbo.dnn_UserRoles(UserID, RoleID, IsTrialUsed, CreatedByUserID, CreatedOnDate, LastModifiedByUserID, LastModifiedOnDate, [Status], IsOwner)
   VALUES(@UserId, @MaleRole, 0, 1, '2019-06-07 05:28:54', 1, '2019-06-07 05:28:54', 1, 0)
   INSERT INTO dbo.dnn_Users(Username, FirstName, LastName, Email, DisplayName, UpdatePassword, LastIPAddress, IsDeleted, CreatedByUserID, CreatedOnDate, LastModifiedByUserID, LastModifiedOnDate, PasswordResetToken, PasswordResetExpiration)
   VALUES('masonj@google.gr', 'Jerome', 'Mason', 'masonj@google.gr', 'Jerome Mason', 0, '', 0, 1, '2019-06-07 05:28:54', 1, '2019-06-07 05:28:54', NULL, NULL)
   SELECT @UserID = SCOPE_IDENTITY()
   INSERT INTO dbo.aspnet_Users(ApplicationID, UserName, LoweredUserName, IsAnonymous, LastActivityDate)
   VALUES(@ApplicationId, 'masonj@google.gr', 'masonj@google.gr', 0, '2019-06-07 05:28:54')
   SELECT @AspNetUserID = UserId FROM aspnet_Users WHERE Username = 'masonj@google.gr'
   INSERT INTO dbo.aspnet_Membership(ApplicationID, UserID, Password, PasswordFormat, PasswordSalt, Email, LoweredEmail, IsApproved, IsLockedOut, CreateDate, LastLoginDate, LastPasswordChangedDate, LastLockoutDate, FailedPasswordAttemptCount, FailedPasswordAttemptWindowStart, FailedPasswordAnswerAttemptCount, FailedPasswordAnswerAttemptWindowStart)
   VALUES(@ApplicationID, @AspNetUserID, 'aMoPu/jMK8Yc4dxEEtAWm+RvKkFRjT38n/c1ORi3HgGWXJI15kNozQ==', 2, 'ub/Nej8BunZL3H6o+Z7+sg==', 'masonj@google.gr', 'masonj@google.gr', 1, 0, '2019-06-07 05:28:54', '2019-06-07 05:28:54', '2019-06-07 05:28:54', '1754-01-01 00:00:00.000', 0, '1754-01-01 00:00:00.000', 0, '1754-01-01 00:00:00.000')
   INSERT INTO dbo.dnn_UserPortals(UserID, PortalID, CreatedDate, Authorised, IsDeleted, RefreshRoles)
   VALUES(@UserID, @PortalID, '2019-06-07 05:28:54', 1, 0, 0)
   INSERT INTO dbo.dnn_UserRoles(UserID, RoleID, IsTrialUsed, CreatedByUserID, CreatedOnDate, LastModifiedByUserID, LastModifiedOnDate, [Status], IsOwner)
   VALUES(@UserId, @MaleRole, 0, 1, '2019-06-07 05:28:54', 1, '2019-06-07 05:28:54', 1, 0)
   INSERT INTO dbo.dnn_Users(Username, FirstName, LastName, Email, DisplayName, UpdatePassword, LastIPAddress, IsDeleted, CreatedByUserID, CreatedOnDate, LastModifiedByUserID, LastModifiedOnDate, PasswordResetToken, PasswordResetExpiration)
   VALUES('floyd.dixon@varzesh3.com', 'Floyd', 'Dixon', 'floyd.dixon@varzesh3.com', 'Floyd Dixon', 0, '', 0, 1, '2019-06-07 05:28:54', 1, '2019-06-07 05:28:54', NULL, NULL)
   SELECT @UserID = SCOPE_IDENTITY()
   INSERT INTO dbo.aspnet_Users(ApplicationID, UserName, LoweredUserName, IsAnonymous, LastActivityDate)
   VALUES(@ApplicationId, 'floyd.dixon@varzesh3.com', 'floyd.dixon@varzesh3.com', 0, '2019-06-07 05:28:54')
   SELECT @AspNetUserID = UserId FROM aspnet_Users WHERE Username = 'floyd.dixon@varzesh3.com'
   INSERT INTO dbo.aspnet_Membership(ApplicationID, UserID, Password, PasswordFormat, PasswordSalt, Email, LoweredEmail, IsApproved, IsLockedOut, CreateDate, LastLoginDate, LastPasswordChangedDate, LastLockoutDate, FailedPasswordAttemptCount, FailedPasswordAttemptWindowStart, FailedPasswordAnswerAttemptCount, FailedPasswordAnswerAttemptWindowStart)
   VALUES(@ApplicationID, @AspNetUserID, 'aMoPu/jMK8Yc4dxEEtAWm+RvKkFRjT38n/c1ORi3HgGWXJI15kNozQ==', 2, 'ub/Nej8BunZL3H6o+Z7+sg==', 'floyd.dixon@varzesh3.com', 'floyd.dixon@varzesh3.com', 1, 0, '2019-06-07 05:28:54', '2019-06-07 05:28:54', '2019-06-07 05:28:54', '1754-01-01 00:00:00.000', 0, '1754-01-01 00:00:00.000', 0, '1754-01-01 00:00:00.000')
   INSERT INTO dbo.dnn_UserPortals(UserID, PortalID, CreatedDate, Authorised, IsDeleted, RefreshRoles)
   VALUES(@UserID, @PortalID, '2019-06-07 05:28:54', 1, 0, 0)
   INSERT INTO dbo.dnn_UserRoles(UserID, RoleID, IsTrialUsed, CreatedByUserID, CreatedOnDate, LastModifiedByUserID, LastModifiedOnDate, [Status], IsOwner)
   VALUES(@UserId, @MaleRole, 0, 1, '2019-06-07 05:28:54', 1, '2019-06-07 05:28:54', 1, 0)
   INSERT INTO dbo.dnn_UserRoles(UserID, RoleID, IsTrialUsed, CreatedByUserID, CreatedOnDate, LastModifiedByUserID, LastModifiedOnDate, [Status], IsOwner)
   VALUES(@UserId, @AcademicRole, 0, 1, '2019-06-07 05:28:54', 1, '2019-06-07 05:28:54', 1, 0)
   INSERT INTO dbo.dnn_Users(Username, FirstName, LastName, Email, DisplayName, UpdatePassword, LastIPAddress, IsDeleted, CreatedByUserID, CreatedOnDate, LastModifiedByUserID, LastModifiedOnDate, PasswordResetToken, PasswordResetExpiration)
   VALUES('l.munoz@avito.ru', 'Leo', 'Munoz', 'l.munoz@avito.ru', 'Leo Munoz', 0, '', 0, 1, '2019-06-07 05:28:54', 1, '2019-06-07 05:28:54', NULL, NULL)
   SELECT @UserID = SCOPE_IDENTITY()
   INSERT INTO dbo.aspnet_Users(ApplicationID, UserName, LoweredUserName, IsAnonymous, LastActivityDate)
   VALUES(@ApplicationId, 'l.munoz@avito.ru', 'l.munoz@avito.ru', 0, '2019-06-07 05:28:54')
   SELECT @AspNetUserID = UserId FROM aspnet_Users WHERE Username = 'l.munoz@avito.ru'
   INSERT INTO dbo.aspnet_Membership(ApplicationID, UserID, Password, PasswordFormat, PasswordSalt, Email, LoweredEmail, IsApproved, IsLockedOut, CreateDate, LastLoginDate, LastPasswordChangedDate, LastLockoutDate, FailedPasswordAttemptCount, FailedPasswordAttemptWindowStart, FailedPasswordAnswerAttemptCount, FailedPasswordAnswerAttemptWindowStart)
   VALUES(@ApplicationID, @AspNetUserID, 'aMoPu/jMK8Yc4dxEEtAWm+RvKkFRjT38n/c1ORi3HgGWXJI15kNozQ==', 2, 'ub/Nej8BunZL3H6o+Z7+sg==', 'l.munoz@avito.ru', 'l.munoz@avito.ru', 1, 0, '2019-06-07 05:28:54', '2019-06-07 05:28:54', '2019-06-07 05:28:54', '1754-01-01 00:00:00.000', 0, '1754-01-01 00:00:00.000', 0, '1754-01-01 00:00:00.000')
   INSERT INTO dbo.dnn_UserPortals(UserID, PortalID, CreatedDate, Authorised, IsDeleted, RefreshRoles)
   VALUES(@UserID, @PortalID, '2019-06-07 05:28:54', 1, 0, 0)
   INSERT INTO dbo.dnn_UserRoles(UserID, RoleID, IsTrialUsed, CreatedByUserID, CreatedOnDate, LastModifiedByUserID, LastModifiedOnDate, [Status], IsOwner)
   VALUES(@UserId, @MaleRole, 0, 1, '2019-06-07 05:28:54', 1, '2019-06-07 05:28:54', 1, 0)
   INSERT INTO dbo.dnn_UserRoles(UserID, RoleID, IsTrialUsed, CreatedByUserID, CreatedOnDate, LastModifiedByUserID, LastModifiedOnDate, [Status], IsOwner)
   VALUES(@UserId, @ManagerRole, 0, 1, '2019-06-07 05:28:54', 1, '2019-06-07 05:28:54', 1, 0)
   INSERT INTO dbo.dnn_Users(Username, FirstName, LastName, Email, DisplayName, UpdatePassword, LastIPAddress, IsDeleted, CreatedByUserID, CreatedOnDate, LastModifiedByUserID, LastModifiedOnDate, PasswordResetToken, PasswordResetExpiration)
   VALUES('hunta@onlinesbi.com', 'Alvin', 'Hunt', 'hunta@onlinesbi.com', 'Alvin Hunt', 0, '', 0, 1, '2019-06-07 05:28:54', 1, '2019-06-07 05:28:54', NULL, NULL)
   SELECT @UserID = SCOPE_IDENTITY()
   INSERT INTO dbo.aspnet_Users(ApplicationID, UserName, LoweredUserName, IsAnonymous, LastActivityDate)
   VALUES(@ApplicationId, 'hunta@onlinesbi.com', 'hunta@onlinesbi.com', 0, '2019-06-07 05:28:54')
   SELECT @AspNetUserID = UserId FROM aspnet_Users WHERE Username = 'hunta@onlinesbi.com'
   INSERT INTO dbo.aspnet_Membership(ApplicationID, UserID, Password, PasswordFormat, PasswordSalt, Email, LoweredEmail, IsApproved, IsLockedOut, CreateDate, LastLoginDate, LastPasswordChangedDate, LastLockoutDate, FailedPasswordAttemptCount, FailedPasswordAttemptWindowStart, FailedPasswordAnswerAttemptCount, FailedPasswordAnswerAttemptWindowStart)
   VALUES(@ApplicationID, @AspNetUserID, 'aMoPu/jMK8Yc4dxEEtAWm+RvKkFRjT38n/c1ORi3HgGWXJI15kNozQ==', 2, 'ub/Nej8BunZL3H6o+Z7+sg==', 'hunta@onlinesbi.com', 'hunta@onlinesbi.com', 1, 0, '2019-06-07 05:28:54', '2019-06-07 05:28:54', '2019-06-07 05:28:54', '1754-01-01 00:00:00.000', 0, '1754-01-01 00:00:00.000', 0, '1754-01-01 00:00:00.000')
   INSERT INTO dbo.dnn_UserPortals(UserID, PortalID, CreatedDate, Authorised, IsDeleted, RefreshRoles)
   VALUES(@UserID, @PortalID, '2019-06-07 05:28:54', 1, 0, 0)
   INSERT INTO dbo.dnn_UserRoles(UserID, RoleID, IsTrialUsed, CreatedByUserID, CreatedOnDate, LastModifiedByUserID, LastModifiedOnDate, [Status], IsOwner)
   VALUES(@UserId, @MaleRole, 0, 1, '2019-06-07 05:28:54', 1, '2019-06-07 05:28:54', 1, 0)
   INSERT INTO dbo.dnn_Users(Username, FirstName, LastName, Email, DisplayName, UpdatePassword, LastIPAddress, IsDeleted, CreatedByUserID, CreatedOnDate, LastModifiedByUserID, LastModifiedOnDate, PasswordResetToken, PasswordResetExpiration)
   VALUES('tim.hicks@vice.com', 'Tim', 'Hicks', 'tim.hicks@vice.com', 'Tim Hicks', 0, '', 0, 1, '2019-06-07 05:28:54', 1, '2019-06-07 05:28:54', NULL, NULL)
   SELECT @UserID = SCOPE_IDENTITY()
   INSERT INTO dbo.aspnet_Users(ApplicationID, UserName, LoweredUserName, IsAnonymous, LastActivityDate)
   VALUES(@ApplicationId, 'tim.hicks@vice.com', 'tim.hicks@vice.com', 0, '2019-06-07 05:28:54')
   SELECT @AspNetUserID = UserId FROM aspnet_Users WHERE Username = 'tim.hicks@vice.com'
   INSERT INTO dbo.aspnet_Membership(ApplicationID, UserID, Password, PasswordFormat, PasswordSalt, Email, LoweredEmail, IsApproved, IsLockedOut, CreateDate, LastLoginDate, LastPasswordChangedDate, LastLockoutDate, FailedPasswordAttemptCount, FailedPasswordAttemptWindowStart, FailedPasswordAnswerAttemptCount, FailedPasswordAnswerAttemptWindowStart)
   VALUES(@ApplicationID, @AspNetUserID, 'aMoPu/jMK8Yc4dxEEtAWm+RvKkFRjT38n/c1ORi3HgGWXJI15kNozQ==', 2, 'ub/Nej8BunZL3H6o+Z7+sg==', 'tim.hicks@vice.com', 'tim.hicks@vice.com', 1, 0, '2019-06-07 05:28:54', '2019-06-07 05:28:54', '2019-06-07 05:28:54', '1754-01-01 00:00:00.000', 0, '1754-01-01 00:00:00.000', 0, '1754-01-01 00:00:00.000')
   INSERT INTO dbo.dnn_UserPortals(UserID, PortalID, CreatedDate, Authorised, IsDeleted, RefreshRoles)
   VALUES(@UserID, @PortalID, '2019-06-07 05:28:54', 1, 0, 0)
   INSERT INTO dbo.dnn_UserRoles(UserID, RoleID, IsTrialUsed, CreatedByUserID, CreatedOnDate, LastModifiedByUserID, LastModifiedOnDate, [Status], IsOwner)
   VALUES(@UserId, @MaleRole, 0, 1, '2019-06-07 05:28:54', 1, '2019-06-07 05:28:54', 1, 0)
   INSERT INTO dbo.dnn_Users(Username, FirstName, LastName, Email, DisplayName, UpdatePassword, LastIPAddress, IsDeleted, CreatedByUserID, CreatedOnDate, LastModifiedByUserID, LastModifiedOnDate, PasswordResetToken, PasswordResetExpiration)
   VALUES('w.holmes@cnzz.com', 'Wesley', 'Holmes', 'w.holmes@cnzz.com', 'Wesley Holmes', 0, '', 0, 1, '2019-06-07 05:28:54', 1, '2019-06-07 05:28:54', NULL, NULL)
   SELECT @UserID = SCOPE_IDENTITY()
   INSERT INTO dbo.aspnet_Users(ApplicationID, UserName, LoweredUserName, IsAnonymous, LastActivityDate)
   VALUES(@ApplicationId, 'w.holmes@cnzz.com', 'w.holmes@cnzz.com', 0, '2019-06-07 05:28:54')
   SELECT @AspNetUserID = UserId FROM aspnet_Users WHERE Username = 'w.holmes@cnzz.com'
   INSERT INTO dbo.aspnet_Membership(ApplicationID, UserID, Password, PasswordFormat, PasswordSalt, Email, LoweredEmail, IsApproved, IsLockedOut, CreateDate, LastLoginDate, LastPasswordChangedDate, LastLockoutDate, FailedPasswordAttemptCount, FailedPasswordAttemptWindowStart, FailedPasswordAnswerAttemptCount, FailedPasswordAnswerAttemptWindowStart)
   VALUES(@ApplicationID, @AspNetUserID, 'aMoPu/jMK8Yc4dxEEtAWm+RvKkFRjT38n/c1ORi3HgGWXJI15kNozQ==', 2, 'ub/Nej8BunZL3H6o+Z7+sg==', 'w.holmes@cnzz.com', 'w.holmes@cnzz.com', 1, 0, '2019-06-07 05:28:54', '2019-06-07 05:28:54', '2019-06-07 05:28:54', '1754-01-01 00:00:00.000', 0, '1754-01-01 00:00:00.000', 0, '1754-01-01 00:00:00.000')
   INSERT INTO dbo.dnn_UserPortals(UserID, PortalID, CreatedDate, Authorised, IsDeleted, RefreshRoles)
   VALUES(@UserID, @PortalID, '2019-06-07 05:28:54', 1, 0, 0)
   INSERT INTO dbo.dnn_UserRoles(UserID, RoleID, IsTrialUsed, CreatedByUserID, CreatedOnDate, LastModifiedByUserID, LastModifiedOnDate, [Status], IsOwner)
   VALUES(@UserId, @MaleRole, 0, 1, '2019-06-07 05:28:54', 1, '2019-06-07 05:28:54', 1, 0)
   INSERT INTO dbo.dnn_Users(Username, FirstName, LastName, Email, DisplayName, UpdatePassword, LastIPAddress, IsDeleted, CreatedByUserID, CreatedOnDate, LastModifiedByUserID, LastModifiedOnDate, PasswordResetToken, PasswordResetExpiration)
   VALUES('palmerg@directrev.com', 'Gordon', 'Palmer', 'palmerg@directrev.com', 'Gordon Palmer', 0, '', 0, 1, '2019-06-07 05:28:54', 1, '2019-06-07 05:28:54', NULL, NULL)
   SELECT @UserID = SCOPE_IDENTITY()
   INSERT INTO dbo.aspnet_Users(ApplicationID, UserName, LoweredUserName, IsAnonymous, LastActivityDate)
   VALUES(@ApplicationId, 'palmerg@directrev.com', 'palmerg@directrev.com', 0, '2019-06-07 05:28:54')
   SELECT @AspNetUserID = UserId FROM aspnet_Users WHERE Username = 'palmerg@directrev.com'
   INSERT INTO dbo.aspnet_Membership(ApplicationID, UserID, Password, PasswordFormat, PasswordSalt, Email, LoweredEmail, IsApproved, IsLockedOut, CreateDate, LastLoginDate, LastPasswordChangedDate, LastLockoutDate, FailedPasswordAttemptCount, FailedPasswordAttemptWindowStart, FailedPasswordAnswerAttemptCount, FailedPasswordAnswerAttemptWindowStart)
   VALUES(@ApplicationID, @AspNetUserID, 'aMoPu/jMK8Yc4dxEEtAWm+RvKkFRjT38n/c1ORi3HgGWXJI15kNozQ==', 2, 'ub/Nej8BunZL3H6o+Z7+sg==', 'palmerg@directrev.com', 'palmerg@directrev.com', 1, 0, '2019-06-07 05:28:54', '2019-06-07 05:28:54', '2019-06-07 05:28:54', '1754-01-01 00:00:00.000', 0, '1754-01-01 00:00:00.000', 0, '1754-01-01 00:00:00.000')
   INSERT INTO dbo.dnn_UserPortals(UserID, PortalID, CreatedDate, Authorised, IsDeleted, RefreshRoles)
   VALUES(@UserID, @PortalID, '2019-06-07 05:28:54', 1, 0, 0)
   INSERT INTO dbo.dnn_UserRoles(UserID, RoleID, IsTrialUsed, CreatedByUserID, CreatedOnDate, LastModifiedByUserID, LastModifiedOnDate, [Status], IsOwner)
   VALUES(@UserId, @MaleRole, 0, 1, '2019-06-07 05:28:54', 1, '2019-06-07 05:28:54', 1, 0)
   INSERT INTO dbo.dnn_Users(Username, FirstName, LastName, Email, DisplayName, UpdatePassword, LastIPAddress, IsDeleted, CreatedByUserID, CreatedOnDate, LastModifiedByUserID, LastModifiedOnDate, PasswordResetToken, PasswordResetExpiration)
   VALUES('dean.wagner@uol.com.br', 'Dean', 'Wagner', 'dean.wagner@uol.com.br', 'Dean Wagner', 0, '', 0, 1, '2019-06-07 05:28:54', 1, '2019-06-07 05:28:54', NULL, NULL)
   SELECT @UserID = SCOPE_IDENTITY()
   INSERT INTO dbo.aspnet_Users(ApplicationID, UserName, LoweredUserName, IsAnonymous, LastActivityDate)
   VALUES(@ApplicationId, 'dean.wagner@uol.com.br', 'dean.wagner@uol.com.br', 0, '2019-06-07 05:28:54')
   SELECT @AspNetUserID = UserId FROM aspnet_Users WHERE Username = 'dean.wagner@uol.com.br'
   INSERT INTO dbo.aspnet_Membership(ApplicationID, UserID, Password, PasswordFormat, PasswordSalt, Email, LoweredEmail, IsApproved, IsLockedOut, CreateDate, LastLoginDate, LastPasswordChangedDate, LastLockoutDate, FailedPasswordAttemptCount, FailedPasswordAttemptWindowStart, FailedPasswordAnswerAttemptCount, FailedPasswordAnswerAttemptWindowStart)
   VALUES(@ApplicationID, @AspNetUserID, 'aMoPu/jMK8Yc4dxEEtAWm+RvKkFRjT38n/c1ORi3HgGWXJI15kNozQ==', 2, 'ub/Nej8BunZL3H6o+Z7+sg==', 'dean.wagner@uol.com.br', 'dean.wagner@uol.com.br', 1, 0, '2019-06-07 05:28:54', '2019-06-07 05:28:54', '2019-06-07 05:28:54', '1754-01-01 00:00:00.000', 0, '1754-01-01 00:00:00.000', 0, '1754-01-01 00:00:00.000')
   INSERT INTO dbo.dnn_UserPortals(UserID, PortalID, CreatedDate, Authorised, IsDeleted, RefreshRoles)
   VALUES(@UserID, @PortalID, '2019-06-07 05:28:54', 1, 0, 0)
   INSERT INTO dbo.dnn_UserRoles(UserID, RoleID, IsTrialUsed, CreatedByUserID, CreatedOnDate, LastModifiedByUserID, LastModifiedOnDate, [Status], IsOwner)
   VALUES(@UserId, @MaleRole, 0, 1, '2019-06-07 05:28:54', 1, '2019-06-07 05:28:54', 1, 0)
   INSERT INTO dbo.dnn_Users(Username, FirstName, LastName, Email, DisplayName, UpdatePassword, LastIPAddress, IsDeleted, CreatedByUserID, CreatedOnDate, LastModifiedByUserID, LastModifiedOnDate, PasswordResetToken, PasswordResetExpiration)
   VALUES('g.black@bet365.com', 'Greg', 'Black', 'g.black@bet365.com', 'Greg Black', 0, '', 0, 1, '2019-06-07 05:28:54', 1, '2019-06-07 05:28:54', NULL, NULL)
   SELECT @UserID = SCOPE_IDENTITY()
   INSERT INTO dbo.aspnet_Users(ApplicationID, UserName, LoweredUserName, IsAnonymous, LastActivityDate)
   VALUES(@ApplicationId, 'g.black@bet365.com', 'g.black@bet365.com', 0, '2019-06-07 05:28:54')
   SELECT @AspNetUserID = UserId FROM aspnet_Users WHERE Username = 'g.black@bet365.com'
   INSERT INTO dbo.aspnet_Membership(ApplicationID, UserID, Password, PasswordFormat, PasswordSalt, Email, LoweredEmail, IsApproved, IsLockedOut, CreateDate, LastLoginDate, LastPasswordChangedDate, LastLockoutDate, FailedPasswordAttemptCount, FailedPasswordAttemptWindowStart, FailedPasswordAnswerAttemptCount, FailedPasswordAnswerAttemptWindowStart)
   VALUES(@ApplicationID, @AspNetUserID, 'aMoPu/jMK8Yc4dxEEtAWm+RvKkFRjT38n/c1ORi3HgGWXJI15kNozQ==', 2, 'ub/Nej8BunZL3H6o+Z7+sg==', 'g.black@bet365.com', 'g.black@bet365.com', 1, 0, '2019-06-07 05:28:54', '2019-06-07 05:28:54', '2019-06-07 05:28:54', '1754-01-01 00:00:00.000', 0, '1754-01-01 00:00:00.000', 0, '1754-01-01 00:00:00.000')
   INSERT INTO dbo.dnn_UserPortals(UserID, PortalID, CreatedDate, Authorised, IsDeleted, RefreshRoles)
   VALUES(@UserID, @PortalID, '2019-06-07 05:28:54', 1, 0, 0)
   INSERT INTO dbo.dnn_UserRoles(UserID, RoleID, IsTrialUsed, CreatedByUserID, CreatedOnDate, LastModifiedByUserID, LastModifiedOnDate, [Status], IsOwner)
   VALUES(@UserId, @MaleRole, 0, 1, '2019-06-07 05:28:54', 1, '2019-06-07 05:28:54', 1, 0)
   INSERT INTO dbo.dnn_Users(Username, FirstName, LastName, Email, DisplayName, UpdatePassword, LastIPAddress, IsDeleted, CreatedByUserID, CreatedOnDate, LastModifiedByUserID, LastModifiedOnDate, PasswordResetToken, PasswordResetExpiration)
   VALUES('robertsonj@weather.com', 'Jorge', 'Robertson', 'robertsonj@weather.com', 'Jorge Robertson', 0, '', 0, 1, '2019-06-07 05:28:54', 1, '2019-06-07 05:28:54', NULL, NULL)
   SELECT @UserID = SCOPE_IDENTITY()
   INSERT INTO dbo.aspnet_Users(ApplicationID, UserName, LoweredUserName, IsAnonymous, LastActivityDate)
   VALUES(@ApplicationId, 'robertsonj@weather.com', 'robertsonj@weather.com', 0, '2019-06-07 05:28:54')
   SELECT @AspNetUserID = UserId FROM aspnet_Users WHERE Username = 'robertsonj@weather.com'
   INSERT INTO dbo.aspnet_Membership(ApplicationID, UserID, Password, PasswordFormat, PasswordSalt, Email, LoweredEmail, IsApproved, IsLockedOut, CreateDate, LastLoginDate, LastPasswordChangedDate, LastLockoutDate, FailedPasswordAttemptCount, FailedPasswordAttemptWindowStart, FailedPasswordAnswerAttemptCount, FailedPasswordAnswerAttemptWindowStart)
   VALUES(@ApplicationID, @AspNetUserID, 'aMoPu/jMK8Yc4dxEEtAWm+RvKkFRjT38n/c1ORi3HgGWXJI15kNozQ==', 2, 'ub/Nej8BunZL3H6o+Z7+sg==', 'robertsonj@weather.com', 'robertsonj@weather.com', 1, 0, '2019-06-07 05:28:54', '2019-06-07 05:28:54', '2019-06-07 05:28:54', '1754-01-01 00:00:00.000', 0, '1754-01-01 00:00:00.000', 0, '1754-01-01 00:00:00.000')
   INSERT INTO dbo.dnn_UserPortals(UserID, PortalID, CreatedDate, Authorised, IsDeleted, RefreshRoles)
   VALUES(@UserID, @PortalID, '2019-06-07 05:28:54', 1, 0, 0)
   INSERT INTO dbo.dnn_UserRoles(UserID, RoleID, IsTrialUsed, CreatedByUserID, CreatedOnDate, LastModifiedByUserID, LastModifiedOnDate, [Status], IsOwner)
   VALUES(@UserId, @MaleRole, 0, 1, '2019-06-07 05:28:54', 1, '2019-06-07 05:28:54', 1, 0)
   INSERT INTO dbo.dnn_Users(Username, FirstName, LastName, Email, DisplayName, UpdatePassword, LastIPAddress, IsDeleted, CreatedByUserID, CreatedOnDate, LastModifiedByUserID, LastModifiedOnDate, PasswordResetToken, PasswordResetExpiration)
   VALUES('dustin.boyd@mediafire.com', 'Dustin', 'Boyd', 'dustin.boyd@mediafire.com', 'Dustin Boyd', 0, '', 0, 1, '2019-06-07 05:28:54', 1, '2019-06-07 05:28:54', NULL, NULL)
   SELECT @UserID = SCOPE_IDENTITY()
   INSERT INTO dbo.aspnet_Users(ApplicationID, UserName, LoweredUserName, IsAnonymous, LastActivityDate)
   VALUES(@ApplicationId, 'dustin.boyd@mediafire.com', 'dustin.boyd@mediafire.com', 0, '2019-06-07 05:28:54')
   SELECT @AspNetUserID = UserId FROM aspnet_Users WHERE Username = 'dustin.boyd@mediafire.com'
   INSERT INTO dbo.aspnet_Membership(ApplicationID, UserID, Password, PasswordFormat, PasswordSalt, Email, LoweredEmail, IsApproved, IsLockedOut, CreateDate, LastLoginDate, LastPasswordChangedDate, LastLockoutDate, FailedPasswordAttemptCount, FailedPasswordAttemptWindowStart, FailedPasswordAnswerAttemptCount, FailedPasswordAnswerAttemptWindowStart)
   VALUES(@ApplicationID, @AspNetUserID, 'aMoPu/jMK8Yc4dxEEtAWm+RvKkFRjT38n/c1ORi3HgGWXJI15kNozQ==', 2, 'ub/Nej8BunZL3H6o+Z7+sg==', 'dustin.boyd@mediafire.com', 'dustin.boyd@mediafire.com', 1, 0, '2019-06-07 05:28:54', '2019-06-07 05:28:54', '2019-06-07 05:28:54', '1754-01-01 00:00:00.000', 0, '1754-01-01 00:00:00.000', 0, '1754-01-01 00:00:00.000')
   INSERT INTO dbo.dnn_UserPortals(UserID, PortalID, CreatedDate, Authorised, IsDeleted, RefreshRoles)
   VALUES(@UserID, @PortalID, '2019-06-07 05:28:54', 1, 0, 0)
   INSERT INTO dbo.dnn_UserRoles(UserID, RoleID, IsTrialUsed, CreatedByUserID, CreatedOnDate, LastModifiedByUserID, LastModifiedOnDate, [Status], IsOwner)
   VALUES(@UserId, @MaleRole, 0, 1, '2019-06-07 05:28:54', 1, '2019-06-07 05:28:54', 1, 0)
   INSERT INTO dbo.dnn_Users(Username, FirstName, LastName, Email, DisplayName, UpdatePassword, LastIPAddress, IsDeleted, CreatedByUserID, CreatedOnDate, LastModifiedByUserID, LastModifiedOnDate, PasswordResetToken, PasswordResetExpiration)
   VALUES('p.rose@uptodown.com', 'Pedro', 'Rose', 'p.rose@uptodown.com', 'Pedro Rose', 0, '', 0, 1, '2019-06-07 05:28:54', 1, '2019-06-07 05:28:54', NULL, NULL)
   SELECT @UserID = SCOPE_IDENTITY()
   INSERT INTO dbo.aspnet_Users(ApplicationID, UserName, LoweredUserName, IsAnonymous, LastActivityDate)
   VALUES(@ApplicationId, 'p.rose@uptodown.com', 'p.rose@uptodown.com', 0, '2019-06-07 05:28:54')
   SELECT @AspNetUserID = UserId FROM aspnet_Users WHERE Username = 'p.rose@uptodown.com'
   INSERT INTO dbo.aspnet_Membership(ApplicationID, UserID, Password, PasswordFormat, PasswordSalt, Email, LoweredEmail, IsApproved, IsLockedOut, CreateDate, LastLoginDate, LastPasswordChangedDate, LastLockoutDate, FailedPasswordAttemptCount, FailedPasswordAttemptWindowStart, FailedPasswordAnswerAttemptCount, FailedPasswordAnswerAttemptWindowStart)
   VALUES(@ApplicationID, @AspNetUserID, 'aMoPu/jMK8Yc4dxEEtAWm+RvKkFRjT38n/c1ORi3HgGWXJI15kNozQ==', 2, 'ub/Nej8BunZL3H6o+Z7+sg==', 'p.rose@uptodown.com', 'p.rose@uptodown.com', 1, 0, '2019-06-07 05:28:54', '2019-06-07 05:28:54', '2019-06-07 05:28:54', '1754-01-01 00:00:00.000', 0, '1754-01-01 00:00:00.000', 0, '1754-01-01 00:00:00.000')
   INSERT INTO dbo.dnn_UserPortals(UserID, PortalID, CreatedDate, Authorised, IsDeleted, RefreshRoles)
   VALUES(@UserID, @PortalID, '2019-06-07 05:28:54', 1, 0, 0)
   INSERT INTO dbo.dnn_UserRoles(UserID, RoleID, IsTrialUsed, CreatedByUserID, CreatedOnDate, LastModifiedByUserID, LastModifiedOnDate, [Status], IsOwner)
   VALUES(@UserId, @MaleRole, 0, 1, '2019-06-07 05:28:54', 1, '2019-06-07 05:28:54', 1, 0)
   INSERT INTO dbo.dnn_Users(Username, FirstName, LastName, Email, DisplayName, UpdatePassword, LastIPAddress, IsDeleted, CreatedByUserID, CreatedOnDate, LastModifiedByUserID, LastModifiedOnDate, PasswordResetToken, PasswordResetExpiration)
   VALUES('stoned@cnet.com', 'Derrick', 'Stone', 'stoned@cnet.com', 'Derrick Stone', 0, '', 0, 1, '2019-06-07 05:28:54', 1, '2019-06-07 05:28:54', NULL, NULL)
   SELECT @UserID = SCOPE_IDENTITY()
   INSERT INTO dbo.aspnet_Users(ApplicationID, UserName, LoweredUserName, IsAnonymous, LastActivityDate)
   VALUES(@ApplicationId, 'stoned@cnet.com', 'stoned@cnet.com', 0, '2019-06-07 05:28:54')
   SELECT @AspNetUserID = UserId FROM aspnet_Users WHERE Username = 'stoned@cnet.com'
   INSERT INTO dbo.aspnet_Membership(ApplicationID, UserID, Password, PasswordFormat, PasswordSalt, Email, LoweredEmail, IsApproved, IsLockedOut, CreateDate, LastLoginDate, LastPasswordChangedDate, LastLockoutDate, FailedPasswordAttemptCount, FailedPasswordAttemptWindowStart, FailedPasswordAnswerAttemptCount, FailedPasswordAnswerAttemptWindowStart)
   VALUES(@ApplicationID, @AspNetUserID, 'aMoPu/jMK8Yc4dxEEtAWm+RvKkFRjT38n/c1ORi3HgGWXJI15kNozQ==', 2, 'ub/Nej8BunZL3H6o+Z7+sg==', 'stoned@cnet.com', 'stoned@cnet.com', 1, 0, '2019-06-07 05:28:54', '2019-06-07 05:28:54', '2019-06-07 05:28:54', '1754-01-01 00:00:00.000', 0, '1754-01-01 00:00:00.000', 0, '1754-01-01 00:00:00.000')
   INSERT INTO dbo.dnn_UserPortals(UserID, PortalID, CreatedDate, Authorised, IsDeleted, RefreshRoles)
   VALUES(@UserID, @PortalID, '2019-06-07 05:28:54', 1, 0, 0)
   INSERT INTO dbo.dnn_UserRoles(UserID, RoleID, IsTrialUsed, CreatedByUserID, CreatedOnDate, LastModifiedByUserID, LastModifiedOnDate, [Status], IsOwner)
   VALUES(@UserId, @MaleRole, 0, 1, '2019-06-07 05:28:54', 1, '2019-06-07 05:28:54', 1, 0)
   INSERT INTO dbo.dnn_UserRoles(UserID, RoleID, IsTrialUsed, CreatedByUserID, CreatedOnDate, LastModifiedByUserID, LastModifiedOnDate, [Status], IsOwner)
   VALUES(@UserId, @ManagerRole, 0, 1, '2019-06-07 05:28:54', 1, '2019-06-07 05:28:54', 1, 0)
   INSERT INTO dbo.dnn_Users(Username, FirstName, LastName, Email, DisplayName, UpdatePassword, LastIPAddress, IsDeleted, CreatedByUserID, CreatedOnDate, LastModifiedByUserID, LastModifiedOnDate, PasswordResetToken, PasswordResetExpiration)
   VALUES('dan.salazar@washingtonpost.com', 'Dan', 'Salazar', 'dan.salazar@washingtonpost.com', 'Dan Salazar', 0, '', 0, 1, '2019-06-07 05:28:54', 1, '2019-06-07 05:28:54', NULL, NULL)
   SELECT @UserID = SCOPE_IDENTITY()
   INSERT INTO dbo.aspnet_Users(ApplicationID, UserName, LoweredUserName, IsAnonymous, LastActivityDate)
   VALUES(@ApplicationId, 'dan.salazar@washingtonpost.com', 'dan.salazar@washingtonpost.com', 0, '2019-06-07 05:28:54')
   SELECT @AspNetUserID = UserId FROM aspnet_Users WHERE Username = 'dan.salazar@washingtonpost.com'
   INSERT INTO dbo.aspnet_Membership(ApplicationID, UserID, Password, PasswordFormat, PasswordSalt, Email, LoweredEmail, IsApproved, IsLockedOut, CreateDate, LastLoginDate, LastPasswordChangedDate, LastLockoutDate, FailedPasswordAttemptCount, FailedPasswordAttemptWindowStart, FailedPasswordAnswerAttemptCount, FailedPasswordAnswerAttemptWindowStart)
   VALUES(@ApplicationID, @AspNetUserID, 'aMoPu/jMK8Yc4dxEEtAWm+RvKkFRjT38n/c1ORi3HgGWXJI15kNozQ==', 2, 'ub/Nej8BunZL3H6o+Z7+sg==', 'dan.salazar@washingtonpost.com', 'dan.salazar@washingtonpost.com', 1, 0, '2019-06-07 05:28:54', '2019-06-07 05:28:54', '2019-06-07 05:28:54', '1754-01-01 00:00:00.000', 0, '1754-01-01 00:00:00.000', 0, '1754-01-01 00:00:00.000')
   INSERT INTO dbo.dnn_UserPortals(UserID, PortalID, CreatedDate, Authorised, IsDeleted, RefreshRoles)
   VALUES(@UserID, @PortalID, '2019-06-07 05:28:54', 1, 0, 0)
   INSERT INTO dbo.dnn_UserRoles(UserID, RoleID, IsTrialUsed, CreatedByUserID, CreatedOnDate, LastModifiedByUserID, LastModifiedOnDate, [Status], IsOwner)
   VALUES(@UserId, @MaleRole, 0, 1, '2019-06-07 05:28:54', 1, '2019-06-07 05:28:54', 1, 0)
   INSERT INTO dbo.dnn_Users(Username, FirstName, LastName, Email, DisplayName, UpdatePassword, LastIPAddress, IsDeleted, CreatedByUserID, CreatedOnDate, LastModifiedByUserID, LastModifiedOnDate, PasswordResetToken, PasswordResetExpiration)
   VALUES('l.fox@gfycat.com', 'Lewis', 'Fox', 'l.fox@gfycat.com', 'Lewis Fox', 0, '', 0, 1, '2019-06-07 05:28:54', 1, '2019-06-07 05:28:54', NULL, NULL)
   SELECT @UserID = SCOPE_IDENTITY()
   INSERT INTO dbo.aspnet_Users(ApplicationID, UserName, LoweredUserName, IsAnonymous, LastActivityDate)
   VALUES(@ApplicationId, 'l.fox@gfycat.com', 'l.fox@gfycat.com', 0, '2019-06-07 05:28:54')
   SELECT @AspNetUserID = UserId FROM aspnet_Users WHERE Username = 'l.fox@gfycat.com'
   INSERT INTO dbo.aspnet_Membership(ApplicationID, UserID, Password, PasswordFormat, PasswordSalt, Email, LoweredEmail, IsApproved, IsLockedOut, CreateDate, LastLoginDate, LastPasswordChangedDate, LastLockoutDate, FailedPasswordAttemptCount, FailedPasswordAttemptWindowStart, FailedPasswordAnswerAttemptCount, FailedPasswordAnswerAttemptWindowStart)
   VALUES(@ApplicationID, @AspNetUserID, 'aMoPu/jMK8Yc4dxEEtAWm+RvKkFRjT38n/c1ORi3HgGWXJI15kNozQ==', 2, 'ub/Nej8BunZL3H6o+Z7+sg==', 'l.fox@gfycat.com', 'l.fox@gfycat.com', 1, 0, '2019-06-07 05:28:54', '2019-06-07 05:28:54', '2019-06-07 05:28:54', '1754-01-01 00:00:00.000', 0, '1754-01-01 00:00:00.000', 0, '1754-01-01 00:00:00.000')
   INSERT INTO dbo.dnn_UserPortals(UserID, PortalID, CreatedDate, Authorised, IsDeleted, RefreshRoles)
   VALUES(@UserID, @PortalID, '2019-06-07 05:28:54', 1, 0, 0)
   INSERT INTO dbo.dnn_UserRoles(UserID, RoleID, IsTrialUsed, CreatedByUserID, CreatedOnDate, LastModifiedByUserID, LastModifiedOnDate, [Status], IsOwner)
   VALUES(@UserId, @MaleRole, 0, 1, '2019-06-07 05:28:54', 1, '2019-06-07 05:28:54', 1, 0)
   INSERT INTO dbo.dnn_UserRoles(UserID, RoleID, IsTrialUsed, CreatedByUserID, CreatedOnDate, LastModifiedByUserID, LastModifiedOnDate, [Status], IsOwner)
   VALUES(@UserId, @AcademicRole, 0, 1, '2019-06-07 05:28:54', 1, '2019-06-07 05:28:54', 1, 0)
   INSERT INTO dbo.dnn_Users(Username, FirstName, LastName, Email, DisplayName, UpdatePassword, LastIPAddress, IsDeleted, CreatedByUserID, CreatedOnDate, LastModifiedByUserID, LastModifiedOnDate, PasswordResetToken, PasswordResetExpiration)
   VALUES('warrenz@goo.ne.jp', 'Zachary', 'Warren', 'warrenz@goo.ne.jp', 'Zachary Warren', 0, '', 0, 1, '2019-06-07 05:28:54', 1, '2019-06-07 05:28:54', NULL, NULL)
   SELECT @UserID = SCOPE_IDENTITY()
   INSERT INTO dbo.aspnet_Users(ApplicationID, UserName, LoweredUserName, IsAnonymous, LastActivityDate)
   VALUES(@ApplicationId, 'warrenz@goo.ne.jp', 'warrenz@goo.ne.jp', 0, '2019-06-07 05:28:54')
   SELECT @AspNetUserID = UserId FROM aspnet_Users WHERE Username = 'warrenz@goo.ne.jp'
   INSERT INTO dbo.aspnet_Membership(ApplicationID, UserID, Password, PasswordFormat, PasswordSalt, Email, LoweredEmail, IsApproved, IsLockedOut, CreateDate, LastLoginDate, LastPasswordChangedDate, LastLockoutDate, FailedPasswordAttemptCount, FailedPasswordAttemptWindowStart, FailedPasswordAnswerAttemptCount, FailedPasswordAnswerAttemptWindowStart)
   VALUES(@ApplicationID, @AspNetUserID, 'aMoPu/jMK8Yc4dxEEtAWm+RvKkFRjT38n/c1ORi3HgGWXJI15kNozQ==', 2, 'ub/Nej8BunZL3H6o+Z7+sg==', 'warrenz@goo.ne.jp', 'warrenz@goo.ne.jp', 1, 0, '2019-06-07 05:28:54', '2019-06-07 05:28:54', '2019-06-07 05:28:54', '1754-01-01 00:00:00.000', 0, '1754-01-01 00:00:00.000', 0, '1754-01-01 00:00:00.000')
   INSERT INTO dbo.dnn_UserPortals(UserID, PortalID, CreatedDate, Authorised, IsDeleted, RefreshRoles)
   VALUES(@UserID, @PortalID, '2019-06-07 05:28:54', 1, 0, 0)
   INSERT INTO dbo.dnn_UserRoles(UserID, RoleID, IsTrialUsed, CreatedByUserID, CreatedOnDate, LastModifiedByUserID, LastModifiedOnDate, [Status], IsOwner)
   VALUES(@UserId, @MaleRole, 0, 1, '2019-06-07 05:28:54', 1, '2019-06-07 05:28:54', 1, 0)
   INSERT INTO dbo.dnn_Users(Username, FirstName, LastName, Email, DisplayName, UpdatePassword, LastIPAddress, IsDeleted, CreatedByUserID, CreatedOnDate, LastModifiedByUserID, LastModifiedOnDate, PasswordResetToken, PasswordResetExpiration)
   VALUES('corey.mills@stackexchange.com', 'Corey', 'Mills', 'corey.mills@stackexchange.com', 'Corey Mills', 0, '', 0, 1, '2019-06-07 05:28:54', 1, '2019-06-07 05:28:54', NULL, NULL)
   SELECT @UserID = SCOPE_IDENTITY()
   INSERT INTO dbo.aspnet_Users(ApplicationID, UserName, LoweredUserName, IsAnonymous, LastActivityDate)
   VALUES(@ApplicationId, 'corey.mills@stackexchange.com', 'corey.mills@stackexchange.com', 0, '2019-06-07 05:28:54')
   SELECT @AspNetUserID = UserId FROM aspnet_Users WHERE Username = 'corey.mills@stackexchange.com'
   INSERT INTO dbo.aspnet_Membership(ApplicationID, UserID, Password, PasswordFormat, PasswordSalt, Email, LoweredEmail, IsApproved, IsLockedOut, CreateDate, LastLoginDate, LastPasswordChangedDate, LastLockoutDate, FailedPasswordAttemptCount, FailedPasswordAttemptWindowStart, FailedPasswordAnswerAttemptCount, FailedPasswordAnswerAttemptWindowStart)
   VALUES(@ApplicationID, @AspNetUserID, 'aMoPu/jMK8Yc4dxEEtAWm+RvKkFRjT38n/c1ORi3HgGWXJI15kNozQ==', 2, 'ub/Nej8BunZL3H6o+Z7+sg==', 'corey.mills@stackexchange.com', 'corey.mills@stackexchange.com', 1, 0, '2019-06-07 05:28:54', '2019-06-07 05:28:54', '2019-06-07 05:28:54', '1754-01-01 00:00:00.000', 0, '1754-01-01 00:00:00.000', 0, '1754-01-01 00:00:00.000')
   INSERT INTO dbo.dnn_UserPortals(UserID, PortalID, CreatedDate, Authorised, IsDeleted, RefreshRoles)
   VALUES(@UserID, @PortalID, '2019-06-07 05:28:54', 1, 0, 0)
   INSERT INTO dbo.dnn_UserRoles(UserID, RoleID, IsTrialUsed, CreatedByUserID, CreatedOnDate, LastModifiedByUserID, LastModifiedOnDate, [Status], IsOwner)
   VALUES(@UserId, @MaleRole, 0, 1, '2019-06-07 05:28:54', 1, '2019-06-07 05:28:54', 1, 0)
   INSERT INTO dbo.dnn_Users(Username, FirstName, LastName, Email, DisplayName, UpdatePassword, LastIPAddress, IsDeleted, CreatedByUserID, CreatedOnDate, LastModifiedByUserID, LastModifiedOnDate, PasswordResetToken, PasswordResetExpiration)
   VALUES('h.meyer@force.com', 'Herman', 'Meyer', 'h.meyer@force.com', 'Herman Meyer', 0, '', 0, 1, '2019-06-07 05:28:54', 1, '2019-06-07 05:28:54', NULL, NULL)
   SELECT @UserID = SCOPE_IDENTITY()
   INSERT INTO dbo.aspnet_Users(ApplicationID, UserName, LoweredUserName, IsAnonymous, LastActivityDate)
   VALUES(@ApplicationId, 'h.meyer@force.com', 'h.meyer@force.com', 0, '2019-06-07 05:28:54')
   SELECT @AspNetUserID = UserId FROM aspnet_Users WHERE Username = 'h.meyer@force.com'
   INSERT INTO dbo.aspnet_Membership(ApplicationID, UserID, Password, PasswordFormat, PasswordSalt, Email, LoweredEmail, IsApproved, IsLockedOut, CreateDate, LastLoginDate, LastPasswordChangedDate, LastLockoutDate, FailedPasswordAttemptCount, FailedPasswordAttemptWindowStart, FailedPasswordAnswerAttemptCount, FailedPasswordAnswerAttemptWindowStart)
   VALUES(@ApplicationID, @AspNetUserID, 'aMoPu/jMK8Yc4dxEEtAWm+RvKkFRjT38n/c1ORi3HgGWXJI15kNozQ==', 2, 'ub/Nej8BunZL3H6o+Z7+sg==', 'h.meyer@force.com', 'h.meyer@force.com', 1, 0, '2019-06-07 05:28:54', '2019-06-07 05:28:54', '2019-06-07 05:28:54', '1754-01-01 00:00:00.000', 0, '1754-01-01 00:00:00.000', 0, '1754-01-01 00:00:00.000')
   INSERT INTO dbo.dnn_UserPortals(UserID, PortalID, CreatedDate, Authorised, IsDeleted, RefreshRoles)
   VALUES(@UserID, @PortalID, '2019-06-07 05:28:54', 1, 0, 0)
   INSERT INTO dbo.dnn_UserRoles(UserID, RoleID, IsTrialUsed, CreatedByUserID, CreatedOnDate, LastModifiedByUserID, LastModifiedOnDate, [Status], IsOwner)
   VALUES(@UserId, @MaleRole, 0, 1, '2019-06-07 05:28:54', 1, '2019-06-07 05:28:54', 1, 0)
   INSERT INTO dbo.dnn_Users(Username, FirstName, LastName, Email, DisplayName, UpdatePassword, LastIPAddress, IsDeleted, CreatedByUserID, CreatedOnDate, LastModifiedByUserID, LastModifiedOnDate, PasswordResetToken, PasswordResetExpiration)
   VALUES('ricem@taboola.com', 'Maurice', 'Rice', 'ricem@taboola.com', 'Maurice Rice', 0, '', 0, 1, '2019-06-07 05:28:54', 1, '2019-06-07 05:28:54', NULL, NULL)
   SELECT @UserID = SCOPE_IDENTITY()
   INSERT INTO dbo.aspnet_Users(ApplicationID, UserName, LoweredUserName, IsAnonymous, LastActivityDate)
   VALUES(@ApplicationId, 'ricem@taboola.com', 'ricem@taboola.com', 0, '2019-06-07 05:28:54')
   SELECT @AspNetUserID = UserId FROM aspnet_Users WHERE Username = 'ricem@taboola.com'
   INSERT INTO dbo.aspnet_Membership(ApplicationID, UserID, Password, PasswordFormat, PasswordSalt, Email, LoweredEmail, IsApproved, IsLockedOut, CreateDate, LastLoginDate, LastPasswordChangedDate, LastLockoutDate, FailedPasswordAttemptCount, FailedPasswordAttemptWindowStart, FailedPasswordAnswerAttemptCount, FailedPasswordAnswerAttemptWindowStart)
   VALUES(@ApplicationID, @AspNetUserID, 'aMoPu/jMK8Yc4dxEEtAWm+RvKkFRjT38n/c1ORi3HgGWXJI15kNozQ==', 2, 'ub/Nej8BunZL3H6o+Z7+sg==', 'ricem@taboola.com', 'ricem@taboola.com', 1, 0, '2019-06-07 05:28:54', '2019-06-07 05:28:54', '2019-06-07 05:28:54', '1754-01-01 00:00:00.000', 0, '1754-01-01 00:00:00.000', 0, '1754-01-01 00:00:00.000')
   INSERT INTO dbo.dnn_UserPortals(UserID, PortalID, CreatedDate, Authorised, IsDeleted, RefreshRoles)
   VALUES(@UserID, @PortalID, '2019-06-07 05:28:54', 1, 0, 0)
   INSERT INTO dbo.dnn_UserRoles(UserID, RoleID, IsTrialUsed, CreatedByUserID, CreatedOnDate, LastModifiedByUserID, LastModifiedOnDate, [Status], IsOwner)
   VALUES(@UserId, @MaleRole, 0, 1, '2019-06-07 05:28:54', 1, '2019-06-07 05:28:54', 1, 0)
   INSERT INTO dbo.dnn_Users(Username, FirstName, LastName, Email, DisplayName, UpdatePassword, LastIPAddress, IsDeleted, CreatedByUserID, CreatedOnDate, LastModifiedByUserID, LastModifiedOnDate, PasswordResetToken, PasswordResetExpiration)
   VALUES('vernon.schmidt@google.com.co', 'Vernon', 'Schmidt', 'vernon.schmidt@google.com.co', 'Vernon Schmidt', 0, '', 0, 1, '2019-06-07 05:28:54', 1, '2019-06-07 05:28:54', NULL, NULL)
   SELECT @UserID = SCOPE_IDENTITY()
   INSERT INTO dbo.aspnet_Users(ApplicationID, UserName, LoweredUserName, IsAnonymous, LastActivityDate)
   VALUES(@ApplicationId, 'vernon.schmidt@google.com.co', 'vernon.schmidt@google.com.co', 0, '2019-06-07 05:28:54')
   SELECT @AspNetUserID = UserId FROM aspnet_Users WHERE Username = 'vernon.schmidt@google.com.co'
   INSERT INTO dbo.aspnet_Membership(ApplicationID, UserID, Password, PasswordFormat, PasswordSalt, Email, LoweredEmail, IsApproved, IsLockedOut, CreateDate, LastLoginDate, LastPasswordChangedDate, LastLockoutDate, FailedPasswordAttemptCount, FailedPasswordAttemptWindowStart, FailedPasswordAnswerAttemptCount, FailedPasswordAnswerAttemptWindowStart)
   VALUES(@ApplicationID, @AspNetUserID, 'aMoPu/jMK8Yc4dxEEtAWm+RvKkFRjT38n/c1ORi3HgGWXJI15kNozQ==', 2, 'ub/Nej8BunZL3H6o+Z7+sg==', 'vernon.schmidt@google.com.co', 'vernon.schmidt@google.com.co', 1, 0, '2019-06-07 05:28:54', '2019-06-07 05:28:54', '2019-06-07 05:28:54', '1754-01-01 00:00:00.000', 0, '1754-01-01 00:00:00.000', 0, '1754-01-01 00:00:00.000')
   INSERT INTO dbo.dnn_UserPortals(UserID, PortalID, CreatedDate, Authorised, IsDeleted, RefreshRoles)
   VALUES(@UserID, @PortalID, '2019-06-07 05:28:54', 1, 0, 0)
   INSERT INTO dbo.dnn_UserRoles(UserID, RoleID, IsTrialUsed, CreatedByUserID, CreatedOnDate, LastModifiedByUserID, LastModifiedOnDate, [Status], IsOwner)
   VALUES(@UserId, @MaleRole, 0, 1, '2019-06-07 05:28:54', 1, '2019-06-07 05:28:54', 1, 0)
   INSERT INTO dbo.dnn_Users(Username, FirstName, LastName, Email, DisplayName, UpdatePassword, LastIPAddress, IsDeleted, CreatedByUserID, CreatedOnDate, LastModifiedByUserID, LastModifiedOnDate, PasswordResetToken, PasswordResetExpiration)
   VALUES('r.garza@dmm.co.jp', 'Roberto', 'Garza', 'r.garza@dmm.co.jp', 'Roberto Garza', 0, '', 0, 1, '2019-06-07 05:28:54', 1, '2019-06-07 05:28:54', NULL, NULL)
   SELECT @UserID = SCOPE_IDENTITY()
   INSERT INTO dbo.aspnet_Users(ApplicationID, UserName, LoweredUserName, IsAnonymous, LastActivityDate)
   VALUES(@ApplicationId, 'r.garza@dmm.co.jp', 'r.garza@dmm.co.jp', 0, '2019-06-07 05:28:54')
   SELECT @AspNetUserID = UserId FROM aspnet_Users WHERE Username = 'r.garza@dmm.co.jp'
   INSERT INTO dbo.aspnet_Membership(ApplicationID, UserID, Password, PasswordFormat, PasswordSalt, Email, LoweredEmail, IsApproved, IsLockedOut, CreateDate, LastLoginDate, LastPasswordChangedDate, LastLockoutDate, FailedPasswordAttemptCount, FailedPasswordAttemptWindowStart, FailedPasswordAnswerAttemptCount, FailedPasswordAnswerAttemptWindowStart)
   VALUES(@ApplicationID, @AspNetUserID, 'aMoPu/jMK8Yc4dxEEtAWm+RvKkFRjT38n/c1ORi3HgGWXJI15kNozQ==', 2, 'ub/Nej8BunZL3H6o+Z7+sg==', 'r.garza@dmm.co.jp', 'r.garza@dmm.co.jp', 1, 0, '2019-06-07 05:28:54', '2019-06-07 05:28:54', '2019-06-07 05:28:54', '1754-01-01 00:00:00.000', 0, '1754-01-01 00:00:00.000', 0, '1754-01-01 00:00:00.000')
   INSERT INTO dbo.dnn_UserPortals(UserID, PortalID, CreatedDate, Authorised, IsDeleted, RefreshRoles)
   VALUES(@UserID, @PortalID, '2019-06-07 05:28:54', 1, 0, 0)
   INSERT INTO dbo.dnn_UserRoles(UserID, RoleID, IsTrialUsed, CreatedByUserID, CreatedOnDate, LastModifiedByUserID, LastModifiedOnDate, [Status], IsOwner)
   VALUES(@UserId, @MaleRole, 0, 1, '2019-06-07 05:28:54', 1, '2019-06-07 05:28:54', 1, 0)
   INSERT INTO dbo.dnn_Users(Username, FirstName, LastName, Email, DisplayName, UpdatePassword, LastIPAddress, IsDeleted, CreatedByUserID, CreatedOnDate, LastModifiedByUserID, LastModifiedOnDate, PasswordResetToken, PasswordResetExpiration)
   VALUES('danielsc@tuberel.com', 'Clyde', 'Daniels', 'danielsc@tuberel.com', 'Clyde Daniels', 0, '', 0, 1, '2019-06-07 05:28:54', 1, '2019-06-07 05:28:54', NULL, NULL)
   SELECT @UserID = SCOPE_IDENTITY()
   INSERT INTO dbo.aspnet_Users(ApplicationID, UserName, LoweredUserName, IsAnonymous, LastActivityDate)
   VALUES(@ApplicationId, 'danielsc@tuberel.com', 'danielsc@tuberel.com', 0, '2019-06-07 05:28:54')
   SELECT @AspNetUserID = UserId FROM aspnet_Users WHERE Username = 'danielsc@tuberel.com'
   INSERT INTO dbo.aspnet_Membership(ApplicationID, UserID, Password, PasswordFormat, PasswordSalt, Email, LoweredEmail, IsApproved, IsLockedOut, CreateDate, LastLoginDate, LastPasswordChangedDate, LastLockoutDate, FailedPasswordAttemptCount, FailedPasswordAttemptWindowStart, FailedPasswordAnswerAttemptCount, FailedPasswordAnswerAttemptWindowStart)
   VALUES(@ApplicationID, @AspNetUserID, 'aMoPu/jMK8Yc4dxEEtAWm+RvKkFRjT38n/c1ORi3HgGWXJI15kNozQ==', 2, 'ub/Nej8BunZL3H6o+Z7+sg==', 'danielsc@tuberel.com', 'danielsc@tuberel.com', 1, 0, '2019-06-07 05:28:54', '2019-06-07 05:28:54', '2019-06-07 05:28:54', '1754-01-01 00:00:00.000', 0, '1754-01-01 00:00:00.000', 0, '1754-01-01 00:00:00.000')
   INSERT INTO dbo.dnn_UserPortals(UserID, PortalID, CreatedDate, Authorised, IsDeleted, RefreshRoles)
   VALUES(@UserID, @PortalID, '2019-06-07 05:28:54', 1, 0, 0)
   INSERT INTO dbo.dnn_UserRoles(UserID, RoleID, IsTrialUsed, CreatedByUserID, CreatedOnDate, LastModifiedByUserID, LastModifiedOnDate, [Status], IsOwner)
   VALUES(@UserId, @MaleRole, 0, 1, '2019-06-07 05:28:54', 1, '2019-06-07 05:28:54', 1, 0)
   INSERT INTO dbo.dnn_Users(Username, FirstName, LastName, Email, DisplayName, UpdatePassword, LastIPAddress, IsDeleted, CreatedByUserID, CreatedOnDate, LastModifiedByUserID, LastModifiedOnDate, PasswordResetToken, PasswordResetExpiration)
   VALUES('glen.ferguson@vimeo.com', 'Glen', 'Ferguson', 'glen.ferguson@vimeo.com', 'Glen Ferguson', 0, '', 0, 1, '2019-06-07 05:28:54', 1, '2019-06-07 05:28:54', NULL, NULL)
   SELECT @UserID = SCOPE_IDENTITY()
   INSERT INTO dbo.aspnet_Users(ApplicationID, UserName, LoweredUserName, IsAnonymous, LastActivityDate)
   VALUES(@ApplicationId, 'glen.ferguson@vimeo.com', 'glen.ferguson@vimeo.com', 0, '2019-06-07 05:28:54')
   SELECT @AspNetUserID = UserId FROM aspnet_Users WHERE Username = 'glen.ferguson@vimeo.com'
   INSERT INTO dbo.aspnet_Membership(ApplicationID, UserID, Password, PasswordFormat, PasswordSalt, Email, LoweredEmail, IsApproved, IsLockedOut, CreateDate, LastLoginDate, LastPasswordChangedDate, LastLockoutDate, FailedPasswordAttemptCount, FailedPasswordAttemptWindowStart, FailedPasswordAnswerAttemptCount, FailedPasswordAnswerAttemptWindowStart)
   VALUES(@ApplicationID, @AspNetUserID, 'aMoPu/jMK8Yc4dxEEtAWm+RvKkFRjT38n/c1ORi3HgGWXJI15kNozQ==', 2, 'ub/Nej8BunZL3H6o+Z7+sg==', 'glen.ferguson@vimeo.com', 'glen.ferguson@vimeo.com', 1, 0, '2019-06-07 05:28:54', '2019-06-07 05:28:54', '2019-06-07 05:28:54', '1754-01-01 00:00:00.000', 0, '1754-01-01 00:00:00.000', 0, '1754-01-01 00:00:00.000')
   INSERT INTO dbo.dnn_UserPortals(UserID, PortalID, CreatedDate, Authorised, IsDeleted, RefreshRoles)
   VALUES(@UserID, @PortalID, '2019-06-07 05:28:54', 1, 0, 0)
   INSERT INTO dbo.dnn_UserRoles(UserID, RoleID, IsTrialUsed, CreatedByUserID, CreatedOnDate, LastModifiedByUserID, LastModifiedOnDate, [Status], IsOwner)
   VALUES(@UserId, @MaleRole, 0, 1, '2019-06-07 05:28:54', 1, '2019-06-07 05:28:54', 1, 0)
   INSERT INTO dbo.dnn_UserRoles(UserID, RoleID, IsTrialUsed, CreatedByUserID, CreatedOnDate, LastModifiedByUserID, LastModifiedOnDate, [Status], IsOwner)
   VALUES(@UserId, @ManagerRole, 0, 1, '2019-06-07 05:28:54', 1, '2019-06-07 05:28:54', 1, 0)
   INSERT INTO dbo.dnn_Users(Username, FirstName, LastName, Email, DisplayName, UpdatePassword, LastIPAddress, IsDeleted, CreatedByUserID, CreatedOnDate, LastModifiedByUserID, LastModifiedOnDate, PasswordResetToken, PasswordResetExpiration)
   VALUES('h.nichols@google.com.ng', 'Hector', 'Nichols', 'h.nichols@google.com.ng', 'Hector Nichols', 0, '', 0, 1, '2019-06-07 05:28:54', 1, '2019-06-07 05:28:54', NULL, NULL)
   SELECT @UserID = SCOPE_IDENTITY()
   INSERT INTO dbo.aspnet_Users(ApplicationID, UserName, LoweredUserName, IsAnonymous, LastActivityDate)
   VALUES(@ApplicationId, 'h.nichols@google.com.ng', 'h.nichols@google.com.ng', 0, '2019-06-07 05:28:54')
   SELECT @AspNetUserID = UserId FROM aspnet_Users WHERE Username = 'h.nichols@google.com.ng'
   INSERT INTO dbo.aspnet_Membership(ApplicationID, UserID, Password, PasswordFormat, PasswordSalt, Email, LoweredEmail, IsApproved, IsLockedOut, CreateDate, LastLoginDate, LastPasswordChangedDate, LastLockoutDate, FailedPasswordAttemptCount, FailedPasswordAttemptWindowStart, FailedPasswordAnswerAttemptCount, FailedPasswordAnswerAttemptWindowStart)
   VALUES(@ApplicationID, @AspNetUserID, 'aMoPu/jMK8Yc4dxEEtAWm+RvKkFRjT38n/c1ORi3HgGWXJI15kNozQ==', 2, 'ub/Nej8BunZL3H6o+Z7+sg==', 'h.nichols@google.com.ng', 'h.nichols@google.com.ng', 1, 0, '2019-06-07 05:28:54', '2019-06-07 05:28:54', '2019-06-07 05:28:54', '1754-01-01 00:00:00.000', 0, '1754-01-01 00:00:00.000', 0, '1754-01-01 00:00:00.000')
   INSERT INTO dbo.dnn_UserPortals(UserID, PortalID, CreatedDate, Authorised, IsDeleted, RefreshRoles)
   VALUES(@UserID, @PortalID, '2019-06-07 05:28:54', 1, 0, 0)
   INSERT INTO dbo.dnn_UserRoles(UserID, RoleID, IsTrialUsed, CreatedByUserID, CreatedOnDate, LastModifiedByUserID, LastModifiedOnDate, [Status], IsOwner)
   VALUES(@UserId, @MaleRole, 0, 1, '2019-06-07 05:28:54', 1, '2019-06-07 05:28:54', 1, 0)
   INSERT INTO dbo.dnn_Users(Username, FirstName, LastName, Email, DisplayName, UpdatePassword, LastIPAddress, IsDeleted, CreatedByUserID, CreatedOnDate, LastModifiedByUserID, LastModifiedOnDate, PasswordResetToken, PasswordResetExpiration)
   VALUES('stephenss@naver.jp', 'Shane', 'Stephens', 'stephenss@naver.jp', 'Shane Stephens', 0, '', 0, 1, '2019-06-07 05:28:54', 1, '2019-06-07 05:28:54', NULL, NULL)
   SELECT @UserID = SCOPE_IDENTITY()
   INSERT INTO dbo.aspnet_Users(ApplicationID, UserName, LoweredUserName, IsAnonymous, LastActivityDate)
   VALUES(@ApplicationId, 'stephenss@naver.jp', 'stephenss@naver.jp', 0, '2019-06-07 05:28:54')
   SELECT @AspNetUserID = UserId FROM aspnet_Users WHERE Username = 'stephenss@naver.jp'
   INSERT INTO dbo.aspnet_Membership(ApplicationID, UserID, Password, PasswordFormat, PasswordSalt, Email, LoweredEmail, IsApproved, IsLockedOut, CreateDate, LastLoginDate, LastPasswordChangedDate, LastLockoutDate, FailedPasswordAttemptCount, FailedPasswordAttemptWindowStart, FailedPasswordAnswerAttemptCount, FailedPasswordAnswerAttemptWindowStart)
   VALUES(@ApplicationID, @AspNetUserID, 'aMoPu/jMK8Yc4dxEEtAWm+RvKkFRjT38n/c1ORi3HgGWXJI15kNozQ==', 2, 'ub/Nej8BunZL3H6o+Z7+sg==', 'stephenss@naver.jp', 'stephenss@naver.jp', 1, 0, '2019-06-07 05:28:54', '2019-06-07 05:28:54', '2019-06-07 05:28:54', '1754-01-01 00:00:00.000', 0, '1754-01-01 00:00:00.000', 0, '1754-01-01 00:00:00.000')
   INSERT INTO dbo.dnn_UserPortals(UserID, PortalID, CreatedDate, Authorised, IsDeleted, RefreshRoles)
   VALUES(@UserID, @PortalID, '2019-06-07 05:28:54', 1, 0, 0)
   INSERT INTO dbo.dnn_UserRoles(UserID, RoleID, IsTrialUsed, CreatedByUserID, CreatedOnDate, LastModifiedByUserID, LastModifiedOnDate, [Status], IsOwner)
   VALUES(@UserId, @MaleRole, 0, 1, '2019-06-07 05:28:54', 1, '2019-06-07 05:28:54', 1, 0)
   INSERT INTO dbo.dnn_Users(Username, FirstName, LastName, Email, DisplayName, UpdatePassword, LastIPAddress, IsDeleted, CreatedByUserID, CreatedOnDate, LastModifiedByUserID, LastModifiedOnDate, PasswordResetToken, PasswordResetExpiration)
   VALUES('ricardo.soto@feedly.com', 'Ricardo', 'Soto', 'ricardo.soto@feedly.com', 'Ricardo Soto', 0, '', 0, 1, '2019-06-07 05:28:54', 1, '2019-06-07 05:28:54', NULL, NULL)
   SELECT @UserID = SCOPE_IDENTITY()
   INSERT INTO dbo.aspnet_Users(ApplicationID, UserName, LoweredUserName, IsAnonymous, LastActivityDate)
   VALUES(@ApplicationId, 'ricardo.soto@feedly.com', 'ricardo.soto@feedly.com', 0, '2019-06-07 05:28:54')
   SELECT @AspNetUserID = UserId FROM aspnet_Users WHERE Username = 'ricardo.soto@feedly.com'
   INSERT INTO dbo.aspnet_Membership(ApplicationID, UserID, Password, PasswordFormat, PasswordSalt, Email, LoweredEmail, IsApproved, IsLockedOut, CreateDate, LastLoginDate, LastPasswordChangedDate, LastLockoutDate, FailedPasswordAttemptCount, FailedPasswordAttemptWindowStart, FailedPasswordAnswerAttemptCount, FailedPasswordAnswerAttemptWindowStart)
   VALUES(@ApplicationID, @AspNetUserID, 'aMoPu/jMK8Yc4dxEEtAWm+RvKkFRjT38n/c1ORi3HgGWXJI15kNozQ==', 2, 'ub/Nej8BunZL3H6o+Z7+sg==', 'ricardo.soto@feedly.com', 'ricardo.soto@feedly.com', 1, 0, '2019-06-07 05:28:54', '2019-06-07 05:28:54', '2019-06-07 05:28:54', '1754-01-01 00:00:00.000', 0, '1754-01-01 00:00:00.000', 0, '1754-01-01 00:00:00.000')
   INSERT INTO dbo.dnn_UserPortals(UserID, PortalID, CreatedDate, Authorised, IsDeleted, RefreshRoles)
   VALUES(@UserID, @PortalID, '2019-06-07 05:28:54', 1, 0, 0)
   INSERT INTO dbo.dnn_UserRoles(UserID, RoleID, IsTrialUsed, CreatedByUserID, CreatedOnDate, LastModifiedByUserID, LastModifiedOnDate, [Status], IsOwner)
   VALUES(@UserId, @MaleRole, 0, 1, '2019-06-07 05:28:54', 1, '2019-06-07 05:28:54', 1, 0)
   INSERT INTO dbo.dnn_Users(Username, FirstName, LastName, Email, DisplayName, UpdatePassword, LastIPAddress, IsDeleted, CreatedByUserID, CreatedOnDate, LastModifiedByUserID, LastModifiedOnDate, PasswordResetToken, PasswordResetExpiration)
   VALUES('s.weaver@theladbible.com', 'Sam', 'Weaver', 's.weaver@theladbible.com', 'Sam Weaver', 0, '', 0, 1, '2019-06-07 05:28:54', 1, '2019-06-07 05:28:54', NULL, NULL)
   SELECT @UserID = SCOPE_IDENTITY()
   INSERT INTO dbo.aspnet_Users(ApplicationID, UserName, LoweredUserName, IsAnonymous, LastActivityDate)
   VALUES(@ApplicationId, 's.weaver@theladbible.com', 's.weaver@theladbible.com', 0, '2019-06-07 05:28:54')
   SELECT @AspNetUserID = UserId FROM aspnet_Users WHERE Username = 's.weaver@theladbible.com'
   INSERT INTO dbo.aspnet_Membership(ApplicationID, UserID, Password, PasswordFormat, PasswordSalt, Email, LoweredEmail, IsApproved, IsLockedOut, CreateDate, LastLoginDate, LastPasswordChangedDate, LastLockoutDate, FailedPasswordAttemptCount, FailedPasswordAttemptWindowStart, FailedPasswordAnswerAttemptCount, FailedPasswordAnswerAttemptWindowStart)
   VALUES(@ApplicationID, @AspNetUserID, 'aMoPu/jMK8Yc4dxEEtAWm+RvKkFRjT38n/c1ORi3HgGWXJI15kNozQ==', 2, 'ub/Nej8BunZL3H6o+Z7+sg==', 's.weaver@theladbible.com', 's.weaver@theladbible.com', 1, 0, '2019-06-07 05:28:54', '2019-06-07 05:28:54', '2019-06-07 05:28:54', '1754-01-01 00:00:00.000', 0, '1754-01-01 00:00:00.000', 0, '1754-01-01 00:00:00.000')
   INSERT INTO dbo.dnn_UserPortals(UserID, PortalID, CreatedDate, Authorised, IsDeleted, RefreshRoles)
   VALUES(@UserID, @PortalID, '2019-06-07 05:28:54', 1, 0, 0)
   INSERT INTO dbo.dnn_UserRoles(UserID, RoleID, IsTrialUsed, CreatedByUserID, CreatedOnDate, LastModifiedByUserID, LastModifiedOnDate, [Status], IsOwner)
   VALUES(@UserId, @MaleRole, 0, 1, '2019-06-07 05:28:54', 1, '2019-06-07 05:28:54', 1, 0)
   INSERT INTO dbo.dnn_Users(Username, FirstName, LastName, Email, DisplayName, UpdatePassword, LastIPAddress, IsDeleted, CreatedByUserID, CreatedOnDate, LastModifiedByUserID, LastModifiedOnDate, PasswordResetToken, PasswordResetExpiration)
   VALUES('ryanr@pixiv.net', 'Rick', 'Ryan', 'ryanr@pixiv.net', 'Rick Ryan', 0, '', 0, 1, '2019-06-07 05:28:54', 1, '2019-06-07 05:28:54', NULL, NULL)
   SELECT @UserID = SCOPE_IDENTITY()
   INSERT INTO dbo.aspnet_Users(ApplicationID, UserName, LoweredUserName, IsAnonymous, LastActivityDate)
   VALUES(@ApplicationId, 'ryanr@pixiv.net', 'ryanr@pixiv.net', 0, '2019-06-07 05:28:54')
   SELECT @AspNetUserID = UserId FROM aspnet_Users WHERE Username = 'ryanr@pixiv.net'
   INSERT INTO dbo.aspnet_Membership(ApplicationID, UserID, Password, PasswordFormat, PasswordSalt, Email, LoweredEmail, IsApproved, IsLockedOut, CreateDate, LastLoginDate, LastPasswordChangedDate, LastLockoutDate, FailedPasswordAttemptCount, FailedPasswordAttemptWindowStart, FailedPasswordAnswerAttemptCount, FailedPasswordAnswerAttemptWindowStart)
   VALUES(@ApplicationID, @AspNetUserID, 'aMoPu/jMK8Yc4dxEEtAWm+RvKkFRjT38n/c1ORi3HgGWXJI15kNozQ==', 2, 'ub/Nej8BunZL3H6o+Z7+sg==', 'ryanr@pixiv.net', 'ryanr@pixiv.net', 1, 0, '2019-06-07 05:28:54', '2019-06-07 05:28:54', '2019-06-07 05:28:54', '1754-01-01 00:00:00.000', 0, '1754-01-01 00:00:00.000', 0, '1754-01-01 00:00:00.000')
   INSERT INTO dbo.dnn_UserPortals(UserID, PortalID, CreatedDate, Authorised, IsDeleted, RefreshRoles)
   VALUES(@UserID, @PortalID, '2019-06-07 05:28:54', 1, 0, 0)
   INSERT INTO dbo.dnn_UserRoles(UserID, RoleID, IsTrialUsed, CreatedByUserID, CreatedOnDate, LastModifiedByUserID, LastModifiedOnDate, [Status], IsOwner)
   VALUES(@UserId, @MaleRole, 0, 1, '2019-06-07 05:28:54', 1, '2019-06-07 05:28:54', 1, 0)
   INSERT INTO dbo.dnn_UserRoles(UserID, RoleID, IsTrialUsed, CreatedByUserID, CreatedOnDate, LastModifiedByUserID, LastModifiedOnDate, [Status], IsOwner)
   VALUES(@UserId, @AcademicRole, 0, 1, '2019-06-07 05:28:54', 1, '2019-06-07 05:28:54', 1, 0)
   INSERT INTO dbo.dnn_Users(Username, FirstName, LastName, Email, DisplayName, UpdatePassword, LastIPAddress, IsDeleted, CreatedByUserID, CreatedOnDate, LastModifiedByUserID, LastModifiedOnDate, PasswordResetToken, PasswordResetExpiration)
   VALUES('lester.gardner@redtube.com', 'Lester', 'Gardner', 'lester.gardner@redtube.com', 'Lester Gardner', 0, '', 0, 1, '2019-06-07 05:28:54', 1, '2019-06-07 05:28:54', NULL, NULL)
   SELECT @UserID = SCOPE_IDENTITY()
   INSERT INTO dbo.aspnet_Users(ApplicationID, UserName, LoweredUserName, IsAnonymous, LastActivityDate)
   VALUES(@ApplicationId, 'lester.gardner@redtube.com', 'lester.gardner@redtube.com', 0, '2019-06-07 05:28:54')
   SELECT @AspNetUserID = UserId FROM aspnet_Users WHERE Username = 'lester.gardner@redtube.com'
   INSERT INTO dbo.aspnet_Membership(ApplicationID, UserID, Password, PasswordFormat, PasswordSalt, Email, LoweredEmail, IsApproved, IsLockedOut, CreateDate, LastLoginDate, LastPasswordChangedDate, LastLockoutDate, FailedPasswordAttemptCount, FailedPasswordAttemptWindowStart, FailedPasswordAnswerAttemptCount, FailedPasswordAnswerAttemptWindowStart)
   VALUES(@ApplicationID, @AspNetUserID, 'aMoPu/jMK8Yc4dxEEtAWm+RvKkFRjT38n/c1ORi3HgGWXJI15kNozQ==', 2, 'ub/Nej8BunZL3H6o+Z7+sg==', 'lester.gardner@redtube.com', 'lester.gardner@redtube.com', 1, 0, '2019-06-07 05:28:54', '2019-06-07 05:28:54', '2019-06-07 05:28:54', '1754-01-01 00:00:00.000', 0, '1754-01-01 00:00:00.000', 0, '1754-01-01 00:00:00.000')
   INSERT INTO dbo.dnn_UserPortals(UserID, PortalID, CreatedDate, Authorised, IsDeleted, RefreshRoles)
   VALUES(@UserID, @PortalID, '2019-06-07 05:28:54', 1, 0, 0)
   INSERT INTO dbo.dnn_UserRoles(UserID, RoleID, IsTrialUsed, CreatedByUserID, CreatedOnDate, LastModifiedByUserID, LastModifiedOnDate, [Status], IsOwner)
   VALUES(@UserId, @MaleRole, 0, 1, '2019-06-07 05:28:54', 1, '2019-06-07 05:28:54', 1, 0)
   INSERT INTO dbo.dnn_Users(Username, FirstName, LastName, Email, DisplayName, UpdatePassword, LastIPAddress, IsDeleted, CreatedByUserID, CreatedOnDate, LastModifiedByUserID, LastModifiedOnDate, PasswordResetToken, PasswordResetExpiration)
   VALUES('b.payne@detik.com', 'Brent', 'Payne', 'b.payne@detik.com', 'Brent Payne', 0, '', 0, 1, '2019-06-07 05:28:54', 1, '2019-06-07 05:28:54', NULL, NULL)
   SELECT @UserID = SCOPE_IDENTITY()
   INSERT INTO dbo.aspnet_Users(ApplicationID, UserName, LoweredUserName, IsAnonymous, LastActivityDate)
   VALUES(@ApplicationId, 'b.payne@detik.com', 'b.payne@detik.com', 0, '2019-06-07 05:28:54')
   SELECT @AspNetUserID = UserId FROM aspnet_Users WHERE Username = 'b.payne@detik.com'
   INSERT INTO dbo.aspnet_Membership(ApplicationID, UserID, Password, PasswordFormat, PasswordSalt, Email, LoweredEmail, IsApproved, IsLockedOut, CreateDate, LastLoginDate, LastPasswordChangedDate, LastLockoutDate, FailedPasswordAttemptCount, FailedPasswordAttemptWindowStart, FailedPasswordAnswerAttemptCount, FailedPasswordAnswerAttemptWindowStart)
   VALUES(@ApplicationID, @AspNetUserID, 'aMoPu/jMK8Yc4dxEEtAWm+RvKkFRjT38n/c1ORi3HgGWXJI15kNozQ==', 2, 'ub/Nej8BunZL3H6o+Z7+sg==', 'b.payne@detik.com', 'b.payne@detik.com', 1, 0, '2019-06-07 05:28:54', '2019-06-07 05:28:54', '2019-06-07 05:28:54', '1754-01-01 00:00:00.000', 0, '1754-01-01 00:00:00.000', 0, '1754-01-01 00:00:00.000')
   INSERT INTO dbo.dnn_UserPortals(UserID, PortalID, CreatedDate, Authorised, IsDeleted, RefreshRoles)
   VALUES(@UserID, @PortalID, '2019-06-07 05:28:54', 1, 0, 0)
   INSERT INTO dbo.dnn_UserRoles(UserID, RoleID, IsTrialUsed, CreatedByUserID, CreatedOnDate, LastModifiedByUserID, LastModifiedOnDate, [Status], IsOwner)
   VALUES(@UserId, @MaleRole, 0, 1, '2019-06-07 05:28:54', 1, '2019-06-07 05:28:54', 1, 0)
   INSERT INTO dbo.dnn_Users(Username, FirstName, LastName, Email, DisplayName, UpdatePassword, LastIPAddress, IsDeleted, CreatedByUserID, CreatedOnDate, LastModifiedByUserID, LastModifiedOnDate, PasswordResetToken, PasswordResetExpiration)
   VALUES('grantr@homedepot.com', 'Ramon', 'Grant', 'grantr@homedepot.com', 'Ramon Grant', 0, '', 0, 1, '2019-06-07 05:28:54', 1, '2019-06-07 05:28:54', NULL, NULL)
   SELECT @UserID = SCOPE_IDENTITY()
   INSERT INTO dbo.aspnet_Users(ApplicationID, UserName, LoweredUserName, IsAnonymous, LastActivityDate)
   VALUES(@ApplicationId, 'grantr@homedepot.com', 'grantr@homedepot.com', 0, '2019-06-07 05:28:54')
   SELECT @AspNetUserID = UserId FROM aspnet_Users WHERE Username = 'grantr@homedepot.com'
   INSERT INTO dbo.aspnet_Membership(ApplicationID, UserID, Password, PasswordFormat, PasswordSalt, Email, LoweredEmail, IsApproved, IsLockedOut, CreateDate, LastLoginDate, LastPasswordChangedDate, LastLockoutDate, FailedPasswordAttemptCount, FailedPasswordAttemptWindowStart, FailedPasswordAnswerAttemptCount, FailedPasswordAnswerAttemptWindowStart)
   VALUES(@ApplicationID, @AspNetUserID, 'aMoPu/jMK8Yc4dxEEtAWm+RvKkFRjT38n/c1ORi3HgGWXJI15kNozQ==', 2, 'ub/Nej8BunZL3H6o+Z7+sg==', 'grantr@homedepot.com', 'grantr@homedepot.com', 1, 0, '2019-06-07 05:28:54', '2019-06-07 05:28:54', '2019-06-07 05:28:54', '1754-01-01 00:00:00.000', 0, '1754-01-01 00:00:00.000', 0, '1754-01-01 00:00:00.000')
   INSERT INTO dbo.dnn_UserPortals(UserID, PortalID, CreatedDate, Authorised, IsDeleted, RefreshRoles)
   VALUES(@UserID, @PortalID, '2019-06-07 05:28:54', 1, 0, 0)
   INSERT INTO dbo.dnn_UserRoles(UserID, RoleID, IsTrialUsed, CreatedByUserID, CreatedOnDate, LastModifiedByUserID, LastModifiedOnDate, [Status], IsOwner)
   VALUES(@UserId, @MaleRole, 0, 1, '2019-06-07 05:28:54', 1, '2019-06-07 05:28:54', 1, 0)
   INSERT INTO dbo.dnn_Users(Username, FirstName, LastName, Email, DisplayName, UpdatePassword, LastIPAddress, IsDeleted, CreatedByUserID, CreatedOnDate, LastModifiedByUserID, LastModifiedOnDate, PasswordResetToken, PasswordResetExpiration)
   VALUES('charlie.dunn@torrentz.eu', 'Charlie', 'Dunn', 'charlie.dunn@torrentz.eu', 'Charlie Dunn', 0, '', 0, 1, '2019-06-07 05:28:54', 1, '2019-06-07 05:28:54', NULL, NULL)
   SELECT @UserID = SCOPE_IDENTITY()
   INSERT INTO dbo.aspnet_Users(ApplicationID, UserName, LoweredUserName, IsAnonymous, LastActivityDate)
   VALUES(@ApplicationId, 'charlie.dunn@torrentz.eu', 'charlie.dunn@torrentz.eu', 0, '2019-06-07 05:28:54')
   SELECT @AspNetUserID = UserId FROM aspnet_Users WHERE Username = 'charlie.dunn@torrentz.eu'
   INSERT INTO dbo.aspnet_Membership(ApplicationID, UserID, Password, PasswordFormat, PasswordSalt, Email, LoweredEmail, IsApproved, IsLockedOut, CreateDate, LastLoginDate, LastPasswordChangedDate, LastLockoutDate, FailedPasswordAttemptCount, FailedPasswordAttemptWindowStart, FailedPasswordAnswerAttemptCount, FailedPasswordAnswerAttemptWindowStart)
   VALUES(@ApplicationID, @AspNetUserID, 'aMoPu/jMK8Yc4dxEEtAWm+RvKkFRjT38n/c1ORi3HgGWXJI15kNozQ==', 2, 'ub/Nej8BunZL3H6o+Z7+sg==', 'charlie.dunn@torrentz.eu', 'charlie.dunn@torrentz.eu', 1, 0, '2019-06-07 05:28:54', '2019-06-07 05:28:54', '2019-06-07 05:28:54', '1754-01-01 00:00:00.000', 0, '1754-01-01 00:00:00.000', 0, '1754-01-01 00:00:00.000')
   INSERT INTO dbo.dnn_UserPortals(UserID, PortalID, CreatedDate, Authorised, IsDeleted, RefreshRoles)
   VALUES(@UserID, @PortalID, '2019-06-07 05:28:54', 1, 0, 0)
   INSERT INTO dbo.dnn_UserRoles(UserID, RoleID, IsTrialUsed, CreatedByUserID, CreatedOnDate, LastModifiedByUserID, LastModifiedOnDate, [Status], IsOwner)
   VALUES(@UserId, @MaleRole, 0, 1, '2019-06-07 05:28:54', 1, '2019-06-07 05:28:54', 1, 0)
   INSERT INTO dbo.dnn_Users(Username, FirstName, LastName, Email, DisplayName, UpdatePassword, LastIPAddress, IsDeleted, CreatedByUserID, CreatedOnDate, LastModifiedByUserID, LastModifiedOnDate, PasswordResetToken, PasswordResetExpiration)
   VALUES('t.kelley@slideshare.net', 'Tyler', 'Kelley', 't.kelley@slideshare.net', 'Tyler Kelley', 0, '', 0, 1, '2019-06-07 05:28:54', 1, '2019-06-07 05:28:54', NULL, NULL)
   SELECT @UserID = SCOPE_IDENTITY()
   INSERT INTO dbo.aspnet_Users(ApplicationID, UserName, LoweredUserName, IsAnonymous, LastActivityDate)
   VALUES(@ApplicationId, 't.kelley@slideshare.net', 't.kelley@slideshare.net', 0, '2019-06-07 05:28:54')
   SELECT @AspNetUserID = UserId FROM aspnet_Users WHERE Username = 't.kelley@slideshare.net'
   INSERT INTO dbo.aspnet_Membership(ApplicationID, UserID, Password, PasswordFormat, PasswordSalt, Email, LoweredEmail, IsApproved, IsLockedOut, CreateDate, LastLoginDate, LastPasswordChangedDate, LastLockoutDate, FailedPasswordAttemptCount, FailedPasswordAttemptWindowStart, FailedPasswordAnswerAttemptCount, FailedPasswordAnswerAttemptWindowStart)
   VALUES(@ApplicationID, @AspNetUserID, 'aMoPu/jMK8Yc4dxEEtAWm+RvKkFRjT38n/c1ORi3HgGWXJI15kNozQ==', 2, 'ub/Nej8BunZL3H6o+Z7+sg==', 't.kelley@slideshare.net', 't.kelley@slideshare.net', 1, 0, '2019-06-07 05:28:54', '2019-06-07 05:28:54', '2019-06-07 05:28:54', '1754-01-01 00:00:00.000', 0, '1754-01-01 00:00:00.000', 0, '1754-01-01 00:00:00.000')
   INSERT INTO dbo.dnn_UserPortals(UserID, PortalID, CreatedDate, Authorised, IsDeleted, RefreshRoles)
   VALUES(@UserID, @PortalID, '2019-06-07 05:28:54', 1, 0, 0)
   INSERT INTO dbo.dnn_UserRoles(UserID, RoleID, IsTrialUsed, CreatedByUserID, CreatedOnDate, LastModifiedByUserID, LastModifiedOnDate, [Status], IsOwner)
   VALUES(@UserId, @MaleRole, 0, 1, '2019-06-07 05:28:54', 1, '2019-06-07 05:28:54', 1, 0)
   INSERT INTO dbo.dnn_UserRoles(UserID, RoleID, IsTrialUsed, CreatedByUserID, CreatedOnDate, LastModifiedByUserID, LastModifiedOnDate, [Status], IsOwner)
   VALUES(@UserId, @ManagerRole, 0, 1, '2019-06-07 05:28:54', 1, '2019-06-07 05:28:54', 1, 0)
   INSERT INTO dbo.dnn_Users(Username, FirstName, LastName, Email, DisplayName, UpdatePassword, LastIPAddress, IsDeleted, CreatedByUserID, CreatedOnDate, LastModifiedByUserID, LastModifiedOnDate, PasswordResetToken, PasswordResetExpiration)
   VALUES('spencerg@google.ro', 'Gilbert', 'Spencer', 'spencerg@google.ro', 'Gilbert Spencer', 0, '', 0, 1, '2019-06-07 05:28:54', 1, '2019-06-07 05:28:54', NULL, NULL)
   SELECT @UserID = SCOPE_IDENTITY()
   INSERT INTO dbo.aspnet_Users(ApplicationID, UserName, LoweredUserName, IsAnonymous, LastActivityDate)
   VALUES(@ApplicationId, 'spencerg@google.ro', 'spencerg@google.ro', 0, '2019-06-07 05:28:54')
   SELECT @AspNetUserID = UserId FROM aspnet_Users WHERE Username = 'spencerg@google.ro'
   INSERT INTO dbo.aspnet_Membership(ApplicationID, UserID, Password, PasswordFormat, PasswordSalt, Email, LoweredEmail, IsApproved, IsLockedOut, CreateDate, LastLoginDate, LastPasswordChangedDate, LastLockoutDate, FailedPasswordAttemptCount, FailedPasswordAttemptWindowStart, FailedPasswordAnswerAttemptCount, FailedPasswordAnswerAttemptWindowStart)
   VALUES(@ApplicationID, @AspNetUserID, 'aMoPu/jMK8Yc4dxEEtAWm+RvKkFRjT38n/c1ORi3HgGWXJI15kNozQ==', 2, 'ub/Nej8BunZL3H6o+Z7+sg==', 'spencerg@google.ro', 'spencerg@google.ro', 1, 0, '2019-06-07 05:28:54', '2019-06-07 05:28:54', '2019-06-07 05:28:54', '1754-01-01 00:00:00.000', 0, '1754-01-01 00:00:00.000', 0, '1754-01-01 00:00:00.000')
   INSERT INTO dbo.dnn_UserPortals(UserID, PortalID, CreatedDate, Authorised, IsDeleted, RefreshRoles)
   VALUES(@UserID, @PortalID, '2019-06-07 05:28:54', 1, 0, 0)
   INSERT INTO dbo.dnn_UserRoles(UserID, RoleID, IsTrialUsed, CreatedByUserID, CreatedOnDate, LastModifiedByUserID, LastModifiedOnDate, [Status], IsOwner)
   VALUES(@UserId, @MaleRole, 0, 1, '2019-06-07 05:28:54', 1, '2019-06-07 05:28:54', 1, 0)
   INSERT INTO dbo.dnn_Users(Username, FirstName, LastName, Email, DisplayName, UpdatePassword, LastIPAddress, IsDeleted, CreatedByUserID, CreatedOnDate, LastModifiedByUserID, LastModifiedOnDate, PasswordResetToken, PasswordResetExpiration)
   VALUES('gene.hawkins@taringa.net', 'Gene', 'Hawkins', 'gene.hawkins@taringa.net', 'Gene Hawkins', 0, '', 0, 1, '2019-06-07 05:28:54', 1, '2019-06-07 05:28:54', NULL, NULL)
   SELECT @UserID = SCOPE_IDENTITY()
   INSERT INTO dbo.aspnet_Users(ApplicationID, UserName, LoweredUserName, IsAnonymous, LastActivityDate)
   VALUES(@ApplicationId, 'gene.hawkins@taringa.net', 'gene.hawkins@taringa.net', 0, '2019-06-07 05:28:54')
   SELECT @AspNetUserID = UserId FROM aspnet_Users WHERE Username = 'gene.hawkins@taringa.net'
   INSERT INTO dbo.aspnet_Membership(ApplicationID, UserID, Password, PasswordFormat, PasswordSalt, Email, LoweredEmail, IsApproved, IsLockedOut, CreateDate, LastLoginDate, LastPasswordChangedDate, LastLockoutDate, FailedPasswordAttemptCount, FailedPasswordAttemptWindowStart, FailedPasswordAnswerAttemptCount, FailedPasswordAnswerAttemptWindowStart)
   VALUES(@ApplicationID, @AspNetUserID, 'aMoPu/jMK8Yc4dxEEtAWm+RvKkFRjT38n/c1ORi3HgGWXJI15kNozQ==', 2, 'ub/Nej8BunZL3H6o+Z7+sg==', 'gene.hawkins@taringa.net', 'gene.hawkins@taringa.net', 1, 0, '2019-06-07 05:28:54', '2019-06-07 05:28:54', '2019-06-07 05:28:54', '1754-01-01 00:00:00.000', 0, '1754-01-01 00:00:00.000', 0, '1754-01-01 00:00:00.000')
   INSERT INTO dbo.dnn_UserPortals(UserID, PortalID, CreatedDate, Authorised, IsDeleted, RefreshRoles)
   VALUES(@UserID, @PortalID, '2019-06-07 05:28:54', 1, 0, 0)
   INSERT INTO dbo.dnn_UserRoles(UserID, RoleID, IsTrialUsed, CreatedByUserID, CreatedOnDate, LastModifiedByUserID, LastModifiedOnDate, [Status], IsOwner)
   VALUES(@UserId, @MaleRole, 0, 1, '2019-06-07 05:28:54', 1, '2019-06-07 05:28:54', 1, 0)
   INSERT INTO dbo.dnn_Users(Username, FirstName, LastName, Email, DisplayName, UpdatePassword, LastIPAddress, IsDeleted, CreatedByUserID, CreatedOnDate, LastModifiedByUserID, LastModifiedOnDate, PasswordResetToken, PasswordResetExpiration)
   VALUES('m.arnold@foxnews.com', 'Marc', 'Arnold', 'm.arnold@foxnews.com', 'Marc Arnold', 0, '', 0, 1, '2019-06-07 05:28:54', 1, '2019-06-07 05:28:54', NULL, NULL)
   SELECT @UserID = SCOPE_IDENTITY()
   INSERT INTO dbo.aspnet_Users(ApplicationID, UserName, LoweredUserName, IsAnonymous, LastActivityDate)
   VALUES(@ApplicationId, 'm.arnold@foxnews.com', 'm.arnold@foxnews.com', 0, '2019-06-07 05:28:54')
   SELECT @AspNetUserID = UserId FROM aspnet_Users WHERE Username = 'm.arnold@foxnews.com'
   INSERT INTO dbo.aspnet_Membership(ApplicationID, UserID, Password, PasswordFormat, PasswordSalt, Email, LoweredEmail, IsApproved, IsLockedOut, CreateDate, LastLoginDate, LastPasswordChangedDate, LastLockoutDate, FailedPasswordAttemptCount, FailedPasswordAttemptWindowStart, FailedPasswordAnswerAttemptCount, FailedPasswordAnswerAttemptWindowStart)
   VALUES(@ApplicationID, @AspNetUserID, 'aMoPu/jMK8Yc4dxEEtAWm+RvKkFRjT38n/c1ORi3HgGWXJI15kNozQ==', 2, 'ub/Nej8BunZL3H6o+Z7+sg==', 'm.arnold@foxnews.com', 'm.arnold@foxnews.com', 1, 0, '2019-06-07 05:28:54', '2019-06-07 05:28:54', '2019-06-07 05:28:54', '1754-01-01 00:00:00.000', 0, '1754-01-01 00:00:00.000', 0, '1754-01-01 00:00:00.000')
   INSERT INTO dbo.dnn_UserPortals(UserID, PortalID, CreatedDate, Authorised, IsDeleted, RefreshRoles)
   VALUES(@UserID, @PortalID, '2019-06-07 05:28:54', 1, 0, 0)
   INSERT INTO dbo.dnn_UserRoles(UserID, RoleID, IsTrialUsed, CreatedByUserID, CreatedOnDate, LastModifiedByUserID, LastModifiedOnDate, [Status], IsOwner)
   VALUES(@UserId, @MaleRole, 0, 1, '2019-06-07 05:28:54', 1, '2019-06-07 05:28:54', 1, 0)
   INSERT INTO dbo.dnn_Users(Username, FirstName, LastName, Email, DisplayName, UpdatePassword, LastIPAddress, IsDeleted, CreatedByUserID, CreatedOnDate, LastModifiedByUserID, LastModifiedOnDate, PasswordResetToken, PasswordResetExpiration)
   VALUES('piercer@target.com', 'Reginald', 'Pierce', 'piercer@target.com', 'Reginald Pierce', 0, '', 0, 1, '2019-06-07 05:28:54', 1, '2019-06-07 05:28:54', NULL, NULL)
   SELECT @UserID = SCOPE_IDENTITY()
   INSERT INTO dbo.aspnet_Users(ApplicationID, UserName, LoweredUserName, IsAnonymous, LastActivityDate)
   VALUES(@ApplicationId, 'piercer@target.com', 'piercer@target.com', 0, '2019-06-07 05:28:54')
   SELECT @AspNetUserID = UserId FROM aspnet_Users WHERE Username = 'piercer@target.com'
   INSERT INTO dbo.aspnet_Membership(ApplicationID, UserID, Password, PasswordFormat, PasswordSalt, Email, LoweredEmail, IsApproved, IsLockedOut, CreateDate, LastLoginDate, LastPasswordChangedDate, LastLockoutDate, FailedPasswordAttemptCount, FailedPasswordAttemptWindowStart, FailedPasswordAnswerAttemptCount, FailedPasswordAnswerAttemptWindowStart)
   VALUES(@ApplicationID, @AspNetUserID, 'aMoPu/jMK8Yc4dxEEtAWm+RvKkFRjT38n/c1ORi3HgGWXJI15kNozQ==', 2, 'ub/Nej8BunZL3H6o+Z7+sg==', 'piercer@target.com', 'piercer@target.com', 1, 0, '2019-06-07 05:28:54', '2019-06-07 05:28:54', '2019-06-07 05:28:54', '1754-01-01 00:00:00.000', 0, '1754-01-01 00:00:00.000', 0, '1754-01-01 00:00:00.000')
   INSERT INTO dbo.dnn_UserPortals(UserID, PortalID, CreatedDate, Authorised, IsDeleted, RefreshRoles)
   VALUES(@UserID, @PortalID, '2019-06-07 05:28:54', 1, 0, 0)
   INSERT INTO dbo.dnn_UserRoles(UserID, RoleID, IsTrialUsed, CreatedByUserID, CreatedOnDate, LastModifiedByUserID, LastModifiedOnDate, [Status], IsOwner)
   VALUES(@UserId, @MaleRole, 0, 1, '2019-06-07 05:28:54', 1, '2019-06-07 05:28:54', 1, 0)
   INSERT INTO dbo.dnn_Users(Username, FirstName, LastName, Email, DisplayName, UpdatePassword, LastIPAddress, IsDeleted, CreatedByUserID, CreatedOnDate, LastModifiedByUserID, LastModifiedOnDate, PasswordResetToken, PasswordResetExpiration)
   VALUES('ruben.vazquez@amazon.it', 'Ruben', 'Vazquez', 'ruben.vazquez@amazon.it', 'Ruben Vazquez', 0, '', 0, 1, '2019-06-07 05:28:54', 1, '2019-06-07 05:28:54', NULL, NULL)
   SELECT @UserID = SCOPE_IDENTITY()
   INSERT INTO dbo.aspnet_Users(ApplicationID, UserName, LoweredUserName, IsAnonymous, LastActivityDate)
   VALUES(@ApplicationId, 'ruben.vazquez@amazon.it', 'ruben.vazquez@amazon.it', 0, '2019-06-07 05:28:54')
   SELECT @AspNetUserID = UserId FROM aspnet_Users WHERE Username = 'ruben.vazquez@amazon.it'
   INSERT INTO dbo.aspnet_Membership(ApplicationID, UserID, Password, PasswordFormat, PasswordSalt, Email, LoweredEmail, IsApproved, IsLockedOut, CreateDate, LastLoginDate, LastPasswordChangedDate, LastLockoutDate, FailedPasswordAttemptCount, FailedPasswordAttemptWindowStart, FailedPasswordAnswerAttemptCount, FailedPasswordAnswerAttemptWindowStart)
   VALUES(@ApplicationID, @AspNetUserID, 'aMoPu/jMK8Yc4dxEEtAWm+RvKkFRjT38n/c1ORi3HgGWXJI15kNozQ==', 2, 'ub/Nej8BunZL3H6o+Z7+sg==', 'ruben.vazquez@amazon.it', 'ruben.vazquez@amazon.it', 1, 0, '2019-06-07 05:28:54', '2019-06-07 05:28:54', '2019-06-07 05:28:54', '1754-01-01 00:00:00.000', 0, '1754-01-01 00:00:00.000', 0, '1754-01-01 00:00:00.000')
   INSERT INTO dbo.dnn_UserPortals(UserID, PortalID, CreatedDate, Authorised, IsDeleted, RefreshRoles)
   VALUES(@UserID, @PortalID, '2019-06-07 05:28:54', 1, 0, 0)
   INSERT INTO dbo.dnn_UserRoles(UserID, RoleID, IsTrialUsed, CreatedByUserID, CreatedOnDate, LastModifiedByUserID, LastModifiedOnDate, [Status], IsOwner)
   VALUES(@UserId, @MaleRole, 0, 1, '2019-06-07 05:28:54', 1, '2019-06-07 05:28:54', 1, 0)
   INSERT INTO dbo.dnn_Users(Username, FirstName, LastName, Email, DisplayName, UpdatePassword, LastIPAddress, IsDeleted, CreatedByUserID, CreatedOnDate, LastModifiedByUserID, LastModifiedOnDate, PasswordResetToken, PasswordResetExpiration)
   VALUES('b.hansen@google.com.pe', 'Brett', 'Hansen', 'b.hansen@google.com.pe', 'Brett Hansen', 0, '', 0, 1, '2019-06-07 05:28:54', 1, '2019-06-07 05:28:54', NULL, NULL)
   SELECT @UserID = SCOPE_IDENTITY()
   INSERT INTO dbo.aspnet_Users(ApplicationID, UserName, LoweredUserName, IsAnonymous, LastActivityDate)
   VALUES(@ApplicationId, 'b.hansen@google.com.pe', 'b.hansen@google.com.pe', 0, '2019-06-07 05:28:54')
   SELECT @AspNetUserID = UserId FROM aspnet_Users WHERE Username = 'b.hansen@google.com.pe'
   INSERT INTO dbo.aspnet_Membership(ApplicationID, UserID, Password, PasswordFormat, PasswordSalt, Email, LoweredEmail, IsApproved, IsLockedOut, CreateDate, LastLoginDate, LastPasswordChangedDate, LastLockoutDate, FailedPasswordAttemptCount, FailedPasswordAttemptWindowStart, FailedPasswordAnswerAttemptCount, FailedPasswordAnswerAttemptWindowStart)
   VALUES(@ApplicationID, @AspNetUserID, 'aMoPu/jMK8Yc4dxEEtAWm+RvKkFRjT38n/c1ORi3HgGWXJI15kNozQ==', 2, 'ub/Nej8BunZL3H6o+Z7+sg==', 'b.hansen@google.com.pe', 'b.hansen@google.com.pe', 1, 0, '2019-06-07 05:28:54', '2019-06-07 05:28:54', '2019-06-07 05:28:54', '1754-01-01 00:00:00.000', 0, '1754-01-01 00:00:00.000', 0, '1754-01-01 00:00:00.000')
   INSERT INTO dbo.dnn_UserPortals(UserID, PortalID, CreatedDate, Authorised, IsDeleted, RefreshRoles)
   VALUES(@UserID, @PortalID, '2019-06-07 05:28:54', 1, 0, 0)
   INSERT INTO dbo.dnn_UserRoles(UserID, RoleID, IsTrialUsed, CreatedByUserID, CreatedOnDate, LastModifiedByUserID, LastModifiedOnDate, [Status], IsOwner)
   VALUES(@UserId, @MaleRole, 0, 1, '2019-06-07 05:28:54', 1, '2019-06-07 05:28:54', 1, 0)
   INSERT INTO dbo.dnn_Users(Username, FirstName, LastName, Email, DisplayName, UpdatePassword, LastIPAddress, IsDeleted, CreatedByUserID, CreatedOnDate, LastModifiedByUserID, LastModifiedOnDate, PasswordResetToken, PasswordResetExpiration)
   VALUES('petersa@flickr.com', 'Angel', 'Peters', 'petersa@flickr.com', 'Angel Peters', 0, '', 0, 1, '2019-06-07 05:28:54', 1, '2019-06-07 05:28:54', NULL, NULL)
   SELECT @UserID = SCOPE_IDENTITY()
   INSERT INTO dbo.aspnet_Users(ApplicationID, UserName, LoweredUserName, IsAnonymous, LastActivityDate)
   VALUES(@ApplicationId, 'petersa@flickr.com', 'petersa@flickr.com', 0, '2019-06-07 05:28:54')
   SELECT @AspNetUserID = UserId FROM aspnet_Users WHERE Username = 'petersa@flickr.com'
   INSERT INTO dbo.aspnet_Membership(ApplicationID, UserID, Password, PasswordFormat, PasswordSalt, Email, LoweredEmail, IsApproved, IsLockedOut, CreateDate, LastLoginDate, LastPasswordChangedDate, LastLockoutDate, FailedPasswordAttemptCount, FailedPasswordAttemptWindowStart, FailedPasswordAnswerAttemptCount, FailedPasswordAnswerAttemptWindowStart)
   VALUES(@ApplicationID, @AspNetUserID, 'aMoPu/jMK8Yc4dxEEtAWm+RvKkFRjT38n/c1ORi3HgGWXJI15kNozQ==', 2, 'ub/Nej8BunZL3H6o+Z7+sg==', 'petersa@flickr.com', 'petersa@flickr.com', 1, 0, '2019-06-07 05:28:54', '2019-06-07 05:28:54', '2019-06-07 05:28:54', '1754-01-01 00:00:00.000', 0, '1754-01-01 00:00:00.000', 0, '1754-01-01 00:00:00.000')
   INSERT INTO dbo.dnn_UserPortals(UserID, PortalID, CreatedDate, Authorised, IsDeleted, RefreshRoles)
   VALUES(@UserID, @PortalID, '2019-06-07 05:28:54', 1, 0, 0)
   INSERT INTO dbo.dnn_UserRoles(UserID, RoleID, IsTrialUsed, CreatedByUserID, CreatedOnDate, LastModifiedByUserID, LastModifiedOnDate, [Status], IsOwner)
   VALUES(@UserId, @MaleRole, 0, 1, '2019-06-07 05:28:54', 1, '2019-06-07 05:28:54', 1, 0)
   INSERT INTO dbo.dnn_Users(Username, FirstName, LastName, Email, DisplayName, UpdatePassword, LastIPAddress, IsDeleted, CreatedByUserID, CreatedOnDate, LastModifiedByUserID, LastModifiedOnDate, PasswordResetToken, PasswordResetExpiration)
   VALUES('nathaniel.santos@hclips.com', 'Nathaniel', 'Santos', 'nathaniel.santos@hclips.com', 'Nathaniel Santos', 0, '', 0, 1, '2019-06-07 05:28:54', 1, '2019-06-07 05:28:54', NULL, NULL)
   SELECT @UserID = SCOPE_IDENTITY()
   INSERT INTO dbo.aspnet_Users(ApplicationID, UserName, LoweredUserName, IsAnonymous, LastActivityDate)
   VALUES(@ApplicationId, 'nathaniel.santos@hclips.com', 'nathaniel.santos@hclips.com', 0, '2019-06-07 05:28:54')
   SELECT @AspNetUserID = UserId FROM aspnet_Users WHERE Username = 'nathaniel.santos@hclips.com'
   INSERT INTO dbo.aspnet_Membership(ApplicationID, UserID, Password, PasswordFormat, PasswordSalt, Email, LoweredEmail, IsApproved, IsLockedOut, CreateDate, LastLoginDate, LastPasswordChangedDate, LastLockoutDate, FailedPasswordAttemptCount, FailedPasswordAttemptWindowStart, FailedPasswordAnswerAttemptCount, FailedPasswordAnswerAttemptWindowStart)
   VALUES(@ApplicationID, @AspNetUserID, 'aMoPu/jMK8Yc4dxEEtAWm+RvKkFRjT38n/c1ORi3HgGWXJI15kNozQ==', 2, 'ub/Nej8BunZL3H6o+Z7+sg==', 'nathaniel.santos@hclips.com', 'nathaniel.santos@hclips.com', 1, 0, '2019-06-07 05:28:54', '2019-06-07 05:28:54', '2019-06-07 05:28:54', '1754-01-01 00:00:00.000', 0, '1754-01-01 00:00:00.000', 0, '1754-01-01 00:00:00.000')
   INSERT INTO dbo.dnn_UserPortals(UserID, PortalID, CreatedDate, Authorised, IsDeleted, RefreshRoles)
   VALUES(@UserID, @PortalID, '2019-06-07 05:28:54', 1, 0, 0)
   INSERT INTO dbo.dnn_UserRoles(UserID, RoleID, IsTrialUsed, CreatedByUserID, CreatedOnDate, LastModifiedByUserID, LastModifiedOnDate, [Status], IsOwner)
   VALUES(@UserId, @MaleRole, 0, 1, '2019-06-07 05:28:54', 1, '2019-06-07 05:28:54', 1, 0)
   INSERT INTO dbo.dnn_UserRoles(UserID, RoleID, IsTrialUsed, CreatedByUserID, CreatedOnDate, LastModifiedByUserID, LastModifiedOnDate, [Status], IsOwner)
   VALUES(@UserId, @AcademicRole, 0, 1, '2019-06-07 05:28:54', 1, '2019-06-07 05:28:54', 1, 0)
   INSERT INTO dbo.dnn_Users(Username, FirstName, LastName, Email, DisplayName, UpdatePassword, LastIPAddress, IsDeleted, CreatedByUserID, CreatedOnDate, LastModifiedByUserID, LastModifiedOnDate, PasswordResetToken, PasswordResetExpiration)
   VALUES('r.hart@google.be', 'Rafael', 'Hart', 'r.hart@google.be', 'Rafael Hart', 0, '', 0, 1, '2019-06-07 05:28:54', 1, '2019-06-07 05:28:54', NULL, NULL)
   SELECT @UserID = SCOPE_IDENTITY()
   INSERT INTO dbo.aspnet_Users(ApplicationID, UserName, LoweredUserName, IsAnonymous, LastActivityDate)
   VALUES(@ApplicationId, 'r.hart@google.be', 'r.hart@google.be', 0, '2019-06-07 05:28:54')
   SELECT @AspNetUserID = UserId FROM aspnet_Users WHERE Username = 'r.hart@google.be'
   INSERT INTO dbo.aspnet_Membership(ApplicationID, UserID, Password, PasswordFormat, PasswordSalt, Email, LoweredEmail, IsApproved, IsLockedOut, CreateDate, LastLoginDate, LastPasswordChangedDate, LastLockoutDate, FailedPasswordAttemptCount, FailedPasswordAttemptWindowStart, FailedPasswordAnswerAttemptCount, FailedPasswordAnswerAttemptWindowStart)
   VALUES(@ApplicationID, @AspNetUserID, 'aMoPu/jMK8Yc4dxEEtAWm+RvKkFRjT38n/c1ORi3HgGWXJI15kNozQ==', 2, 'ub/Nej8BunZL3H6o+Z7+sg==', 'r.hart@google.be', 'r.hart@google.be', 1, 0, '2019-06-07 05:28:54', '2019-06-07 05:28:54', '2019-06-07 05:28:54', '1754-01-01 00:00:00.000', 0, '1754-01-01 00:00:00.000', 0, '1754-01-01 00:00:00.000')
   INSERT INTO dbo.dnn_UserPortals(UserID, PortalID, CreatedDate, Authorised, IsDeleted, RefreshRoles)
   VALUES(@UserID, @PortalID, '2019-06-07 05:28:54', 1, 0, 0)
   INSERT INTO dbo.dnn_UserRoles(UserID, RoleID, IsTrialUsed, CreatedByUserID, CreatedOnDate, LastModifiedByUserID, LastModifiedOnDate, [Status], IsOwner)
   VALUES(@UserId, @MaleRole, 0, 1, '2019-06-07 05:28:54', 1, '2019-06-07 05:28:54', 1, 0)
   INSERT INTO dbo.dnn_Users(Username, FirstName, LastName, Email, DisplayName, UpdatePassword, LastIPAddress, IsDeleted, CreatedByUserID, CreatedOnDate, LastModifiedByUserID, LastModifiedOnDate, PasswordResetToken, PasswordResetExpiration)
   VALUES('bradleyl@amazon.fr', 'Leslie', 'Bradley', 'bradleyl@amazon.fr', 'Leslie Bradley', 0, '', 0, 1, '2019-06-07 05:28:54', 1, '2019-06-07 05:28:54', NULL, NULL)
   SELECT @UserID = SCOPE_IDENTITY()
   INSERT INTO dbo.aspnet_Users(ApplicationID, UserName, LoweredUserName, IsAnonymous, LastActivityDate)
   VALUES(@ApplicationId, 'bradleyl@amazon.fr', 'bradleyl@amazon.fr', 0, '2019-06-07 05:28:54')
   SELECT @AspNetUserID = UserId FROM aspnet_Users WHERE Username = 'bradleyl@amazon.fr'
   INSERT INTO dbo.aspnet_Membership(ApplicationID, UserID, Password, PasswordFormat, PasswordSalt, Email, LoweredEmail, IsApproved, IsLockedOut, CreateDate, LastLoginDate, LastPasswordChangedDate, LastLockoutDate, FailedPasswordAttemptCount, FailedPasswordAttemptWindowStart, FailedPasswordAnswerAttemptCount, FailedPasswordAnswerAttemptWindowStart)
   VALUES(@ApplicationID, @AspNetUserID, 'aMoPu/jMK8Yc4dxEEtAWm+RvKkFRjT38n/c1ORi3HgGWXJI15kNozQ==', 2, 'ub/Nej8BunZL3H6o+Z7+sg==', 'bradleyl@amazon.fr', 'bradleyl@amazon.fr', 1, 0, '2019-06-07 05:28:54', '2019-06-07 05:28:54', '2019-06-07 05:28:54', '1754-01-01 00:00:00.000', 0, '1754-01-01 00:00:00.000', 0, '1754-01-01 00:00:00.000')
   INSERT INTO dbo.dnn_UserPortals(UserID, PortalID, CreatedDate, Authorised, IsDeleted, RefreshRoles)
   VALUES(@UserID, @PortalID, '2019-06-07 05:28:54', 1, 0, 0)
   INSERT INTO dbo.dnn_UserRoles(UserID, RoleID, IsTrialUsed, CreatedByUserID, CreatedOnDate, LastModifiedByUserID, LastModifiedOnDate, [Status], IsOwner)
   VALUES(@UserId, @MaleRole, 0, 1, '2019-06-07 05:28:54', 1, '2019-06-07 05:28:54', 1, 0)
   INSERT INTO dbo.dnn_UserRoles(UserID, RoleID, IsTrialUsed, CreatedByUserID, CreatedOnDate, LastModifiedByUserID, LastModifiedOnDate, [Status], IsOwner)
   VALUES(@UserId, @ManagerRole, 0, 1, '2019-06-07 05:28:54', 1, '2019-06-07 05:28:54', 1, 0)
   INSERT INTO dbo.dnn_Users(Username, FirstName, LastName, Email, DisplayName, UpdatePassword, LastIPAddress, IsDeleted, CreatedByUserID, CreatedOnDate, LastModifiedByUserID, LastModifiedOnDate, PasswordResetToken, PasswordResetExpiration)
   VALUES('edgar.knight@9gag.com', 'Edgar', 'Knight', 'edgar.knight@9gag.com', 'Edgar Knight', 0, '', 0, 1, '2019-06-07 05:28:54', 1, '2019-06-07 05:28:54', NULL, NULL)
   SELECT @UserID = SCOPE_IDENTITY()
   INSERT INTO dbo.aspnet_Users(ApplicationID, UserName, LoweredUserName, IsAnonymous, LastActivityDate)
   VALUES(@ApplicationId, 'edgar.knight@9gag.com', 'edgar.knight@9gag.com', 0, '2019-06-07 05:28:54')
   SELECT @AspNetUserID = UserId FROM aspnet_Users WHERE Username = 'edgar.knight@9gag.com'
   INSERT INTO dbo.aspnet_Membership(ApplicationID, UserID, Password, PasswordFormat, PasswordSalt, Email, LoweredEmail, IsApproved, IsLockedOut, CreateDate, LastLoginDate, LastPasswordChangedDate, LastLockoutDate, FailedPasswordAttemptCount, FailedPasswordAttemptWindowStart, FailedPasswordAnswerAttemptCount, FailedPasswordAnswerAttemptWindowStart)
   VALUES(@ApplicationID, @AspNetUserID, 'aMoPu/jMK8Yc4dxEEtAWm+RvKkFRjT38n/c1ORi3HgGWXJI15kNozQ==', 2, 'ub/Nej8BunZL3H6o+Z7+sg==', 'edgar.knight@9gag.com', 'edgar.knight@9gag.com', 1, 0, '2019-06-07 05:28:54', '2019-06-07 05:28:54', '2019-06-07 05:28:54', '1754-01-01 00:00:00.000', 0, '1754-01-01 00:00:00.000', 0, '1754-01-01 00:00:00.000')
   INSERT INTO dbo.dnn_UserPortals(UserID, PortalID, CreatedDate, Authorised, IsDeleted, RefreshRoles)
   VALUES(@UserID, @PortalID, '2019-06-07 05:28:54', 1, 0, 0)
   INSERT INTO dbo.dnn_UserRoles(UserID, RoleID, IsTrialUsed, CreatedByUserID, CreatedOnDate, LastModifiedByUserID, LastModifiedOnDate, [Status], IsOwner)
   VALUES(@UserId, @MaleRole, 0, 1, '2019-06-07 05:28:54', 1, '2019-06-07 05:28:54', 1, 0)
   INSERT INTO dbo.dnn_Users(Username, FirstName, LastName, Email, DisplayName, UpdatePassword, LastIPAddress, IsDeleted, CreatedByUserID, CreatedOnDate, LastModifiedByUserID, LastModifiedOnDate, PasswordResetToken, PasswordResetExpiration)
   VALUES('m.elliott@kakaku.com', 'Milton', 'Elliott', 'm.elliott@kakaku.com', 'Milton Elliott', 0, '', 0, 1, '2019-06-07 05:28:54', 1, '2019-06-07 05:28:54', NULL, NULL)
   SELECT @UserID = SCOPE_IDENTITY()
   INSERT INTO dbo.aspnet_Users(ApplicationID, UserName, LoweredUserName, IsAnonymous, LastActivityDate)
   VALUES(@ApplicationId, 'm.elliott@kakaku.com', 'm.elliott@kakaku.com', 0, '2019-06-07 05:28:54')
   SELECT @AspNetUserID = UserId FROM aspnet_Users WHERE Username = 'm.elliott@kakaku.com'
   INSERT INTO dbo.aspnet_Membership(ApplicationID, UserID, Password, PasswordFormat, PasswordSalt, Email, LoweredEmail, IsApproved, IsLockedOut, CreateDate, LastLoginDate, LastPasswordChangedDate, LastLockoutDate, FailedPasswordAttemptCount, FailedPasswordAttemptWindowStart, FailedPasswordAnswerAttemptCount, FailedPasswordAnswerAttemptWindowStart)
   VALUES(@ApplicationID, @AspNetUserID, 'aMoPu/jMK8Yc4dxEEtAWm+RvKkFRjT38n/c1ORi3HgGWXJI15kNozQ==', 2, 'ub/Nej8BunZL3H6o+Z7+sg==', 'm.elliott@kakaku.com', 'm.elliott@kakaku.com', 1, 0, '2019-06-07 05:28:54', '2019-06-07 05:28:54', '2019-06-07 05:28:54', '1754-01-01 00:00:00.000', 0, '1754-01-01 00:00:00.000', 0, '1754-01-01 00:00:00.000')
   INSERT INTO dbo.dnn_UserPortals(UserID, PortalID, CreatedDate, Authorised, IsDeleted, RefreshRoles)
   VALUES(@UserID, @PortalID, '2019-06-07 05:28:54', 1, 0, 0)
   INSERT INTO dbo.dnn_UserRoles(UserID, RoleID, IsTrialUsed, CreatedByUserID, CreatedOnDate, LastModifiedByUserID, LastModifiedOnDate, [Status], IsOwner)
   VALUES(@UserId, @MaleRole, 0, 1, '2019-06-07 05:28:54', 1, '2019-06-07 05:28:54', 1, 0)
   INSERT INTO dbo.dnn_Users(Username, FirstName, LastName, Email, DisplayName, UpdatePassword, LastIPAddress, IsDeleted, CreatedByUserID, CreatedOnDate, LastModifiedByUserID, LastModifiedOnDate, PasswordResetToken, PasswordResetExpiration)
   VALUES('cunninghamr@blogspot.in', 'Raul', 'Cunningham', 'cunninghamr@blogspot.in', 'Raul Cunningham', 0, '', 0, 1, '2019-06-07 05:28:54', 1, '2019-06-07 05:28:54', NULL, NULL)
   SELECT @UserID = SCOPE_IDENTITY()
   INSERT INTO dbo.aspnet_Users(ApplicationID, UserName, LoweredUserName, IsAnonymous, LastActivityDate)
   VALUES(@ApplicationId, 'cunninghamr@blogspot.in', 'cunninghamr@blogspot.in', 0, '2019-06-07 05:28:54')
   SELECT @AspNetUserID = UserId FROM aspnet_Users WHERE Username = 'cunninghamr@blogspot.in'
   INSERT INTO dbo.aspnet_Membership(ApplicationID, UserID, Password, PasswordFormat, PasswordSalt, Email, LoweredEmail, IsApproved, IsLockedOut, CreateDate, LastLoginDate, LastPasswordChangedDate, LastLockoutDate, FailedPasswordAttemptCount, FailedPasswordAttemptWindowStart, FailedPasswordAnswerAttemptCount, FailedPasswordAnswerAttemptWindowStart)
   VALUES(@ApplicationID, @AspNetUserID, 'aMoPu/jMK8Yc4dxEEtAWm+RvKkFRjT38n/c1ORi3HgGWXJI15kNozQ==', 2, 'ub/Nej8BunZL3H6o+Z7+sg==', 'cunninghamr@blogspot.in', 'cunninghamr@blogspot.in', 1, 0, '2019-06-07 05:28:54', '2019-06-07 05:28:54', '2019-06-07 05:28:54', '1754-01-01 00:00:00.000', 0, '1754-01-01 00:00:00.000', 0, '1754-01-01 00:00:00.000')
   INSERT INTO dbo.dnn_UserPortals(UserID, PortalID, CreatedDate, Authorised, IsDeleted, RefreshRoles)
   VALUES(@UserID, @PortalID, '2019-06-07 05:28:54', 1, 0, 0)
   INSERT INTO dbo.dnn_UserRoles(UserID, RoleID, IsTrialUsed, CreatedByUserID, CreatedOnDate, LastModifiedByUserID, LastModifiedOnDate, [Status], IsOwner)
   VALUES(@UserId, @MaleRole, 0, 1, '2019-06-07 05:28:54', 1, '2019-06-07 05:28:54', 1, 0)
   INSERT INTO dbo.dnn_Users(Username, FirstName, LastName, Email, DisplayName, UpdatePassword, LastIPAddress, IsDeleted, CreatedByUserID, CreatedOnDate, LastModifiedByUserID, LastModifiedOnDate, PasswordResetToken, PasswordResetExpiration)
   VALUES('ben.duncan@ikea.com', 'Ben', 'Duncan', 'ben.duncan@ikea.com', 'Ben Duncan', 0, '', 0, 1, '2019-06-07 05:28:54', 1, '2019-06-07 05:28:54', NULL, NULL)
   SELECT @UserID = SCOPE_IDENTITY()
   INSERT INTO dbo.aspnet_Users(ApplicationID, UserName, LoweredUserName, IsAnonymous, LastActivityDate)
   VALUES(@ApplicationId, 'ben.duncan@ikea.com', 'ben.duncan@ikea.com', 0, '2019-06-07 05:28:54')
   SELECT @AspNetUserID = UserId FROM aspnet_Users WHERE Username = 'ben.duncan@ikea.com'
   INSERT INTO dbo.aspnet_Membership(ApplicationID, UserID, Password, PasswordFormat, PasswordSalt, Email, LoweredEmail, IsApproved, IsLockedOut, CreateDate, LastLoginDate, LastPasswordChangedDate, LastLockoutDate, FailedPasswordAttemptCount, FailedPasswordAttemptWindowStart, FailedPasswordAnswerAttemptCount, FailedPasswordAnswerAttemptWindowStart)
   VALUES(@ApplicationID, @AspNetUserID, 'aMoPu/jMK8Yc4dxEEtAWm+RvKkFRjT38n/c1ORi3HgGWXJI15kNozQ==', 2, 'ub/Nej8BunZL3H6o+Z7+sg==', 'ben.duncan@ikea.com', 'ben.duncan@ikea.com', 1, 0, '2019-06-07 05:28:54', '2019-06-07 05:28:54', '2019-06-07 05:28:54', '1754-01-01 00:00:00.000', 0, '1754-01-01 00:00:00.000', 0, '1754-01-01 00:00:00.000')
   INSERT INTO dbo.dnn_UserPortals(UserID, PortalID, CreatedDate, Authorised, IsDeleted, RefreshRoles)
   VALUES(@UserID, @PortalID, '2019-06-07 05:28:54', 1, 0, 0)
   INSERT INTO dbo.dnn_UserRoles(UserID, RoleID, IsTrialUsed, CreatedByUserID, CreatedOnDate, LastModifiedByUserID, LastModifiedOnDate, [Status], IsOwner)
   VALUES(@UserId, @MaleRole, 0, 1, '2019-06-07 05:28:54', 1, '2019-06-07 05:28:54', 1, 0)
   INSERT INTO dbo.dnn_Users(Username, FirstName, LastName, Email, DisplayName, UpdatePassword, LastIPAddress, IsDeleted, CreatedByUserID, CreatedOnDate, LastModifiedByUserID, LastModifiedOnDate, PasswordResetToken, PasswordResetExpiration)
   VALUES('c.armstrong@mega.nz', 'Chester', 'Armstrong', 'c.armstrong@mega.nz', 'Chester Armstrong', 0, '', 0, 1, '2019-06-07 05:28:54', 1, '2019-06-07 05:28:54', NULL, NULL)
   SELECT @UserID = SCOPE_IDENTITY()
   INSERT INTO dbo.aspnet_Users(ApplicationID, UserName, LoweredUserName, IsAnonymous, LastActivityDate)
   VALUES(@ApplicationId, 'c.armstrong@mega.nz', 'c.armstrong@mega.nz', 0, '2019-06-07 05:28:54')
   SELECT @AspNetUserID = UserId FROM aspnet_Users WHERE Username = 'c.armstrong@mega.nz'
   INSERT INTO dbo.aspnet_Membership(ApplicationID, UserID, Password, PasswordFormat, PasswordSalt, Email, LoweredEmail, IsApproved, IsLockedOut, CreateDate, LastLoginDate, LastPasswordChangedDate, LastLockoutDate, FailedPasswordAttemptCount, FailedPasswordAttemptWindowStart, FailedPasswordAnswerAttemptCount, FailedPasswordAnswerAttemptWindowStart)
   VALUES(@ApplicationID, @AspNetUserID, 'aMoPu/jMK8Yc4dxEEtAWm+RvKkFRjT38n/c1ORi3HgGWXJI15kNozQ==', 2, 'ub/Nej8BunZL3H6o+Z7+sg==', 'c.armstrong@mega.nz', 'c.armstrong@mega.nz', 1, 0, '2019-06-07 05:28:54', '2019-06-07 05:28:54', '2019-06-07 05:28:54', '1754-01-01 00:00:00.000', 0, '1754-01-01 00:00:00.000', 0, '1754-01-01 00:00:00.000')
   INSERT INTO dbo.dnn_UserPortals(UserID, PortalID, CreatedDate, Authorised, IsDeleted, RefreshRoles)
   VALUES(@UserID, @PortalID, '2019-06-07 05:28:54', 1, 0, 0)
   INSERT INTO dbo.dnn_UserRoles(UserID, RoleID, IsTrialUsed, CreatedByUserID, CreatedOnDate, LastModifiedByUserID, LastModifiedOnDate, [Status], IsOwner)
   VALUES(@UserId, @MaleRole, 0, 1, '2019-06-07 05:28:54', 1, '2019-06-07 05:28:54', 1, 0)
   INSERT INTO dbo.dnn_Users(Username, FirstName, LastName, Email, DisplayName, UpdatePassword, LastIPAddress, IsDeleted, CreatedByUserID, CreatedOnDate, LastModifiedByUserID, LastModifiedOnDate, PasswordResetToken, PasswordResetExpiration)
   VALUES('hudsonc@ifeng.com', 'Cecil', 'Hudson', 'hudsonc@ifeng.com', 'Cecil Hudson', 0, '', 0, 1, '2019-06-07 05:28:54', 1, '2019-06-07 05:28:54', NULL, NULL)
   SELECT @UserID = SCOPE_IDENTITY()
   INSERT INTO dbo.aspnet_Users(ApplicationID, UserName, LoweredUserName, IsAnonymous, LastActivityDate)
   VALUES(@ApplicationId, 'hudsonc@ifeng.com', 'hudsonc@ifeng.com', 0, '2019-06-07 05:28:54')
   SELECT @AspNetUserID = UserId FROM aspnet_Users WHERE Username = 'hudsonc@ifeng.com'
   INSERT INTO dbo.aspnet_Membership(ApplicationID, UserID, Password, PasswordFormat, PasswordSalt, Email, LoweredEmail, IsApproved, IsLockedOut, CreateDate, LastLoginDate, LastPasswordChangedDate, LastLockoutDate, FailedPasswordAttemptCount, FailedPasswordAttemptWindowStart, FailedPasswordAnswerAttemptCount, FailedPasswordAnswerAttemptWindowStart)
   VALUES(@ApplicationID, @AspNetUserID, 'aMoPu/jMK8Yc4dxEEtAWm+RvKkFRjT38n/c1ORi3HgGWXJI15kNozQ==', 2, 'ub/Nej8BunZL3H6o+Z7+sg==', 'hudsonc@ifeng.com', 'hudsonc@ifeng.com', 1, 0, '2019-06-07 05:28:54', '2019-06-07 05:28:54', '2019-06-07 05:28:54', '1754-01-01 00:00:00.000', 0, '1754-01-01 00:00:00.000', 0, '1754-01-01 00:00:00.000')
   INSERT INTO dbo.dnn_UserPortals(UserID, PortalID, CreatedDate, Authorised, IsDeleted, RefreshRoles)
   VALUES(@UserID, @PortalID, '2019-06-07 05:28:54', 1, 0, 0)
   INSERT INTO dbo.dnn_UserRoles(UserID, RoleID, IsTrialUsed, CreatedByUserID, CreatedOnDate, LastModifiedByUserID, LastModifiedOnDate, [Status], IsOwner)
   VALUES(@UserId, @MaleRole, 0, 1, '2019-06-07 05:28:54', 1, '2019-06-07 05:28:54', 1, 0)
   INSERT INTO dbo.dnn_Users(Username, FirstName, LastName, Email, DisplayName, UpdatePassword, LastIPAddress, IsDeleted, CreatedByUserID, CreatedOnDate, LastModifiedByUserID, LastModifiedOnDate, PasswordResetToken, PasswordResetExpiration)
   VALUES('duane.carroll@udn.com', 'Duane', 'Carroll', 'duane.carroll@udn.com', 'Duane Carroll', 0, '', 0, 1, '2019-06-07 05:28:54', 1, '2019-06-07 05:28:54', NULL, NULL)
   SELECT @UserID = SCOPE_IDENTITY()
   INSERT INTO dbo.aspnet_Users(ApplicationID, UserName, LoweredUserName, IsAnonymous, LastActivityDate)
   VALUES(@ApplicationId, 'duane.carroll@udn.com', 'duane.carroll@udn.com', 0, '2019-06-07 05:28:54')
   SELECT @AspNetUserID = UserId FROM aspnet_Users WHERE Username = 'duane.carroll@udn.com'
   INSERT INTO dbo.aspnet_Membership(ApplicationID, UserID, Password, PasswordFormat, PasswordSalt, Email, LoweredEmail, IsApproved, IsLockedOut, CreateDate, LastLoginDate, LastPasswordChangedDate, LastLockoutDate, FailedPasswordAttemptCount, FailedPasswordAttemptWindowStart, FailedPasswordAnswerAttemptCount, FailedPasswordAnswerAttemptWindowStart)
   VALUES(@ApplicationID, @AspNetUserID, 'aMoPu/jMK8Yc4dxEEtAWm+RvKkFRjT38n/c1ORi3HgGWXJI15kNozQ==', 2, 'ub/Nej8BunZL3H6o+Z7+sg==', 'duane.carroll@udn.com', 'duane.carroll@udn.com', 1, 0, '2019-06-07 05:28:54', '2019-06-07 05:28:54', '2019-06-07 05:28:54', '1754-01-01 00:00:00.000', 0, '1754-01-01 00:00:00.000', 0, '1754-01-01 00:00:00.000')
   INSERT INTO dbo.dnn_UserPortals(UserID, PortalID, CreatedDate, Authorised, IsDeleted, RefreshRoles)
   VALUES(@UserID, @PortalID, '2019-06-07 05:28:54', 1, 0, 0)
   INSERT INTO dbo.dnn_UserRoles(UserID, RoleID, IsTrialUsed, CreatedByUserID, CreatedOnDate, LastModifiedByUserID, LastModifiedOnDate, [Status], IsOwner)
   VALUES(@UserId, @MaleRole, 0, 1, '2019-06-07 05:28:54', 1, '2019-06-07 05:28:54', 1, 0)
   INSERT INTO dbo.dnn_Users(Username, FirstName, LastName, Email, DisplayName, UpdatePassword, LastIPAddress, IsDeleted, CreatedByUserID, CreatedOnDate, LastModifiedByUserID, LastModifiedOnDate, PasswordResetToken, PasswordResetExpiration)
   VALUES('f.lane@web.de', 'Franklin', 'Lane', 'f.lane@web.de', 'Franklin Lane', 0, '', 0, 1, '2019-06-07 05:28:54', 1, '2019-06-07 05:28:54', NULL, NULL)
   SELECT @UserID = SCOPE_IDENTITY()
   INSERT INTO dbo.aspnet_Users(ApplicationID, UserName, LoweredUserName, IsAnonymous, LastActivityDate)
   VALUES(@ApplicationId, 'f.lane@web.de', 'f.lane@web.de', 0, '2019-06-07 05:28:54')
   SELECT @AspNetUserID = UserId FROM aspnet_Users WHERE Username = 'f.lane@web.de'
   INSERT INTO dbo.aspnet_Membership(ApplicationID, UserID, Password, PasswordFormat, PasswordSalt, Email, LoweredEmail, IsApproved, IsLockedOut, CreateDate, LastLoginDate, LastPasswordChangedDate, LastLockoutDate, FailedPasswordAttemptCount, FailedPasswordAttemptWindowStart, FailedPasswordAnswerAttemptCount, FailedPasswordAnswerAttemptWindowStart)
   VALUES(@ApplicationID, @AspNetUserID, 'aMoPu/jMK8Yc4dxEEtAWm+RvKkFRjT38n/c1ORi3HgGWXJI15kNozQ==', 2, 'ub/Nej8BunZL3H6o+Z7+sg==', 'f.lane@web.de', 'f.lane@web.de', 1, 0, '2019-06-07 05:28:54', '2019-06-07 05:28:54', '2019-06-07 05:28:54', '1754-01-01 00:00:00.000', 0, '1754-01-01 00:00:00.000', 0, '1754-01-01 00:00:00.000')
   INSERT INTO dbo.dnn_UserPortals(UserID, PortalID, CreatedDate, Authorised, IsDeleted, RefreshRoles)
   VALUES(@UserID, @PortalID, '2019-06-07 05:28:54', 1, 0, 0)
   INSERT INTO dbo.dnn_UserRoles(UserID, RoleID, IsTrialUsed, CreatedByUserID, CreatedOnDate, LastModifiedByUserID, LastModifiedOnDate, [Status], IsOwner)
   VALUES(@UserId, @MaleRole, 0, 1, '2019-06-07 05:28:54', 1, '2019-06-07 05:28:54', 1, 0)
   INSERT INTO dbo.dnn_Users(Username, FirstName, LastName, Email, DisplayName, UpdatePassword, LastIPAddress, IsDeleted, CreatedByUserID, CreatedOnDate, LastModifiedByUserID, LastModifiedOnDate, PasswordResetToken, PasswordResetExpiration)
   VALUES('rileya@americanexpress.com', 'Andre', 'Riley', 'rileya@americanexpress.com', 'Andre Riley', 0, '', 0, 1, '2019-06-07 05:28:54', 1, '2019-06-07 05:28:54', NULL, NULL)
   SELECT @UserID = SCOPE_IDENTITY()
   INSERT INTO dbo.aspnet_Users(ApplicationID, UserName, LoweredUserName, IsAnonymous, LastActivityDate)
   VALUES(@ApplicationId, 'rileya@americanexpress.com', 'rileya@americanexpress.com', 0, '2019-06-07 05:28:54')
   SELECT @AspNetUserID = UserId FROM aspnet_Users WHERE Username = 'rileya@americanexpress.com'
   INSERT INTO dbo.aspnet_Membership(ApplicationID, UserID, Password, PasswordFormat, PasswordSalt, Email, LoweredEmail, IsApproved, IsLockedOut, CreateDate, LastLoginDate, LastPasswordChangedDate, LastLockoutDate, FailedPasswordAttemptCount, FailedPasswordAttemptWindowStart, FailedPasswordAnswerAttemptCount, FailedPasswordAnswerAttemptWindowStart)
   VALUES(@ApplicationID, @AspNetUserID, 'aMoPu/jMK8Yc4dxEEtAWm+RvKkFRjT38n/c1ORi3HgGWXJI15kNozQ==', 2, 'ub/Nej8BunZL3H6o+Z7+sg==', 'rileya@americanexpress.com', 'rileya@americanexpress.com', 1, 0, '2019-06-07 05:28:54', '2019-06-07 05:28:54', '2019-06-07 05:28:54', '1754-01-01 00:00:00.000', 0, '1754-01-01 00:00:00.000', 0, '1754-01-01 00:00:00.000')
   INSERT INTO dbo.dnn_UserPortals(UserID, PortalID, CreatedDate, Authorised, IsDeleted, RefreshRoles)
   VALUES(@UserID, @PortalID, '2019-06-07 05:28:54', 1, 0, 0)
   INSERT INTO dbo.dnn_UserRoles(UserID, RoleID, IsTrialUsed, CreatedByUserID, CreatedOnDate, LastModifiedByUserID, LastModifiedOnDate, [Status], IsOwner)
   VALUES(@UserId, @MaleRole, 0, 1, '2019-06-07 05:28:54', 1, '2019-06-07 05:28:54', 1, 0)
   INSERT INTO dbo.dnn_Users(Username, FirstName, LastName, Email, DisplayName, UpdatePassword, LastIPAddress, IsDeleted, CreatedByUserID, CreatedOnDate, LastModifiedByUserID, LastModifiedOnDate, PasswordResetToken, PasswordResetExpiration)
   VALUES('elmer.andrews@iqiyi.com', 'Elmer', 'Andrews', 'elmer.andrews@iqiyi.com', 'Elmer Andrews', 0, '', 0, 1, '2019-06-07 05:28:54', 1, '2019-06-07 05:28:54', NULL, NULL)
   SELECT @UserID = SCOPE_IDENTITY()
   INSERT INTO dbo.aspnet_Users(ApplicationID, UserName, LoweredUserName, IsAnonymous, LastActivityDate)
   VALUES(@ApplicationId, 'elmer.andrews@iqiyi.com', 'elmer.andrews@iqiyi.com', 0, '2019-06-07 05:28:54')
   SELECT @AspNetUserID = UserId FROM aspnet_Users WHERE Username = 'elmer.andrews@iqiyi.com'
   INSERT INTO dbo.aspnet_Membership(ApplicationID, UserID, Password, PasswordFormat, PasswordSalt, Email, LoweredEmail, IsApproved, IsLockedOut, CreateDate, LastLoginDate, LastPasswordChangedDate, LastLockoutDate, FailedPasswordAttemptCount, FailedPasswordAttemptWindowStart, FailedPasswordAnswerAttemptCount, FailedPasswordAnswerAttemptWindowStart)
   VALUES(@ApplicationID, @AspNetUserID, 'aMoPu/jMK8Yc4dxEEtAWm+RvKkFRjT38n/c1ORi3HgGWXJI15kNozQ==', 2, 'ub/Nej8BunZL3H6o+Z7+sg==', 'elmer.andrews@iqiyi.com', 'elmer.andrews@iqiyi.com', 1, 0, '2019-06-07 05:28:54', '2019-06-07 05:28:54', '2019-06-07 05:28:54', '1754-01-01 00:00:00.000', 0, '1754-01-01 00:00:00.000', 0, '1754-01-01 00:00:00.000')
   INSERT INTO dbo.dnn_UserPortals(UserID, PortalID, CreatedDate, Authorised, IsDeleted, RefreshRoles)
   VALUES(@UserID, @PortalID, '2019-06-07 05:28:54', 1, 0, 0)
   INSERT INTO dbo.dnn_UserRoles(UserID, RoleID, IsTrialUsed, CreatedByUserID, CreatedOnDate, LastModifiedByUserID, LastModifiedOnDate, [Status], IsOwner)
   VALUES(@UserId, @MaleRole, 0, 1, '2019-06-07 05:28:54', 1, '2019-06-07 05:28:54', 1, 0)
   INSERT INTO dbo.dnn_UserRoles(UserID, RoleID, IsTrialUsed, CreatedByUserID, CreatedOnDate, LastModifiedByUserID, LastModifiedOnDate, [Status], IsOwner)
   VALUES(@UserId, @ManagerRole, 0, 1, '2019-06-07 05:28:54', 1, '2019-06-07 05:28:54', 1, 0)
   INSERT INTO dbo.dnn_Users(Username, FirstName, LastName, Email, DisplayName, UpdatePassword, LastIPAddress, IsDeleted, CreatedByUserID, CreatedOnDate, LastModifiedByUserID, LastModifiedOnDate, PasswordResetToken, PasswordResetExpiration)
   VALUES('b.alvarado@bp.blogspot.com', 'Brad', 'Alvarado', 'b.alvarado@bp.blogspot.com', 'Brad Alvarado', 0, '', 0, 1, '2019-06-07 05:28:54', 1, '2019-06-07 05:28:54', NULL, NULL)
   SELECT @UserID = SCOPE_IDENTITY()
   INSERT INTO dbo.aspnet_Users(ApplicationID, UserName, LoweredUserName, IsAnonymous, LastActivityDate)
   VALUES(@ApplicationId, 'b.alvarado@bp.blogspot.com', 'b.alvarado@bp.blogspot.com', 0, '2019-06-07 05:28:54')
   SELECT @AspNetUserID = UserId FROM aspnet_Users WHERE Username = 'b.alvarado@bp.blogspot.com'
   INSERT INTO dbo.aspnet_Membership(ApplicationID, UserID, Password, PasswordFormat, PasswordSalt, Email, LoweredEmail, IsApproved, IsLockedOut, CreateDate, LastLoginDate, LastPasswordChangedDate, LastLockoutDate, FailedPasswordAttemptCount, FailedPasswordAttemptWindowStart, FailedPasswordAnswerAttemptCount, FailedPasswordAnswerAttemptWindowStart)
   VALUES(@ApplicationID, @AspNetUserID, 'aMoPu/jMK8Yc4dxEEtAWm+RvKkFRjT38n/c1ORi3HgGWXJI15kNozQ==', 2, 'ub/Nej8BunZL3H6o+Z7+sg==', 'b.alvarado@bp.blogspot.com', 'b.alvarado@bp.blogspot.com', 1, 0, '2019-06-07 05:28:54', '2019-06-07 05:28:54', '2019-06-07 05:28:54', '1754-01-01 00:00:00.000', 0, '1754-01-01 00:00:00.000', 0, '1754-01-01 00:00:00.000')
   INSERT INTO dbo.dnn_UserPortals(UserID, PortalID, CreatedDate, Authorised, IsDeleted, RefreshRoles)
   VALUES(@UserID, @PortalID, '2019-06-07 05:28:54', 1, 0, 0)
   INSERT INTO dbo.dnn_UserRoles(UserID, RoleID, IsTrialUsed, CreatedByUserID, CreatedOnDate, LastModifiedByUserID, LastModifiedOnDate, [Status], IsOwner)
   VALUES(@UserId, @MaleRole, 0, 1, '2019-06-07 05:28:54', 1, '2019-06-07 05:28:54', 1, 0)
   INSERT INTO dbo.dnn_UserRoles(UserID, RoleID, IsTrialUsed, CreatedByUserID, CreatedOnDate, LastModifiedByUserID, LastModifiedOnDate, [Status], IsOwner)
   VALUES(@UserId, @AcademicRole, 0, 1, '2019-06-07 05:28:54', 1, '2019-06-07 05:28:54', 1, 0)
   INSERT INTO dbo.dnn_Users(Username, FirstName, LastName, Email, DisplayName, UpdatePassword, LastIPAddress, IsDeleted, CreatedByUserID, CreatedOnDate, LastModifiedByUserID, LastModifiedOnDate, PasswordResetToken, PasswordResetExpiration)
   VALUES('rayg@fbcdn.net', 'Gabriel', 'Ray', 'rayg@fbcdn.net', 'Gabriel Ray', 0, '', 0, 1, '2019-06-07 05:28:54', 1, '2019-06-07 05:28:54', NULL, NULL)
   SELECT @UserID = SCOPE_IDENTITY()
   INSERT INTO dbo.aspnet_Users(ApplicationID, UserName, LoweredUserName, IsAnonymous, LastActivityDate)
   VALUES(@ApplicationId, 'rayg@fbcdn.net', 'rayg@fbcdn.net', 0, '2019-06-07 05:28:54')
   SELECT @AspNetUserID = UserId FROM aspnet_Users WHERE Username = 'rayg@fbcdn.net'
   INSERT INTO dbo.aspnet_Membership(ApplicationID, UserID, Password, PasswordFormat, PasswordSalt, Email, LoweredEmail, IsApproved, IsLockedOut, CreateDate, LastLoginDate, LastPasswordChangedDate, LastLockoutDate, FailedPasswordAttemptCount, FailedPasswordAttemptWindowStart, FailedPasswordAnswerAttemptCount, FailedPasswordAnswerAttemptWindowStart)
   VALUES(@ApplicationID, @AspNetUserID, 'aMoPu/jMK8Yc4dxEEtAWm+RvKkFRjT38n/c1ORi3HgGWXJI15kNozQ==', 2, 'ub/Nej8BunZL3H6o+Z7+sg==', 'rayg@fbcdn.net', 'rayg@fbcdn.net', 1, 0, '2019-06-07 05:28:54', '2019-06-07 05:28:54', '2019-06-07 05:28:54', '1754-01-01 00:00:00.000', 0, '1754-01-01 00:00:00.000', 0, '1754-01-01 00:00:00.000')
   INSERT INTO dbo.dnn_UserPortals(UserID, PortalID, CreatedDate, Authorised, IsDeleted, RefreshRoles)
   VALUES(@UserID, @PortalID, '2019-06-07 05:28:54', 1, 0, 0)
   INSERT INTO dbo.dnn_UserRoles(UserID, RoleID, IsTrialUsed, CreatedByUserID, CreatedOnDate, LastModifiedByUserID, LastModifiedOnDate, [Status], IsOwner)
   VALUES(@UserId, @MaleRole, 0, 1, '2019-06-07 05:28:54', 1, '2019-06-07 05:28:54', 1, 0)
   INSERT INTO dbo.dnn_Users(Username, FirstName, LastName, Email, DisplayName, UpdatePassword, LastIPAddress, IsDeleted, CreatedByUserID, CreatedOnDate, LastModifiedByUserID, LastModifiedOnDate, PasswordResetToken, PasswordResetExpiration)
   VALUES('ron.delgado@google.com.ph', 'Ron', 'Delgado', 'ron.delgado@google.com.ph', 'Ron Delgado', 0, '', 0, 1, '2019-06-07 05:28:54', 1, '2019-06-07 05:28:54', NULL, NULL)
   SELECT @UserID = SCOPE_IDENTITY()
   INSERT INTO dbo.aspnet_Users(ApplicationID, UserName, LoweredUserName, IsAnonymous, LastActivityDate)
   VALUES(@ApplicationId, 'ron.delgado@google.com.ph', 'ron.delgado@google.com.ph', 0, '2019-06-07 05:28:54')
   SELECT @AspNetUserID = UserId FROM aspnet_Users WHERE Username = 'ron.delgado@google.com.ph'
   INSERT INTO dbo.aspnet_Membership(ApplicationID, UserID, Password, PasswordFormat, PasswordSalt, Email, LoweredEmail, IsApproved, IsLockedOut, CreateDate, LastLoginDate, LastPasswordChangedDate, LastLockoutDate, FailedPasswordAttemptCount, FailedPasswordAttemptWindowStart, FailedPasswordAnswerAttemptCount, FailedPasswordAnswerAttemptWindowStart)
   VALUES(@ApplicationID, @AspNetUserID, 'aMoPu/jMK8Yc4dxEEtAWm+RvKkFRjT38n/c1ORi3HgGWXJI15kNozQ==', 2, 'ub/Nej8BunZL3H6o+Z7+sg==', 'ron.delgado@google.com.ph', 'ron.delgado@google.com.ph', 1, 0, '2019-06-07 05:28:54', '2019-06-07 05:28:54', '2019-06-07 05:28:54', '1754-01-01 00:00:00.000', 0, '1754-01-01 00:00:00.000', 0, '1754-01-01 00:00:00.000')
   INSERT INTO dbo.dnn_UserPortals(UserID, PortalID, CreatedDate, Authorised, IsDeleted, RefreshRoles)
   VALUES(@UserID, @PortalID, '2019-06-07 05:28:54', 1, 0, 0)
   INSERT INTO dbo.dnn_UserRoles(UserID, RoleID, IsTrialUsed, CreatedByUserID, CreatedOnDate, LastModifiedByUserID, LastModifiedOnDate, [Status], IsOwner)
   VALUES(@UserId, @MaleRole, 0, 1, '2019-06-07 05:28:54', 1, '2019-06-07 05:28:54', 1, 0)
   INSERT INTO dbo.dnn_Users(Username, FirstName, LastName, Email, DisplayName, UpdatePassword, LastIPAddress, IsDeleted, CreatedByUserID, CreatedOnDate, LastModifiedByUserID, LastModifiedOnDate, PasswordResetToken, PasswordResetExpiration)
   VALUES('m.berry@orange.fr', 'Mitchell', 'Berry', 'm.berry@orange.fr', 'Mitchell Berry', 0, '', 0, 1, '2019-06-07 05:28:54', 1, '2019-06-07 05:28:54', NULL, NULL)
   SELECT @UserID = SCOPE_IDENTITY()
   INSERT INTO dbo.aspnet_Users(ApplicationID, UserName, LoweredUserName, IsAnonymous, LastActivityDate)
   VALUES(@ApplicationId, 'm.berry@orange.fr', 'm.berry@orange.fr', 0, '2019-06-07 05:28:54')
   SELECT @AspNetUserID = UserId FROM aspnet_Users WHERE Username = 'm.berry@orange.fr'
   INSERT INTO dbo.aspnet_Membership(ApplicationID, UserID, Password, PasswordFormat, PasswordSalt, Email, LoweredEmail, IsApproved, IsLockedOut, CreateDate, LastLoginDate, LastPasswordChangedDate, LastLockoutDate, FailedPasswordAttemptCount, FailedPasswordAttemptWindowStart, FailedPasswordAnswerAttemptCount, FailedPasswordAnswerAttemptWindowStart)
   VALUES(@ApplicationID, @AspNetUserID, 'aMoPu/jMK8Yc4dxEEtAWm+RvKkFRjT38n/c1ORi3HgGWXJI15kNozQ==', 2, 'ub/Nej8BunZL3H6o+Z7+sg==', 'm.berry@orange.fr', 'm.berry@orange.fr', 1, 0, '2019-06-07 05:28:54', '2019-06-07 05:28:54', '2019-06-07 05:28:54', '1754-01-01 00:00:00.000', 0, '1754-01-01 00:00:00.000', 0, '1754-01-01 00:00:00.000')
   INSERT INTO dbo.dnn_UserPortals(UserID, PortalID, CreatedDate, Authorised, IsDeleted, RefreshRoles)
   VALUES(@UserID, @PortalID, '2019-06-07 05:28:54', 1, 0, 0)
   INSERT INTO dbo.dnn_UserRoles(UserID, RoleID, IsTrialUsed, CreatedByUserID, CreatedOnDate, LastModifiedByUserID, LastModifiedOnDate, [Status], IsOwner)
   VALUES(@UserId, @MaleRole, 0, 1, '2019-06-07 05:28:54', 1, '2019-06-07 05:28:54', 1, 0)
   INSERT INTO dbo.dnn_Users(Username, FirstName, LastName, Email, DisplayName, UpdatePassword, LastIPAddress, IsDeleted, CreatedByUserID, CreatedOnDate, LastModifiedByUserID, LastModifiedOnDate, PasswordResetToken, PasswordResetExpiration)
   VALUES('perkinsr@comcast.net', 'Roland', 'Perkins', 'perkinsr@comcast.net', 'Roland Perkins', 0, '', 0, 1, '2019-06-07 05:28:54', 1, '2019-06-07 05:28:54', NULL, NULL)
   SELECT @UserID = SCOPE_IDENTITY()
   INSERT INTO dbo.aspnet_Users(ApplicationID, UserName, LoweredUserName, IsAnonymous, LastActivityDate)
   VALUES(@ApplicationId, 'perkinsr@comcast.net', 'perkinsr@comcast.net', 0, '2019-06-07 05:28:54')
   SELECT @AspNetUserID = UserId FROM aspnet_Users WHERE Username = 'perkinsr@comcast.net'
   INSERT INTO dbo.aspnet_Membership(ApplicationID, UserID, Password, PasswordFormat, PasswordSalt, Email, LoweredEmail, IsApproved, IsLockedOut, CreateDate, LastLoginDate, LastPasswordChangedDate, LastLockoutDate, FailedPasswordAttemptCount, FailedPasswordAttemptWindowStart, FailedPasswordAnswerAttemptCount, FailedPasswordAnswerAttemptWindowStart)
   VALUES(@ApplicationID, @AspNetUserID, 'aMoPu/jMK8Yc4dxEEtAWm+RvKkFRjT38n/c1ORi3HgGWXJI15kNozQ==', 2, 'ub/Nej8BunZL3H6o+Z7+sg==', 'perkinsr@comcast.net', 'perkinsr@comcast.net', 1, 0, '2019-06-07 05:28:54', '2019-06-07 05:28:54', '2019-06-07 05:28:54', '1754-01-01 00:00:00.000', 0, '1754-01-01 00:00:00.000', 0, '1754-01-01 00:00:00.000')
   INSERT INTO dbo.dnn_UserPortals(UserID, PortalID, CreatedDate, Authorised, IsDeleted, RefreshRoles)
   VALUES(@UserID, @PortalID, '2019-06-07 05:28:54', 1, 0, 0)
   INSERT INTO dbo.dnn_UserRoles(UserID, RoleID, IsTrialUsed, CreatedByUserID, CreatedOnDate, LastModifiedByUserID, LastModifiedOnDate, [Status], IsOwner)
   VALUES(@UserId, @MaleRole, 0, 1, '2019-06-07 05:28:54', 1, '2019-06-07 05:28:54', 1, 0)
   INSERT INTO dbo.dnn_Users(Username, FirstName, LastName, Email, DisplayName, UpdatePassword, LastIPAddress, IsDeleted, CreatedByUserID, CreatedOnDate, LastModifiedByUserID, LastModifiedOnDate, PasswordResetToken, PasswordResetExpiration)
   VALUES('arnold.hoffman@google.com.sg', 'Arnold', 'Hoffman', 'arnold.hoffman@google.com.sg', 'Arnold Hoffman', 0, '', 0, 1, '2019-06-07 05:28:54', 1, '2019-06-07 05:28:54', NULL, NULL)
   SELECT @UserID = SCOPE_IDENTITY()
   INSERT INTO dbo.aspnet_Users(ApplicationID, UserName, LoweredUserName, IsAnonymous, LastActivityDate)
   VALUES(@ApplicationId, 'arnold.hoffman@google.com.sg', 'arnold.hoffman@google.com.sg', 0, '2019-06-07 05:28:54')
   SELECT @AspNetUserID = UserId FROM aspnet_Users WHERE Username = 'arnold.hoffman@google.com.sg'
   INSERT INTO dbo.aspnet_Membership(ApplicationID, UserID, Password, PasswordFormat, PasswordSalt, Email, LoweredEmail, IsApproved, IsLockedOut, CreateDate, LastLoginDate, LastPasswordChangedDate, LastLockoutDate, FailedPasswordAttemptCount, FailedPasswordAttemptWindowStart, FailedPasswordAnswerAttemptCount, FailedPasswordAnswerAttemptWindowStart)
   VALUES(@ApplicationID, @AspNetUserID, 'aMoPu/jMK8Yc4dxEEtAWm+RvKkFRjT38n/c1ORi3HgGWXJI15kNozQ==', 2, 'ub/Nej8BunZL3H6o+Z7+sg==', 'arnold.hoffman@google.com.sg', 'arnold.hoffman@google.com.sg', 1, 0, '2019-06-07 05:28:54', '2019-06-07 05:28:54', '2019-06-07 05:28:54', '1754-01-01 00:00:00.000', 0, '1754-01-01 00:00:00.000', 0, '1754-01-01 00:00:00.000')
   INSERT INTO dbo.dnn_UserPortals(UserID, PortalID, CreatedDate, Authorised, IsDeleted, RefreshRoles)
   VALUES(@UserID, @PortalID, '2019-06-07 05:28:54', 1, 0, 0)
   INSERT INTO dbo.dnn_UserRoles(UserID, RoleID, IsTrialUsed, CreatedByUserID, CreatedOnDate, LastModifiedByUserID, LastModifiedOnDate, [Status], IsOwner)
   VALUES(@UserId, @MaleRole, 0, 1, '2019-06-07 05:28:54', 1, '2019-06-07 05:28:54', 1, 0)
   INSERT INTO dbo.dnn_Users(Username, FirstName, LastName, Email, DisplayName, UpdatePassword, LastIPAddress, IsDeleted, CreatedByUserID, CreatedOnDate, LastModifiedByUserID, LastModifiedOnDate, PasswordResetToken, PasswordResetExpiration)
   VALUES('h.johnston@terraclicks.com', 'Harvey', 'Johnston', 'h.johnston@terraclicks.com', 'Harvey Johnston', 0, '', 0, 1, '2019-06-07 05:28:54', 1, '2019-06-07 05:28:54', NULL, NULL)
   SELECT @UserID = SCOPE_IDENTITY()
   INSERT INTO dbo.aspnet_Users(ApplicationID, UserName, LoweredUserName, IsAnonymous, LastActivityDate)
   VALUES(@ApplicationId, 'h.johnston@terraclicks.com', 'h.johnston@terraclicks.com', 0, '2019-06-07 05:28:54')
   SELECT @AspNetUserID = UserId FROM aspnet_Users WHERE Username = 'h.johnston@terraclicks.com'
   INSERT INTO dbo.aspnet_Membership(ApplicationID, UserID, Password, PasswordFormat, PasswordSalt, Email, LoweredEmail, IsApproved, IsLockedOut, CreateDate, LastLoginDate, LastPasswordChangedDate, LastLockoutDate, FailedPasswordAttemptCount, FailedPasswordAttemptWindowStart, FailedPasswordAnswerAttemptCount, FailedPasswordAnswerAttemptWindowStart)
   VALUES(@ApplicationID, @AspNetUserID, 'aMoPu/jMK8Yc4dxEEtAWm+RvKkFRjT38n/c1ORi3HgGWXJI15kNozQ==', 2, 'ub/Nej8BunZL3H6o+Z7+sg==', 'h.johnston@terraclicks.com', 'h.johnston@terraclicks.com', 1, 0, '2019-06-07 05:28:54', '2019-06-07 05:28:54', '2019-06-07 05:28:54', '1754-01-01 00:00:00.000', 0, '1754-01-01 00:00:00.000', 0, '1754-01-01 00:00:00.000')
   INSERT INTO dbo.dnn_UserPortals(UserID, PortalID, CreatedDate, Authorised, IsDeleted, RefreshRoles)
   VALUES(@UserID, @PortalID, '2019-06-07 05:28:54', 1, 0, 0)
   INSERT INTO dbo.dnn_UserRoles(UserID, RoleID, IsTrialUsed, CreatedByUserID, CreatedOnDate, LastModifiedByUserID, LastModifiedOnDate, [Status], IsOwner)
   VALUES(@UserId, @MaleRole, 0, 1, '2019-06-07 05:28:54', 1, '2019-06-07 05:28:54', 1, 0)
   INSERT INTO dbo.dnn_Users(Username, FirstName, LastName, Email, DisplayName, UpdatePassword, LastIPAddress, IsDeleted, CreatedByUserID, CreatedOnDate, LastModifiedByUserID, LastModifiedOnDate, PasswordResetToken, PasswordResetExpiration)
   VALUES('matthewsj@youm7.com', 'Jared', 'Matthews', 'matthewsj@youm7.com', 'Jared Matthews', 0, '', 0, 1, '2019-06-07 05:28:54', 1, '2019-06-07 05:28:54', NULL, NULL)
   SELECT @UserID = SCOPE_IDENTITY()
   INSERT INTO dbo.aspnet_Users(ApplicationID, UserName, LoweredUserName, IsAnonymous, LastActivityDate)
   VALUES(@ApplicationId, 'matthewsj@youm7.com', 'matthewsj@youm7.com', 0, '2019-06-07 05:28:54')
   SELECT @AspNetUserID = UserId FROM aspnet_Users WHERE Username = 'matthewsj@youm7.com'
   INSERT INTO dbo.aspnet_Membership(ApplicationID, UserID, Password, PasswordFormat, PasswordSalt, Email, LoweredEmail, IsApproved, IsLockedOut, CreateDate, LastLoginDate, LastPasswordChangedDate, LastLockoutDate, FailedPasswordAttemptCount, FailedPasswordAttemptWindowStart, FailedPasswordAnswerAttemptCount, FailedPasswordAnswerAttemptWindowStart)
   VALUES(@ApplicationID, @AspNetUserID, 'aMoPu/jMK8Yc4dxEEtAWm+RvKkFRjT38n/c1ORi3HgGWXJI15kNozQ==', 2, 'ub/Nej8BunZL3H6o+Z7+sg==', 'matthewsj@youm7.com', 'matthewsj@youm7.com', 1, 0, '2019-06-07 05:28:54', '2019-06-07 05:28:54', '2019-06-07 05:28:54', '1754-01-01 00:00:00.000', 0, '1754-01-01 00:00:00.000', 0, '1754-01-01 00:00:00.000')
   INSERT INTO dbo.dnn_UserPortals(UserID, PortalID, CreatedDate, Authorised, IsDeleted, RefreshRoles)
   VALUES(@UserID, @PortalID, '2019-06-07 05:28:54', 1, 0, 0)
   INSERT INTO dbo.dnn_UserRoles(UserID, RoleID, IsTrialUsed, CreatedByUserID, CreatedOnDate, LastModifiedByUserID, LastModifiedOnDate, [Status], IsOwner)
   VALUES(@UserId, @MaleRole, 0, 1, '2019-06-07 05:28:54', 1, '2019-06-07 05:28:54', 1, 0)
   INSERT INTO dbo.dnn_Users(Username, FirstName, LastName, Email, DisplayName, UpdatePassword, LastIPAddress, IsDeleted, CreatedByUserID, CreatedOnDate, LastModifiedByUserID, LastModifiedOnDate, PasswordResetToken, PasswordResetExpiration)
   VALUES('adrian.pena@putlocker.is', 'Adrian', 'Pena', 'adrian.pena@putlocker.is', 'Adrian Pena', 0, '', 0, 1, '2019-06-07 05:28:54', 1, '2019-06-07 05:28:54', NULL, NULL)
   SELECT @UserID = SCOPE_IDENTITY()
   INSERT INTO dbo.aspnet_Users(ApplicationID, UserName, LoweredUserName, IsAnonymous, LastActivityDate)
   VALUES(@ApplicationId, 'adrian.pena@putlocker.is', 'adrian.pena@putlocker.is', 0, '2019-06-07 05:28:54')
   SELECT @AspNetUserID = UserId FROM aspnet_Users WHERE Username = 'adrian.pena@putlocker.is'
   INSERT INTO dbo.aspnet_Membership(ApplicationID, UserID, Password, PasswordFormat, PasswordSalt, Email, LoweredEmail, IsApproved, IsLockedOut, CreateDate, LastLoginDate, LastPasswordChangedDate, LastLockoutDate, FailedPasswordAttemptCount, FailedPasswordAttemptWindowStart, FailedPasswordAnswerAttemptCount, FailedPasswordAnswerAttemptWindowStart)
   VALUES(@ApplicationID, @AspNetUserID, 'aMoPu/jMK8Yc4dxEEtAWm+RvKkFRjT38n/c1ORi3HgGWXJI15kNozQ==', 2, 'ub/Nej8BunZL3H6o+Z7+sg==', 'adrian.pena@putlocker.is', 'adrian.pena@putlocker.is', 1, 0, '2019-06-07 05:28:54', '2019-06-07 05:28:54', '2019-06-07 05:28:54', '1754-01-01 00:00:00.000', 0, '1754-01-01 00:00:00.000', 0, '1754-01-01 00:00:00.000')
   INSERT INTO dbo.dnn_UserPortals(UserID, PortalID, CreatedDate, Authorised, IsDeleted, RefreshRoles)
   VALUES(@UserID, @PortalID, '2019-06-07 05:28:54', 1, 0, 0)
   INSERT INTO dbo.dnn_UserRoles(UserID, RoleID, IsTrialUsed, CreatedByUserID, CreatedOnDate, LastModifiedByUserID, LastModifiedOnDate, [Status], IsOwner)
   VALUES(@UserId, @MaleRole, 0, 1, '2019-06-07 05:28:54', 1, '2019-06-07 05:28:54', 1, 0)
   INSERT INTO dbo.dnn_Users(Username, FirstName, LastName, Email, DisplayName, UpdatePassword, LastIPAddress, IsDeleted, CreatedByUserID, CreatedOnDate, LastModifiedByUserID, LastModifiedOnDate, PasswordResetToken, PasswordResetExpiration)
   VALUES('k.richards@tribunnews.com', 'Karl', 'Richards', 'k.richards@tribunnews.com', 'Karl Richards', 0, '', 0, 1, '2019-06-07 05:28:54', 1, '2019-06-07 05:28:54', NULL, NULL)
   SELECT @UserID = SCOPE_IDENTITY()
   INSERT INTO dbo.aspnet_Users(ApplicationID, UserName, LoweredUserName, IsAnonymous, LastActivityDate)
   VALUES(@ApplicationId, 'k.richards@tribunnews.com', 'k.richards@tribunnews.com', 0, '2019-06-07 05:28:54')
   SELECT @AspNetUserID = UserId FROM aspnet_Users WHERE Username = 'k.richards@tribunnews.com'
   INSERT INTO dbo.aspnet_Membership(ApplicationID, UserID, Password, PasswordFormat, PasswordSalt, Email, LoweredEmail, IsApproved, IsLockedOut, CreateDate, LastLoginDate, LastPasswordChangedDate, LastLockoutDate, FailedPasswordAttemptCount, FailedPasswordAttemptWindowStart, FailedPasswordAnswerAttemptCount, FailedPasswordAnswerAttemptWindowStart)
   VALUES(@ApplicationID, @AspNetUserID, 'aMoPu/jMK8Yc4dxEEtAWm+RvKkFRjT38n/c1ORi3HgGWXJI15kNozQ==', 2, 'ub/Nej8BunZL3H6o+Z7+sg==', 'k.richards@tribunnews.com', 'k.richards@tribunnews.com', 1, 0, '2019-06-07 05:28:54', '2019-06-07 05:28:54', '2019-06-07 05:28:54', '1754-01-01 00:00:00.000', 0, '1754-01-01 00:00:00.000', 0, '1754-01-01 00:00:00.000')
   INSERT INTO dbo.dnn_UserPortals(UserID, PortalID, CreatedDate, Authorised, IsDeleted, RefreshRoles)
   VALUES(@UserID, @PortalID, '2019-06-07 05:28:54', 1, 0, 0)
   INSERT INTO dbo.dnn_UserRoles(UserID, RoleID, IsTrialUsed, CreatedByUserID, CreatedOnDate, LastModifiedByUserID, LastModifiedOnDate, [Status], IsOwner)
   VALUES(@UserId, @MaleRole, 0, 1, '2019-06-07 05:28:54', 1, '2019-06-07 05:28:54', 1, 0)
   INSERT INTO dbo.dnn_UserRoles(UserID, RoleID, IsTrialUsed, CreatedByUserID, CreatedOnDate, LastModifiedByUserID, LastModifiedOnDate, [Status], IsOwner)
   VALUES(@UserId, @ManagerRole, 0, 1, '2019-06-07 05:28:54', 1, '2019-06-07 05:28:54', 1, 0)
   INSERT INTO dbo.dnn_Users(Username, FirstName, LastName, Email, DisplayName, UpdatePassword, LastIPAddress, IsDeleted, CreatedByUserID, CreatedOnDate, LastModifiedByUserID, LastModifiedOnDate, PasswordResetToken, PasswordResetExpiration)
   VALUES('contrerasc@gmx.net', 'Cory', 'Contreras', 'contrerasc@gmx.net', 'Cory Contreras', 0, '', 0, 1, '2019-06-07 05:28:54', 1, '2019-06-07 05:28:54', NULL, NULL)
   SELECT @UserID = SCOPE_IDENTITY()
   INSERT INTO dbo.aspnet_Users(ApplicationID, UserName, LoweredUserName, IsAnonymous, LastActivityDate)
   VALUES(@ApplicationId, 'contrerasc@gmx.net', 'contrerasc@gmx.net', 0, '2019-06-07 05:28:54')
   SELECT @AspNetUserID = UserId FROM aspnet_Users WHERE Username = 'contrerasc@gmx.net'
   INSERT INTO dbo.aspnet_Membership(ApplicationID, UserID, Password, PasswordFormat, PasswordSalt, Email, LoweredEmail, IsApproved, IsLockedOut, CreateDate, LastLoginDate, LastPasswordChangedDate, LastLockoutDate, FailedPasswordAttemptCount, FailedPasswordAttemptWindowStart, FailedPasswordAnswerAttemptCount, FailedPasswordAnswerAttemptWindowStart)
   VALUES(@ApplicationID, @AspNetUserID, 'aMoPu/jMK8Yc4dxEEtAWm+RvKkFRjT38n/c1ORi3HgGWXJI15kNozQ==', 2, 'ub/Nej8BunZL3H6o+Z7+sg==', 'contrerasc@gmx.net', 'contrerasc@gmx.net', 1, 0, '2019-06-07 05:28:54', '2019-06-07 05:28:54', '2019-06-07 05:28:54', '1754-01-01 00:00:00.000', 0, '1754-01-01 00:00:00.000', 0, '1754-01-01 00:00:00.000')
   INSERT INTO dbo.dnn_UserPortals(UserID, PortalID, CreatedDate, Authorised, IsDeleted, RefreshRoles)
   VALUES(@UserID, @PortalID, '2019-06-07 05:28:54', 1, 0, 0)
   INSERT INTO dbo.dnn_UserRoles(UserID, RoleID, IsTrialUsed, CreatedByUserID, CreatedOnDate, LastModifiedByUserID, LastModifiedOnDate, [Status], IsOwner)
   VALUES(@UserId, @MaleRole, 0, 1, '2019-06-07 05:28:54', 1, '2019-06-07 05:28:54', 1, 0)
   INSERT INTO dbo.dnn_Users(Username, FirstName, LastName, Email, DisplayName, UpdatePassword, LastIPAddress, IsDeleted, CreatedByUserID, CreatedOnDate, LastModifiedByUserID, LastModifiedOnDate, PasswordResetToken, PasswordResetExpiration)
   VALUES('claude.willis@youporn.com', 'Claude', 'Willis', 'claude.willis@youporn.com', 'Claude Willis', 0, '', 0, 1, '2019-06-07 05:28:54', 1, '2019-06-07 05:28:54', NULL, NULL)
   SELECT @UserID = SCOPE_IDENTITY()
   INSERT INTO dbo.aspnet_Users(ApplicationID, UserName, LoweredUserName, IsAnonymous, LastActivityDate)
   VALUES(@ApplicationId, 'claude.willis@youporn.com', 'claude.willis@youporn.com', 0, '2019-06-07 05:28:54')
   SELECT @AspNetUserID = UserId FROM aspnet_Users WHERE Username = 'claude.willis@youporn.com'
   INSERT INTO dbo.aspnet_Membership(ApplicationID, UserID, Password, PasswordFormat, PasswordSalt, Email, LoweredEmail, IsApproved, IsLockedOut, CreateDate, LastLoginDate, LastPasswordChangedDate, LastLockoutDate, FailedPasswordAttemptCount, FailedPasswordAttemptWindowStart, FailedPasswordAnswerAttemptCount, FailedPasswordAnswerAttemptWindowStart)
   VALUES(@ApplicationID, @AspNetUserID, 'aMoPu/jMK8Yc4dxEEtAWm+RvKkFRjT38n/c1ORi3HgGWXJI15kNozQ==', 2, 'ub/Nej8BunZL3H6o+Z7+sg==', 'claude.willis@youporn.com', 'claude.willis@youporn.com', 1, 0, '2019-06-07 05:28:54', '2019-06-07 05:28:54', '2019-06-07 05:28:54', '1754-01-01 00:00:00.000', 0, '1754-01-01 00:00:00.000', 0, '1754-01-01 00:00:00.000')
   INSERT INTO dbo.dnn_UserPortals(UserID, PortalID, CreatedDate, Authorised, IsDeleted, RefreshRoles)
   VALUES(@UserID, @PortalID, '2019-06-07 05:28:54', 1, 0, 0)
   INSERT INTO dbo.dnn_UserRoles(UserID, RoleID, IsTrialUsed, CreatedByUserID, CreatedOnDate, LastModifiedByUserID, LastModifiedOnDate, [Status], IsOwner)
   VALUES(@UserId, @MaleRole, 0, 1, '2019-06-07 05:28:54', 1, '2019-06-07 05:28:54', 1, 0)
   INSERT INTO dbo.dnn_Users(Username, FirstName, LastName, Email, DisplayName, UpdatePassword, LastIPAddress, IsDeleted, CreatedByUserID, CreatedOnDate, LastModifiedByUserID, LastModifiedOnDate, PasswordResetToken, PasswordResetExpiration)
   VALUES('e.carpenter@deviantart.com', 'Erik', 'Carpenter', 'e.carpenter@deviantart.com', 'Erik Carpenter', 0, '', 0, 1, '2019-06-07 05:28:54', 1, '2019-06-07 05:28:54', NULL, NULL)
   SELECT @UserID = SCOPE_IDENTITY()
   INSERT INTO dbo.aspnet_Users(ApplicationID, UserName, LoweredUserName, IsAnonymous, LastActivityDate)
   VALUES(@ApplicationId, 'e.carpenter@deviantart.com', 'e.carpenter@deviantart.com', 0, '2019-06-07 05:28:54')
   SELECT @AspNetUserID = UserId FROM aspnet_Users WHERE Username = 'e.carpenter@deviantart.com'
   INSERT INTO dbo.aspnet_Membership(ApplicationID, UserID, Password, PasswordFormat, PasswordSalt, Email, LoweredEmail, IsApproved, IsLockedOut, CreateDate, LastLoginDate, LastPasswordChangedDate, LastLockoutDate, FailedPasswordAttemptCount, FailedPasswordAttemptWindowStart, FailedPasswordAnswerAttemptCount, FailedPasswordAnswerAttemptWindowStart)
   VALUES(@ApplicationID, @AspNetUserID, 'aMoPu/jMK8Yc4dxEEtAWm+RvKkFRjT38n/c1ORi3HgGWXJI15kNozQ==', 2, 'ub/Nej8BunZL3H6o+Z7+sg==', 'e.carpenter@deviantart.com', 'e.carpenter@deviantart.com', 1, 0, '2019-06-07 05:28:54', '2019-06-07 05:28:54', '2019-06-07 05:28:54', '1754-01-01 00:00:00.000', 0, '1754-01-01 00:00:00.000', 0, '1754-01-01 00:00:00.000')
   INSERT INTO dbo.dnn_UserPortals(UserID, PortalID, CreatedDate, Authorised, IsDeleted, RefreshRoles)
   VALUES(@UserID, @PortalID, '2019-06-07 05:28:54', 1, 0, 0)
   INSERT INTO dbo.dnn_UserRoles(UserID, RoleID, IsTrialUsed, CreatedByUserID, CreatedOnDate, LastModifiedByUserID, LastModifiedOnDate, [Status], IsOwner)
   VALUES(@UserId, @MaleRole, 0, 1, '2019-06-07 05:28:54', 1, '2019-06-07 05:28:54', 1, 0)
   INSERT INTO dbo.dnn_Users(Username, FirstName, LastName, Email, DisplayName, UpdatePassword, LastIPAddress, IsDeleted, CreatedByUserID, CreatedOnDate, LastModifiedByUserID, LastModifiedOnDate, PasswordResetToken, PasswordResetExpiration)
   VALUES('lawrenced@nih.gov', 'Darryl', 'Lawrence', 'lawrenced@nih.gov', 'Darryl Lawrence', 0, '', 0, 1, '2019-06-07 05:28:54', 1, '2019-06-07 05:28:54', NULL, NULL)
   SELECT @UserID = SCOPE_IDENTITY()
   INSERT INTO dbo.aspnet_Users(ApplicationID, UserName, LoweredUserName, IsAnonymous, LastActivityDate)
   VALUES(@ApplicationId, 'lawrenced@nih.gov', 'lawrenced@nih.gov', 0, '2019-06-07 05:28:54')
   SELECT @AspNetUserID = UserId FROM aspnet_Users WHERE Username = 'lawrenced@nih.gov'
   INSERT INTO dbo.aspnet_Membership(ApplicationID, UserID, Password, PasswordFormat, PasswordSalt, Email, LoweredEmail, IsApproved, IsLockedOut, CreateDate, LastLoginDate, LastPasswordChangedDate, LastLockoutDate, FailedPasswordAttemptCount, FailedPasswordAttemptWindowStart, FailedPasswordAnswerAttemptCount, FailedPasswordAnswerAttemptWindowStart)
   VALUES(@ApplicationID, @AspNetUserID, 'aMoPu/jMK8Yc4dxEEtAWm+RvKkFRjT38n/c1ORi3HgGWXJI15kNozQ==', 2, 'ub/Nej8BunZL3H6o+Z7+sg==', 'lawrenced@nih.gov', 'lawrenced@nih.gov', 1, 0, '2019-06-07 05:28:54', '2019-06-07 05:28:54', '2019-06-07 05:28:54', '1754-01-01 00:00:00.000', 0, '1754-01-01 00:00:00.000', 0, '1754-01-01 00:00:00.000')
   INSERT INTO dbo.dnn_UserPortals(UserID, PortalID, CreatedDate, Authorised, IsDeleted, RefreshRoles)
   VALUES(@UserID, @PortalID, '2019-06-07 05:28:54', 1, 0, 0)
   INSERT INTO dbo.dnn_UserRoles(UserID, RoleID, IsTrialUsed, CreatedByUserID, CreatedOnDate, LastModifiedByUserID, LastModifiedOnDate, [Status], IsOwner)
   VALUES(@UserId, @MaleRole, 0, 1, '2019-06-07 05:28:54', 1, '2019-06-07 05:28:54', 1, 0)
   INSERT INTO dbo.dnn_UserRoles(UserID, RoleID, IsTrialUsed, CreatedByUserID, CreatedOnDate, LastModifiedByUserID, LastModifiedOnDate, [Status], IsOwner)
   VALUES(@UserId, @AcademicRole, 0, 1, '2019-06-07 05:28:54', 1, '2019-06-07 05:28:54', 1, 0)
   INSERT INTO dbo.dnn_Users(Username, FirstName, LastName, Email, DisplayName, UpdatePassword, LastIPAddress, IsDeleted, CreatedByUserID, CreatedOnDate, LastModifiedByUserID, LastModifiedOnDate, PasswordResetToken, PasswordResetExpiration)
   VALUES('jamie.sandoval@zol.com.cn', 'Jamie', 'Sandoval', 'jamie.sandoval@zol.com.cn', 'Jamie Sandoval', 0, '', 0, 1, '2019-06-07 05:28:54', 1, '2019-06-07 05:28:54', NULL, NULL)
   SELECT @UserID = SCOPE_IDENTITY()
   INSERT INTO dbo.aspnet_Users(ApplicationID, UserName, LoweredUserName, IsAnonymous, LastActivityDate)
   VALUES(@ApplicationId, 'jamie.sandoval@zol.com.cn', 'jamie.sandoval@zol.com.cn', 0, '2019-06-07 05:28:54')
   SELECT @AspNetUserID = UserId FROM aspnet_Users WHERE Username = 'jamie.sandoval@zol.com.cn'
   INSERT INTO dbo.aspnet_Membership(ApplicationID, UserID, Password, PasswordFormat, PasswordSalt, Email, LoweredEmail, IsApproved, IsLockedOut, CreateDate, LastLoginDate, LastPasswordChangedDate, LastLockoutDate, FailedPasswordAttemptCount, FailedPasswordAttemptWindowStart, FailedPasswordAnswerAttemptCount, FailedPasswordAnswerAttemptWindowStart)
   VALUES(@ApplicationID, @AspNetUserID, 'aMoPu/jMK8Yc4dxEEtAWm+RvKkFRjT38n/c1ORi3HgGWXJI15kNozQ==', 2, 'ub/Nej8BunZL3H6o+Z7+sg==', 'jamie.sandoval@zol.com.cn', 'jamie.sandoval@zol.com.cn', 1, 0, '2019-06-07 05:28:54', '2019-06-07 05:28:54', '2019-06-07 05:28:54', '1754-01-01 00:00:00.000', 0, '1754-01-01 00:00:00.000', 0, '1754-01-01 00:00:00.000')
   INSERT INTO dbo.dnn_UserPortals(UserID, PortalID, CreatedDate, Authorised, IsDeleted, RefreshRoles)
   VALUES(@UserID, @PortalID, '2019-06-07 05:28:54', 1, 0, 0)
   INSERT INTO dbo.dnn_UserRoles(UserID, RoleID, IsTrialUsed, CreatedByUserID, CreatedOnDate, LastModifiedByUserID, LastModifiedOnDate, [Status], IsOwner)
   VALUES(@UserId, @MaleRole, 0, 1, '2019-06-07 05:28:54', 1, '2019-06-07 05:28:54', 1, 0)
   INSERT INTO dbo.dnn_Users(Username, FirstName, LastName, Email, DisplayName, UpdatePassword, LastIPAddress, IsDeleted, CreatedByUserID, CreatedOnDate, LastModifiedByUserID, LastModifiedOnDate, PasswordResetToken, PasswordResetExpiration)
   VALUES('n.guerrero@ontests.me', 'Neil', 'Guerrero', 'n.guerrero@ontests.me', 'Neil Guerrero', 0, '', 0, 1, '2019-06-07 05:28:54', 1, '2019-06-07 05:28:54', NULL, NULL)
   SELECT @UserID = SCOPE_IDENTITY()
   INSERT INTO dbo.aspnet_Users(ApplicationID, UserName, LoweredUserName, IsAnonymous, LastActivityDate)
   VALUES(@ApplicationId, 'n.guerrero@ontests.me', 'n.guerrero@ontests.me', 0, '2019-06-07 05:28:54')
   SELECT @AspNetUserID = UserId FROM aspnet_Users WHERE Username = 'n.guerrero@ontests.me'
   INSERT INTO dbo.aspnet_Membership(ApplicationID, UserID, Password, PasswordFormat, PasswordSalt, Email, LoweredEmail, IsApproved, IsLockedOut, CreateDate, LastLoginDate, LastPasswordChangedDate, LastLockoutDate, FailedPasswordAttemptCount, FailedPasswordAttemptWindowStart, FailedPasswordAnswerAttemptCount, FailedPasswordAnswerAttemptWindowStart)
   VALUES(@ApplicationID, @AspNetUserID, 'aMoPu/jMK8Yc4dxEEtAWm+RvKkFRjT38n/c1ORi3HgGWXJI15kNozQ==', 2, 'ub/Nej8BunZL3H6o+Z7+sg==', 'n.guerrero@ontests.me', 'n.guerrero@ontests.me', 1, 0, '2019-06-07 05:28:54', '2019-06-07 05:28:54', '2019-06-07 05:28:54', '1754-01-01 00:00:00.000', 0, '1754-01-01 00:00:00.000', 0, '1754-01-01 00:00:00.000')
   INSERT INTO dbo.dnn_UserPortals(UserID, PortalID, CreatedDate, Authorised, IsDeleted, RefreshRoles)
   VALUES(@UserID, @PortalID, '2019-06-07 05:28:54', 1, 0, 0)
   INSERT INTO dbo.dnn_UserRoles(UserID, RoleID, IsTrialUsed, CreatedByUserID, CreatedOnDate, LastModifiedByUserID, LastModifiedOnDate, [Status], IsOwner)
   VALUES(@UserId, @MaleRole, 0, 1, '2019-06-07 05:28:54', 1, '2019-06-07 05:28:54', 1, 0)
   INSERT INTO dbo.dnn_Users(Username, FirstName, LastName, Email, DisplayName, UpdatePassword, LastIPAddress, IsDeleted, CreatedByUserID, CreatedOnDate, LastModifiedByUserID, LastModifiedOnDate, PasswordResetToken, PasswordResetExpiration)
   VALUES('georgej@roblox.com', 'Jessie', 'George', 'georgej@roblox.com', 'Jessie George', 0, '', 0, 1, '2019-06-07 05:28:54', 1, '2019-06-07 05:28:54', NULL, NULL)
   SELECT @UserID = SCOPE_IDENTITY()
   INSERT INTO dbo.aspnet_Users(ApplicationID, UserName, LoweredUserName, IsAnonymous, LastActivityDate)
   VALUES(@ApplicationId, 'georgej@roblox.com', 'georgej@roblox.com', 0, '2019-06-07 05:28:54')
   SELECT @AspNetUserID = UserId FROM aspnet_Users WHERE Username = 'georgej@roblox.com'
   INSERT INTO dbo.aspnet_Membership(ApplicationID, UserID, Password, PasswordFormat, PasswordSalt, Email, LoweredEmail, IsApproved, IsLockedOut, CreateDate, LastLoginDate, LastPasswordChangedDate, LastLockoutDate, FailedPasswordAttemptCount, FailedPasswordAttemptWindowStart, FailedPasswordAnswerAttemptCount, FailedPasswordAnswerAttemptWindowStart)
   VALUES(@ApplicationID, @AspNetUserID, 'aMoPu/jMK8Yc4dxEEtAWm+RvKkFRjT38n/c1ORi3HgGWXJI15kNozQ==', 2, 'ub/Nej8BunZL3H6o+Z7+sg==', 'georgej@roblox.com', 'georgej@roblox.com', 1, 0, '2019-06-07 05:28:54', '2019-06-07 05:28:54', '2019-06-07 05:28:54', '1754-01-01 00:00:00.000', 0, '1754-01-01 00:00:00.000', 0, '1754-01-01 00:00:00.000')
   INSERT INTO dbo.dnn_UserPortals(UserID, PortalID, CreatedDate, Authorised, IsDeleted, RefreshRoles)
   VALUES(@UserID, @PortalID, '2019-06-07 05:28:54', 1, 0, 0)
   INSERT INTO dbo.dnn_UserRoles(UserID, RoleID, IsTrialUsed, CreatedByUserID, CreatedOnDate, LastModifiedByUserID, LastModifiedOnDate, [Status], IsOwner)
   VALUES(@UserId, @MaleRole, 0, 1, '2019-06-07 05:28:54', 1, '2019-06-07 05:28:54', 1, 0)
   INSERT INTO dbo.dnn_Users(Username, FirstName, LastName, Email, DisplayName, UpdatePassword, LastIPAddress, IsDeleted, CreatedByUserID, CreatedOnDate, LastModifiedByUserID, LastModifiedOnDate, PasswordResetToken, PasswordResetExpiration)
   VALUES('christian.chapman@doubleclick.net', 'Christian', 'Chapman', 'christian.chapman@doubleclick.net', 'Christian Chapman', 0, '', 0, 1, '2019-06-07 05:28:54', 1, '2019-06-07 05:28:54', NULL, NULL)
   SELECT @UserID = SCOPE_IDENTITY()
   INSERT INTO dbo.aspnet_Users(ApplicationID, UserName, LoweredUserName, IsAnonymous, LastActivityDate)
   VALUES(@ApplicationId, 'christian.chapman@doubleclick.net', 'christian.chapman@doubleclick.net', 0, '2019-06-07 05:28:54')
   SELECT @AspNetUserID = UserId FROM aspnet_Users WHERE Username = 'christian.chapman@doubleclick.net'
   INSERT INTO dbo.aspnet_Membership(ApplicationID, UserID, Password, PasswordFormat, PasswordSalt, Email, LoweredEmail, IsApproved, IsLockedOut, CreateDate, LastLoginDate, LastPasswordChangedDate, LastLockoutDate, FailedPasswordAttemptCount, FailedPasswordAttemptWindowStart, FailedPasswordAnswerAttemptCount, FailedPasswordAnswerAttemptWindowStart)
   VALUES(@ApplicationID, @AspNetUserID, 'aMoPu/jMK8Yc4dxEEtAWm+RvKkFRjT38n/c1ORi3HgGWXJI15kNozQ==', 2, 'ub/Nej8BunZL3H6o+Z7+sg==', 'christian.chapman@doubleclick.net', 'christian.chapman@doubleclick.net', 1, 0, '2019-06-07 05:28:54', '2019-06-07 05:28:54', '2019-06-07 05:28:54', '1754-01-01 00:00:00.000', 0, '1754-01-01 00:00:00.000', 0, '1754-01-01 00:00:00.000')
   INSERT INTO dbo.dnn_UserPortals(UserID, PortalID, CreatedDate, Authorised, IsDeleted, RefreshRoles)
   VALUES(@UserID, @PortalID, '2019-06-07 05:28:54', 1, 0, 0)
   INSERT INTO dbo.dnn_UserRoles(UserID, RoleID, IsTrialUsed, CreatedByUserID, CreatedOnDate, LastModifiedByUserID, LastModifiedOnDate, [Status], IsOwner)
   VALUES(@UserId, @MaleRole, 0, 1, '2019-06-07 05:28:54', 1, '2019-06-07 05:28:54', 1, 0)
   INSERT INTO dbo.dnn_Users(Username, FirstName, LastName, Email, DisplayName, UpdatePassword, LastIPAddress, IsDeleted, CreatedByUserID, CreatedOnDate, LastModifiedByUserID, LastModifiedOnDate, PasswordResetToken, PasswordResetExpiration)
   VALUES('j.rios@hdfcbank.com', 'Javier', 'Rios', 'j.rios@hdfcbank.com', 'Javier Rios', 0, '', 0, 1, '2019-06-07 05:28:54', 1, '2019-06-07 05:28:54', NULL, NULL)
   SELECT @UserID = SCOPE_IDENTITY()
   INSERT INTO dbo.aspnet_Users(ApplicationID, UserName, LoweredUserName, IsAnonymous, LastActivityDate)
   VALUES(@ApplicationId, 'j.rios@hdfcbank.com', 'j.rios@hdfcbank.com', 0, '2019-06-07 05:28:54')
   SELECT @AspNetUserID = UserId FROM aspnet_Users WHERE Username = 'j.rios@hdfcbank.com'
   INSERT INTO dbo.aspnet_Membership(ApplicationID, UserID, Password, PasswordFormat, PasswordSalt, Email, LoweredEmail, IsApproved, IsLockedOut, CreateDate, LastLoginDate, LastPasswordChangedDate, LastLockoutDate, FailedPasswordAttemptCount, FailedPasswordAttemptWindowStart, FailedPasswordAnswerAttemptCount, FailedPasswordAnswerAttemptWindowStart)
   VALUES(@ApplicationID, @AspNetUserID, 'aMoPu/jMK8Yc4dxEEtAWm+RvKkFRjT38n/c1ORi3HgGWXJI15kNozQ==', 2, 'ub/Nej8BunZL3H6o+Z7+sg==', 'j.rios@hdfcbank.com', 'j.rios@hdfcbank.com', 1, 0, '2019-06-07 05:28:54', '2019-06-07 05:28:54', '2019-06-07 05:28:54', '1754-01-01 00:00:00.000', 0, '1754-01-01 00:00:00.000', 0, '1754-01-01 00:00:00.000')
   INSERT INTO dbo.dnn_UserPortals(UserID, PortalID, CreatedDate, Authorised, IsDeleted, RefreshRoles)
   VALUES(@UserID, @PortalID, '2019-06-07 05:28:54', 1, 0, 0)
   INSERT INTO dbo.dnn_UserRoles(UserID, RoleID, IsTrialUsed, CreatedByUserID, CreatedOnDate, LastModifiedByUserID, LastModifiedOnDate, [Status], IsOwner)
   VALUES(@UserId, @MaleRole, 0, 1, '2019-06-07 05:28:54', 1, '2019-06-07 05:28:54', 1, 0)
   INSERT INTO dbo.dnn_Users(Username, FirstName, LastName, Email, DisplayName, UpdatePassword, LastIPAddress, IsDeleted, CreatedByUserID, CreatedOnDate, LastModifiedByUserID, LastModifiedOnDate, PasswordResetToken, PasswordResetExpiration)
   VALUES('estradaf@ozock.com', 'Fernando', 'Estrada', 'estradaf@ozock.com', 'Fernando Estrada', 0, '', 0, 1, '2019-06-07 05:28:54', 1, '2019-06-07 05:28:54', NULL, NULL)
   SELECT @UserID = SCOPE_IDENTITY()
   INSERT INTO dbo.aspnet_Users(ApplicationID, UserName, LoweredUserName, IsAnonymous, LastActivityDate)
   VALUES(@ApplicationId, 'estradaf@ozock.com', 'estradaf@ozock.com', 0, '2019-06-07 05:28:54')
   SELECT @AspNetUserID = UserId FROM aspnet_Users WHERE Username = 'estradaf@ozock.com'
   INSERT INTO dbo.aspnet_Membership(ApplicationID, UserID, Password, PasswordFormat, PasswordSalt, Email, LoweredEmail, IsApproved, IsLockedOut, CreateDate, LastLoginDate, LastPasswordChangedDate, LastLockoutDate, FailedPasswordAttemptCount, FailedPasswordAttemptWindowStart, FailedPasswordAnswerAttemptCount, FailedPasswordAnswerAttemptWindowStart)
   VALUES(@ApplicationID, @AspNetUserID, 'aMoPu/jMK8Yc4dxEEtAWm+RvKkFRjT38n/c1ORi3HgGWXJI15kNozQ==', 2, 'ub/Nej8BunZL3H6o+Z7+sg==', 'estradaf@ozock.com', 'estradaf@ozock.com', 1, 0, '2019-06-07 05:28:54', '2019-06-07 05:28:54', '2019-06-07 05:28:54', '1754-01-01 00:00:00.000', 0, '1754-01-01 00:00:00.000', 0, '1754-01-01 00:00:00.000')
   INSERT INTO dbo.dnn_UserPortals(UserID, PortalID, CreatedDate, Authorised, IsDeleted, RefreshRoles)
   VALUES(@UserID, @PortalID, '2019-06-07 05:28:54', 1, 0, 0)
   INSERT INTO dbo.dnn_UserRoles(UserID, RoleID, IsTrialUsed, CreatedByUserID, CreatedOnDate, LastModifiedByUserID, LastModifiedOnDate, [Status], IsOwner)
   VALUES(@UserId, @MaleRole, 0, 1, '2019-06-07 05:28:54', 1, '2019-06-07 05:28:54', 1, 0)
   INSERT INTO dbo.dnn_UserRoles(UserID, RoleID, IsTrialUsed, CreatedByUserID, CreatedOnDate, LastModifiedByUserID, LastModifiedOnDate, [Status], IsOwner)
   VALUES(@UserId, @ManagerRole, 0, 1, '2019-06-07 05:28:54', 1, '2019-06-07 05:28:54', 1, 0)
   INSERT INTO dbo.dnn_Users(Username, FirstName, LastName, Email, DisplayName, UpdatePassword, LastIPAddress, IsDeleted, CreatedByUserID, CreatedOnDate, LastModifiedByUserID, LastModifiedOnDate, PasswordResetToken, PasswordResetExpiration)
   VALUES('clinton.ortega@tistory.com', 'Clinton', 'Ortega', 'clinton.ortega@tistory.com', 'Clinton Ortega', 0, '', 0, 1, '2019-06-07 05:28:54', 1, '2019-06-07 05:28:54', NULL, NULL)
   SELECT @UserID = SCOPE_IDENTITY()
   INSERT INTO dbo.aspnet_Users(ApplicationID, UserName, LoweredUserName, IsAnonymous, LastActivityDate)
   VALUES(@ApplicationId, 'clinton.ortega@tistory.com', 'clinton.ortega@tistory.com', 0, '2019-06-07 05:28:54')
   SELECT @AspNetUserID = UserId FROM aspnet_Users WHERE Username = 'clinton.ortega@tistory.com'
   INSERT INTO dbo.aspnet_Membership(ApplicationID, UserID, Password, PasswordFormat, PasswordSalt, Email, LoweredEmail, IsApproved, IsLockedOut, CreateDate, LastLoginDate, LastPasswordChangedDate, LastLockoutDate, FailedPasswordAttemptCount, FailedPasswordAttemptWindowStart, FailedPasswordAnswerAttemptCount, FailedPasswordAnswerAttemptWindowStart)
   VALUES(@ApplicationID, @AspNetUserID, 'aMoPu/jMK8Yc4dxEEtAWm+RvKkFRjT38n/c1ORi3HgGWXJI15kNozQ==', 2, 'ub/Nej8BunZL3H6o+Z7+sg==', 'clinton.ortega@tistory.com', 'clinton.ortega@tistory.com', 1, 0, '2019-06-07 05:28:54', '2019-06-07 05:28:54', '2019-06-07 05:28:54', '1754-01-01 00:00:00.000', 0, '1754-01-01 00:00:00.000', 0, '1754-01-01 00:00:00.000')
   INSERT INTO dbo.dnn_UserPortals(UserID, PortalID, CreatedDate, Authorised, IsDeleted, RefreshRoles)
   VALUES(@UserID, @PortalID, '2019-06-07 05:28:54', 1, 0, 0)
   INSERT INTO dbo.dnn_UserRoles(UserID, RoleID, IsTrialUsed, CreatedByUserID, CreatedOnDate, LastModifiedByUserID, LastModifiedOnDate, [Status], IsOwner)
   VALUES(@UserId, @MaleRole, 0, 1, '2019-06-07 05:28:54', 1, '2019-06-07 05:28:54', 1, 0)
   INSERT INTO dbo.dnn_Users(Username, FirstName, LastName, Email, DisplayName, UpdatePassword, LastIPAddress, IsDeleted, CreatedByUserID, CreatedOnDate, LastModifiedByUserID, LastModifiedOnDate, PasswordResetToken, PasswordResetExpiration)
   VALUES('t.watkins@capitalone.com', 'Ted', 'Watkins', 't.watkins@capitalone.com', 'Ted Watkins', 0, '', 0, 1, '2019-06-07 05:28:54', 1, '2019-06-07 05:28:54', NULL, NULL)
   SELECT @UserID = SCOPE_IDENTITY()
   INSERT INTO dbo.aspnet_Users(ApplicationID, UserName, LoweredUserName, IsAnonymous, LastActivityDate)
   VALUES(@ApplicationId, 't.watkins@capitalone.com', 't.watkins@capitalone.com', 0, '2019-06-07 05:28:54')
   SELECT @AspNetUserID = UserId FROM aspnet_Users WHERE Username = 't.watkins@capitalone.com'
   INSERT INTO dbo.aspnet_Membership(ApplicationID, UserID, Password, PasswordFormat, PasswordSalt, Email, LoweredEmail, IsApproved, IsLockedOut, CreateDate, LastLoginDate, LastPasswordChangedDate, LastLockoutDate, FailedPasswordAttemptCount, FailedPasswordAttemptWindowStart, FailedPasswordAnswerAttemptCount, FailedPasswordAnswerAttemptWindowStart)
   VALUES(@ApplicationID, @AspNetUserID, 'aMoPu/jMK8Yc4dxEEtAWm+RvKkFRjT38n/c1ORi3HgGWXJI15kNozQ==', 2, 'ub/Nej8BunZL3H6o+Z7+sg==', 't.watkins@capitalone.com', 't.watkins@capitalone.com', 1, 0, '2019-06-07 05:28:54', '2019-06-07 05:28:54', '2019-06-07 05:28:54', '1754-01-01 00:00:00.000', 0, '1754-01-01 00:00:00.000', 0, '1754-01-01 00:00:00.000')
   INSERT INTO dbo.dnn_UserPortals(UserID, PortalID, CreatedDate, Authorised, IsDeleted, RefreshRoles)
   VALUES(@UserID, @PortalID, '2019-06-07 05:28:54', 1, 0, 0)
   INSERT INTO dbo.dnn_UserRoles(UserID, RoleID, IsTrialUsed, CreatedByUserID, CreatedOnDate, LastModifiedByUserID, LastModifiedOnDate, [Status], IsOwner)
   VALUES(@UserId, @MaleRole, 0, 1, '2019-06-07 05:28:54', 1, '2019-06-07 05:28:54', 1, 0)
   INSERT INTO dbo.dnn_Users(Username, FirstName, LastName, Email, DisplayName, UpdatePassword, LastIPAddress, IsDeleted, CreatedByUserID, CreatedOnDate, LastModifiedByUserID, LastModifiedOnDate, PasswordResetToken, PasswordResetExpiration)
   VALUES('greenem@leboncoin.fr', 'Mathew', 'Greene', 'greenem@leboncoin.fr', 'Mathew Greene', 0, '', 0, 1, '2019-06-07 05:28:54', 1, '2019-06-07 05:28:54', NULL, NULL)
   SELECT @UserID = SCOPE_IDENTITY()
   INSERT INTO dbo.aspnet_Users(ApplicationID, UserName, LoweredUserName, IsAnonymous, LastActivityDate)
   VALUES(@ApplicationId, 'greenem@leboncoin.fr', 'greenem@leboncoin.fr', 0, '2019-06-07 05:28:54')
   SELECT @AspNetUserID = UserId FROM aspnet_Users WHERE Username = 'greenem@leboncoin.fr'
   INSERT INTO dbo.aspnet_Membership(ApplicationID, UserID, Password, PasswordFormat, PasswordSalt, Email, LoweredEmail, IsApproved, IsLockedOut, CreateDate, LastLoginDate, LastPasswordChangedDate, LastLockoutDate, FailedPasswordAttemptCount, FailedPasswordAttemptWindowStart, FailedPasswordAnswerAttemptCount, FailedPasswordAnswerAttemptWindowStart)
   VALUES(@ApplicationID, @AspNetUserID, 'aMoPu/jMK8Yc4dxEEtAWm+RvKkFRjT38n/c1ORi3HgGWXJI15kNozQ==', 2, 'ub/Nej8BunZL3H6o+Z7+sg==', 'greenem@leboncoin.fr', 'greenem@leboncoin.fr', 1, 0, '2019-06-07 05:28:54', '2019-06-07 05:28:54', '2019-06-07 05:28:54', '1754-01-01 00:00:00.000', 0, '1754-01-01 00:00:00.000', 0, '1754-01-01 00:00:00.000')
   INSERT INTO dbo.dnn_UserPortals(UserID, PortalID, CreatedDate, Authorised, IsDeleted, RefreshRoles)
   VALUES(@UserID, @PortalID, '2019-06-07 05:28:54', 1, 0, 0)
   INSERT INTO dbo.dnn_UserRoles(UserID, RoleID, IsTrialUsed, CreatedByUserID, CreatedOnDate, LastModifiedByUserID, LastModifiedOnDate, [Status], IsOwner)
   VALUES(@UserId, @MaleRole, 0, 1, '2019-06-07 05:28:54', 1, '2019-06-07 05:28:54', 1, 0)
   INSERT INTO dbo.dnn_Users(Username, FirstName, LastName, Email, DisplayName, UpdatePassword, LastIPAddress, IsDeleted, CreatedByUserID, CreatedOnDate, LastModifiedByUserID, LastModifiedOnDate, PasswordResetToken, PasswordResetExpiration)
   VALUES('tyrone.nunez@douyu.com', 'Tyrone', 'Nunez', 'tyrone.nunez@douyu.com', 'Tyrone Nunez', 0, '', 0, 1, '2019-06-07 05:28:54', 1, '2019-06-07 05:28:54', NULL, NULL)
   SELECT @UserID = SCOPE_IDENTITY()
   INSERT INTO dbo.aspnet_Users(ApplicationID, UserName, LoweredUserName, IsAnonymous, LastActivityDate)
   VALUES(@ApplicationId, 'tyrone.nunez@douyu.com', 'tyrone.nunez@douyu.com', 0, '2019-06-07 05:28:54')
   SELECT @AspNetUserID = UserId FROM aspnet_Users WHERE Username = 'tyrone.nunez@douyu.com'
   INSERT INTO dbo.aspnet_Membership(ApplicationID, UserID, Password, PasswordFormat, PasswordSalt, Email, LoweredEmail, IsApproved, IsLockedOut, CreateDate, LastLoginDate, LastPasswordChangedDate, LastLockoutDate, FailedPasswordAttemptCount, FailedPasswordAttemptWindowStart, FailedPasswordAnswerAttemptCount, FailedPasswordAnswerAttemptWindowStart)
   VALUES(@ApplicationID, @AspNetUserID, 'aMoPu/jMK8Yc4dxEEtAWm+RvKkFRjT38n/c1ORi3HgGWXJI15kNozQ==', 2, 'ub/Nej8BunZL3H6o+Z7+sg==', 'tyrone.nunez@douyu.com', 'tyrone.nunez@douyu.com', 1, 0, '2019-06-07 05:28:54', '2019-06-07 05:28:54', '2019-06-07 05:28:54', '1754-01-01 00:00:00.000', 0, '1754-01-01 00:00:00.000', 0, '1754-01-01 00:00:00.000')
   INSERT INTO dbo.dnn_UserPortals(UserID, PortalID, CreatedDate, Authorised, IsDeleted, RefreshRoles)
   VALUES(@UserID, @PortalID, '2019-06-07 05:28:54', 1, 0, 0)
   INSERT INTO dbo.dnn_UserRoles(UserID, RoleID, IsTrialUsed, CreatedByUserID, CreatedOnDate, LastModifiedByUserID, LastModifiedOnDate, [Status], IsOwner)
   VALUES(@UserId, @MaleRole, 0, 1, '2019-06-07 05:28:54', 1, '2019-06-07 05:28:54', 1, 0)
   INSERT INTO dbo.dnn_Users(Username, FirstName, LastName, Email, DisplayName, UpdatePassword, LastIPAddress, IsDeleted, CreatedByUserID, CreatedOnDate, LastModifiedByUserID, LastModifiedOnDate, PasswordResetToken, PasswordResetExpiration)
   VALUES('d.wheeler@google.cn', 'Darren', 'Wheeler', 'd.wheeler@google.cn', 'Darren Wheeler', 0, '', 0, 1, '2019-06-07 05:28:54', 1, '2019-06-07 05:28:54', NULL, NULL)
   SELECT @UserID = SCOPE_IDENTITY()
   INSERT INTO dbo.aspnet_Users(ApplicationID, UserName, LoweredUserName, IsAnonymous, LastActivityDate)
   VALUES(@ApplicationId, 'd.wheeler@google.cn', 'd.wheeler@google.cn', 0, '2019-06-07 05:28:54')
   SELECT @AspNetUserID = UserId FROM aspnet_Users WHERE Username = 'd.wheeler@google.cn'
   INSERT INTO dbo.aspnet_Membership(ApplicationID, UserID, Password, PasswordFormat, PasswordSalt, Email, LoweredEmail, IsApproved, IsLockedOut, CreateDate, LastLoginDate, LastPasswordChangedDate, LastLockoutDate, FailedPasswordAttemptCount, FailedPasswordAttemptWindowStart, FailedPasswordAnswerAttemptCount, FailedPasswordAnswerAttemptWindowStart)
   VALUES(@ApplicationID, @AspNetUserID, 'aMoPu/jMK8Yc4dxEEtAWm+RvKkFRjT38n/c1ORi3HgGWXJI15kNozQ==', 2, 'ub/Nej8BunZL3H6o+Z7+sg==', 'd.wheeler@google.cn', 'd.wheeler@google.cn', 1, 0, '2019-06-07 05:28:54', '2019-06-07 05:28:54', '2019-06-07 05:28:54', '1754-01-01 00:00:00.000', 0, '1754-01-01 00:00:00.000', 0, '1754-01-01 00:00:00.000')
   INSERT INTO dbo.dnn_UserPortals(UserID, PortalID, CreatedDate, Authorised, IsDeleted, RefreshRoles)
   VALUES(@UserID, @PortalID, '2019-06-07 05:28:54', 1, 0, 0)
   INSERT INTO dbo.dnn_UserRoles(UserID, RoleID, IsTrialUsed, CreatedByUserID, CreatedOnDate, LastModifiedByUserID, LastModifiedOnDate, [Status], IsOwner)
   VALUES(@UserId, @MaleRole, 0, 1, '2019-06-07 05:28:54', 1, '2019-06-07 05:28:54', 1, 0)
   INSERT INTO dbo.dnn_Users(Username, FirstName, LastName, Email, DisplayName, UpdatePassword, LastIPAddress, IsDeleted, CreatedByUserID, CreatedOnDate, LastModifiedByUserID, LastModifiedOnDate, PasswordResetToken, PasswordResetExpiration)
   VALUES('valdezl@51.la', 'Lonnie', 'Valdez', 'valdezl@51.la', 'Lonnie Valdez', 0, '', 0, 1, '2019-06-07 05:28:54', 1, '2019-06-07 05:28:54', NULL, NULL)
   SELECT @UserID = SCOPE_IDENTITY()
   INSERT INTO dbo.aspnet_Users(ApplicationID, UserName, LoweredUserName, IsAnonymous, LastActivityDate)
   VALUES(@ApplicationId, 'valdezl@51.la', 'valdezl@51.la', 0, '2019-06-07 05:28:54')
   SELECT @AspNetUserID = UserId FROM aspnet_Users WHERE Username = 'valdezl@51.la'
   INSERT INTO dbo.aspnet_Membership(ApplicationID, UserID, Password, PasswordFormat, PasswordSalt, Email, LoweredEmail, IsApproved, IsLockedOut, CreateDate, LastLoginDate, LastPasswordChangedDate, LastLockoutDate, FailedPasswordAttemptCount, FailedPasswordAttemptWindowStart, FailedPasswordAnswerAttemptCount, FailedPasswordAnswerAttemptWindowStart)
   VALUES(@ApplicationID, @AspNetUserID, 'aMoPu/jMK8Yc4dxEEtAWm+RvKkFRjT38n/c1ORi3HgGWXJI15kNozQ==', 2, 'ub/Nej8BunZL3H6o+Z7+sg==', 'valdezl@51.la', 'valdezl@51.la', 1, 0, '2019-06-07 05:28:54', '2019-06-07 05:28:54', '2019-06-07 05:28:54', '1754-01-01 00:00:00.000', 0, '1754-01-01 00:00:00.000', 0, '1754-01-01 00:00:00.000')
   INSERT INTO dbo.dnn_UserPortals(UserID, PortalID, CreatedDate, Authorised, IsDeleted, RefreshRoles)
   VALUES(@UserID, @PortalID, '2019-06-07 05:28:54', 1, 0, 0)
   INSERT INTO dbo.dnn_UserRoles(UserID, RoleID, IsTrialUsed, CreatedByUserID, CreatedOnDate, LastModifiedByUserID, LastModifiedOnDate, [Status], IsOwner)
   VALUES(@UserId, @MaleRole, 0, 1, '2019-06-07 05:28:54', 1, '2019-06-07 05:28:54', 1, 0)
   INSERT INTO dbo.dnn_Users(Username, FirstName, LastName, Email, DisplayName, UpdatePassword, LastIPAddress, IsDeleted, CreatedByUserID, CreatedOnDate, LastModifiedByUserID, LastModifiedOnDate, PasswordResetToken, PasswordResetExpiration)
   VALUES('lance.harper@google.se', 'Lance', 'Harper', 'lance.harper@google.se', 'Lance Harper', 0, '', 0, 1, '2019-06-07 05:28:54', 1, '2019-06-07 05:28:54', NULL, NULL)
   SELECT @UserID = SCOPE_IDENTITY()
   INSERT INTO dbo.aspnet_Users(ApplicationID, UserName, LoweredUserName, IsAnonymous, LastActivityDate)
   VALUES(@ApplicationId, 'lance.harper@google.se', 'lance.harper@google.se', 0, '2019-06-07 05:28:54')
   SELECT @AspNetUserID = UserId FROM aspnet_Users WHERE Username = 'lance.harper@google.se'
   INSERT INTO dbo.aspnet_Membership(ApplicationID, UserID, Password, PasswordFormat, PasswordSalt, Email, LoweredEmail, IsApproved, IsLockedOut, CreateDate, LastLoginDate, LastPasswordChangedDate, LastLockoutDate, FailedPasswordAttemptCount, FailedPasswordAttemptWindowStart, FailedPasswordAnswerAttemptCount, FailedPasswordAnswerAttemptWindowStart)
   VALUES(@ApplicationID, @AspNetUserID, 'aMoPu/jMK8Yc4dxEEtAWm+RvKkFRjT38n/c1ORi3HgGWXJI15kNozQ==', 2, 'ub/Nej8BunZL3H6o+Z7+sg==', 'lance.harper@google.se', 'lance.harper@google.se', 1, 0, '2019-06-07 05:28:54', '2019-06-07 05:28:54', '2019-06-07 05:28:54', '1754-01-01 00:00:00.000', 0, '1754-01-01 00:00:00.000', 0, '1754-01-01 00:00:00.000')
   INSERT INTO dbo.dnn_UserPortals(UserID, PortalID, CreatedDate, Authorised, IsDeleted, RefreshRoles)
   VALUES(@UserID, @PortalID, '2019-06-07 05:28:54', 1, 0, 0)
   INSERT INTO dbo.dnn_UserRoles(UserID, RoleID, IsTrialUsed, CreatedByUserID, CreatedOnDate, LastModifiedByUserID, LastModifiedOnDate, [Status], IsOwner)
   VALUES(@UserId, @MaleRole, 0, 1, '2019-06-07 05:28:54', 1, '2019-06-07 05:28:54', 1, 0)
   INSERT INTO dbo.dnn_UserRoles(UserID, RoleID, IsTrialUsed, CreatedByUserID, CreatedOnDate, LastModifiedByUserID, LastModifiedOnDate, [Status], IsOwner)
   VALUES(@UserId, @AcademicRole, 0, 1, '2019-06-07 05:28:54', 1, '2019-06-07 05:28:54', 1, 0)
   INSERT INTO dbo.dnn_Users(Username, FirstName, LastName, Email, DisplayName, UpdatePassword, LastIPAddress, IsDeleted, CreatedByUserID, CreatedOnDate, LastModifiedByUserID, LastModifiedOnDate, PasswordResetToken, PasswordResetExpiration)
   VALUES('c.burke@spotify.com', 'Cody', 'Burke', 'c.burke@spotify.com', 'Cody Burke', 0, '', 0, 1, '2019-06-07 05:28:54', 1, '2019-06-07 05:28:54', NULL, NULL)
   SELECT @UserID = SCOPE_IDENTITY()
   INSERT INTO dbo.aspnet_Users(ApplicationID, UserName, LoweredUserName, IsAnonymous, LastActivityDate)
   VALUES(@ApplicationId, 'c.burke@spotify.com', 'c.burke@spotify.com', 0, '2019-06-07 05:28:54')
   SELECT @AspNetUserID = UserId FROM aspnet_Users WHERE Username = 'c.burke@spotify.com'
   INSERT INTO dbo.aspnet_Membership(ApplicationID, UserID, Password, PasswordFormat, PasswordSalt, Email, LoweredEmail, IsApproved, IsLockedOut, CreateDate, LastLoginDate, LastPasswordChangedDate, LastLockoutDate, FailedPasswordAttemptCount, FailedPasswordAttemptWindowStart, FailedPasswordAnswerAttemptCount, FailedPasswordAnswerAttemptWindowStart)
   VALUES(@ApplicationID, @AspNetUserID, 'aMoPu/jMK8Yc4dxEEtAWm+RvKkFRjT38n/c1ORi3HgGWXJI15kNozQ==', 2, 'ub/Nej8BunZL3H6o+Z7+sg==', 'c.burke@spotify.com', 'c.burke@spotify.com', 1, 0, '2019-06-07 05:28:54', '2019-06-07 05:28:54', '2019-06-07 05:28:54', '1754-01-01 00:00:00.000', 0, '1754-01-01 00:00:00.000', 0, '1754-01-01 00:00:00.000')
   INSERT INTO dbo.dnn_UserPortals(UserID, PortalID, CreatedDate, Authorised, IsDeleted, RefreshRoles)
   VALUES(@UserID, @PortalID, '2019-06-07 05:28:54', 1, 0, 0)
   INSERT INTO dbo.dnn_UserRoles(UserID, RoleID, IsTrialUsed, CreatedByUserID, CreatedOnDate, LastModifiedByUserID, LastModifiedOnDate, [Status], IsOwner)
   VALUES(@UserId, @MaleRole, 0, 1, '2019-06-07 05:28:54', 1, '2019-06-07 05:28:54', 1, 0)
   INSERT INTO dbo.dnn_Users(Username, FirstName, LastName, Email, DisplayName, UpdatePassword, LastIPAddress, IsDeleted, CreatedByUserID, CreatedOnDate, LastModifiedByUserID, LastModifiedOnDate, PasswordResetToken, PasswordResetExpiration)
   VALUES('larsonj@wikihow.com', 'Julio', 'Larson', 'larsonj@wikihow.com', 'Julio Larson', 0, '', 0, 1, '2019-06-07 05:28:54', 1, '2019-06-07 05:28:54', NULL, NULL)
   SELECT @UserID = SCOPE_IDENTITY()
   INSERT INTO dbo.aspnet_Users(ApplicationID, UserName, LoweredUserName, IsAnonymous, LastActivityDate)
   VALUES(@ApplicationId, 'larsonj@wikihow.com', 'larsonj@wikihow.com', 0, '2019-06-07 05:28:54')
   SELECT @AspNetUserID = UserId FROM aspnet_Users WHERE Username = 'larsonj@wikihow.com'
   INSERT INTO dbo.aspnet_Membership(ApplicationID, UserID, Password, PasswordFormat, PasswordSalt, Email, LoweredEmail, IsApproved, IsLockedOut, CreateDate, LastLoginDate, LastPasswordChangedDate, LastLockoutDate, FailedPasswordAttemptCount, FailedPasswordAttemptWindowStart, FailedPasswordAnswerAttemptCount, FailedPasswordAnswerAttemptWindowStart)
   VALUES(@ApplicationID, @AspNetUserID, 'aMoPu/jMK8Yc4dxEEtAWm+RvKkFRjT38n/c1ORi3HgGWXJI15kNozQ==', 2, 'ub/Nej8BunZL3H6o+Z7+sg==', 'larsonj@wikihow.com', 'larsonj@wikihow.com', 1, 0, '2019-06-07 05:28:54', '2019-06-07 05:28:54', '2019-06-07 05:28:54', '1754-01-01 00:00:00.000', 0, '1754-01-01 00:00:00.000', 0, '1754-01-01 00:00:00.000')
   INSERT INTO dbo.dnn_UserPortals(UserID, PortalID, CreatedDate, Authorised, IsDeleted, RefreshRoles)
   VALUES(@UserID, @PortalID, '2019-06-07 05:28:54', 1, 0, 0)
   INSERT INTO dbo.dnn_UserRoles(UserID, RoleID, IsTrialUsed, CreatedByUserID, CreatedOnDate, LastModifiedByUserID, LastModifiedOnDate, [Status], IsOwner)
   VALUES(@UserId, @MaleRole, 0, 1, '2019-06-07 05:28:54', 1, '2019-06-07 05:28:54', 1, 0)
   INSERT INTO dbo.dnn_Users(Username, FirstName, LastName, Email, DisplayName, UpdatePassword, LastIPAddress, IsDeleted, CreatedByUserID, CreatedOnDate, LastModifiedByUserID, LastModifiedOnDate, PasswordResetToken, PasswordResetExpiration)
   VALUES('kelly.santiago@onet.pl', 'Kelly', 'Santiago', 'kelly.santiago@onet.pl', 'Kelly Santiago', 0, '', 0, 1, '2019-06-07 05:28:54', 1, '2019-06-07 05:28:54', NULL, NULL)
   SELECT @UserID = SCOPE_IDENTITY()
   INSERT INTO dbo.aspnet_Users(ApplicationID, UserName, LoweredUserName, IsAnonymous, LastActivityDate)
   VALUES(@ApplicationId, 'kelly.santiago@onet.pl', 'kelly.santiago@onet.pl', 0, '2019-06-07 05:28:54')
   SELECT @AspNetUserID = UserId FROM aspnet_Users WHERE Username = 'kelly.santiago@onet.pl'
   INSERT INTO dbo.aspnet_Membership(ApplicationID, UserID, Password, PasswordFormat, PasswordSalt, Email, LoweredEmail, IsApproved, IsLockedOut, CreateDate, LastLoginDate, LastPasswordChangedDate, LastLockoutDate, FailedPasswordAttemptCount, FailedPasswordAttemptWindowStart, FailedPasswordAnswerAttemptCount, FailedPasswordAnswerAttemptWindowStart)
   VALUES(@ApplicationID, @AspNetUserID, 'aMoPu/jMK8Yc4dxEEtAWm+RvKkFRjT38n/c1ORi3HgGWXJI15kNozQ==', 2, 'ub/Nej8BunZL3H6o+Z7+sg==', 'kelly.santiago@onet.pl', 'kelly.santiago@onet.pl', 1, 0, '2019-06-07 05:28:54', '2019-06-07 05:28:54', '2019-06-07 05:28:54', '1754-01-01 00:00:00.000', 0, '1754-01-01 00:00:00.000', 0, '1754-01-01 00:00:00.000')
   INSERT INTO dbo.dnn_UserPortals(UserID, PortalID, CreatedDate, Authorised, IsDeleted, RefreshRoles)
   VALUES(@UserID, @PortalID, '2019-06-07 05:28:54', 1, 0, 0)
   INSERT INTO dbo.dnn_UserRoles(UserID, RoleID, IsTrialUsed, CreatedByUserID, CreatedOnDate, LastModifiedByUserID, LastModifiedOnDate, [Status], IsOwner)
   VALUES(@UserId, @MaleRole, 0, 1, '2019-06-07 05:28:54', 1, '2019-06-07 05:28:54', 1, 0)
   INSERT INTO dbo.dnn_UserRoles(UserID, RoleID, IsTrialUsed, CreatedByUserID, CreatedOnDate, LastModifiedByUserID, LastModifiedOnDate, [Status], IsOwner)
   VALUES(@UserId, @ManagerRole, 0, 1, '2019-06-07 05:28:54', 1, '2019-06-07 05:28:54', 1, 0)
   INSERT INTO dbo.dnn_Users(Username, FirstName, LastName, Email, DisplayName, UpdatePassword, LastIPAddress, IsDeleted, CreatedByUserID, CreatedOnDate, LastModifiedByUserID, LastModifiedOnDate, PasswordResetToken, PasswordResetExpiration)
   VALUES('k.maldonado@babytree.com', 'Kurt', 'Maldonado', 'k.maldonado@babytree.com', 'Kurt Maldonado', 0, '', 0, 1, '2019-06-07 05:28:54', 1, '2019-06-07 05:28:54', NULL, NULL)
   SELECT @UserID = SCOPE_IDENTITY()
   INSERT INTO dbo.aspnet_Users(ApplicationID, UserName, LoweredUserName, IsAnonymous, LastActivityDate)
   VALUES(@ApplicationId, 'k.maldonado@babytree.com', 'k.maldonado@babytree.com', 0, '2019-06-07 05:28:54')
   SELECT @AspNetUserID = UserId FROM aspnet_Users WHERE Username = 'k.maldonado@babytree.com'
   INSERT INTO dbo.aspnet_Membership(ApplicationID, UserID, Password, PasswordFormat, PasswordSalt, Email, LoweredEmail, IsApproved, IsLockedOut, CreateDate, LastLoginDate, LastPasswordChangedDate, LastLockoutDate, FailedPasswordAttemptCount, FailedPasswordAttemptWindowStart, FailedPasswordAnswerAttemptCount, FailedPasswordAnswerAttemptWindowStart)
   VALUES(@ApplicationID, @AspNetUserID, 'aMoPu/jMK8Yc4dxEEtAWm+RvKkFRjT38n/c1ORi3HgGWXJI15kNozQ==', 2, 'ub/Nej8BunZL3H6o+Z7+sg==', 'k.maldonado@babytree.com', 'k.maldonado@babytree.com', 1, 0, '2019-06-07 05:28:54', '2019-06-07 05:28:54', '2019-06-07 05:28:54', '1754-01-01 00:00:00.000', 0, '1754-01-01 00:00:00.000', 0, '1754-01-01 00:00:00.000')
   INSERT INTO dbo.dnn_UserPortals(UserID, PortalID, CreatedDate, Authorised, IsDeleted, RefreshRoles)
   VALUES(@UserID, @PortalID, '2019-06-07 05:28:54', 1, 0, 0)
   INSERT INTO dbo.dnn_UserRoles(UserID, RoleID, IsTrialUsed, CreatedByUserID, CreatedOnDate, LastModifiedByUserID, LastModifiedOnDate, [Status], IsOwner)
   VALUES(@UserId, @MaleRole, 0, 1, '2019-06-07 05:28:54', 1, '2019-06-07 05:28:54', 1, 0)
   INSERT INTO dbo.dnn_Users(Username, FirstName, LastName, Email, DisplayName, UpdatePassword, LastIPAddress, IsDeleted, CreatedByUserID, CreatedOnDate, LastModifiedByUserID, LastModifiedOnDate, PasswordResetToken, PasswordResetExpiration)
   VALUES('morrisona@w3schools.com', 'Allan', 'Morrison', 'morrisona@w3schools.com', 'Allan Morrison', 0, '', 0, 1, '2019-06-07 05:28:54', 1, '2019-06-07 05:28:54', NULL, NULL)
   SELECT @UserID = SCOPE_IDENTITY()
   INSERT INTO dbo.aspnet_Users(ApplicationID, UserName, LoweredUserName, IsAnonymous, LastActivityDate)
   VALUES(@ApplicationId, 'morrisona@w3schools.com', 'morrisona@w3schools.com', 0, '2019-06-07 05:28:54')
   SELECT @AspNetUserID = UserId FROM aspnet_Users WHERE Username = 'morrisona@w3schools.com'
   INSERT INTO dbo.aspnet_Membership(ApplicationID, UserID, Password, PasswordFormat, PasswordSalt, Email, LoweredEmail, IsApproved, IsLockedOut, CreateDate, LastLoginDate, LastPasswordChangedDate, LastLockoutDate, FailedPasswordAttemptCount, FailedPasswordAttemptWindowStart, FailedPasswordAnswerAttemptCount, FailedPasswordAnswerAttemptWindowStart)
   VALUES(@ApplicationID, @AspNetUserID, 'aMoPu/jMK8Yc4dxEEtAWm+RvKkFRjT38n/c1ORi3HgGWXJI15kNozQ==', 2, 'ub/Nej8BunZL3H6o+Z7+sg==', 'morrisona@w3schools.com', 'morrisona@w3schools.com', 1, 0, '2019-06-07 05:28:54', '2019-06-07 05:28:54', '2019-06-07 05:28:54', '1754-01-01 00:00:00.000', 0, '1754-01-01 00:00:00.000', 0, '1754-01-01 00:00:00.000')
   INSERT INTO dbo.dnn_UserPortals(UserID, PortalID, CreatedDate, Authorised, IsDeleted, RefreshRoles)
   VALUES(@UserID, @PortalID, '2019-06-07 05:28:54', 1, 0, 0)
   INSERT INTO dbo.dnn_UserRoles(UserID, RoleID, IsTrialUsed, CreatedByUserID, CreatedOnDate, LastModifiedByUserID, LastModifiedOnDate, [Status], IsOwner)
   VALUES(@UserId, @MaleRole, 0, 1, '2019-06-07 05:28:54', 1, '2019-06-07 05:28:54', 1, 0)
   INSERT INTO dbo.dnn_Users(Username, FirstName, LastName, Email, DisplayName, UpdatePassword, LastIPAddress, IsDeleted, CreatedByUserID, CreatedOnDate, LastModifiedByUserID, LastModifiedOnDate, PasswordResetToken, PasswordResetExpiration)
   VALUES('nelson.franklin@upornia.com', 'Nelson', 'Franklin', 'nelson.franklin@upornia.com', 'Nelson Franklin', 0, '', 0, 1, '2019-06-07 05:28:54', 1, '2019-06-07 05:28:54', NULL, NULL)
   SELECT @UserID = SCOPE_IDENTITY()
   INSERT INTO dbo.aspnet_Users(ApplicationID, UserName, LoweredUserName, IsAnonymous, LastActivityDate)
   VALUES(@ApplicationId, 'nelson.franklin@upornia.com', 'nelson.franklin@upornia.com', 0, '2019-06-07 05:28:54')
   SELECT @AspNetUserID = UserId FROM aspnet_Users WHERE Username = 'nelson.franklin@upornia.com'
   INSERT INTO dbo.aspnet_Membership(ApplicationID, UserID, Password, PasswordFormat, PasswordSalt, Email, LoweredEmail, IsApproved, IsLockedOut, CreateDate, LastLoginDate, LastPasswordChangedDate, LastLockoutDate, FailedPasswordAttemptCount, FailedPasswordAttemptWindowStart, FailedPasswordAnswerAttemptCount, FailedPasswordAnswerAttemptWindowStart)
   VALUES(@ApplicationID, @AspNetUserID, 'aMoPu/jMK8Yc4dxEEtAWm+RvKkFRjT38n/c1ORi3HgGWXJI15kNozQ==', 2, 'ub/Nej8BunZL3H6o+Z7+sg==', 'nelson.franklin@upornia.com', 'nelson.franklin@upornia.com', 1, 0, '2019-06-07 05:28:54', '2019-06-07 05:28:54', '2019-06-07 05:28:54', '1754-01-01 00:00:00.000', 0, '1754-01-01 00:00:00.000', 0, '1754-01-01 00:00:00.000')
   INSERT INTO dbo.dnn_UserPortals(UserID, PortalID, CreatedDate, Authorised, IsDeleted, RefreshRoles)
   VALUES(@UserID, @PortalID, '2019-06-07 05:28:54', 1, 0, 0)
   INSERT INTO dbo.dnn_UserRoles(UserID, RoleID, IsTrialUsed, CreatedByUserID, CreatedOnDate, LastModifiedByUserID, LastModifiedOnDate, [Status], IsOwner)
   VALUES(@UserId, @MaleRole, 0, 1, '2019-06-07 05:28:54', 1, '2019-06-07 05:28:54', 1, 0)
   INSERT INTO dbo.dnn_Users(Username, FirstName, LastName, Email, DisplayName, UpdatePassword, LastIPAddress, IsDeleted, CreatedByUserID, CreatedOnDate, LastModifiedByUserID, LastModifiedOnDate, PasswordResetToken, PasswordResetExpiration)
   VALUES('g.carlson@snapdeal.com', 'Guy', 'Carlson', 'g.carlson@snapdeal.com', 'Guy Carlson', 0, '', 0, 1, '2019-06-07 05:28:54', 1, '2019-06-07 05:28:54', NULL, NULL)
   SELECT @UserID = SCOPE_IDENTITY()
   INSERT INTO dbo.aspnet_Users(ApplicationID, UserName, LoweredUserName, IsAnonymous, LastActivityDate)
   VALUES(@ApplicationId, 'g.carlson@snapdeal.com', 'g.carlson@snapdeal.com', 0, '2019-06-07 05:28:54')
   SELECT @AspNetUserID = UserId FROM aspnet_Users WHERE Username = 'g.carlson@snapdeal.com'
   INSERT INTO dbo.aspnet_Membership(ApplicationID, UserID, Password, PasswordFormat, PasswordSalt, Email, LoweredEmail, IsApproved, IsLockedOut, CreateDate, LastLoginDate, LastPasswordChangedDate, LastLockoutDate, FailedPasswordAttemptCount, FailedPasswordAttemptWindowStart, FailedPasswordAnswerAttemptCount, FailedPasswordAnswerAttemptWindowStart)
   VALUES(@ApplicationID, @AspNetUserID, 'aMoPu/jMK8Yc4dxEEtAWm+RvKkFRjT38n/c1ORi3HgGWXJI15kNozQ==', 2, 'ub/Nej8BunZL3H6o+Z7+sg==', 'g.carlson@snapdeal.com', 'g.carlson@snapdeal.com', 1, 0, '2019-06-07 05:28:54', '2019-06-07 05:28:54', '2019-06-07 05:28:54', '1754-01-01 00:00:00.000', 0, '1754-01-01 00:00:00.000', 0, '1754-01-01 00:00:00.000')
   INSERT INTO dbo.dnn_UserPortals(UserID, PortalID, CreatedDate, Authorised, IsDeleted, RefreshRoles)
   VALUES(@UserID, @PortalID, '2019-06-07 05:28:54', 1, 0, 0)
   INSERT INTO dbo.dnn_UserRoles(UserID, RoleID, IsTrialUsed, CreatedByUserID, CreatedOnDate, LastModifiedByUserID, LastModifiedOnDate, [Status], IsOwner)
   VALUES(@UserId, @MaleRole, 0, 1, '2019-06-07 05:28:54', 1, '2019-06-07 05:28:54', 1, 0)
   INSERT INTO dbo.dnn_Users(Username, FirstName, LastName, Email, DisplayName, UpdatePassword, LastIPAddress, IsDeleted, CreatedByUserID, CreatedOnDate, LastModifiedByUserID, LastModifiedOnDate, PasswordResetToken, PasswordResetExpiration)
   VALUES('austinc@forbes.com', 'Clayton', 'Austin', 'austinc@forbes.com', 'Clayton Austin', 0, '', 0, 1, '2019-06-07 05:28:54', 1, '2019-06-07 05:28:54', NULL, NULL)
   SELECT @UserID = SCOPE_IDENTITY()
   INSERT INTO dbo.aspnet_Users(ApplicationID, UserName, LoweredUserName, IsAnonymous, LastActivityDate)
   VALUES(@ApplicationId, 'austinc@forbes.com', 'austinc@forbes.com', 0, '2019-06-07 05:28:54')
   SELECT @AspNetUserID = UserId FROM aspnet_Users WHERE Username = 'austinc@forbes.com'
   INSERT INTO dbo.aspnet_Membership(ApplicationID, UserID, Password, PasswordFormat, PasswordSalt, Email, LoweredEmail, IsApproved, IsLockedOut, CreateDate, LastLoginDate, LastPasswordChangedDate, LastLockoutDate, FailedPasswordAttemptCount, FailedPasswordAttemptWindowStart, FailedPasswordAnswerAttemptCount, FailedPasswordAnswerAttemptWindowStart)
   VALUES(@ApplicationID, @AspNetUserID, 'aMoPu/jMK8Yc4dxEEtAWm+RvKkFRjT38n/c1ORi3HgGWXJI15kNozQ==', 2, 'ub/Nej8BunZL3H6o+Z7+sg==', 'austinc@forbes.com', 'austinc@forbes.com', 1, 0, '2019-06-07 05:28:54', '2019-06-07 05:28:54', '2019-06-07 05:28:54', '1754-01-01 00:00:00.000', 0, '1754-01-01 00:00:00.000', 0, '1754-01-01 00:00:00.000')
   INSERT INTO dbo.dnn_UserPortals(UserID, PortalID, CreatedDate, Authorised, IsDeleted, RefreshRoles)
   VALUES(@UserID, @PortalID, '2019-06-07 05:28:54', 1, 0, 0)
   INSERT INTO dbo.dnn_UserRoles(UserID, RoleID, IsTrialUsed, CreatedByUserID, CreatedOnDate, LastModifiedByUserID, LastModifiedOnDate, [Status], IsOwner)
   VALUES(@UserId, @MaleRole, 0, 1, '2019-06-07 05:28:54', 1, '2019-06-07 05:28:54', 1, 0)
   INSERT INTO dbo.dnn_Users(Username, FirstName, LastName, Email, DisplayName, UpdatePassword, LastIPAddress, IsDeleted, CreatedByUserID, CreatedOnDate, LastModifiedByUserID, LastModifiedOnDate, PasswordResetToken, PasswordResetExpiration)
   VALUES('hugh.dominguez@google.at', 'Hugh', 'Dominguez', 'hugh.dominguez@google.at', 'Hugh Dominguez', 0, '', 0, 1, '2019-06-07 05:28:54', 1, '2019-06-07 05:28:54', NULL, NULL)
   SELECT @UserID = SCOPE_IDENTITY()
   INSERT INTO dbo.aspnet_Users(ApplicationID, UserName, LoweredUserName, IsAnonymous, LastActivityDate)
   VALUES(@ApplicationId, 'hugh.dominguez@google.at', 'hugh.dominguez@google.at', 0, '2019-06-07 05:28:54')
   SELECT @AspNetUserID = UserId FROM aspnet_Users WHERE Username = 'hugh.dominguez@google.at'
   INSERT INTO dbo.aspnet_Membership(ApplicationID, UserID, Password, PasswordFormat, PasswordSalt, Email, LoweredEmail, IsApproved, IsLockedOut, CreateDate, LastLoginDate, LastPasswordChangedDate, LastLockoutDate, FailedPasswordAttemptCount, FailedPasswordAttemptWindowStart, FailedPasswordAnswerAttemptCount, FailedPasswordAnswerAttemptWindowStart)
   VALUES(@ApplicationID, @AspNetUserID, 'aMoPu/jMK8Yc4dxEEtAWm+RvKkFRjT38n/c1ORi3HgGWXJI15kNozQ==', 2, 'ub/Nej8BunZL3H6o+Z7+sg==', 'hugh.dominguez@google.at', 'hugh.dominguez@google.at', 1, 0, '2019-06-07 05:28:54', '2019-06-07 05:28:54', '2019-06-07 05:28:54', '1754-01-01 00:00:00.000', 0, '1754-01-01 00:00:00.000', 0, '1754-01-01 00:00:00.000')
   INSERT INTO dbo.dnn_UserPortals(UserID, PortalID, CreatedDate, Authorised, IsDeleted, RefreshRoles)
   VALUES(@UserID, @PortalID, '2019-06-07 05:28:54', 1, 0, 0)
   INSERT INTO dbo.dnn_UserRoles(UserID, RoleID, IsTrialUsed, CreatedByUserID, CreatedOnDate, LastModifiedByUserID, LastModifiedOnDate, [Status], IsOwner)
   VALUES(@UserId, @MaleRole, 0, 1, '2019-06-07 05:28:54', 1, '2019-06-07 05:28:54', 1, 0)
   INSERT INTO dbo.dnn_Users(Username, FirstName, LastName, Email, DisplayName, UpdatePassword, LastIPAddress, IsDeleted, CreatedByUserID, CreatedOnDate, LastModifiedByUserID, LastModifiedOnDate, PasswordResetToken, PasswordResetExpiration)
   VALUES('m.carr@wix.com', 'Max', 'Carr', 'm.carr@wix.com', 'Max Carr', 0, '', 0, 1, '2019-06-07 05:28:54', 1, '2019-06-07 05:28:54', NULL, NULL)
   SELECT @UserID = SCOPE_IDENTITY()
   INSERT INTO dbo.aspnet_Users(ApplicationID, UserName, LoweredUserName, IsAnonymous, LastActivityDate)
   VALUES(@ApplicationId, 'm.carr@wix.com', 'm.carr@wix.com', 0, '2019-06-07 05:28:54')
   SELECT @AspNetUserID = UserId FROM aspnet_Users WHERE Username = 'm.carr@wix.com'
   INSERT INTO dbo.aspnet_Membership(ApplicationID, UserID, Password, PasswordFormat, PasswordSalt, Email, LoweredEmail, IsApproved, IsLockedOut, CreateDate, LastLoginDate, LastPasswordChangedDate, LastLockoutDate, FailedPasswordAttemptCount, FailedPasswordAttemptWindowStart, FailedPasswordAnswerAttemptCount, FailedPasswordAnswerAttemptWindowStart)
   VALUES(@ApplicationID, @AspNetUserID, 'aMoPu/jMK8Yc4dxEEtAWm+RvKkFRjT38n/c1ORi3HgGWXJI15kNozQ==', 2, 'ub/Nej8BunZL3H6o+Z7+sg==', 'm.carr@wix.com', 'm.carr@wix.com', 1, 0, '2019-06-07 05:28:54', '2019-06-07 05:28:54', '2019-06-07 05:28:54', '1754-01-01 00:00:00.000', 0, '1754-01-01 00:00:00.000', 0, '1754-01-01 00:00:00.000')
   INSERT INTO dbo.dnn_UserPortals(UserID, PortalID, CreatedDate, Authorised, IsDeleted, RefreshRoles)
   VALUES(@UserID, @PortalID, '2019-06-07 05:28:54', 1, 0, 0)
   INSERT INTO dbo.dnn_UserRoles(UserID, RoleID, IsTrialUsed, CreatedByUserID, CreatedOnDate, LastModifiedByUserID, LastModifiedOnDate, [Status], IsOwner)
   VALUES(@UserId, @MaleRole, 0, 1, '2019-06-07 05:28:54', 1, '2019-06-07 05:28:54', 1, 0)
   INSERT INTO dbo.dnn_Users(Username, FirstName, LastName, Email, DisplayName, UpdatePassword, LastIPAddress, IsDeleted, CreatedByUserID, CreatedOnDate, LastModifiedByUserID, LastModifiedOnDate, PasswordResetToken, PasswordResetExpiration)
   VALUES('lawsond@bestbuy.com', 'Dwayne', 'Lawson', 'lawsond@bestbuy.com', 'Dwayne Lawson', 0, '', 0, 1, '2019-06-07 05:28:54', 1, '2019-06-07 05:28:54', NULL, NULL)
   SELECT @UserID = SCOPE_IDENTITY()
   INSERT INTO dbo.aspnet_Users(ApplicationID, UserName, LoweredUserName, IsAnonymous, LastActivityDate)
   VALUES(@ApplicationId, 'lawsond@bestbuy.com', 'lawsond@bestbuy.com', 0, '2019-06-07 05:28:54')
   SELECT @AspNetUserID = UserId FROM aspnet_Users WHERE Username = 'lawsond@bestbuy.com'
   INSERT INTO dbo.aspnet_Membership(ApplicationID, UserID, Password, PasswordFormat, PasswordSalt, Email, LoweredEmail, IsApproved, IsLockedOut, CreateDate, LastLoginDate, LastPasswordChangedDate, LastLockoutDate, FailedPasswordAttemptCount, FailedPasswordAttemptWindowStart, FailedPasswordAnswerAttemptCount, FailedPasswordAnswerAttemptWindowStart)
   VALUES(@ApplicationID, @AspNetUserID, 'aMoPu/jMK8Yc4dxEEtAWm+RvKkFRjT38n/c1ORi3HgGWXJI15kNozQ==', 2, 'ub/Nej8BunZL3H6o+Z7+sg==', 'lawsond@bestbuy.com', 'lawsond@bestbuy.com', 1, 0, '2019-06-07 05:28:54', '2019-06-07 05:28:54', '2019-06-07 05:28:54', '1754-01-01 00:00:00.000', 0, '1754-01-01 00:00:00.000', 0, '1754-01-01 00:00:00.000')
   INSERT INTO dbo.dnn_UserPortals(UserID, PortalID, CreatedDate, Authorised, IsDeleted, RefreshRoles)
   VALUES(@UserID, @PortalID, '2019-06-07 05:28:54', 1, 0, 0)
   INSERT INTO dbo.dnn_UserRoles(UserID, RoleID, IsTrialUsed, CreatedByUserID, CreatedOnDate, LastModifiedByUserID, LastModifiedOnDate, [Status], IsOwner)
   VALUES(@UserId, @MaleRole, 0, 1, '2019-06-07 05:28:54', 1, '2019-06-07 05:28:54', 1, 0)
   INSERT INTO dbo.dnn_Users(Username, FirstName, LastName, Email, DisplayName, UpdatePassword, LastIPAddress, IsDeleted, CreatedByUserID, CreatedOnDate, LastModifiedByUserID, LastModifiedOnDate, PasswordResetToken, PasswordResetExpiration)
   VALUES('dwight.jacobs@livejournal.com', 'Dwight', 'Jacobs', 'dwight.jacobs@livejournal.com', 'Dwight Jacobs', 0, '', 0, 1, '2019-06-07 05:28:54', 1, '2019-06-07 05:28:54', NULL, NULL)
   SELECT @UserID = SCOPE_IDENTITY()
   INSERT INTO dbo.aspnet_Users(ApplicationID, UserName, LoweredUserName, IsAnonymous, LastActivityDate)
   VALUES(@ApplicationId, 'dwight.jacobs@livejournal.com', 'dwight.jacobs@livejournal.com', 0, '2019-06-07 05:28:54')
   SELECT @AspNetUserID = UserId FROM aspnet_Users WHERE Username = 'dwight.jacobs@livejournal.com'
   INSERT INTO dbo.aspnet_Membership(ApplicationID, UserID, Password, PasswordFormat, PasswordSalt, Email, LoweredEmail, IsApproved, IsLockedOut, CreateDate, LastLoginDate, LastPasswordChangedDate, LastLockoutDate, FailedPasswordAttemptCount, FailedPasswordAttemptWindowStart, FailedPasswordAnswerAttemptCount, FailedPasswordAnswerAttemptWindowStart)
   VALUES(@ApplicationID, @AspNetUserID, 'aMoPu/jMK8Yc4dxEEtAWm+RvKkFRjT38n/c1ORi3HgGWXJI15kNozQ==', 2, 'ub/Nej8BunZL3H6o+Z7+sg==', 'dwight.jacobs@livejournal.com', 'dwight.jacobs@livejournal.com', 1, 0, '2019-06-07 05:28:54', '2019-06-07 05:28:54', '2019-06-07 05:28:54', '1754-01-01 00:00:00.000', 0, '1754-01-01 00:00:00.000', 0, '1754-01-01 00:00:00.000')
   INSERT INTO dbo.dnn_UserPortals(UserID, PortalID, CreatedDate, Authorised, IsDeleted, RefreshRoles)
   VALUES(@UserID, @PortalID, '2019-06-07 05:28:54', 1, 0, 0)
   INSERT INTO dbo.dnn_UserRoles(UserID, RoleID, IsTrialUsed, CreatedByUserID, CreatedOnDate, LastModifiedByUserID, LastModifiedOnDate, [Status], IsOwner)
   VALUES(@UserId, @MaleRole, 0, 1, '2019-06-07 05:28:54', 1, '2019-06-07 05:28:54', 1, 0)
   INSERT INTO dbo.dnn_Users(Username, FirstName, LastName, Email, DisplayName, UpdatePassword, LastIPAddress, IsDeleted, CreatedByUserID, CreatedOnDate, LastModifiedByUserID, LastModifiedOnDate, PasswordResetToken, PasswordResetExpiration)
   VALUES('a.obrien@mozilla.org', 'Armando', 'Obrien', 'a.obrien@mozilla.org', 'Armando Obrien', 0, '', 0, 1, '2019-06-07 05:28:54', 1, '2019-06-07 05:28:54', NULL, NULL)
   SELECT @UserID = SCOPE_IDENTITY()
   INSERT INTO dbo.aspnet_Users(ApplicationID, UserName, LoweredUserName, IsAnonymous, LastActivityDate)
   VALUES(@ApplicationId, 'a.obrien@mozilla.org', 'a.obrien@mozilla.org', 0, '2019-06-07 05:28:54')
   SELECT @AspNetUserID = UserId FROM aspnet_Users WHERE Username = 'a.obrien@mozilla.org'
   INSERT INTO dbo.aspnet_Membership(ApplicationID, UserID, Password, PasswordFormat, PasswordSalt, Email, LoweredEmail, IsApproved, IsLockedOut, CreateDate, LastLoginDate, LastPasswordChangedDate, LastLockoutDate, FailedPasswordAttemptCount, FailedPasswordAttemptWindowStart, FailedPasswordAnswerAttemptCount, FailedPasswordAnswerAttemptWindowStart)
   VALUES(@ApplicationID, @AspNetUserID, 'aMoPu/jMK8Yc4dxEEtAWm+RvKkFRjT38n/c1ORi3HgGWXJI15kNozQ==', 2, 'ub/Nej8BunZL3H6o+Z7+sg==', 'a.obrien@mozilla.org', 'a.obrien@mozilla.org', 1, 0, '2019-06-07 05:28:54', '2019-06-07 05:28:54', '2019-06-07 05:28:54', '1754-01-01 00:00:00.000', 0, '1754-01-01 00:00:00.000', 0, '1754-01-01 00:00:00.000')
   INSERT INTO dbo.dnn_UserPortals(UserID, PortalID, CreatedDate, Authorised, IsDeleted, RefreshRoles)
   VALUES(@UserID, @PortalID, '2019-06-07 05:28:54', 1, 0, 0)
   INSERT INTO dbo.dnn_UserRoles(UserID, RoleID, IsTrialUsed, CreatedByUserID, CreatedOnDate, LastModifiedByUserID, LastModifiedOnDate, [Status], IsOwner)
   VALUES(@UserId, @MaleRole, 0, 1, '2019-06-07 05:28:54', 1, '2019-06-07 05:28:54', 1, 0)
   INSERT INTO dbo.dnn_UserRoles(UserID, RoleID, IsTrialUsed, CreatedByUserID, CreatedOnDate, LastModifiedByUserID, LastModifiedOnDate, [Status], IsOwner)
   VALUES(@UserId, @ManagerRole, 0, 1, '2019-06-07 05:28:54', 1, '2019-06-07 05:28:54', 1, 0)
   INSERT INTO dbo.dnn_UserRoles(UserID, RoleID, IsTrialUsed, CreatedByUserID, CreatedOnDate, LastModifiedByUserID, LastModifiedOnDate, [Status], IsOwner)
   VALUES(@UserId, @AcademicRole, 0, 1, '2019-06-07 05:28:54', 1, '2019-06-07 05:28:54', 1, 0)
   INSERT INTO dbo.dnn_Users(Username, FirstName, LastName, Email, DisplayName, UpdatePassword, LastIPAddress, IsDeleted, CreatedByUserID, CreatedOnDate, LastModifiedByUserID, LastModifiedOnDate, PasswordResetToken, PasswordResetExpiration)
   VALUES('lynchf@rdsa2013.com', 'Felix', 'Lynch', 'lynchf@rdsa2013.com', 'Felix Lynch', 0, '', 0, 1, '2019-06-07 05:28:54', 1, '2019-06-07 05:28:54', NULL, NULL)
   SELECT @UserID = SCOPE_IDENTITY()
   INSERT INTO dbo.aspnet_Users(ApplicationID, UserName, LoweredUserName, IsAnonymous, LastActivityDate)
   VALUES(@ApplicationId, 'lynchf@rdsa2013.com', 'lynchf@rdsa2013.com', 0, '2019-06-07 05:28:54')
   SELECT @AspNetUserID = UserId FROM aspnet_Users WHERE Username = 'lynchf@rdsa2013.com'
   INSERT INTO dbo.aspnet_Membership(ApplicationID, UserID, Password, PasswordFormat, PasswordSalt, Email, LoweredEmail, IsApproved, IsLockedOut, CreateDate, LastLoginDate, LastPasswordChangedDate, LastLockoutDate, FailedPasswordAttemptCount, FailedPasswordAttemptWindowStart, FailedPasswordAnswerAttemptCount, FailedPasswordAnswerAttemptWindowStart)
   VALUES(@ApplicationID, @AspNetUserID, 'aMoPu/jMK8Yc4dxEEtAWm+RvKkFRjT38n/c1ORi3HgGWXJI15kNozQ==', 2, 'ub/Nej8BunZL3H6o+Z7+sg==', 'lynchf@rdsa2013.com', 'lynchf@rdsa2013.com', 1, 0, '2019-06-07 05:28:54', '2019-06-07 05:28:54', '2019-06-07 05:28:54', '1754-01-01 00:00:00.000', 0, '1754-01-01 00:00:00.000', 0, '1754-01-01 00:00:00.000')
   INSERT INTO dbo.dnn_UserPortals(UserID, PortalID, CreatedDate, Authorised, IsDeleted, RefreshRoles)
   VALUES(@UserID, @PortalID, '2019-06-07 05:28:54', 1, 0, 0)
   INSERT INTO dbo.dnn_UserRoles(UserID, RoleID, IsTrialUsed, CreatedByUserID, CreatedOnDate, LastModifiedByUserID, LastModifiedOnDate, [Status], IsOwner)
   VALUES(@UserId, @MaleRole, 0, 1, '2019-06-07 05:28:54', 1, '2019-06-07 05:28:54', 1, 0)
   INSERT INTO dbo.dnn_Users(Username, FirstName, LastName, Email, DisplayName, UpdatePassword, LastIPAddress, IsDeleted, CreatedByUserID, CreatedOnDate, LastModifiedByUserID, LastModifiedOnDate, PasswordResetToken, PasswordResetExpiration)
   VALUES('jimmie.singh@xfinity.com', 'Jimmie', 'Singh', 'jimmie.singh@xfinity.com', 'Jimmie Singh', 0, '', 0, 1, '2019-06-07 05:28:54', 1, '2019-06-07 05:28:54', NULL, NULL)
   SELECT @UserID = SCOPE_IDENTITY()
   INSERT INTO dbo.aspnet_Users(ApplicationID, UserName, LoweredUserName, IsAnonymous, LastActivityDate)
   VALUES(@ApplicationId, 'jimmie.singh@xfinity.com', 'jimmie.singh@xfinity.com', 0, '2019-06-07 05:28:54')
   SELECT @AspNetUserID = UserId FROM aspnet_Users WHERE Username = 'jimmie.singh@xfinity.com'
   INSERT INTO dbo.aspnet_Membership(ApplicationID, UserID, Password, PasswordFormat, PasswordSalt, Email, LoweredEmail, IsApproved, IsLockedOut, CreateDate, LastLoginDate, LastPasswordChangedDate, LastLockoutDate, FailedPasswordAttemptCount, FailedPasswordAttemptWindowStart, FailedPasswordAnswerAttemptCount, FailedPasswordAnswerAttemptWindowStart)
   VALUES(@ApplicationID, @AspNetUserID, 'aMoPu/jMK8Yc4dxEEtAWm+RvKkFRjT38n/c1ORi3HgGWXJI15kNozQ==', 2, 'ub/Nej8BunZL3H6o+Z7+sg==', 'jimmie.singh@xfinity.com', 'jimmie.singh@xfinity.com', 1, 0, '2019-06-07 05:28:54', '2019-06-07 05:28:54', '2019-06-07 05:28:54', '1754-01-01 00:00:00.000', 0, '1754-01-01 00:00:00.000', 0, '1754-01-01 00:00:00.000')
   INSERT INTO dbo.dnn_UserPortals(UserID, PortalID, CreatedDate, Authorised, IsDeleted, RefreshRoles)
   VALUES(@UserID, @PortalID, '2019-06-07 05:28:54', 1, 0, 0)
   INSERT INTO dbo.dnn_UserRoles(UserID, RoleID, IsTrialUsed, CreatedByUserID, CreatedOnDate, LastModifiedByUserID, LastModifiedOnDate, [Status], IsOwner)
   VALUES(@UserId, @MaleRole, 0, 1, '2019-06-07 05:28:54', 1, '2019-06-07 05:28:54', 1, 0)
   INSERT INTO dbo.dnn_Users(Username, FirstName, LastName, Email, DisplayName, UpdatePassword, LastIPAddress, IsDeleted, CreatedByUserID, CreatedOnDate, LastModifiedByUserID, LastModifiedOnDate, PasswordResetToken, PasswordResetExpiration)
   VALUES('e.vega@handycafe.com', 'Everett', 'Vega', 'e.vega@handycafe.com', 'Everett Vega', 0, '', 0, 1, '2019-06-07 05:28:54', 1, '2019-06-07 05:28:54', NULL, NULL)
   SELECT @UserID = SCOPE_IDENTITY()
   INSERT INTO dbo.aspnet_Users(ApplicationID, UserName, LoweredUserName, IsAnonymous, LastActivityDate)
   VALUES(@ApplicationId, 'e.vega@handycafe.com', 'e.vega@handycafe.com', 0, '2019-06-07 05:28:54')
   SELECT @AspNetUserID = UserId FROM aspnet_Users WHERE Username = 'e.vega@handycafe.com'
   INSERT INTO dbo.aspnet_Membership(ApplicationID, UserID, Password, PasswordFormat, PasswordSalt, Email, LoweredEmail, IsApproved, IsLockedOut, CreateDate, LastLoginDate, LastPasswordChangedDate, LastLockoutDate, FailedPasswordAttemptCount, FailedPasswordAttemptWindowStart, FailedPasswordAnswerAttemptCount, FailedPasswordAnswerAttemptWindowStart)
   VALUES(@ApplicationID, @AspNetUserID, 'aMoPu/jMK8Yc4dxEEtAWm+RvKkFRjT38n/c1ORi3HgGWXJI15kNozQ==', 2, 'ub/Nej8BunZL3H6o+Z7+sg==', 'e.vega@handycafe.com', 'e.vega@handycafe.com', 1, 0, '2019-06-07 05:28:54', '2019-06-07 05:28:54', '2019-06-07 05:28:54', '1754-01-01 00:00:00.000', 0, '1754-01-01 00:00:00.000', 0, '1754-01-01 00:00:00.000')
   INSERT INTO dbo.dnn_UserPortals(UserID, PortalID, CreatedDate, Authorised, IsDeleted, RefreshRoles)
   VALUES(@UserID, @PortalID, '2019-06-07 05:28:54', 1, 0, 0)
   INSERT INTO dbo.dnn_UserRoles(UserID, RoleID, IsTrialUsed, CreatedByUserID, CreatedOnDate, LastModifiedByUserID, LastModifiedOnDate, [Status], IsOwner)
   VALUES(@UserId, @MaleRole, 0, 1, '2019-06-07 05:28:54', 1, '2019-06-07 05:28:54', 1, 0)
   INSERT INTO dbo.dnn_Users(Username, FirstName, LastName, Email, DisplayName, UpdatePassword, LastIPAddress, IsDeleted, CreatedByUserID, CreatedOnDate, LastModifiedByUserID, LastModifiedOnDate, PasswordResetToken, PasswordResetExpiration)
   VALUES('bishopj@groupon.com', 'Jordan', 'Bishop', 'bishopj@groupon.com', 'Jordan Bishop', 0, '', 0, 1, '2019-06-07 05:28:54', 1, '2019-06-07 05:28:54', NULL, NULL)
   SELECT @UserID = SCOPE_IDENTITY()
   INSERT INTO dbo.aspnet_Users(ApplicationID, UserName, LoweredUserName, IsAnonymous, LastActivityDate)
   VALUES(@ApplicationId, 'bishopj@groupon.com', 'bishopj@groupon.com', 0, '2019-06-07 05:28:54')
   SELECT @AspNetUserID = UserId FROM aspnet_Users WHERE Username = 'bishopj@groupon.com'
   INSERT INTO dbo.aspnet_Membership(ApplicationID, UserID, Password, PasswordFormat, PasswordSalt, Email, LoweredEmail, IsApproved, IsLockedOut, CreateDate, LastLoginDate, LastPasswordChangedDate, LastLockoutDate, FailedPasswordAttemptCount, FailedPasswordAttemptWindowStart, FailedPasswordAnswerAttemptCount, FailedPasswordAnswerAttemptWindowStart)
   VALUES(@ApplicationID, @AspNetUserID, 'aMoPu/jMK8Yc4dxEEtAWm+RvKkFRjT38n/c1ORi3HgGWXJI15kNozQ==', 2, 'ub/Nej8BunZL3H6o+Z7+sg==', 'bishopj@groupon.com', 'bishopj@groupon.com', 1, 0, '2019-06-07 05:28:54', '2019-06-07 05:28:54', '2019-06-07 05:28:54', '1754-01-01 00:00:00.000', 0, '1754-01-01 00:00:00.000', 0, '1754-01-01 00:00:00.000')
   INSERT INTO dbo.dnn_UserPortals(UserID, PortalID, CreatedDate, Authorised, IsDeleted, RefreshRoles)
   VALUES(@UserID, @PortalID, '2019-06-07 05:28:54', 1, 0, 0)
   INSERT INTO dbo.dnn_UserRoles(UserID, RoleID, IsTrialUsed, CreatedByUserID, CreatedOnDate, LastModifiedByUserID, LastModifiedOnDate, [Status], IsOwner)
   VALUES(@UserId, @MaleRole, 0, 1, '2019-06-07 05:28:54', 1, '2019-06-07 05:28:54', 1, 0)
   INSERT INTO dbo.dnn_Users(Username, FirstName, LastName, Email, DisplayName, UpdatePassword, LastIPAddress, IsDeleted, CreatedByUserID, CreatedOnDate, LastModifiedByUserID, LastModifiedOnDate, PasswordResetToken, PasswordResetExpiration)
   VALUES('ian.montgomery@adnetworkperformance.com', 'Ian', 'Montgomery', 'ian.montgomery@adnetworkperformance.com', 'Ian Montgomery', 0, '', 0, 1, '2019-06-07 05:28:54', 1, '2019-06-07 05:28:54', NULL, NULL)
   SELECT @UserID = SCOPE_IDENTITY()
   INSERT INTO dbo.aspnet_Users(ApplicationID, UserName, LoweredUserName, IsAnonymous, LastActivityDate)
   VALUES(@ApplicationId, 'ian.montgomery@adnetworkperformance.com', 'ian.montgomery@adnetworkperformance.com', 0, '2019-06-07 05:28:54')
   SELECT @AspNetUserID = UserId FROM aspnet_Users WHERE Username = 'ian.montgomery@adnetworkperformance.com'
   INSERT INTO dbo.aspnet_Membership(ApplicationID, UserID, Password, PasswordFormat, PasswordSalt, Email, LoweredEmail, IsApproved, IsLockedOut, CreateDate, LastLoginDate, LastPasswordChangedDate, LastLockoutDate, FailedPasswordAttemptCount, FailedPasswordAttemptWindowStart, FailedPasswordAnswerAttemptCount, FailedPasswordAnswerAttemptWindowStart)
   VALUES(@ApplicationID, @AspNetUserID, 'aMoPu/jMK8Yc4dxEEtAWm+RvKkFRjT38n/c1ORi3HgGWXJI15kNozQ==', 2, 'ub/Nej8BunZL3H6o+Z7+sg==', 'ian.montgomery@adnetworkperformance.com', 'ian.montgomery@adnetworkperformance.com', 1, 0, '2019-06-07 05:28:54', '2019-06-07 05:28:54', '2019-06-07 05:28:54', '1754-01-01 00:00:00.000', 0, '1754-01-01 00:00:00.000', 0, '1754-01-01 00:00:00.000')
   INSERT INTO dbo.dnn_UserPortals(UserID, PortalID, CreatedDate, Authorised, IsDeleted, RefreshRoles)
   VALUES(@UserID, @PortalID, '2019-06-07 05:28:54', 1, 0, 0)
   INSERT INTO dbo.dnn_UserRoles(UserID, RoleID, IsTrialUsed, CreatedByUserID, CreatedOnDate, LastModifiedByUserID, LastModifiedOnDate, [Status], IsOwner)
   VALUES(@UserId, @MaleRole, 0, 1, '2019-06-07 05:28:54', 1, '2019-06-07 05:28:54', 1, 0)
   INSERT INTO dbo.dnn_Users(Username, FirstName, LastName, Email, DisplayName, UpdatePassword, LastIPAddress, IsDeleted, CreatedByUserID, CreatedOnDate, LastModifiedByUserID, LastModifiedOnDate, PasswordResetToken, PasswordResetExpiration)
   VALUES('w.oliver@onedio.com', 'Wallace', 'Oliver', 'w.oliver@onedio.com', 'Wallace Oliver', 0, '', 0, 1, '2019-06-07 05:28:54', 1, '2019-06-07 05:28:54', NULL, NULL)
   SELECT @UserID = SCOPE_IDENTITY()
   INSERT INTO dbo.aspnet_Users(ApplicationID, UserName, LoweredUserName, IsAnonymous, LastActivityDate)
   VALUES(@ApplicationId, 'w.oliver@onedio.com', 'w.oliver@onedio.com', 0, '2019-06-07 05:28:54')
   SELECT @AspNetUserID = UserId FROM aspnet_Users WHERE Username = 'w.oliver@onedio.com'
   INSERT INTO dbo.aspnet_Membership(ApplicationID, UserID, Password, PasswordFormat, PasswordSalt, Email, LoweredEmail, IsApproved, IsLockedOut, CreateDate, LastLoginDate, LastPasswordChangedDate, LastLockoutDate, FailedPasswordAttemptCount, FailedPasswordAttemptWindowStart, FailedPasswordAnswerAttemptCount, FailedPasswordAnswerAttemptWindowStart)
   VALUES(@ApplicationID, @AspNetUserID, 'aMoPu/jMK8Yc4dxEEtAWm+RvKkFRjT38n/c1ORi3HgGWXJI15kNozQ==', 2, 'ub/Nej8BunZL3H6o+Z7+sg==', 'w.oliver@onedio.com', 'w.oliver@onedio.com', 1, 0, '2019-06-07 05:28:54', '2019-06-07 05:28:54', '2019-06-07 05:28:54', '1754-01-01 00:00:00.000', 0, '1754-01-01 00:00:00.000', 0, '1754-01-01 00:00:00.000')
   INSERT INTO dbo.dnn_UserPortals(UserID, PortalID, CreatedDate, Authorised, IsDeleted, RefreshRoles)
   VALUES(@UserID, @PortalID, '2019-06-07 05:28:54', 1, 0, 0)
   INSERT INTO dbo.dnn_UserRoles(UserID, RoleID, IsTrialUsed, CreatedByUserID, CreatedOnDate, LastModifiedByUserID, LastModifiedOnDate, [Status], IsOwner)
   VALUES(@UserId, @MaleRole, 0, 1, '2019-06-07 05:28:54', 1, '2019-06-07 05:28:54', 1, 0)
   INSERT INTO dbo.dnn_Users(Username, FirstName, LastName, Email, DisplayName, UpdatePassword, LastIPAddress, IsDeleted, CreatedByUserID, CreatedOnDate, LastModifiedByUserID, LastModifiedOnDate, PasswordResetToken, PasswordResetExpiration)
   VALUES('jensenk@thepiratebay.org', 'Ken', 'Jensen', 'jensenk@thepiratebay.org', 'Ken Jensen', 0, '', 0, 1, '2019-06-07 05:28:54', 1, '2019-06-07 05:28:54', NULL, NULL)
   SELECT @UserID = SCOPE_IDENTITY()
   INSERT INTO dbo.aspnet_Users(ApplicationID, UserName, LoweredUserName, IsAnonymous, LastActivityDate)
   VALUES(@ApplicationId, 'jensenk@thepiratebay.org', 'jensenk@thepiratebay.org', 0, '2019-06-07 05:28:54')
   SELECT @AspNetUserID = UserId FROM aspnet_Users WHERE Username = 'jensenk@thepiratebay.org'
   INSERT INTO dbo.aspnet_Membership(ApplicationID, UserID, Password, PasswordFormat, PasswordSalt, Email, LoweredEmail, IsApproved, IsLockedOut, CreateDate, LastLoginDate, LastPasswordChangedDate, LastLockoutDate, FailedPasswordAttemptCount, FailedPasswordAttemptWindowStart, FailedPasswordAnswerAttemptCount, FailedPasswordAnswerAttemptWindowStart)
   VALUES(@ApplicationID, @AspNetUserID, 'aMoPu/jMK8Yc4dxEEtAWm+RvKkFRjT38n/c1ORi3HgGWXJI15kNozQ==', 2, 'ub/Nej8BunZL3H6o+Z7+sg==', 'jensenk@thepiratebay.org', 'jensenk@thepiratebay.org', 1, 0, '2019-06-07 05:28:54', '2019-06-07 05:28:54', '2019-06-07 05:28:54', '1754-01-01 00:00:00.000', 0, '1754-01-01 00:00:00.000', 0, '1754-01-01 00:00:00.000')
   INSERT INTO dbo.dnn_UserPortals(UserID, PortalID, CreatedDate, Authorised, IsDeleted, RefreshRoles)
   VALUES(@UserID, @PortalID, '2019-06-07 05:28:54', 1, 0, 0)
   INSERT INTO dbo.dnn_UserRoles(UserID, RoleID, IsTrialUsed, CreatedByUserID, CreatedOnDate, LastModifiedByUserID, LastModifiedOnDate, [Status], IsOwner)
   VALUES(@UserId, @MaleRole, 0, 1, '2019-06-07 05:28:54', 1, '2019-06-07 05:28:54', 1, 0)
   INSERT INTO dbo.dnn_Users(Username, FirstName, LastName, Email, DisplayName, UpdatePassword, LastIPAddress, IsDeleted, CreatedByUserID, CreatedOnDate, LastModifiedByUserID, LastModifiedOnDate, PasswordResetToken, PasswordResetExpiration)
   VALUES('bob.harvey@skype.com', 'Bob', 'Harvey', 'bob.harvey@skype.com', 'Bob Harvey', 0, '', 0, 1, '2019-06-07 05:28:54', 1, '2019-06-07 05:28:54', NULL, NULL)
   SELECT @UserID = SCOPE_IDENTITY()
   INSERT INTO dbo.aspnet_Users(ApplicationID, UserName, LoweredUserName, IsAnonymous, LastActivityDate)
   VALUES(@ApplicationId, 'bob.harvey@skype.com', 'bob.harvey@skype.com', 0, '2019-06-07 05:28:54')
   SELECT @AspNetUserID = UserId FROM aspnet_Users WHERE Username = 'bob.harvey@skype.com'
   INSERT INTO dbo.aspnet_Membership(ApplicationID, UserID, Password, PasswordFormat, PasswordSalt, Email, LoweredEmail, IsApproved, IsLockedOut, CreateDate, LastLoginDate, LastPasswordChangedDate, LastLockoutDate, FailedPasswordAttemptCount, FailedPasswordAttemptWindowStart, FailedPasswordAnswerAttemptCount, FailedPasswordAnswerAttemptWindowStart)
   VALUES(@ApplicationID, @AspNetUserID, 'aMoPu/jMK8Yc4dxEEtAWm+RvKkFRjT38n/c1ORi3HgGWXJI15kNozQ==', 2, 'ub/Nej8BunZL3H6o+Z7+sg==', 'bob.harvey@skype.com', 'bob.harvey@skype.com', 1, 0, '2019-06-07 05:28:54', '2019-06-07 05:28:54', '2019-06-07 05:28:54', '1754-01-01 00:00:00.000', 0, '1754-01-01 00:00:00.000', 0, '1754-01-01 00:00:00.000')
   INSERT INTO dbo.dnn_UserPortals(UserID, PortalID, CreatedDate, Authorised, IsDeleted, RefreshRoles)
   VALUES(@UserID, @PortalID, '2019-06-07 05:28:54', 1, 0, 0)
   INSERT INTO dbo.dnn_UserRoles(UserID, RoleID, IsTrialUsed, CreatedByUserID, CreatedOnDate, LastModifiedByUserID, LastModifiedOnDate, [Status], IsOwner)
   VALUES(@UserId, @MaleRole, 0, 1, '2019-06-07 05:28:54', 1, '2019-06-07 05:28:54', 1, 0)
   INSERT INTO dbo.dnn_Users(Username, FirstName, LastName, Email, DisplayName, UpdatePassword, LastIPAddress, IsDeleted, CreatedByUserID, CreatedOnDate, LastModifiedByUserID, LastModifiedOnDate, PasswordResetToken, PasswordResetExpiration)
   VALUES('j.williamson@github.io', 'Jaime', 'Williamson', 'j.williamson@github.io', 'Jaime Williamson', 0, '', 0, 1, '2019-06-07 05:28:54', 1, '2019-06-07 05:28:54', NULL, NULL)
   SELECT @UserID = SCOPE_IDENTITY()
   INSERT INTO dbo.aspnet_Users(ApplicationID, UserName, LoweredUserName, IsAnonymous, LastActivityDate)
   VALUES(@ApplicationId, 'j.williamson@github.io', 'j.williamson@github.io', 0, '2019-06-07 05:28:54')
   SELECT @AspNetUserID = UserId FROM aspnet_Users WHERE Username = 'j.williamson@github.io'
   INSERT INTO dbo.aspnet_Membership(ApplicationID, UserID, Password, PasswordFormat, PasswordSalt, Email, LoweredEmail, IsApproved, IsLockedOut, CreateDate, LastLoginDate, LastPasswordChangedDate, LastLockoutDate, FailedPasswordAttemptCount, FailedPasswordAttemptWindowStart, FailedPasswordAnswerAttemptCount, FailedPasswordAnswerAttemptWindowStart)
   VALUES(@ApplicationID, @AspNetUserID, 'aMoPu/jMK8Yc4dxEEtAWm+RvKkFRjT38n/c1ORi3HgGWXJI15kNozQ==', 2, 'ub/Nej8BunZL3H6o+Z7+sg==', 'j.williamson@github.io', 'j.williamson@github.io', 1, 0, '2019-06-07 05:28:54', '2019-06-07 05:28:54', '2019-06-07 05:28:54', '1754-01-01 00:00:00.000', 0, '1754-01-01 00:00:00.000', 0, '1754-01-01 00:00:00.000')
   INSERT INTO dbo.dnn_UserPortals(UserID, PortalID, CreatedDate, Authorised, IsDeleted, RefreshRoles)
   VALUES(@UserID, @PortalID, '2019-06-07 05:28:54', 1, 0, 0)
   INSERT INTO dbo.dnn_UserRoles(UserID, RoleID, IsTrialUsed, CreatedByUserID, CreatedOnDate, LastModifiedByUserID, LastModifiedOnDate, [Status], IsOwner)
   VALUES(@UserId, @MaleRole, 0, 1, '2019-06-07 05:28:54', 1, '2019-06-07 05:28:54', 1, 0)
   INSERT INTO dbo.dnn_Users(Username, FirstName, LastName, Email, DisplayName, UpdatePassword, LastIPAddress, IsDeleted, CreatedByUserID, CreatedOnDate, LastModifiedByUserID, LastModifiedOnDate, PasswordResetToken, PasswordResetExpiration)
   VALUES('gilbertc@allegro.pl', 'Casey', 'Gilbert', 'gilbertc@allegro.pl', 'Casey Gilbert', 0, '', 0, 1, '2019-06-07 05:28:54', 1, '2019-06-07 05:28:54', NULL, NULL)
   SELECT @UserID = SCOPE_IDENTITY()
   INSERT INTO dbo.aspnet_Users(ApplicationID, UserName, LoweredUserName, IsAnonymous, LastActivityDate)
   VALUES(@ApplicationId, 'gilbertc@allegro.pl', 'gilbertc@allegro.pl', 0, '2019-06-07 05:28:54')
   SELECT @AspNetUserID = UserId FROM aspnet_Users WHERE Username = 'gilbertc@allegro.pl'
   INSERT INTO dbo.aspnet_Membership(ApplicationID, UserID, Password, PasswordFormat, PasswordSalt, Email, LoweredEmail, IsApproved, IsLockedOut, CreateDate, LastLoginDate, LastPasswordChangedDate, LastLockoutDate, FailedPasswordAttemptCount, FailedPasswordAttemptWindowStart, FailedPasswordAnswerAttemptCount, FailedPasswordAnswerAttemptWindowStart)
   VALUES(@ApplicationID, @AspNetUserID, 'aMoPu/jMK8Yc4dxEEtAWm+RvKkFRjT38n/c1ORi3HgGWXJI15kNozQ==', 2, 'ub/Nej8BunZL3H6o+Z7+sg==', 'gilbertc@allegro.pl', 'gilbertc@allegro.pl', 1, 0, '2019-06-07 05:28:54', '2019-06-07 05:28:54', '2019-06-07 05:28:54', '1754-01-01 00:00:00.000', 0, '1754-01-01 00:00:00.000', 0, '1754-01-01 00:00:00.000')
   INSERT INTO dbo.dnn_UserPortals(UserID, PortalID, CreatedDate, Authorised, IsDeleted, RefreshRoles)
   VALUES(@UserID, @PortalID, '2019-06-07 05:28:54', 1, 0, 0)
   INSERT INTO dbo.dnn_UserRoles(UserID, RoleID, IsTrialUsed, CreatedByUserID, CreatedOnDate, LastModifiedByUserID, LastModifiedOnDate, [Status], IsOwner)
   VALUES(@UserId, @MaleRole, 0, 1, '2019-06-07 05:28:54', 1, '2019-06-07 05:28:54', 1, 0)
   INSERT INTO dbo.dnn_UserRoles(UserID, RoleID, IsTrialUsed, CreatedByUserID, CreatedOnDate, LastModifiedByUserID, LastModifiedOnDate, [Status], IsOwner)
   VALUES(@UserId, @ManagerRole, 0, 1, '2019-06-07 05:28:54', 1, '2019-06-07 05:28:54', 1, 0)
   INSERT INTO dbo.dnn_Users(Username, FirstName, LastName, Email, DisplayName, UpdatePassword, LastIPAddress, IsDeleted, CreatedByUserID, CreatedOnDate, LastModifiedByUserID, LastModifiedOnDate, PasswordResetToken, PasswordResetExpiration)
   VALUES('alfredo.dean@google.dz', 'Alfredo', 'Dean', 'alfredo.dean@google.dz', 'Alfredo Dean', 0, '', 0, 1, '2019-06-07 05:28:54', 1, '2019-06-07 05:28:54', NULL, NULL)
   SELECT @UserID = SCOPE_IDENTITY()
   INSERT INTO dbo.aspnet_Users(ApplicationID, UserName, LoweredUserName, IsAnonymous, LastActivityDate)
   VALUES(@ApplicationId, 'alfredo.dean@google.dz', 'alfredo.dean@google.dz', 0, '2019-06-07 05:28:54')
   SELECT @AspNetUserID = UserId FROM aspnet_Users WHERE Username = 'alfredo.dean@google.dz'
   INSERT INTO dbo.aspnet_Membership(ApplicationID, UserID, Password, PasswordFormat, PasswordSalt, Email, LoweredEmail, IsApproved, IsLockedOut, CreateDate, LastLoginDate, LastPasswordChangedDate, LastLockoutDate, FailedPasswordAttemptCount, FailedPasswordAttemptWindowStart, FailedPasswordAnswerAttemptCount, FailedPasswordAnswerAttemptWindowStart)
   VALUES(@ApplicationID, @AspNetUserID, 'aMoPu/jMK8Yc4dxEEtAWm+RvKkFRjT38n/c1ORi3HgGWXJI15kNozQ==', 2, 'ub/Nej8BunZL3H6o+Z7+sg==', 'alfredo.dean@google.dz', 'alfredo.dean@google.dz', 1, 0, '2019-06-07 05:28:54', '2019-06-07 05:28:54', '2019-06-07 05:28:54', '1754-01-01 00:00:00.000', 0, '1754-01-01 00:00:00.000', 0, '1754-01-01 00:00:00.000')
   INSERT INTO dbo.dnn_UserPortals(UserID, PortalID, CreatedDate, Authorised, IsDeleted, RefreshRoles)
   VALUES(@UserID, @PortalID, '2019-06-07 05:28:54', 1, 0, 0)
   INSERT INTO dbo.dnn_UserRoles(UserID, RoleID, IsTrialUsed, CreatedByUserID, CreatedOnDate, LastModifiedByUserID, LastModifiedOnDate, [Status], IsOwner)
   VALUES(@UserId, @MaleRole, 0, 1, '2019-06-07 05:28:54', 1, '2019-06-07 05:28:54', 1, 0)
   INSERT INTO dbo.dnn_Users(Username, FirstName, LastName, Email, DisplayName, UpdatePassword, LastIPAddress, IsDeleted, CreatedByUserID, CreatedOnDate, LastModifiedByUserID, LastModifiedOnDate, PasswordResetToken, PasswordResetExpiration)
   VALUES('a.sims@google.com.vn', 'Alberto', 'Sims', 'a.sims@google.com.vn', 'Alberto Sims', 0, '', 0, 1, '2019-06-07 05:28:54', 1, '2019-06-07 05:28:54', NULL, NULL)
   SELECT @UserID = SCOPE_IDENTITY()
   INSERT INTO dbo.aspnet_Users(ApplicationID, UserName, LoweredUserName, IsAnonymous, LastActivityDate)
   VALUES(@ApplicationId, 'a.sims@google.com.vn', 'a.sims@google.com.vn', 0, '2019-06-07 05:28:54')
   SELECT @AspNetUserID = UserId FROM aspnet_Users WHERE Username = 'a.sims@google.com.vn'
   INSERT INTO dbo.aspnet_Membership(ApplicationID, UserID, Password, PasswordFormat, PasswordSalt, Email, LoweredEmail, IsApproved, IsLockedOut, CreateDate, LastLoginDate, LastPasswordChangedDate, LastLockoutDate, FailedPasswordAttemptCount, FailedPasswordAttemptWindowStart, FailedPasswordAnswerAttemptCount, FailedPasswordAnswerAttemptWindowStart)
   VALUES(@ApplicationID, @AspNetUserID, 'aMoPu/jMK8Yc4dxEEtAWm+RvKkFRjT38n/c1ORi3HgGWXJI15kNozQ==', 2, 'ub/Nej8BunZL3H6o+Z7+sg==', 'a.sims@google.com.vn', 'a.sims@google.com.vn', 1, 0, '2019-06-07 05:28:54', '2019-06-07 05:28:54', '2019-06-07 05:28:54', '1754-01-01 00:00:00.000', 0, '1754-01-01 00:00:00.000', 0, '1754-01-01 00:00:00.000')
   INSERT INTO dbo.dnn_UserPortals(UserID, PortalID, CreatedDate, Authorised, IsDeleted, RefreshRoles)
   VALUES(@UserID, @PortalID, '2019-06-07 05:28:54', 1, 0, 0)
   INSERT INTO dbo.dnn_UserRoles(UserID, RoleID, IsTrialUsed, CreatedByUserID, CreatedOnDate, LastModifiedByUserID, LastModifiedOnDate, [Status], IsOwner)
   VALUES(@UserId, @MaleRole, 0, 1, '2019-06-07 05:28:54', 1, '2019-06-07 05:28:54', 1, 0)
   INSERT INTO dbo.dnn_Users(Username, FirstName, LastName, Email, DisplayName, UpdatePassword, LastIPAddress, IsDeleted, CreatedByUserID, CreatedOnDate, LastModifiedByUserID, LastModifiedOnDate, PasswordResetToken, PasswordResetExpiration)
   VALUES('espinozad@paytm.com', 'Dave', 'Espinoza', 'espinozad@paytm.com', 'Dave Espinoza', 0, '', 0, 1, '2019-06-07 05:28:54', 1, '2019-06-07 05:28:54', NULL, NULL)
   SELECT @UserID = SCOPE_IDENTITY()
   INSERT INTO dbo.aspnet_Users(ApplicationID, UserName, LoweredUserName, IsAnonymous, LastActivityDate)
   VALUES(@ApplicationId, 'espinozad@paytm.com', 'espinozad@paytm.com', 0, '2019-06-07 05:28:54')
   SELECT @AspNetUserID = UserId FROM aspnet_Users WHERE Username = 'espinozad@paytm.com'
   INSERT INTO dbo.aspnet_Membership(ApplicationID, UserID, Password, PasswordFormat, PasswordSalt, Email, LoweredEmail, IsApproved, IsLockedOut, CreateDate, LastLoginDate, LastPasswordChangedDate, LastLockoutDate, FailedPasswordAttemptCount, FailedPasswordAttemptWindowStart, FailedPasswordAnswerAttemptCount, FailedPasswordAnswerAttemptWindowStart)
   VALUES(@ApplicationID, @AspNetUserID, 'aMoPu/jMK8Yc4dxEEtAWm+RvKkFRjT38n/c1ORi3HgGWXJI15kNozQ==', 2, 'ub/Nej8BunZL3H6o+Z7+sg==', 'espinozad@paytm.com', 'espinozad@paytm.com', 1, 0, '2019-06-07 05:28:54', '2019-06-07 05:28:54', '2019-06-07 05:28:54', '1754-01-01 00:00:00.000', 0, '1754-01-01 00:00:00.000', 0, '1754-01-01 00:00:00.000')
   INSERT INTO dbo.dnn_UserPortals(UserID, PortalID, CreatedDate, Authorised, IsDeleted, RefreshRoles)
   VALUES(@UserID, @PortalID, '2019-06-07 05:28:54', 1, 0, 0)
   INSERT INTO dbo.dnn_UserRoles(UserID, RoleID, IsTrialUsed, CreatedByUserID, CreatedOnDate, LastModifiedByUserID, LastModifiedOnDate, [Status], IsOwner)
   VALUES(@UserId, @MaleRole, 0, 1, '2019-06-07 05:28:54', 1, '2019-06-07 05:28:54', 1, 0)
   INSERT INTO dbo.dnn_UserRoles(UserID, RoleID, IsTrialUsed, CreatedByUserID, CreatedOnDate, LastModifiedByUserID, LastModifiedOnDate, [Status], IsOwner)
   VALUES(@UserId, @AcademicRole, 0, 1, '2019-06-07 05:28:54', 1, '2019-06-07 05:28:54', 1, 0)
   INSERT INTO dbo.dnn_Users(Username, FirstName, LastName, Email, DisplayName, UpdatePassword, LastIPAddress, IsDeleted, CreatedByUserID, CreatedOnDate, LastModifiedByUserID, LastModifiedOnDate, PasswordResetToken, PasswordResetExpiration)
   VALUES('ivan.howell@twimg.com', 'Ivan', 'Howell', 'ivan.howell@twimg.com', 'Ivan Howell', 0, '', 0, 1, '2019-06-07 05:28:54', 1, '2019-06-07 05:28:54', NULL, NULL)
   SELECT @UserID = SCOPE_IDENTITY()
   INSERT INTO dbo.aspnet_Users(ApplicationID, UserName, LoweredUserName, IsAnonymous, LastActivityDate)
   VALUES(@ApplicationId, 'ivan.howell@twimg.com', 'ivan.howell@twimg.com', 0, '2019-06-07 05:28:54')
   SELECT @AspNetUserID = UserId FROM aspnet_Users WHERE Username = 'ivan.howell@twimg.com'
   INSERT INTO dbo.aspnet_Membership(ApplicationID, UserID, Password, PasswordFormat, PasswordSalt, Email, LoweredEmail, IsApproved, IsLockedOut, CreateDate, LastLoginDate, LastPasswordChangedDate, LastLockoutDate, FailedPasswordAttemptCount, FailedPasswordAttemptWindowStart, FailedPasswordAnswerAttemptCount, FailedPasswordAnswerAttemptWindowStart)
   VALUES(@ApplicationID, @AspNetUserID, 'aMoPu/jMK8Yc4dxEEtAWm+RvKkFRjT38n/c1ORi3HgGWXJI15kNozQ==', 2, 'ub/Nej8BunZL3H6o+Z7+sg==', 'ivan.howell@twimg.com', 'ivan.howell@twimg.com', 1, 0, '2019-06-07 05:28:54', '2019-06-07 05:28:54', '2019-06-07 05:28:54', '1754-01-01 00:00:00.000', 0, '1754-01-01 00:00:00.000', 0, '1754-01-01 00:00:00.000')
   INSERT INTO dbo.dnn_UserPortals(UserID, PortalID, CreatedDate, Authorised, IsDeleted, RefreshRoles)
   VALUES(@UserID, @PortalID, '2019-06-07 05:28:54', 1, 0, 0)
   INSERT INTO dbo.dnn_UserRoles(UserID, RoleID, IsTrialUsed, CreatedByUserID, CreatedOnDate, LastModifiedByUserID, LastModifiedOnDate, [Status], IsOwner)
   VALUES(@UserId, @MaleRole, 0, 1, '2019-06-07 05:28:54', 1, '2019-06-07 05:28:54', 1, 0)
   INSERT INTO dbo.dnn_Users(Username, FirstName, LastName, Email, DisplayName, UpdatePassword, LastIPAddress, IsDeleted, CreatedByUserID, CreatedOnDate, LastModifiedByUserID, LastModifiedOnDate, PasswordResetToken, PasswordResetExpiration)
   VALUES('j.li@wikimedia.org', 'Johnnie', 'Li', 'j.li@wikimedia.org', 'Johnnie Li', 0, '', 0, 1, '2019-06-07 05:28:54', 1, '2019-06-07 05:28:54', NULL, NULL)
   SELECT @UserID = SCOPE_IDENTITY()
   INSERT INTO dbo.aspnet_Users(ApplicationID, UserName, LoweredUserName, IsAnonymous, LastActivityDate)
   VALUES(@ApplicationId, 'j.li@wikimedia.org', 'j.li@wikimedia.org', 0, '2019-06-07 05:28:54')
   SELECT @AspNetUserID = UserId FROM aspnet_Users WHERE Username = 'j.li@wikimedia.org'
   INSERT INTO dbo.aspnet_Membership(ApplicationID, UserID, Password, PasswordFormat, PasswordSalt, Email, LoweredEmail, IsApproved, IsLockedOut, CreateDate, LastLoginDate, LastPasswordChangedDate, LastLockoutDate, FailedPasswordAttemptCount, FailedPasswordAttemptWindowStart, FailedPasswordAnswerAttemptCount, FailedPasswordAnswerAttemptWindowStart)
   VALUES(@ApplicationID, @AspNetUserID, 'aMoPu/jMK8Yc4dxEEtAWm+RvKkFRjT38n/c1ORi3HgGWXJI15kNozQ==', 2, 'ub/Nej8BunZL3H6o+Z7+sg==', 'j.li@wikimedia.org', 'j.li@wikimedia.org', 1, 0, '2019-06-07 05:28:54', '2019-06-07 05:28:54', '2019-06-07 05:28:54', '1754-01-01 00:00:00.000', 0, '1754-01-01 00:00:00.000', 0, '1754-01-01 00:00:00.000')
   INSERT INTO dbo.dnn_UserPortals(UserID, PortalID, CreatedDate, Authorised, IsDeleted, RefreshRoles)
   VALUES(@UserID, @PortalID, '2019-06-07 05:28:54', 1, 0, 0)
   INSERT INTO dbo.dnn_UserRoles(UserID, RoleID, IsTrialUsed, CreatedByUserID, CreatedOnDate, LastModifiedByUserID, LastModifiedOnDate, [Status], IsOwner)
   VALUES(@UserId, @MaleRole, 0, 1, '2019-06-07 05:28:54', 1, '2019-06-07 05:28:54', 1, 0)
   INSERT INTO dbo.dnn_Users(Username, FirstName, LastName, Email, DisplayName, UpdatePassword, LastIPAddress, IsDeleted, CreatedByUserID, CreatedOnDate, LastModifiedByUserID, LastModifiedOnDate, PasswordResetToken, PasswordResetExpiration)
   VALUES('wongs@icicibank.com', 'Sidney', 'Wong', 'wongs@icicibank.com', 'Sidney Wong', 0, '', 0, 1, '2019-06-07 05:28:54', 1, '2019-06-07 05:28:54', NULL, NULL)
   SELECT @UserID = SCOPE_IDENTITY()
   INSERT INTO dbo.aspnet_Users(ApplicationID, UserName, LoweredUserName, IsAnonymous, LastActivityDate)
   VALUES(@ApplicationId, 'wongs@icicibank.com', 'wongs@icicibank.com', 0, '2019-06-07 05:28:54')
   SELECT @AspNetUserID = UserId FROM aspnet_Users WHERE Username = 'wongs@icicibank.com'
   INSERT INTO dbo.aspnet_Membership(ApplicationID, UserID, Password, PasswordFormat, PasswordSalt, Email, LoweredEmail, IsApproved, IsLockedOut, CreateDate, LastLoginDate, LastPasswordChangedDate, LastLockoutDate, FailedPasswordAttemptCount, FailedPasswordAttemptWindowStart, FailedPasswordAnswerAttemptCount, FailedPasswordAnswerAttemptWindowStart)
   VALUES(@ApplicationID, @AspNetUserID, 'aMoPu/jMK8Yc4dxEEtAWm+RvKkFRjT38n/c1ORi3HgGWXJI15kNozQ==', 2, 'ub/Nej8BunZL3H6o+Z7+sg==', 'wongs@icicibank.com', 'wongs@icicibank.com', 1, 0, '2019-06-07 05:28:54', '2019-06-07 05:28:54', '2019-06-07 05:28:54', '1754-01-01 00:00:00.000', 0, '1754-01-01 00:00:00.000', 0, '1754-01-01 00:00:00.000')
   INSERT INTO dbo.dnn_UserPortals(UserID, PortalID, CreatedDate, Authorised, IsDeleted, RefreshRoles)
   VALUES(@UserID, @PortalID, '2019-06-07 05:28:54', 1, 0, 0)
   INSERT INTO dbo.dnn_UserRoles(UserID, RoleID, IsTrialUsed, CreatedByUserID, CreatedOnDate, LastModifiedByUserID, LastModifiedOnDate, [Status], IsOwner)
   VALUES(@UserId, @MaleRole, 0, 1, '2019-06-07 05:28:54', 1, '2019-06-07 05:28:54', 1, 0)
   INSERT INTO dbo.dnn_Users(Username, FirstName, LastName, Email, DisplayName, UpdatePassword, LastIPAddress, IsDeleted, CreatedByUserID, CreatedOnDate, LastModifiedByUserID, LastModifiedOnDate, PasswordResetToken, PasswordResetExpiration)
   VALUES('byron.reid@t-online.de', 'Byron', 'Reid', 'byron.reid@t-online.de', 'Byron Reid', 0, '', 0, 1, '2019-06-07 05:28:54', 1, '2019-06-07 05:28:54', NULL, NULL)
   SELECT @UserID = SCOPE_IDENTITY()
   INSERT INTO dbo.aspnet_Users(ApplicationID, UserName, LoweredUserName, IsAnonymous, LastActivityDate)
   VALUES(@ApplicationId, 'byron.reid@t-online.de', 'byron.reid@t-online.de', 0, '2019-06-07 05:28:54')
   SELECT @AspNetUserID = UserId FROM aspnet_Users WHERE Username = 'byron.reid@t-online.de'
   INSERT INTO dbo.aspnet_Membership(ApplicationID, UserID, Password, PasswordFormat, PasswordSalt, Email, LoweredEmail, IsApproved, IsLockedOut, CreateDate, LastLoginDate, LastPasswordChangedDate, LastLockoutDate, FailedPasswordAttemptCount, FailedPasswordAttemptWindowStart, FailedPasswordAnswerAttemptCount, FailedPasswordAnswerAttemptWindowStart)
   VALUES(@ApplicationID, @AspNetUserID, 'aMoPu/jMK8Yc4dxEEtAWm+RvKkFRjT38n/c1ORi3HgGWXJI15kNozQ==', 2, 'ub/Nej8BunZL3H6o+Z7+sg==', 'byron.reid@t-online.de', 'byron.reid@t-online.de', 1, 0, '2019-06-07 05:28:54', '2019-06-07 05:28:54', '2019-06-07 05:28:54', '1754-01-01 00:00:00.000', 0, '1754-01-01 00:00:00.000', 0, '1754-01-01 00:00:00.000')
   INSERT INTO dbo.dnn_UserPortals(UserID, PortalID, CreatedDate, Authorised, IsDeleted, RefreshRoles)
   VALUES(@UserID, @PortalID, '2019-06-07 05:28:54', 1, 0, 0)
   INSERT INTO dbo.dnn_UserRoles(UserID, RoleID, IsTrialUsed, CreatedByUserID, CreatedOnDate, LastModifiedByUserID, LastModifiedOnDate, [Status], IsOwner)
   VALUES(@UserId, @MaleRole, 0, 1, '2019-06-07 05:28:54', 1, '2019-06-07 05:28:54', 1, 0)
   INSERT INTO dbo.dnn_Users(Username, FirstName, LastName, Email, DisplayName, UpdatePassword, LastIPAddress, IsDeleted, CreatedByUserID, CreatedOnDate, LastModifiedByUserID, LastModifiedOnDate, PasswordResetToken, PasswordResetExpiration)
   VALUES('j.hanson@tokopedia.com', 'Julian', 'Hanson', 'j.hanson@tokopedia.com', 'Julian Hanson', 0, '', 0, 1, '2019-06-07 05:28:54', 1, '2019-06-07 05:28:54', NULL, NULL)
   SELECT @UserID = SCOPE_IDENTITY()
   INSERT INTO dbo.aspnet_Users(ApplicationID, UserName, LoweredUserName, IsAnonymous, LastActivityDate)
   VALUES(@ApplicationId, 'j.hanson@tokopedia.com', 'j.hanson@tokopedia.com', 0, '2019-06-07 05:28:54')
   SELECT @AspNetUserID = UserId FROM aspnet_Users WHERE Username = 'j.hanson@tokopedia.com'
   INSERT INTO dbo.aspnet_Membership(ApplicationID, UserID, Password, PasswordFormat, PasswordSalt, Email, LoweredEmail, IsApproved, IsLockedOut, CreateDate, LastLoginDate, LastPasswordChangedDate, LastLockoutDate, FailedPasswordAttemptCount, FailedPasswordAttemptWindowStart, FailedPasswordAnswerAttemptCount, FailedPasswordAnswerAttemptWindowStart)
   VALUES(@ApplicationID, @AspNetUserID, 'aMoPu/jMK8Yc4dxEEtAWm+RvKkFRjT38n/c1ORi3HgGWXJI15kNozQ==', 2, 'ub/Nej8BunZL3H6o+Z7+sg==', 'j.hanson@tokopedia.com', 'j.hanson@tokopedia.com', 1, 0, '2019-06-07 05:28:54', '2019-06-07 05:28:54', '2019-06-07 05:28:54', '1754-01-01 00:00:00.000', 0, '1754-01-01 00:00:00.000', 0, '1754-01-01 00:00:00.000')
   INSERT INTO dbo.dnn_UserPortals(UserID, PortalID, CreatedDate, Authorised, IsDeleted, RefreshRoles)
   VALUES(@UserID, @PortalID, '2019-06-07 05:28:54', 1, 0, 0)
   INSERT INTO dbo.dnn_UserRoles(UserID, RoleID, IsTrialUsed, CreatedByUserID, CreatedOnDate, LastModifiedByUserID, LastModifiedOnDate, [Status], IsOwner)
   VALUES(@UserId, @MaleRole, 0, 1, '2019-06-07 05:28:54', 1, '2019-06-07 05:28:54', 1, 0)
   INSERT INTO dbo.dnn_Users(Username, FirstName, LastName, Email, DisplayName, UpdatePassword, LastIPAddress, IsDeleted, CreatedByUserID, CreatedOnDate, LastModifiedByUserID, LastModifiedOnDate, PasswordResetToken, PasswordResetExpiration)
   VALUES('lei@popcash.net', 'Isaac', 'Le', 'lei@popcash.net', 'Isaac Le', 0, '', 0, 1, '2019-06-07 05:28:54', 1, '2019-06-07 05:28:54', NULL, NULL)
   SELECT @UserID = SCOPE_IDENTITY()
   INSERT INTO dbo.aspnet_Users(ApplicationID, UserName, LoweredUserName, IsAnonymous, LastActivityDate)
   VALUES(@ApplicationId, 'lei@popcash.net', 'lei@popcash.net', 0, '2019-06-07 05:28:54')
   SELECT @AspNetUserID = UserId FROM aspnet_Users WHERE Username = 'lei@popcash.net'
   INSERT INTO dbo.aspnet_Membership(ApplicationID, UserID, Password, PasswordFormat, PasswordSalt, Email, LoweredEmail, IsApproved, IsLockedOut, CreateDate, LastLoginDate, LastPasswordChangedDate, LastLockoutDate, FailedPasswordAttemptCount, FailedPasswordAttemptWindowStart, FailedPasswordAnswerAttemptCount, FailedPasswordAnswerAttemptWindowStart)
   VALUES(@ApplicationID, @AspNetUserID, 'aMoPu/jMK8Yc4dxEEtAWm+RvKkFRjT38n/c1ORi3HgGWXJI15kNozQ==', 2, 'ub/Nej8BunZL3H6o+Z7+sg==', 'lei@popcash.net', 'lei@popcash.net', 1, 0, '2019-06-07 05:28:54', '2019-06-07 05:28:54', '2019-06-07 05:28:54', '1754-01-01 00:00:00.000', 0, '1754-01-01 00:00:00.000', 0, '1754-01-01 00:00:00.000')
   INSERT INTO dbo.dnn_UserPortals(UserID, PortalID, CreatedDate, Authorised, IsDeleted, RefreshRoles)
   VALUES(@UserID, @PortalID, '2019-06-07 05:28:54', 1, 0, 0)
   INSERT INTO dbo.dnn_UserRoles(UserID, RoleID, IsTrialUsed, CreatedByUserID, CreatedOnDate, LastModifiedByUserID, LastModifiedOnDate, [Status], IsOwner)
   VALUES(@UserId, @MaleRole, 0, 1, '2019-06-07 05:28:54', 1, '2019-06-07 05:28:54', 1, 0)
   INSERT INTO dbo.dnn_Users(Username, FirstName, LastName, Email, DisplayName, UpdatePassword, LastIPAddress, IsDeleted, CreatedByUserID, CreatedOnDate, LastModifiedByUserID, LastModifiedOnDate, PasswordResetToken, PasswordResetExpiration)
   VALUES('morris.mccoy@telegraph.co.uk', 'Morris', 'Mccoy', 'morris.mccoy@telegraph.co.uk', 'Morris Mccoy', 0, '', 0, 1, '2019-06-07 05:28:54', 1, '2019-06-07 05:28:54', NULL, NULL)
   SELECT @UserID = SCOPE_IDENTITY()
   INSERT INTO dbo.aspnet_Users(ApplicationID, UserName, LoweredUserName, IsAnonymous, LastActivityDate)
   VALUES(@ApplicationId, 'morris.mccoy@telegraph.co.uk', 'morris.mccoy@telegraph.co.uk', 0, '2019-06-07 05:28:54')
   SELECT @AspNetUserID = UserId FROM aspnet_Users WHERE Username = 'morris.mccoy@telegraph.co.uk'
   INSERT INTO dbo.aspnet_Membership(ApplicationID, UserID, Password, PasswordFormat, PasswordSalt, Email, LoweredEmail, IsApproved, IsLockedOut, CreateDate, LastLoginDate, LastPasswordChangedDate, LastLockoutDate, FailedPasswordAttemptCount, FailedPasswordAttemptWindowStart, FailedPasswordAnswerAttemptCount, FailedPasswordAnswerAttemptWindowStart)
   VALUES(@ApplicationID, @AspNetUserID, 'aMoPu/jMK8Yc4dxEEtAWm+RvKkFRjT38n/c1ORi3HgGWXJI15kNozQ==', 2, 'ub/Nej8BunZL3H6o+Z7+sg==', 'morris.mccoy@telegraph.co.uk', 'morris.mccoy@telegraph.co.uk', 1, 0, '2019-06-07 05:28:54', '2019-06-07 05:28:54', '2019-06-07 05:28:54', '1754-01-01 00:00:00.000', 0, '1754-01-01 00:00:00.000', 0, '1754-01-01 00:00:00.000')
   INSERT INTO dbo.dnn_UserPortals(UserID, PortalID, CreatedDate, Authorised, IsDeleted, RefreshRoles)
   VALUES(@UserID, @PortalID, '2019-06-07 05:28:54', 1, 0, 0)
   INSERT INTO dbo.dnn_UserRoles(UserID, RoleID, IsTrialUsed, CreatedByUserID, CreatedOnDate, LastModifiedByUserID, LastModifiedOnDate, [Status], IsOwner)
   VALUES(@UserId, @MaleRole, 0, 1, '2019-06-07 05:28:54', 1, '2019-06-07 05:28:54', 1, 0)
   INSERT INTO dbo.dnn_UserRoles(UserID, RoleID, IsTrialUsed, CreatedByUserID, CreatedOnDate, LastModifiedByUserID, LastModifiedOnDate, [Status], IsOwner)
   VALUES(@UserId, @ManagerRole, 0, 1, '2019-06-07 05:28:54', 1, '2019-06-07 05:28:54', 1, 0)
   INSERT INTO dbo.dnn_Users(Username, FirstName, LastName, Email, DisplayName, UpdatePassword, LastIPAddress, IsDeleted, CreatedByUserID, CreatedOnDate, LastModifiedByUserID, LastModifiedOnDate, PasswordResetToken, PasswordResetExpiration)
   VALUES('c.garrett@usps.com', 'Clifton', 'Garrett', 'c.garrett@usps.com', 'Clifton Garrett', 0, '', 0, 1, '2019-06-07 05:28:54', 1, '2019-06-07 05:28:54', NULL, NULL)
   SELECT @UserID = SCOPE_IDENTITY()
   INSERT INTO dbo.aspnet_Users(ApplicationID, UserName, LoweredUserName, IsAnonymous, LastActivityDate)
   VALUES(@ApplicationId, 'c.garrett@usps.com', 'c.garrett@usps.com', 0, '2019-06-07 05:28:54')
   SELECT @AspNetUserID = UserId FROM aspnet_Users WHERE Username = 'c.garrett@usps.com'
   INSERT INTO dbo.aspnet_Membership(ApplicationID, UserID, Password, PasswordFormat, PasswordSalt, Email, LoweredEmail, IsApproved, IsLockedOut, CreateDate, LastLoginDate, LastPasswordChangedDate, LastLockoutDate, FailedPasswordAttemptCount, FailedPasswordAttemptWindowStart, FailedPasswordAnswerAttemptCount, FailedPasswordAnswerAttemptWindowStart)
   VALUES(@ApplicationID, @AspNetUserID, 'aMoPu/jMK8Yc4dxEEtAWm+RvKkFRjT38n/c1ORi3HgGWXJI15kNozQ==', 2, 'ub/Nej8BunZL3H6o+Z7+sg==', 'c.garrett@usps.com', 'c.garrett@usps.com', 1, 0, '2019-06-07 05:28:54', '2019-06-07 05:28:54', '2019-06-07 05:28:54', '1754-01-01 00:00:00.000', 0, '1754-01-01 00:00:00.000', 0, '1754-01-01 00:00:00.000')
   INSERT INTO dbo.dnn_UserPortals(UserID, PortalID, CreatedDate, Authorised, IsDeleted, RefreshRoles)
   VALUES(@UserID, @PortalID, '2019-06-07 05:28:54', 1, 0, 0)
   INSERT INTO dbo.dnn_UserRoles(UserID, RoleID, IsTrialUsed, CreatedByUserID, CreatedOnDate, LastModifiedByUserID, LastModifiedOnDate, [Status], IsOwner)
   VALUES(@UserId, @MaleRole, 0, 1, '2019-06-07 05:28:54', 1, '2019-06-07 05:28:54', 1, 0)
   INSERT INTO dbo.dnn_Users(Username, FirstName, LastName, Email, DisplayName, UpdatePassword, LastIPAddress, IsDeleted, CreatedByUserID, CreatedOnDate, LastModifiedByUserID, LastModifiedOnDate, PasswordResetToken, PasswordResetExpiration)
   VALUES('burtonw@slither.io', 'Willard', 'Burton', 'burtonw@slither.io', 'Willard Burton', 0, '', 0, 1, '2019-06-07 05:28:54', 1, '2019-06-07 05:28:54', NULL, NULL)
   SELECT @UserID = SCOPE_IDENTITY()
   INSERT INTO dbo.aspnet_Users(ApplicationID, UserName, LoweredUserName, IsAnonymous, LastActivityDate)
   VALUES(@ApplicationId, 'burtonw@slither.io', 'burtonw@slither.io', 0, '2019-06-07 05:28:54')
   SELECT @AspNetUserID = UserId FROM aspnet_Users WHERE Username = 'burtonw@slither.io'
   INSERT INTO dbo.aspnet_Membership(ApplicationID, UserID, Password, PasswordFormat, PasswordSalt, Email, LoweredEmail, IsApproved, IsLockedOut, CreateDate, LastLoginDate, LastPasswordChangedDate, LastLockoutDate, FailedPasswordAttemptCount, FailedPasswordAttemptWindowStart, FailedPasswordAnswerAttemptCount, FailedPasswordAnswerAttemptWindowStart)
   VALUES(@ApplicationID, @AspNetUserID, 'aMoPu/jMK8Yc4dxEEtAWm+RvKkFRjT38n/c1ORi3HgGWXJI15kNozQ==', 2, 'ub/Nej8BunZL3H6o+Z7+sg==', 'burtonw@slither.io', 'burtonw@slither.io', 1, 0, '2019-06-07 05:28:54', '2019-06-07 05:28:54', '2019-06-07 05:28:54', '1754-01-01 00:00:00.000', 0, '1754-01-01 00:00:00.000', 0, '1754-01-01 00:00:00.000')
   INSERT INTO dbo.dnn_UserPortals(UserID, PortalID, CreatedDate, Authorised, IsDeleted, RefreshRoles)
   VALUES(@UserID, @PortalID, '2019-06-07 05:28:54', 1, 0, 0)
   INSERT INTO dbo.dnn_UserRoles(UserID, RoleID, IsTrialUsed, CreatedByUserID, CreatedOnDate, LastModifiedByUserID, LastModifiedOnDate, [Status], IsOwner)
   VALUES(@UserId, @MaleRole, 0, 1, '2019-06-07 05:28:54', 1, '2019-06-07 05:28:54', 1, 0)
   INSERT INTO dbo.dnn_Users(Username, FirstName, LastName, Email, DisplayName, UpdatePassword, LastIPAddress, IsDeleted, CreatedByUserID, CreatedOnDate, LastModifiedByUserID, LastModifiedOnDate, PasswordResetToken, PasswordResetExpiration)
   VALUES('daryl.fuller@wp.pl', 'Daryl', 'Fuller', 'daryl.fuller@wp.pl', 'Daryl Fuller', 0, '', 0, 1, '2019-06-07 05:28:54', 1, '2019-06-07 05:28:54', NULL, NULL)
   SELECT @UserID = SCOPE_IDENTITY()
   INSERT INTO dbo.aspnet_Users(ApplicationID, UserName, LoweredUserName, IsAnonymous, LastActivityDate)
   VALUES(@ApplicationId, 'daryl.fuller@wp.pl', 'daryl.fuller@wp.pl', 0, '2019-06-07 05:28:54')
   SELECT @AspNetUserID = UserId FROM aspnet_Users WHERE Username = 'daryl.fuller@wp.pl'
   INSERT INTO dbo.aspnet_Membership(ApplicationID, UserID, Password, PasswordFormat, PasswordSalt, Email, LoweredEmail, IsApproved, IsLockedOut, CreateDate, LastLoginDate, LastPasswordChangedDate, LastLockoutDate, FailedPasswordAttemptCount, FailedPasswordAttemptWindowStart, FailedPasswordAnswerAttemptCount, FailedPasswordAnswerAttemptWindowStart)
   VALUES(@ApplicationID, @AspNetUserID, 'aMoPu/jMK8Yc4dxEEtAWm+RvKkFRjT38n/c1ORi3HgGWXJI15kNozQ==', 2, 'ub/Nej8BunZL3H6o+Z7+sg==', 'daryl.fuller@wp.pl', 'daryl.fuller@wp.pl', 1, 0, '2019-06-07 05:28:54', '2019-06-07 05:28:54', '2019-06-07 05:28:54', '1754-01-01 00:00:00.000', 0, '1754-01-01 00:00:00.000', 0, '1754-01-01 00:00:00.000')
   INSERT INTO dbo.dnn_UserPortals(UserID, PortalID, CreatedDate, Authorised, IsDeleted, RefreshRoles)
   VALUES(@UserID, @PortalID, '2019-06-07 05:28:54', 1, 0, 0)
   INSERT INTO dbo.dnn_UserRoles(UserID, RoleID, IsTrialUsed, CreatedByUserID, CreatedOnDate, LastModifiedByUserID, LastModifiedOnDate, [Status], IsOwner)
   VALUES(@UserId, @MaleRole, 0, 1, '2019-06-07 05:28:54', 1, '2019-06-07 05:28:54', 1, 0)
   INSERT INTO dbo.dnn_Users(Username, FirstName, LastName, Email, DisplayName, UpdatePassword, LastIPAddress, IsDeleted, CreatedByUserID, CreatedOnDate, LastModifiedByUserID, LastModifiedOnDate, PasswordResetToken, PasswordResetExpiration)
   VALUES('r.wang@blog.jp', 'Ross', 'Wang', 'r.wang@blog.jp', 'Ross Wang', 0, '', 0, 1, '2019-06-07 05:28:54', 1, '2019-06-07 05:28:54', NULL, NULL)
   SELECT @UserID = SCOPE_IDENTITY()
   INSERT INTO dbo.aspnet_Users(ApplicationID, UserName, LoweredUserName, IsAnonymous, LastActivityDate)
   VALUES(@ApplicationId, 'r.wang@blog.jp', 'r.wang@blog.jp', 0, '2019-06-07 05:28:54')
   SELECT @AspNetUserID = UserId FROM aspnet_Users WHERE Username = 'r.wang@blog.jp'
   INSERT INTO dbo.aspnet_Membership(ApplicationID, UserID, Password, PasswordFormat, PasswordSalt, Email, LoweredEmail, IsApproved, IsLockedOut, CreateDate, LastLoginDate, LastPasswordChangedDate, LastLockoutDate, FailedPasswordAttemptCount, FailedPasswordAttemptWindowStart, FailedPasswordAnswerAttemptCount, FailedPasswordAnswerAttemptWindowStart)
   VALUES(@ApplicationID, @AspNetUserID, 'aMoPu/jMK8Yc4dxEEtAWm+RvKkFRjT38n/c1ORi3HgGWXJI15kNozQ==', 2, 'ub/Nej8BunZL3H6o+Z7+sg==', 'r.wang@blog.jp', 'r.wang@blog.jp', 1, 0, '2019-06-07 05:28:54', '2019-06-07 05:28:54', '2019-06-07 05:28:54', '1754-01-01 00:00:00.000', 0, '1754-01-01 00:00:00.000', 0, '1754-01-01 00:00:00.000')
   INSERT INTO dbo.dnn_UserPortals(UserID, PortalID, CreatedDate, Authorised, IsDeleted, RefreshRoles)
   VALUES(@UserID, @PortalID, '2019-06-07 05:28:54', 1, 0, 0)
   INSERT INTO dbo.dnn_UserRoles(UserID, RoleID, IsTrialUsed, CreatedByUserID, CreatedOnDate, LastModifiedByUserID, LastModifiedOnDate, [Status], IsOwner)
   VALUES(@UserId, @MaleRole, 0, 1, '2019-06-07 05:28:54', 1, '2019-06-07 05:28:54', 1, 0)
   INSERT INTO dbo.dnn_Users(Username, FirstName, LastName, Email, DisplayName, UpdatePassword, LastIPAddress, IsDeleted, CreatedByUserID, CreatedOnDate, LastModifiedByUserID, LastModifiedOnDate, PasswordResetToken, PasswordResetExpiration)
   VALUES('weberv@google.ch', 'Virgil', 'Weber', 'weberv@google.ch', 'Virgil Weber', 0, '', 0, 1, '2019-06-07 05:28:54', 1, '2019-06-07 05:28:54', NULL, NULL)
   SELECT @UserID = SCOPE_IDENTITY()
   INSERT INTO dbo.aspnet_Users(ApplicationID, UserName, LoweredUserName, IsAnonymous, LastActivityDate)
   VALUES(@ApplicationId, 'weberv@google.ch', 'weberv@google.ch', 0, '2019-06-07 05:28:54')
   SELECT @AspNetUserID = UserId FROM aspnet_Users WHERE Username = 'weberv@google.ch'
   INSERT INTO dbo.aspnet_Membership(ApplicationID, UserID, Password, PasswordFormat, PasswordSalt, Email, LoweredEmail, IsApproved, IsLockedOut, CreateDate, LastLoginDate, LastPasswordChangedDate, LastLockoutDate, FailedPasswordAttemptCount, FailedPasswordAttemptWindowStart, FailedPasswordAnswerAttemptCount, FailedPasswordAnswerAttemptWindowStart)
   VALUES(@ApplicationID, @AspNetUserID, 'aMoPu/jMK8Yc4dxEEtAWm+RvKkFRjT38n/c1ORi3HgGWXJI15kNozQ==', 2, 'ub/Nej8BunZL3H6o+Z7+sg==', 'weberv@google.ch', 'weberv@google.ch', 1, 0, '2019-06-07 05:28:54', '2019-06-07 05:28:54', '2019-06-07 05:28:54', '1754-01-01 00:00:00.000', 0, '1754-01-01 00:00:00.000', 0, '1754-01-01 00:00:00.000')
   INSERT INTO dbo.dnn_UserPortals(UserID, PortalID, CreatedDate, Authorised, IsDeleted, RefreshRoles)
   VALUES(@UserID, @PortalID, '2019-06-07 05:28:54', 1, 0, 0)
   INSERT INTO dbo.dnn_UserRoles(UserID, RoleID, IsTrialUsed, CreatedByUserID, CreatedOnDate, LastModifiedByUserID, LastModifiedOnDate, [Status], IsOwner)
   VALUES(@UserId, @MaleRole, 0, 1, '2019-06-07 05:28:54', 1, '2019-06-07 05:28:54', 1, 0)
   INSERT INTO dbo.dnn_Users(Username, FirstName, LastName, Email, DisplayName, UpdatePassword, LastIPAddress, IsDeleted, CreatedByUserID, CreatedOnDate, LastModifiedByUserID, LastModifiedOnDate, PasswordResetToken, PasswordResetExpiration)
   VALUES('andy.welch@webtretho.com', 'Andy', 'Welch', 'andy.welch@webtretho.com', 'Andy Welch', 0, '', 0, 1, '2019-06-07 05:28:54', 1, '2019-06-07 05:28:54', NULL, NULL)
   SELECT @UserID = SCOPE_IDENTITY()
   INSERT INTO dbo.aspnet_Users(ApplicationID, UserName, LoweredUserName, IsAnonymous, LastActivityDate)
   VALUES(@ApplicationId, 'andy.welch@webtretho.com', 'andy.welch@webtretho.com', 0, '2019-06-07 05:28:54')
   SELECT @AspNetUserID = UserId FROM aspnet_Users WHERE Username = 'andy.welch@webtretho.com'
   INSERT INTO dbo.aspnet_Membership(ApplicationID, UserID, Password, PasswordFormat, PasswordSalt, Email, LoweredEmail, IsApproved, IsLockedOut, CreateDate, LastLoginDate, LastPasswordChangedDate, LastLockoutDate, FailedPasswordAttemptCount, FailedPasswordAttemptWindowStart, FailedPasswordAnswerAttemptCount, FailedPasswordAnswerAttemptWindowStart)
   VALUES(@ApplicationID, @AspNetUserID, 'aMoPu/jMK8Yc4dxEEtAWm+RvKkFRjT38n/c1ORi3HgGWXJI15kNozQ==', 2, 'ub/Nej8BunZL3H6o+Z7+sg==', 'andy.welch@webtretho.com', 'andy.welch@webtretho.com', 1, 0, '2019-06-07 05:28:54', '2019-06-07 05:28:54', '2019-06-07 05:28:54', '1754-01-01 00:00:00.000', 0, '1754-01-01 00:00:00.000', 0, '1754-01-01 00:00:00.000')
   INSERT INTO dbo.dnn_UserPortals(UserID, PortalID, CreatedDate, Authorised, IsDeleted, RefreshRoles)
   VALUES(@UserID, @PortalID, '2019-06-07 05:28:54', 1, 0, 0)
   INSERT INTO dbo.dnn_UserRoles(UserID, RoleID, IsTrialUsed, CreatedByUserID, CreatedOnDate, LastModifiedByUserID, LastModifiedOnDate, [Status], IsOwner)
   VALUES(@UserId, @MaleRole, 0, 1, '2019-06-07 05:28:54', 1, '2019-06-07 05:28:54', 1, 0)
   INSERT INTO dbo.dnn_UserRoles(UserID, RoleID, IsTrialUsed, CreatedByUserID, CreatedOnDate, LastModifiedByUserID, LastModifiedOnDate, [Status], IsOwner)
   VALUES(@UserId, @AcademicRole, 0, 1, '2019-06-07 05:28:54', 1, '2019-06-07 05:28:54', 1, 0)
   INSERT INTO dbo.dnn_Users(Username, FirstName, LastName, Email, DisplayName, UpdatePassword, LastIPAddress, IsDeleted, CreatedByUserID, CreatedOnDate, LastModifiedByUserID, LastModifiedOnDate, PasswordResetToken, PasswordResetExpiration)
   VALUES('m.rojas@irctc.co.in', 'Marshall', 'Rojas', 'm.rojas@irctc.co.in', 'Marshall Rojas', 0, '', 0, 1, '2019-06-07 05:28:54', 1, '2019-06-07 05:28:54', NULL, NULL)
   SELECT @UserID = SCOPE_IDENTITY()
   INSERT INTO dbo.aspnet_Users(ApplicationID, UserName, LoweredUserName, IsAnonymous, LastActivityDate)
   VALUES(@ApplicationId, 'm.rojas@irctc.co.in', 'm.rojas@irctc.co.in', 0, '2019-06-07 05:28:54')
   SELECT @AspNetUserID = UserId FROM aspnet_Users WHERE Username = 'm.rojas@irctc.co.in'
   INSERT INTO dbo.aspnet_Membership(ApplicationID, UserID, Password, PasswordFormat, PasswordSalt, Email, LoweredEmail, IsApproved, IsLockedOut, CreateDate, LastLoginDate, LastPasswordChangedDate, LastLockoutDate, FailedPasswordAttemptCount, FailedPasswordAttemptWindowStart, FailedPasswordAnswerAttemptCount, FailedPasswordAnswerAttemptWindowStart)
   VALUES(@ApplicationID, @AspNetUserID, 'aMoPu/jMK8Yc4dxEEtAWm+RvKkFRjT38n/c1ORi3HgGWXJI15kNozQ==', 2, 'ub/Nej8BunZL3H6o+Z7+sg==', 'm.rojas@irctc.co.in', 'm.rojas@irctc.co.in', 1, 0, '2019-06-07 05:28:54', '2019-06-07 05:28:54', '2019-06-07 05:28:54', '1754-01-01 00:00:00.000', 0, '1754-01-01 00:00:00.000', 0, '1754-01-01 00:00:00.000')
   INSERT INTO dbo.dnn_UserPortals(UserID, PortalID, CreatedDate, Authorised, IsDeleted, RefreshRoles)
   VALUES(@UserID, @PortalID, '2019-06-07 05:28:54', 1, 0, 0)
   INSERT INTO dbo.dnn_UserRoles(UserID, RoleID, IsTrialUsed, CreatedByUserID, CreatedOnDate, LastModifiedByUserID, LastModifiedOnDate, [Status], IsOwner)
   VALUES(@UserId, @MaleRole, 0, 1, '2019-06-07 05:28:54', 1, '2019-06-07 05:28:54', 1, 0)
   INSERT INTO dbo.dnn_Users(Username, FirstName, LastName, Email, DisplayName, UpdatePassword, LastIPAddress, IsDeleted, CreatedByUserID, CreatedOnDate, LastModifiedByUserID, LastModifiedOnDate, PasswordResetToken, PasswordResetExpiration)
   VALUES('lucass@trello.com', 'Salvador', 'Lucas', 'lucass@trello.com', 'Salvador Lucas', 0, '', 0, 1, '2019-06-07 05:28:54', 1, '2019-06-07 05:28:54', NULL, NULL)
   SELECT @UserID = SCOPE_IDENTITY()
   INSERT INTO dbo.aspnet_Users(ApplicationID, UserName, LoweredUserName, IsAnonymous, LastActivityDate)
   VALUES(@ApplicationId, 'lucass@trello.com', 'lucass@trello.com', 0, '2019-06-07 05:28:54')
   SELECT @AspNetUserID = UserId FROM aspnet_Users WHERE Username = 'lucass@trello.com'
   INSERT INTO dbo.aspnet_Membership(ApplicationID, UserID, Password, PasswordFormat, PasswordSalt, Email, LoweredEmail, IsApproved, IsLockedOut, CreateDate, LastLoginDate, LastPasswordChangedDate, LastLockoutDate, FailedPasswordAttemptCount, FailedPasswordAttemptWindowStart, FailedPasswordAnswerAttemptCount, FailedPasswordAnswerAttemptWindowStart)
   VALUES(@ApplicationID, @AspNetUserID, 'aMoPu/jMK8Yc4dxEEtAWm+RvKkFRjT38n/c1ORi3HgGWXJI15kNozQ==', 2, 'ub/Nej8BunZL3H6o+Z7+sg==', 'lucass@trello.com', 'lucass@trello.com', 1, 0, '2019-06-07 05:28:54', '2019-06-07 05:28:54', '2019-06-07 05:28:54', '1754-01-01 00:00:00.000', 0, '1754-01-01 00:00:00.000', 0, '1754-01-01 00:00:00.000')
   INSERT INTO dbo.dnn_UserPortals(UserID, PortalID, CreatedDate, Authorised, IsDeleted, RefreshRoles)
   VALUES(@UserID, @PortalID, '2019-06-07 05:28:54', 1, 0, 0)
   INSERT INTO dbo.dnn_UserRoles(UserID, RoleID, IsTrialUsed, CreatedByUserID, CreatedOnDate, LastModifiedByUserID, LastModifiedOnDate, [Status], IsOwner)
   VALUES(@UserId, @MaleRole, 0, 1, '2019-06-07 05:28:54', 1, '2019-06-07 05:28:54', 1, 0)
   INSERT INTO dbo.dnn_Users(Username, FirstName, LastName, Email, DisplayName, UpdatePassword, LastIPAddress, IsDeleted, CreatedByUserID, CreatedOnDate, LastModifiedByUserID, LastModifiedOnDate, PasswordResetToken, PasswordResetExpiration)
   VALUES('perry.marquez@google.pt', 'Perry', 'Marquez', 'perry.marquez@google.pt', 'Perry Marquez', 0, '', 0, 1, '2019-06-07 05:28:54', 1, '2019-06-07 05:28:54', NULL, NULL)
   SELECT @UserID = SCOPE_IDENTITY()
   INSERT INTO dbo.aspnet_Users(ApplicationID, UserName, LoweredUserName, IsAnonymous, LastActivityDate)
   VALUES(@ApplicationId, 'perry.marquez@google.pt', 'perry.marquez@google.pt', 0, '2019-06-07 05:28:54')
   SELECT @AspNetUserID = UserId FROM aspnet_Users WHERE Username = 'perry.marquez@google.pt'
   INSERT INTO dbo.aspnet_Membership(ApplicationID, UserID, Password, PasswordFormat, PasswordSalt, Email, LoweredEmail, IsApproved, IsLockedOut, CreateDate, LastLoginDate, LastPasswordChangedDate, LastLockoutDate, FailedPasswordAttemptCount, FailedPasswordAttemptWindowStart, FailedPasswordAnswerAttemptCount, FailedPasswordAnswerAttemptWindowStart)
   VALUES(@ApplicationID, @AspNetUserID, 'aMoPu/jMK8Yc4dxEEtAWm+RvKkFRjT38n/c1ORi3HgGWXJI15kNozQ==', 2, 'ub/Nej8BunZL3H6o+Z7+sg==', 'perry.marquez@google.pt', 'perry.marquez@google.pt', 1, 0, '2019-06-07 05:28:54', '2019-06-07 05:28:54', '2019-06-07 05:28:54', '1754-01-01 00:00:00.000', 0, '1754-01-01 00:00:00.000', 0, '1754-01-01 00:00:00.000')
   INSERT INTO dbo.dnn_UserPortals(UserID, PortalID, CreatedDate, Authorised, IsDeleted, RefreshRoles)
   VALUES(@UserID, @PortalID, '2019-06-07 05:28:54', 1, 0, 0)
   INSERT INTO dbo.dnn_UserRoles(UserID, RoleID, IsTrialUsed, CreatedByUserID, CreatedOnDate, LastModifiedByUserID, LastModifiedOnDate, [Status], IsOwner)
   VALUES(@UserId, @MaleRole, 0, 1, '2019-06-07 05:28:54', 1, '2019-06-07 05:28:54', 1, 0)
   INSERT INTO dbo.dnn_Users(Username, FirstName, LastName, Email, DisplayName, UpdatePassword, LastIPAddress, IsDeleted, CreatedByUserID, CreatedOnDate, LastModifiedByUserID, LastModifiedOnDate, PasswordResetToken, PasswordResetExpiration)
   VALUES('k.fields@yesky.com', 'Kirk', 'Fields', 'k.fields@yesky.com', 'Kirk Fields', 0, '', 0, 1, '2019-06-07 05:28:54', 1, '2019-06-07 05:28:54', NULL, NULL)
   SELECT @UserID = SCOPE_IDENTITY()
   INSERT INTO dbo.aspnet_Users(ApplicationID, UserName, LoweredUserName, IsAnonymous, LastActivityDate)
   VALUES(@ApplicationId, 'k.fields@yesky.com', 'k.fields@yesky.com', 0, '2019-06-07 05:28:54')
   SELECT @AspNetUserID = UserId FROM aspnet_Users WHERE Username = 'k.fields@yesky.com'
   INSERT INTO dbo.aspnet_Membership(ApplicationID, UserID, Password, PasswordFormat, PasswordSalt, Email, LoweredEmail, IsApproved, IsLockedOut, CreateDate, LastLoginDate, LastPasswordChangedDate, LastLockoutDate, FailedPasswordAttemptCount, FailedPasswordAttemptWindowStart, FailedPasswordAnswerAttemptCount, FailedPasswordAnswerAttemptWindowStart)
   VALUES(@ApplicationID, @AspNetUserID, 'aMoPu/jMK8Yc4dxEEtAWm+RvKkFRjT38n/c1ORi3HgGWXJI15kNozQ==', 2, 'ub/Nej8BunZL3H6o+Z7+sg==', 'k.fields@yesky.com', 'k.fields@yesky.com', 1, 0, '2019-06-07 05:28:54', '2019-06-07 05:28:54', '2019-06-07 05:28:54', '1754-01-01 00:00:00.000', 0, '1754-01-01 00:00:00.000', 0, '1754-01-01 00:00:00.000')
   INSERT INTO dbo.dnn_UserPortals(UserID, PortalID, CreatedDate, Authorised, IsDeleted, RefreshRoles)
   VALUES(@UserID, @PortalID, '2019-06-07 05:28:54', 1, 0, 0)
   INSERT INTO dbo.dnn_UserRoles(UserID, RoleID, IsTrialUsed, CreatedByUserID, CreatedOnDate, LastModifiedByUserID, LastModifiedOnDate, [Status], IsOwner)
   VALUES(@UserId, @MaleRole, 0, 1, '2019-06-07 05:28:54', 1, '2019-06-07 05:28:54', 1, 0)
   INSERT INTO dbo.dnn_UserRoles(UserID, RoleID, IsTrialUsed, CreatedByUserID, CreatedOnDate, LastModifiedByUserID, LastModifiedOnDate, [Status], IsOwner)
   VALUES(@UserId, @ManagerRole, 0, 1, '2019-06-07 05:28:54', 1, '2019-06-07 05:28:54', 1, 0)
   INSERT INTO dbo.dnn_Users(Username, FirstName, LastName, Email, DisplayName, UpdatePassword, LastIPAddress, IsDeleted, CreatedByUserID, CreatedOnDate, LastModifiedByUserID, LastModifiedOnDate, PasswordResetToken, PasswordResetExpiration)
   VALUES('parks@xywy.com', 'Sergio', 'Park', 'parks@xywy.com', 'Sergio Park', 0, '', 0, 1, '2019-06-07 05:28:54', 1, '2019-06-07 05:28:54', NULL, NULL)
   SELECT @UserID = SCOPE_IDENTITY()
   INSERT INTO dbo.aspnet_Users(ApplicationID, UserName, LoweredUserName, IsAnonymous, LastActivityDate)
   VALUES(@ApplicationId, 'parks@xywy.com', 'parks@xywy.com', 0, '2019-06-07 05:28:54')
   SELECT @AspNetUserID = UserId FROM aspnet_Users WHERE Username = 'parks@xywy.com'
   INSERT INTO dbo.aspnet_Membership(ApplicationID, UserID, Password, PasswordFormat, PasswordSalt, Email, LoweredEmail, IsApproved, IsLockedOut, CreateDate, LastLoginDate, LastPasswordChangedDate, LastLockoutDate, FailedPasswordAttemptCount, FailedPasswordAttemptWindowStart, FailedPasswordAnswerAttemptCount, FailedPasswordAnswerAttemptWindowStart)
   VALUES(@ApplicationID, @AspNetUserID, 'aMoPu/jMK8Yc4dxEEtAWm+RvKkFRjT38n/c1ORi3HgGWXJI15kNozQ==', 2, 'ub/Nej8BunZL3H6o+Z7+sg==', 'parks@xywy.com', 'parks@xywy.com', 1, 0, '2019-06-07 05:28:54', '2019-06-07 05:28:54', '2019-06-07 05:28:54', '1754-01-01 00:00:00.000', 0, '1754-01-01 00:00:00.000', 0, '1754-01-01 00:00:00.000')
   INSERT INTO dbo.dnn_UserPortals(UserID, PortalID, CreatedDate, Authorised, IsDeleted, RefreshRoles)
   VALUES(@UserID, @PortalID, '2019-06-07 05:28:54', 1, 0, 0)
   INSERT INTO dbo.dnn_UserRoles(UserID, RoleID, IsTrialUsed, CreatedByUserID, CreatedOnDate, LastModifiedByUserID, LastModifiedOnDate, [Status], IsOwner)
   VALUES(@UserId, @MaleRole, 0, 1, '2019-06-07 05:28:54', 1, '2019-06-07 05:28:54', 1, 0)
   INSERT INTO dbo.dnn_Users(Username, FirstName, LastName, Email, DisplayName, UpdatePassword, LastIPAddress, IsDeleted, CreatedByUserID, CreatedOnDate, LastModifiedByUserID, LastModifiedOnDate, PasswordResetToken, PasswordResetExpiration)
   VALUES('marion.yang@huanqiu.com', 'Marion', 'Yang', 'marion.yang@huanqiu.com', 'Marion Yang', 0, '', 0, 1, '2019-06-07 05:28:54', 1, '2019-06-07 05:28:54', NULL, NULL)
   SELECT @UserID = SCOPE_IDENTITY()
   INSERT INTO dbo.aspnet_Users(ApplicationID, UserName, LoweredUserName, IsAnonymous, LastActivityDate)
   VALUES(@ApplicationId, 'marion.yang@huanqiu.com', 'marion.yang@huanqiu.com', 0, '2019-06-07 05:28:54')
   SELECT @AspNetUserID = UserId FROM aspnet_Users WHERE Username = 'marion.yang@huanqiu.com'
   INSERT INTO dbo.aspnet_Membership(ApplicationID, UserID, Password, PasswordFormat, PasswordSalt, Email, LoweredEmail, IsApproved, IsLockedOut, CreateDate, LastLoginDate, LastPasswordChangedDate, LastLockoutDate, FailedPasswordAttemptCount, FailedPasswordAttemptWindowStart, FailedPasswordAnswerAttemptCount, FailedPasswordAnswerAttemptWindowStart)
   VALUES(@ApplicationID, @AspNetUserID, 'aMoPu/jMK8Yc4dxEEtAWm+RvKkFRjT38n/c1ORi3HgGWXJI15kNozQ==', 2, 'ub/Nej8BunZL3H6o+Z7+sg==', 'marion.yang@huanqiu.com', 'marion.yang@huanqiu.com', 1, 0, '2019-06-07 05:28:54', '2019-06-07 05:28:54', '2019-06-07 05:28:54', '1754-01-01 00:00:00.000', 0, '1754-01-01 00:00:00.000', 0, '1754-01-01 00:00:00.000')
   INSERT INTO dbo.dnn_UserPortals(UserID, PortalID, CreatedDate, Authorised, IsDeleted, RefreshRoles)
   VALUES(@UserID, @PortalID, '2019-06-07 05:28:54', 1, 0, 0)
   INSERT INTO dbo.dnn_UserRoles(UserID, RoleID, IsTrialUsed, CreatedByUserID, CreatedOnDate, LastModifiedByUserID, LastModifiedOnDate, [Status], IsOwner)
   VALUES(@UserId, @MaleRole, 0, 1, '2019-06-07 05:28:54', 1, '2019-06-07 05:28:54', 1, 0)
   INSERT INTO dbo.dnn_Users(Username, FirstName, LastName, Email, DisplayName, UpdatePassword, LastIPAddress, IsDeleted, CreatedByUserID, CreatedOnDate, LastModifiedByUserID, LastModifiedOnDate, PasswordResetToken, PasswordResetExpiration)
   VALUES('t.little@eksisozluk.com', 'Tracy', 'Little', 't.little@eksisozluk.com', 'Tracy Little', 0, '', 0, 1, '2019-06-07 05:28:54', 1, '2019-06-07 05:28:54', NULL, NULL)
   SELECT @UserID = SCOPE_IDENTITY()
   INSERT INTO dbo.aspnet_Users(ApplicationID, UserName, LoweredUserName, IsAnonymous, LastActivityDate)
   VALUES(@ApplicationId, 't.little@eksisozluk.com', 't.little@eksisozluk.com', 0, '2019-06-07 05:28:54')
   SELECT @AspNetUserID = UserId FROM aspnet_Users WHERE Username = 't.little@eksisozluk.com'
   INSERT INTO dbo.aspnet_Membership(ApplicationID, UserID, Password, PasswordFormat, PasswordSalt, Email, LoweredEmail, IsApproved, IsLockedOut, CreateDate, LastLoginDate, LastPasswordChangedDate, LastLockoutDate, FailedPasswordAttemptCount, FailedPasswordAttemptWindowStart, FailedPasswordAnswerAttemptCount, FailedPasswordAnswerAttemptWindowStart)
   VALUES(@ApplicationID, @AspNetUserID, 'aMoPu/jMK8Yc4dxEEtAWm+RvKkFRjT38n/c1ORi3HgGWXJI15kNozQ==', 2, 'ub/Nej8BunZL3H6o+Z7+sg==', 't.little@eksisozluk.com', 't.little@eksisozluk.com', 1, 0, '2019-06-07 05:28:54', '2019-06-07 05:28:54', '2019-06-07 05:28:54', '1754-01-01 00:00:00.000', 0, '1754-01-01 00:00:00.000', 0, '1754-01-01 00:00:00.000')
   INSERT INTO dbo.dnn_UserPortals(UserID, PortalID, CreatedDate, Authorised, IsDeleted, RefreshRoles)
   VALUES(@UserID, @PortalID, '2019-06-07 05:28:54', 1, 0, 0)
   INSERT INTO dbo.dnn_UserRoles(UserID, RoleID, IsTrialUsed, CreatedByUserID, CreatedOnDate, LastModifiedByUserID, LastModifiedOnDate, [Status], IsOwner)
   VALUES(@UserId, @MaleRole, 0, 1, '2019-06-07 05:28:54', 1, '2019-06-07 05:28:54', 1, 0)
   INSERT INTO dbo.dnn_Users(Username, FirstName, LastName, Email, DisplayName, UpdatePassword, LastIPAddress, IsDeleted, CreatedByUserID, CreatedOnDate, LastModifiedByUserID, LastModifiedOnDate, PasswordResetToken, PasswordResetExpiration)
   VALUES('bankss@blastingnews.com', 'Seth', 'Banks', 'bankss@blastingnews.com', 'Seth Banks', 0, '', 0, 1, '2019-06-07 05:28:54', 1, '2019-06-07 05:28:54', NULL, NULL)
   SELECT @UserID = SCOPE_IDENTITY()
   INSERT INTO dbo.aspnet_Users(ApplicationID, UserName, LoweredUserName, IsAnonymous, LastActivityDate)
   VALUES(@ApplicationId, 'bankss@blastingnews.com', 'bankss@blastingnews.com', 0, '2019-06-07 05:28:54')
   SELECT @AspNetUserID = UserId FROM aspnet_Users WHERE Username = 'bankss@blastingnews.com'
   INSERT INTO dbo.aspnet_Membership(ApplicationID, UserID, Password, PasswordFormat, PasswordSalt, Email, LoweredEmail, IsApproved, IsLockedOut, CreateDate, LastLoginDate, LastPasswordChangedDate, LastLockoutDate, FailedPasswordAttemptCount, FailedPasswordAttemptWindowStart, FailedPasswordAnswerAttemptCount, FailedPasswordAnswerAttemptWindowStart)
   VALUES(@ApplicationID, @AspNetUserID, 'aMoPu/jMK8Yc4dxEEtAWm+RvKkFRjT38n/c1ORi3HgGWXJI15kNozQ==', 2, 'ub/Nej8BunZL3H6o+Z7+sg==', 'bankss@blastingnews.com', 'bankss@blastingnews.com', 1, 0, '2019-06-07 05:28:54', '2019-06-07 05:28:54', '2019-06-07 05:28:54', '1754-01-01 00:00:00.000', 0, '1754-01-01 00:00:00.000', 0, '1754-01-01 00:00:00.000')
   INSERT INTO dbo.dnn_UserPortals(UserID, PortalID, CreatedDate, Authorised, IsDeleted, RefreshRoles)
   VALUES(@UserID, @PortalID, '2019-06-07 05:28:54', 1, 0, 0)
   INSERT INTO dbo.dnn_UserRoles(UserID, RoleID, IsTrialUsed, CreatedByUserID, CreatedOnDate, LastModifiedByUserID, LastModifiedOnDate, [Status], IsOwner)
   VALUES(@UserId, @MaleRole, 0, 1, '2019-06-07 05:28:54', 1, '2019-06-07 05:28:54', 1, 0)
   INSERT INTO dbo.dnn_Users(Username, FirstName, LastName, Email, DisplayName, UpdatePassword, LastIPAddress, IsDeleted, CreatedByUserID, CreatedOnDate, LastModifiedByUserID, LastModifiedOnDate, PasswordResetToken, PasswordResetExpiration)
   VALUES('kent.padilla@citi.com', 'Kent', 'Padilla', 'kent.padilla@citi.com', 'Kent Padilla', 0, '', 0, 1, '2019-06-07 05:28:54', 1, '2019-06-07 05:28:54', NULL, NULL)
   SELECT @UserID = SCOPE_IDENTITY()
   INSERT INTO dbo.aspnet_Users(ApplicationID, UserName, LoweredUserName, IsAnonymous, LastActivityDate)
   VALUES(@ApplicationId, 'kent.padilla@citi.com', 'kent.padilla@citi.com', 0, '2019-06-07 05:28:54')
   SELECT @AspNetUserID = UserId FROM aspnet_Users WHERE Username = 'kent.padilla@citi.com'
   INSERT INTO dbo.aspnet_Membership(ApplicationID, UserID, Password, PasswordFormat, PasswordSalt, Email, LoweredEmail, IsApproved, IsLockedOut, CreateDate, LastLoginDate, LastPasswordChangedDate, LastLockoutDate, FailedPasswordAttemptCount, FailedPasswordAttemptWindowStart, FailedPasswordAnswerAttemptCount, FailedPasswordAnswerAttemptWindowStart)
   VALUES(@ApplicationID, @AspNetUserID, 'aMoPu/jMK8Yc4dxEEtAWm+RvKkFRjT38n/c1ORi3HgGWXJI15kNozQ==', 2, 'ub/Nej8BunZL3H6o+Z7+sg==', 'kent.padilla@citi.com', 'kent.padilla@citi.com', 1, 0, '2019-06-07 05:28:54', '2019-06-07 05:28:54', '2019-06-07 05:28:54', '1754-01-01 00:00:00.000', 0, '1754-01-01 00:00:00.000', 0, '1754-01-01 00:00:00.000')
   INSERT INTO dbo.dnn_UserPortals(UserID, PortalID, CreatedDate, Authorised, IsDeleted, RefreshRoles)
   VALUES(@UserID, @PortalID, '2019-06-07 05:28:54', 1, 0, 0)
   INSERT INTO dbo.dnn_UserRoles(UserID, RoleID, IsTrialUsed, CreatedByUserID, CreatedOnDate, LastModifiedByUserID, LastModifiedOnDate, [Status], IsOwner)
   VALUES(@UserId, @MaleRole, 0, 1, '2019-06-07 05:28:54', 1, '2019-06-07 05:28:54', 1, 0)
   INSERT INTO dbo.dnn_Users(Username, FirstName, LastName, Email, DisplayName, UpdatePassword, LastIPAddress, IsDeleted, CreatedByUserID, CreatedOnDate, LastModifiedByUserID, LastModifiedOnDate, PasswordResetToken, PasswordResetExpiration)
   VALUES('t.day@shutterstock.com', 'Terrance', 'Day', 't.day@shutterstock.com', 'Terrance Day', 0, '', 0, 1, '2019-06-07 05:28:54', 1, '2019-06-07 05:28:54', NULL, NULL)
   SELECT @UserID = SCOPE_IDENTITY()
   INSERT INTO dbo.aspnet_Users(ApplicationID, UserName, LoweredUserName, IsAnonymous, LastActivityDate)
   VALUES(@ApplicationId, 't.day@shutterstock.com', 't.day@shutterstock.com', 0, '2019-06-07 05:28:54')
   SELECT @AspNetUserID = UserId FROM aspnet_Users WHERE Username = 't.day@shutterstock.com'
   INSERT INTO dbo.aspnet_Membership(ApplicationID, UserID, Password, PasswordFormat, PasswordSalt, Email, LoweredEmail, IsApproved, IsLockedOut, CreateDate, LastLoginDate, LastPasswordChangedDate, LastLockoutDate, FailedPasswordAttemptCount, FailedPasswordAttemptWindowStart, FailedPasswordAnswerAttemptCount, FailedPasswordAnswerAttemptWindowStart)
   VALUES(@ApplicationID, @AspNetUserID, 'aMoPu/jMK8Yc4dxEEtAWm+RvKkFRjT38n/c1ORi3HgGWXJI15kNozQ==', 2, 'ub/Nej8BunZL3H6o+Z7+sg==', 't.day@shutterstock.com', 't.day@shutterstock.com', 1, 0, '2019-06-07 05:28:54', '2019-06-07 05:28:54', '2019-06-07 05:28:54', '1754-01-01 00:00:00.000', 0, '1754-01-01 00:00:00.000', 0, '1754-01-01 00:00:00.000')
   INSERT INTO dbo.dnn_UserPortals(UserID, PortalID, CreatedDate, Authorised, IsDeleted, RefreshRoles)
   VALUES(@UserID, @PortalID, '2019-06-07 05:28:54', 1, 0, 0)
   INSERT INTO dbo.dnn_UserRoles(UserID, RoleID, IsTrialUsed, CreatedByUserID, CreatedOnDate, LastModifiedByUserID, LastModifiedOnDate, [Status], IsOwner)
   VALUES(@UserId, @MaleRole, 0, 1, '2019-06-07 05:28:54', 1, '2019-06-07 05:28:54', 1, 0)
   INSERT INTO dbo.dnn_Users(Username, FirstName, LastName, Email, DisplayName, UpdatePassword, LastIPAddress, IsDeleted, CreatedByUserID, CreatedOnDate, LastModifiedByUserID, LastModifiedOnDate, PasswordResetToken, PasswordResetExpiration)
   VALUES('walshr@rediff.com', 'Rene', 'Walsh', 'walshr@rediff.com', 'Rene Walsh', 0, '', 0, 1, '2019-06-07 05:28:54', 1, '2019-06-07 05:28:54', NULL, NULL)
   SELECT @UserID = SCOPE_IDENTITY()
   INSERT INTO dbo.aspnet_Users(ApplicationID, UserName, LoweredUserName, IsAnonymous, LastActivityDate)
   VALUES(@ApplicationId, 'walshr@rediff.com', 'walshr@rediff.com', 0, '2019-06-07 05:28:54')
   SELECT @AspNetUserID = UserId FROM aspnet_Users WHERE Username = 'walshr@rediff.com'
   INSERT INTO dbo.aspnet_Membership(ApplicationID, UserID, Password, PasswordFormat, PasswordSalt, Email, LoweredEmail, IsApproved, IsLockedOut, CreateDate, LastLoginDate, LastPasswordChangedDate, LastLockoutDate, FailedPasswordAttemptCount, FailedPasswordAttemptWindowStart, FailedPasswordAnswerAttemptCount, FailedPasswordAnswerAttemptWindowStart)
   VALUES(@ApplicationID, @AspNetUserID, 'aMoPu/jMK8Yc4dxEEtAWm+RvKkFRjT38n/c1ORi3HgGWXJI15kNozQ==', 2, 'ub/Nej8BunZL3H6o+Z7+sg==', 'walshr@rediff.com', 'walshr@rediff.com', 1, 0, '2019-06-07 05:28:54', '2019-06-07 05:28:54', '2019-06-07 05:28:54', '1754-01-01 00:00:00.000', 0, '1754-01-01 00:00:00.000', 0, '1754-01-01 00:00:00.000')
   INSERT INTO dbo.dnn_UserPortals(UserID, PortalID, CreatedDate, Authorised, IsDeleted, RefreshRoles)
   VALUES(@UserID, @PortalID, '2019-06-07 05:28:54', 1, 0, 0)
   INSERT INTO dbo.dnn_UserRoles(UserID, RoleID, IsTrialUsed, CreatedByUserID, CreatedOnDate, LastModifiedByUserID, LastModifiedOnDate, [Status], IsOwner)
   VALUES(@UserId, @MaleRole, 0, 1, '2019-06-07 05:28:54', 1, '2019-06-07 05:28:54', 1, 0)
   INSERT INTO dbo.dnn_Users(Username, FirstName, LastName, Email, DisplayName, UpdatePassword, LastIPAddress, IsDeleted, CreatedByUserID, CreatedOnDate, LastModifiedByUserID, LastModifiedOnDate, PasswordResetToken, PasswordResetExpiration)
   VALUES('eduardo.bowman@files.wordpress.com', 'Eduardo', 'Bowman', 'eduardo.bowman@files.wordpress.com', 'Eduardo Bowman', 0, '', 0, 1, '2019-06-07 05:28:54', 1, '2019-06-07 05:28:54', NULL, NULL)
   SELECT @UserID = SCOPE_IDENTITY()
   INSERT INTO dbo.aspnet_Users(ApplicationID, UserName, LoweredUserName, IsAnonymous, LastActivityDate)
   VALUES(@ApplicationId, 'eduardo.bowman@files.wordpress.com', 'eduardo.bowman@files.wordpress.com', 0, '2019-06-07 05:28:54')
   SELECT @AspNetUserID = UserId FROM aspnet_Users WHERE Username = 'eduardo.bowman@files.wordpress.com'
   INSERT INTO dbo.aspnet_Membership(ApplicationID, UserID, Password, PasswordFormat, PasswordSalt, Email, LoweredEmail, IsApproved, IsLockedOut, CreateDate, LastLoginDate, LastPasswordChangedDate, LastLockoutDate, FailedPasswordAttemptCount, FailedPasswordAttemptWindowStart, FailedPasswordAnswerAttemptCount, FailedPasswordAnswerAttemptWindowStart)
   VALUES(@ApplicationID, @AspNetUserID, 'aMoPu/jMK8Yc4dxEEtAWm+RvKkFRjT38n/c1ORi3HgGWXJI15kNozQ==', 2, 'ub/Nej8BunZL3H6o+Z7+sg==', 'eduardo.bowman@files.wordpress.com', 'eduardo.bowman@files.wordpress.com', 1, 0, '2019-06-07 05:28:54', '2019-06-07 05:28:54', '2019-06-07 05:28:54', '1754-01-01 00:00:00.000', 0, '1754-01-01 00:00:00.000', 0, '1754-01-01 00:00:00.000')
   INSERT INTO dbo.dnn_UserPortals(UserID, PortalID, CreatedDate, Authorised, IsDeleted, RefreshRoles)
   VALUES(@UserID, @PortalID, '2019-06-07 05:28:54', 1, 0, 0)
   INSERT INTO dbo.dnn_UserRoles(UserID, RoleID, IsTrialUsed, CreatedByUserID, CreatedOnDate, LastModifiedByUserID, LastModifiedOnDate, [Status], IsOwner)
   VALUES(@UserId, @MaleRole, 0, 1, '2019-06-07 05:28:54', 1, '2019-06-07 05:28:54', 1, 0)
   INSERT INTO dbo.dnn_Users(Username, FirstName, LastName, Email, DisplayName, UpdatePassword, LastIPAddress, IsDeleted, CreatedByUserID, CreatedOnDate, LastModifiedByUserID, LastModifiedOnDate, PasswordResetToken, PasswordResetExpiration)
   VALUES('t.schultz@ups.com', 'Terrence', 'Schultz', 't.schultz@ups.com', 'Terrence Schultz', 0, '', 0, 1, '2019-06-07 05:28:54', 1, '2019-06-07 05:28:54', NULL, NULL)
   SELECT @UserID = SCOPE_IDENTITY()
   INSERT INTO dbo.aspnet_Users(ApplicationID, UserName, LoweredUserName, IsAnonymous, LastActivityDate)
   VALUES(@ApplicationId, 't.schultz@ups.com', 't.schultz@ups.com', 0, '2019-06-07 05:28:54')
   SELECT @AspNetUserID = UserId FROM aspnet_Users WHERE Username = 't.schultz@ups.com'
   INSERT INTO dbo.aspnet_Membership(ApplicationID, UserID, Password, PasswordFormat, PasswordSalt, Email, LoweredEmail, IsApproved, IsLockedOut, CreateDate, LastLoginDate, LastPasswordChangedDate, LastLockoutDate, FailedPasswordAttemptCount, FailedPasswordAttemptWindowStart, FailedPasswordAnswerAttemptCount, FailedPasswordAnswerAttemptWindowStart)
   VALUES(@ApplicationID, @AspNetUserID, 'aMoPu/jMK8Yc4dxEEtAWm+RvKkFRjT38n/c1ORi3HgGWXJI15kNozQ==', 2, 'ub/Nej8BunZL3H6o+Z7+sg==', 't.schultz@ups.com', 't.schultz@ups.com', 1, 0, '2019-06-07 05:28:54', '2019-06-07 05:28:54', '2019-06-07 05:28:54', '1754-01-01 00:00:00.000', 0, '1754-01-01 00:00:00.000', 0, '1754-01-01 00:00:00.000')
   INSERT INTO dbo.dnn_UserPortals(UserID, PortalID, CreatedDate, Authorised, IsDeleted, RefreshRoles)
   VALUES(@UserID, @PortalID, '2019-06-07 05:28:54', 1, 0, 0)
   INSERT INTO dbo.dnn_UserRoles(UserID, RoleID, IsTrialUsed, CreatedByUserID, CreatedOnDate, LastModifiedByUserID, LastModifiedOnDate, [Status], IsOwner)
   VALUES(@UserId, @MaleRole, 0, 1, '2019-06-07 05:28:54', 1, '2019-06-07 05:28:54', 1, 0)
   INSERT INTO dbo.dnn_UserRoles(UserID, RoleID, IsTrialUsed, CreatedByUserID, CreatedOnDate, LastModifiedByUserID, LastModifiedOnDate, [Status], IsOwner)
   VALUES(@UserId, @AcademicRole, 0, 1, '2019-06-07 05:28:54', 1, '2019-06-07 05:28:54', 1, 0)
   INSERT INTO dbo.dnn_Users(Username, FirstName, LastName, Email, DisplayName, UpdatePassword, LastIPAddress, IsDeleted, CreatedByUserID, CreatedOnDate, LastModifiedByUserID, LastModifiedOnDate, PasswordResetToken, PasswordResetExpiration)
   VALUES('lunae@1688.com', 'Enrique', 'Luna', 'lunae@1688.com', 'Enrique Luna', 0, '', 0, 1, '2019-06-07 05:28:54', 1, '2019-06-07 05:28:54', NULL, NULL)
   SELECT @UserID = SCOPE_IDENTITY()
   INSERT INTO dbo.aspnet_Users(ApplicationID, UserName, LoweredUserName, IsAnonymous, LastActivityDate)
   VALUES(@ApplicationId, 'lunae@1688.com', 'lunae@1688.com', 0, '2019-06-07 05:28:54')
   SELECT @AspNetUserID = UserId FROM aspnet_Users WHERE Username = 'lunae@1688.com'
   INSERT INTO dbo.aspnet_Membership(ApplicationID, UserID, Password, PasswordFormat, PasswordSalt, Email, LoweredEmail, IsApproved, IsLockedOut, CreateDate, LastLoginDate, LastPasswordChangedDate, LastLockoutDate, FailedPasswordAttemptCount, FailedPasswordAttemptWindowStart, FailedPasswordAnswerAttemptCount, FailedPasswordAnswerAttemptWindowStart)
   VALUES(@ApplicationID, @AspNetUserID, 'aMoPu/jMK8Yc4dxEEtAWm+RvKkFRjT38n/c1ORi3HgGWXJI15kNozQ==', 2, 'ub/Nej8BunZL3H6o+Z7+sg==', 'lunae@1688.com', 'lunae@1688.com', 1, 0, '2019-06-07 05:28:54', '2019-06-07 05:28:54', '2019-06-07 05:28:54', '1754-01-01 00:00:00.000', 0, '1754-01-01 00:00:00.000', 0, '1754-01-01 00:00:00.000')
   INSERT INTO dbo.dnn_UserPortals(UserID, PortalID, CreatedDate, Authorised, IsDeleted, RefreshRoles)
   VALUES(@UserID, @PortalID, '2019-06-07 05:28:54', 1, 0, 0)
   INSERT INTO dbo.dnn_UserRoles(UserID, RoleID, IsTrialUsed, CreatedByUserID, CreatedOnDate, LastModifiedByUserID, LastModifiedOnDate, [Status], IsOwner)
   VALUES(@UserId, @MaleRole, 0, 1, '2019-06-07 05:28:54', 1, '2019-06-07 05:28:54', 1, 0)
   INSERT INTO dbo.dnn_UserRoles(UserID, RoleID, IsTrialUsed, CreatedByUserID, CreatedOnDate, LastModifiedByUserID, LastModifiedOnDate, [Status], IsOwner)
   VALUES(@UserId, @ManagerRole, 0, 1, '2019-06-07 05:28:54', 1, '2019-06-07 05:28:54', 1, 0)
   INSERT INTO dbo.dnn_Users(Username, FirstName, LastName, Email, DisplayName, UpdatePassword, LastIPAddress, IsDeleted, CreatedByUserID, CreatedOnDate, LastModifiedByUserID, LastModifiedOnDate, PasswordResetToken, PasswordResetExpiration)
   VALUES('freddie.fowler@google.cl', 'Freddie', 'Fowler', 'freddie.fowler@google.cl', 'Freddie Fowler', 0, '', 0, 1, '2019-06-07 05:28:54', 1, '2019-06-07 05:28:54', NULL, NULL)
   SELECT @UserID = SCOPE_IDENTITY()
   INSERT INTO dbo.aspnet_Users(ApplicationID, UserName, LoweredUserName, IsAnonymous, LastActivityDate)
   VALUES(@ApplicationId, 'freddie.fowler@google.cl', 'freddie.fowler@google.cl', 0, '2019-06-07 05:28:54')
   SELECT @AspNetUserID = UserId FROM aspnet_Users WHERE Username = 'freddie.fowler@google.cl'
   INSERT INTO dbo.aspnet_Membership(ApplicationID, UserID, Password, PasswordFormat, PasswordSalt, Email, LoweredEmail, IsApproved, IsLockedOut, CreateDate, LastLoginDate, LastPasswordChangedDate, LastLockoutDate, FailedPasswordAttemptCount, FailedPasswordAttemptWindowStart, FailedPasswordAnswerAttemptCount, FailedPasswordAnswerAttemptWindowStart)
   VALUES(@ApplicationID, @AspNetUserID, 'aMoPu/jMK8Yc4dxEEtAWm+RvKkFRjT38n/c1ORi3HgGWXJI15kNozQ==', 2, 'ub/Nej8BunZL3H6o+Z7+sg==', 'freddie.fowler@google.cl', 'freddie.fowler@google.cl', 1, 0, '2019-06-07 05:28:54', '2019-06-07 05:28:54', '2019-06-07 05:28:54', '1754-01-01 00:00:00.000', 0, '1754-01-01 00:00:00.000', 0, '1754-01-01 00:00:00.000')
   INSERT INTO dbo.dnn_UserPortals(UserID, PortalID, CreatedDate, Authorised, IsDeleted, RefreshRoles)
   VALUES(@UserID, @PortalID, '2019-06-07 05:28:54', 1, 0, 0)
   INSERT INTO dbo.dnn_UserRoles(UserID, RoleID, IsTrialUsed, CreatedByUserID, CreatedOnDate, LastModifiedByUserID, LastModifiedOnDate, [Status], IsOwner)
   VALUES(@UserId, @MaleRole, 0, 1, '2019-06-07 05:28:54', 1, '2019-06-07 05:28:54', 1, 0)
   INSERT INTO dbo.dnn_Users(Username, FirstName, LastName, Email, DisplayName, UpdatePassword, LastIPAddress, IsDeleted, CreatedByUserID, CreatedOnDate, LastModifiedByUserID, LastModifiedOnDate, PasswordResetToken, PasswordResetExpiration)
   VALUES('w.mejia@bitauto.com', 'Wade', 'Mejia', 'w.mejia@bitauto.com', 'Wade Mejia', 0, '', 0, 1, '2019-06-07 05:28:54', 1, '2019-06-07 05:28:54', NULL, NULL)
   SELECT @UserID = SCOPE_IDENTITY()
   INSERT INTO dbo.aspnet_Users(ApplicationID, UserName, LoweredUserName, IsAnonymous, LastActivityDate)
   VALUES(@ApplicationId, 'w.mejia@bitauto.com', 'w.mejia@bitauto.com', 0, '2019-06-07 05:28:54')
   SELECT @AspNetUserID = UserId FROM aspnet_Users WHERE Username = 'w.mejia@bitauto.com'
   INSERT INTO dbo.aspnet_Membership(ApplicationID, UserID, Password, PasswordFormat, PasswordSalt, Email, LoweredEmail, IsApproved, IsLockedOut, CreateDate, LastLoginDate, LastPasswordChangedDate, LastLockoutDate, FailedPasswordAttemptCount, FailedPasswordAttemptWindowStart, FailedPasswordAnswerAttemptCount, FailedPasswordAnswerAttemptWindowStart)
   VALUES(@ApplicationID, @AspNetUserID, 'aMoPu/jMK8Yc4dxEEtAWm+RvKkFRjT38n/c1ORi3HgGWXJI15kNozQ==', 2, 'ub/Nej8BunZL3H6o+Z7+sg==', 'w.mejia@bitauto.com', 'w.mejia@bitauto.com', 1, 0, '2019-06-07 05:28:54', '2019-06-07 05:28:54', '2019-06-07 05:28:54', '1754-01-01 00:00:00.000', 0, '1754-01-01 00:00:00.000', 0, '1754-01-01 00:00:00.000')
   INSERT INTO dbo.dnn_UserPortals(UserID, PortalID, CreatedDate, Authorised, IsDeleted, RefreshRoles)
   VALUES(@UserID, @PortalID, '2019-06-07 05:28:54', 1, 0, 0)
   INSERT INTO dbo.dnn_UserRoles(UserID, RoleID, IsTrialUsed, CreatedByUserID, CreatedOnDate, LastModifiedByUserID, LastModifiedOnDate, [Status], IsOwner)
   VALUES(@UserId, @MaleRole, 0, 1, '2019-06-07 05:28:54', 1, '2019-06-07 05:28:54', 1, 0)
   INSERT INTO dbo.dnn_Users(Username, FirstName, LastName, Email, DisplayName, UpdatePassword, LastIPAddress, IsDeleted, CreatedByUserID, CreatedOnDate, LastModifiedByUserID, LastModifiedOnDate, PasswordResetToken, PasswordResetExpiration)
   VALUES('davidsona@speedtest.net', 'Austin', 'Davidson', 'davidsona@speedtest.net', 'Austin Davidson', 0, '', 0, 1, '2019-06-07 05:28:54', 1, '2019-06-07 05:28:54', NULL, NULL)
   SELECT @UserID = SCOPE_IDENTITY()
   INSERT INTO dbo.aspnet_Users(ApplicationID, UserName, LoweredUserName, IsAnonymous, LastActivityDate)
   VALUES(@ApplicationId, 'davidsona@speedtest.net', 'davidsona@speedtest.net', 0, '2019-06-07 05:28:54')
   SELECT @AspNetUserID = UserId FROM aspnet_Users WHERE Username = 'davidsona@speedtest.net'
   INSERT INTO dbo.aspnet_Membership(ApplicationID, UserID, Password, PasswordFormat, PasswordSalt, Email, LoweredEmail, IsApproved, IsLockedOut, CreateDate, LastLoginDate, LastPasswordChangedDate, LastLockoutDate, FailedPasswordAttemptCount, FailedPasswordAttemptWindowStart, FailedPasswordAnswerAttemptCount, FailedPasswordAnswerAttemptWindowStart)
   VALUES(@ApplicationID, @AspNetUserID, 'aMoPu/jMK8Yc4dxEEtAWm+RvKkFRjT38n/c1ORi3HgGWXJI15kNozQ==', 2, 'ub/Nej8BunZL3H6o+Z7+sg==', 'davidsona@speedtest.net', 'davidsona@speedtest.net', 1, 0, '2019-06-07 05:28:54', '2019-06-07 05:28:54', '2019-06-07 05:28:54', '1754-01-01 00:00:00.000', 0, '1754-01-01 00:00:00.000', 0, '1754-01-01 00:00:00.000')
   INSERT INTO dbo.dnn_UserPortals(UserID, PortalID, CreatedDate, Authorised, IsDeleted, RefreshRoles)
   VALUES(@UserID, @PortalID, '2019-06-07 05:28:54', 1, 0, 0)
   INSERT INTO dbo.dnn_UserRoles(UserID, RoleID, IsTrialUsed, CreatedByUserID, CreatedOnDate, LastModifiedByUserID, LastModifiedOnDate, [Status], IsOwner)
   VALUES(@UserId, @MaleRole, 0, 1, '2019-06-07 05:28:54', 1, '2019-06-07 05:28:54', 1, 0)
   INSERT INTO dbo.dnn_Users(Username, FirstName, LastName, Email, DisplayName, UpdatePassword, LastIPAddress, IsDeleted, CreatedByUserID, CreatedOnDate, LastModifiedByUserID, LastModifiedOnDate, PasswordResetToken, PasswordResetExpiration)
   VALUES('stuart.acosta@pandora.com', 'Stuart', 'Acosta', 'stuart.acosta@pandora.com', 'Stuart Acosta', 0, '', 0, 1, '2019-06-07 05:28:54', 1, '2019-06-07 05:28:54', NULL, NULL)
   SELECT @UserID = SCOPE_IDENTITY()
   INSERT INTO dbo.aspnet_Users(ApplicationID, UserName, LoweredUserName, IsAnonymous, LastActivityDate)
   VALUES(@ApplicationId, 'stuart.acosta@pandora.com', 'stuart.acosta@pandora.com', 0, '2019-06-07 05:28:54')
   SELECT @AspNetUserID = UserId FROM aspnet_Users WHERE Username = 'stuart.acosta@pandora.com'
   INSERT INTO dbo.aspnet_Membership(ApplicationID, UserID, Password, PasswordFormat, PasswordSalt, Email, LoweredEmail, IsApproved, IsLockedOut, CreateDate, LastLoginDate, LastPasswordChangedDate, LastLockoutDate, FailedPasswordAttemptCount, FailedPasswordAttemptWindowStart, FailedPasswordAnswerAttemptCount, FailedPasswordAnswerAttemptWindowStart)
   VALUES(@ApplicationID, @AspNetUserID, 'aMoPu/jMK8Yc4dxEEtAWm+RvKkFRjT38n/c1ORi3HgGWXJI15kNozQ==', 2, 'ub/Nej8BunZL3H6o+Z7+sg==', 'stuart.acosta@pandora.com', 'stuart.acosta@pandora.com', 1, 0, '2019-06-07 05:28:54', '2019-06-07 05:28:54', '2019-06-07 05:28:54', '1754-01-01 00:00:00.000', 0, '1754-01-01 00:00:00.000', 0, '1754-01-01 00:00:00.000')
   INSERT INTO dbo.dnn_UserPortals(UserID, PortalID, CreatedDate, Authorised, IsDeleted, RefreshRoles)
   VALUES(@UserID, @PortalID, '2019-06-07 05:28:54', 1, 0, 0)
   INSERT INTO dbo.dnn_UserRoles(UserID, RoleID, IsTrialUsed, CreatedByUserID, CreatedOnDate, LastModifiedByUserID, LastModifiedOnDate, [Status], IsOwner)
   VALUES(@UserId, @MaleRole, 0, 1, '2019-06-07 05:28:54', 1, '2019-06-07 05:28:54', 1, 0)
   INSERT INTO dbo.dnn_Users(Username, FirstName, LastName, Email, DisplayName, UpdatePassword, LastIPAddress, IsDeleted, CreatedByUserID, CreatedOnDate, LastModifiedByUserID, LastModifiedOnDate, PasswordResetToken, PasswordResetExpiration)
   VALUES('f.brewer@adexc.net', 'Fredrick', 'Brewer', 'f.brewer@adexc.net', 'Fredrick Brewer', 0, '', 0, 1, '2019-06-07 05:28:54', 1, '2019-06-07 05:28:54', NULL, NULL)
   SELECT @UserID = SCOPE_IDENTITY()
   INSERT INTO dbo.aspnet_Users(ApplicationID, UserName, LoweredUserName, IsAnonymous, LastActivityDate)
   VALUES(@ApplicationId, 'f.brewer@adexc.net', 'f.brewer@adexc.net', 0, '2019-06-07 05:28:54')
   SELECT @AspNetUserID = UserId FROM aspnet_Users WHERE Username = 'f.brewer@adexc.net'
   INSERT INTO dbo.aspnet_Membership(ApplicationID, UserID, Password, PasswordFormat, PasswordSalt, Email, LoweredEmail, IsApproved, IsLockedOut, CreateDate, LastLoginDate, LastPasswordChangedDate, LastLockoutDate, FailedPasswordAttemptCount, FailedPasswordAttemptWindowStart, FailedPasswordAnswerAttemptCount, FailedPasswordAnswerAttemptWindowStart)
   VALUES(@ApplicationID, @AspNetUserID, 'aMoPu/jMK8Yc4dxEEtAWm+RvKkFRjT38n/c1ORi3HgGWXJI15kNozQ==', 2, 'ub/Nej8BunZL3H6o+Z7+sg==', 'f.brewer@adexc.net', 'f.brewer@adexc.net', 1, 0, '2019-06-07 05:28:54', '2019-06-07 05:28:54', '2019-06-07 05:28:54', '1754-01-01 00:00:00.000', 0, '1754-01-01 00:00:00.000', 0, '1754-01-01 00:00:00.000')
   INSERT INTO dbo.dnn_UserPortals(UserID, PortalID, CreatedDate, Authorised, IsDeleted, RefreshRoles)
   VALUES(@UserID, @PortalID, '2019-06-07 05:28:54', 1, 0, 0)
   INSERT INTO dbo.dnn_UserRoles(UserID, RoleID, IsTrialUsed, CreatedByUserID, CreatedOnDate, LastModifiedByUserID, LastModifiedOnDate, [Status], IsOwner)
   VALUES(@UserId, @MaleRole, 0, 1, '2019-06-07 05:28:54', 1, '2019-06-07 05:28:54', 1, 0)
   INSERT INTO dbo.dnn_Users(Username, FirstName, LastName, Email, DisplayName, UpdatePassword, LastIPAddress, IsDeleted, CreatedByUserID, CreatedOnDate, LastModifiedByUserID, LastModifiedOnDate, PasswordResetToken, PasswordResetExpiration)
   VALUES('maya@imzog.com', 'Arturo', 'May', 'maya@imzog.com', 'Arturo May', 0, '', 0, 1, '2019-06-07 05:28:54', 1, '2019-06-07 05:28:54', NULL, NULL)
   SELECT @UserID = SCOPE_IDENTITY()
   INSERT INTO dbo.aspnet_Users(ApplicationID, UserName, LoweredUserName, IsAnonymous, LastActivityDate)
   VALUES(@ApplicationId, 'maya@imzog.com', 'maya@imzog.com', 0, '2019-06-07 05:28:54')
   SELECT @AspNetUserID = UserId FROM aspnet_Users WHERE Username = 'maya@imzog.com'
   INSERT INTO dbo.aspnet_Membership(ApplicationID, UserID, Password, PasswordFormat, PasswordSalt, Email, LoweredEmail, IsApproved, IsLockedOut, CreateDate, LastLoginDate, LastPasswordChangedDate, LastLockoutDate, FailedPasswordAttemptCount, FailedPasswordAttemptWindowStart, FailedPasswordAnswerAttemptCount, FailedPasswordAnswerAttemptWindowStart)
   VALUES(@ApplicationID, @AspNetUserID, 'aMoPu/jMK8Yc4dxEEtAWm+RvKkFRjT38n/c1ORi3HgGWXJI15kNozQ==', 2, 'ub/Nej8BunZL3H6o+Z7+sg==', 'maya@imzog.com', 'maya@imzog.com', 1, 0, '2019-06-07 05:28:54', '2019-06-07 05:28:54', '2019-06-07 05:28:54', '1754-01-01 00:00:00.000', 0, '1754-01-01 00:00:00.000', 0, '1754-01-01 00:00:00.000')
   INSERT INTO dbo.dnn_UserPortals(UserID, PortalID, CreatedDate, Authorised, IsDeleted, RefreshRoles)
   VALUES(@UserID, @PortalID, '2019-06-07 05:28:54', 1, 0, 0)
   INSERT INTO dbo.dnn_UserRoles(UserID, RoleID, IsTrialUsed, CreatedByUserID, CreatedOnDate, LastModifiedByUserID, LastModifiedOnDate, [Status], IsOwner)
   VALUES(@UserId, @MaleRole, 0, 1, '2019-06-07 05:28:54', 1, '2019-06-07 05:28:54', 1, 0)
   INSERT INTO dbo.dnn_Users(Username, FirstName, LastName, Email, DisplayName, UpdatePassword, LastIPAddress, IsDeleted, CreatedByUserID, CreatedOnDate, LastModifiedByUserID, LastModifiedOnDate, PasswordResetToken, PasswordResetExpiration)
   VALUES('alejandro.holland@google.ae', 'Alejandro', 'Holland', 'alejandro.holland@google.ae', 'Alejandro Holland', 0, '', 0, 1, '2019-06-07 05:28:54', 1, '2019-06-07 05:28:54', NULL, NULL)
   SELECT @UserID = SCOPE_IDENTITY()
   INSERT INTO dbo.aspnet_Users(ApplicationID, UserName, LoweredUserName, IsAnonymous, LastActivityDate)
   VALUES(@ApplicationId, 'alejandro.holland@google.ae', 'alejandro.holland@google.ae', 0, '2019-06-07 05:28:54')
   SELECT @AspNetUserID = UserId FROM aspnet_Users WHERE Username = 'alejandro.holland@google.ae'
   INSERT INTO dbo.aspnet_Membership(ApplicationID, UserID, Password, PasswordFormat, PasswordSalt, Email, LoweredEmail, IsApproved, IsLockedOut, CreateDate, LastLoginDate, LastPasswordChangedDate, LastLockoutDate, FailedPasswordAttemptCount, FailedPasswordAttemptWindowStart, FailedPasswordAnswerAttemptCount, FailedPasswordAnswerAttemptWindowStart)
   VALUES(@ApplicationID, @AspNetUserID, 'aMoPu/jMK8Yc4dxEEtAWm+RvKkFRjT38n/c1ORi3HgGWXJI15kNozQ==', 2, 'ub/Nej8BunZL3H6o+Z7+sg==', 'alejandro.holland@google.ae', 'alejandro.holland@google.ae', 1, 0, '2019-06-07 05:28:54', '2019-06-07 05:28:54', '2019-06-07 05:28:54', '1754-01-01 00:00:00.000', 0, '1754-01-01 00:00:00.000', 0, '1754-01-01 00:00:00.000')
   INSERT INTO dbo.dnn_UserPortals(UserID, PortalID, CreatedDate, Authorised, IsDeleted, RefreshRoles)
   VALUES(@UserID, @PortalID, '2019-06-07 05:28:54', 1, 0, 0)
   INSERT INTO dbo.dnn_UserRoles(UserID, RoleID, IsTrialUsed, CreatedByUserID, CreatedOnDate, LastModifiedByUserID, LastModifiedOnDate, [Status], IsOwner)
   VALUES(@UserId, @MaleRole, 0, 1, '2019-06-07 05:28:54', 1, '2019-06-07 05:28:54', 1, 0)
   INSERT INTO dbo.dnn_Users(Username, FirstName, LastName, Email, DisplayName, UpdatePassword, LastIPAddress, IsDeleted, CreatedByUserID, CreatedOnDate, LastModifiedByUserID, LastModifiedOnDate, PasswordResetToken, PasswordResetExpiration)
   VALUES('j.juarez@2ch.net', 'Jackie', 'Juarez', 'j.juarez@2ch.net', 'Jackie Juarez', 0, '', 0, 1, '2019-06-07 05:28:54', 1, '2019-06-07 05:28:54', NULL, NULL)
   SELECT @UserID = SCOPE_IDENTITY()
   INSERT INTO dbo.aspnet_Users(ApplicationID, UserName, LoweredUserName, IsAnonymous, LastActivityDate)
   VALUES(@ApplicationId, 'j.juarez@2ch.net', 'j.juarez@2ch.net', 0, '2019-06-07 05:28:54')
   SELECT @AspNetUserID = UserId FROM aspnet_Users WHERE Username = 'j.juarez@2ch.net'
   INSERT INTO dbo.aspnet_Membership(ApplicationID, UserID, Password, PasswordFormat, PasswordSalt, Email, LoweredEmail, IsApproved, IsLockedOut, CreateDate, LastLoginDate, LastPasswordChangedDate, LastLockoutDate, FailedPasswordAttemptCount, FailedPasswordAttemptWindowStart, FailedPasswordAnswerAttemptCount, FailedPasswordAnswerAttemptWindowStart)
   VALUES(@ApplicationID, @AspNetUserID, 'aMoPu/jMK8Yc4dxEEtAWm+RvKkFRjT38n/c1ORi3HgGWXJI15kNozQ==', 2, 'ub/Nej8BunZL3H6o+Z7+sg==', 'j.juarez@2ch.net', 'j.juarez@2ch.net', 1, 0, '2019-06-07 05:28:54', '2019-06-07 05:28:54', '2019-06-07 05:28:54', '1754-01-01 00:00:00.000', 0, '1754-01-01 00:00:00.000', 0, '1754-01-01 00:00:00.000')
   INSERT INTO dbo.dnn_UserPortals(UserID, PortalID, CreatedDate, Authorised, IsDeleted, RefreshRoles)
   VALUES(@UserID, @PortalID, '2019-06-07 05:28:54', 1, 0, 0)
   INSERT INTO dbo.dnn_UserRoles(UserID, RoleID, IsTrialUsed, CreatedByUserID, CreatedOnDate, LastModifiedByUserID, LastModifiedOnDate, [Status], IsOwner)
   VALUES(@UserId, @MaleRole, 0, 1, '2019-06-07 05:28:54', 1, '2019-06-07 05:28:54', 1, 0)
   INSERT INTO dbo.dnn_Users(Username, FirstName, LastName, Email, DisplayName, UpdatePassword, LastIPAddress, IsDeleted, CreatedByUserID, CreatedOnDate, LastModifiedByUserID, LastModifiedOnDate, PasswordResetToken, PasswordResetExpiration)
   VALUES('newmanj@google.cz', 'Joey', 'Newman', 'newmanj@google.cz', 'Joey Newman', 0, '', 0, 1, '2019-06-07 05:28:54', 1, '2019-06-07 05:28:54', NULL, NULL)
   SELECT @UserID = SCOPE_IDENTITY()
   INSERT INTO dbo.aspnet_Users(ApplicationID, UserName, LoweredUserName, IsAnonymous, LastActivityDate)
   VALUES(@ApplicationId, 'newmanj@google.cz', 'newmanj@google.cz', 0, '2019-06-07 05:28:54')
   SELECT @AspNetUserID = UserId FROM aspnet_Users WHERE Username = 'newmanj@google.cz'
   INSERT INTO dbo.aspnet_Membership(ApplicationID, UserID, Password, PasswordFormat, PasswordSalt, Email, LoweredEmail, IsApproved, IsLockedOut, CreateDate, LastLoginDate, LastPasswordChangedDate, LastLockoutDate, FailedPasswordAttemptCount, FailedPasswordAttemptWindowStart, FailedPasswordAnswerAttemptCount, FailedPasswordAnswerAttemptWindowStart)
   VALUES(@ApplicationID, @AspNetUserID, 'aMoPu/jMK8Yc4dxEEtAWm+RvKkFRjT38n/c1ORi3HgGWXJI15kNozQ==', 2, 'ub/Nej8BunZL3H6o+Z7+sg==', 'newmanj@google.cz', 'newmanj@google.cz', 1, 0, '2019-06-07 05:28:54', '2019-06-07 05:28:54', '2019-06-07 05:28:54', '1754-01-01 00:00:00.000', 0, '1754-01-01 00:00:00.000', 0, '1754-01-01 00:00:00.000')
   INSERT INTO dbo.dnn_UserPortals(UserID, PortalID, CreatedDate, Authorised, IsDeleted, RefreshRoles)
   VALUES(@UserID, @PortalID, '2019-06-07 05:28:54', 1, 0, 0)
   INSERT INTO dbo.dnn_UserRoles(UserID, RoleID, IsTrialUsed, CreatedByUserID, CreatedOnDate, LastModifiedByUserID, LastModifiedOnDate, [Status], IsOwner)
   VALUES(@UserId, @MaleRole, 0, 1, '2019-06-07 05:28:54', 1, '2019-06-07 05:28:54', 1, 0)
   INSERT INTO dbo.dnn_Users(Username, FirstName, LastName, Email, DisplayName, UpdatePassword, LastIPAddress, IsDeleted, CreatedByUserID, CreatedOnDate, LastModifiedByUserID, LastModifiedOnDate, PasswordResetToken, PasswordResetExpiration)
   VALUES('nick.pearson@loading-delivery2.com', 'Nick', 'Pearson', 'nick.pearson@loading-delivery2.com', 'Nick Pearson', 0, '', 0, 1, '2019-06-07 05:28:54', 1, '2019-06-07 05:28:54', NULL, NULL)
   SELECT @UserID = SCOPE_IDENTITY()
   INSERT INTO dbo.aspnet_Users(ApplicationID, UserName, LoweredUserName, IsAnonymous, LastActivityDate)
   VALUES(@ApplicationId, 'nick.pearson@loading-delivery2.com', 'nick.pearson@loading-delivery2.com', 0, '2019-06-07 05:28:54')
   SELECT @AspNetUserID = UserId FROM aspnet_Users WHERE Username = 'nick.pearson@loading-delivery2.com'
   INSERT INTO dbo.aspnet_Membership(ApplicationID, UserID, Password, PasswordFormat, PasswordSalt, Email, LoweredEmail, IsApproved, IsLockedOut, CreateDate, LastLoginDate, LastPasswordChangedDate, LastLockoutDate, FailedPasswordAttemptCount, FailedPasswordAttemptWindowStart, FailedPasswordAnswerAttemptCount, FailedPasswordAnswerAttemptWindowStart)
   VALUES(@ApplicationID, @AspNetUserID, 'aMoPu/jMK8Yc4dxEEtAWm+RvKkFRjT38n/c1ORi3HgGWXJI15kNozQ==', 2, 'ub/Nej8BunZL3H6o+Z7+sg==', 'nick.pearson@loading-delivery2.com', 'nick.pearson@loading-delivery2.com', 1, 0, '2019-06-07 05:28:54', '2019-06-07 05:28:54', '2019-06-07 05:28:54', '1754-01-01 00:00:00.000', 0, '1754-01-01 00:00:00.000', 0, '1754-01-01 00:00:00.000')
   INSERT INTO dbo.dnn_UserPortals(UserID, PortalID, CreatedDate, Authorised, IsDeleted, RefreshRoles)
   VALUES(@UserID, @PortalID, '2019-06-07 05:28:54', 1, 0, 0)
   INSERT INTO dbo.dnn_UserRoles(UserID, RoleID, IsTrialUsed, CreatedByUserID, CreatedOnDate, LastModifiedByUserID, LastModifiedOnDate, [Status], IsOwner)
   VALUES(@UserId, @MaleRole, 0, 1, '2019-06-07 05:28:54', 1, '2019-06-07 05:28:54', 1, 0)
   INSERT INTO dbo.dnn_UserRoles(UserID, RoleID, IsTrialUsed, CreatedByUserID, CreatedOnDate, LastModifiedByUserID, LastModifiedOnDate, [Status], IsOwner)
   VALUES(@UserId, @ManagerRole, 0, 1, '2019-06-07 05:28:54', 1, '2019-06-07 05:28:54', 1, 0)
   INSERT INTO dbo.dnn_Users(Username, FirstName, LastName, Email, DisplayName, UpdatePassword, LastIPAddress, IsDeleted, CreatedByUserID, CreatedOnDate, LastModifiedByUserID, LastModifiedOnDate, PasswordResetToken, PasswordResetExpiration)
   VALUES('l.curtis@seznam.cz', 'Luther', 'Curtis', 'l.curtis@seznam.cz', 'Luther Curtis', 0, '', 0, 1, '2019-06-07 05:28:54', 1, '2019-06-07 05:28:54', NULL, NULL)
   SELECT @UserID = SCOPE_IDENTITY()
   INSERT INTO dbo.aspnet_Users(ApplicationID, UserName, LoweredUserName, IsAnonymous, LastActivityDate)
   VALUES(@ApplicationId, 'l.curtis@seznam.cz', 'l.curtis@seznam.cz', 0, '2019-06-07 05:28:54')
   SELECT @AspNetUserID = UserId FROM aspnet_Users WHERE Username = 'l.curtis@seznam.cz'
   INSERT INTO dbo.aspnet_Membership(ApplicationID, UserID, Password, PasswordFormat, PasswordSalt, Email, LoweredEmail, IsApproved, IsLockedOut, CreateDate, LastLoginDate, LastPasswordChangedDate, LastLockoutDate, FailedPasswordAttemptCount, FailedPasswordAttemptWindowStart, FailedPasswordAnswerAttemptCount, FailedPasswordAnswerAttemptWindowStart)
   VALUES(@ApplicationID, @AspNetUserID, 'aMoPu/jMK8Yc4dxEEtAWm+RvKkFRjT38n/c1ORi3HgGWXJI15kNozQ==', 2, 'ub/Nej8BunZL3H6o+Z7+sg==', 'l.curtis@seznam.cz', 'l.curtis@seznam.cz', 1, 0, '2019-06-07 05:28:54', '2019-06-07 05:28:54', '2019-06-07 05:28:54', '1754-01-01 00:00:00.000', 0, '1754-01-01 00:00:00.000', 0, '1754-01-01 00:00:00.000')
   INSERT INTO dbo.dnn_UserPortals(UserID, PortalID, CreatedDate, Authorised, IsDeleted, RefreshRoles)
   VALUES(@UserID, @PortalID, '2019-06-07 05:28:54', 1, 0, 0)
   INSERT INTO dbo.dnn_UserRoles(UserID, RoleID, IsTrialUsed, CreatedByUserID, CreatedOnDate, LastModifiedByUserID, LastModifiedOnDate, [Status], IsOwner)
   VALUES(@UserId, @MaleRole, 0, 1, '2019-06-07 05:28:54', 1, '2019-06-07 05:28:54', 1, 0)
   INSERT INTO dbo.dnn_Users(Username, FirstName, LastName, Email, DisplayName, UpdatePassword, LastIPAddress, IsDeleted, CreatedByUserID, CreatedOnDate, LastModifiedByUserID, LastModifiedOnDate, PasswordResetToken, PasswordResetExpiration)
   VALUES('cortezw@ltn.com.tw', 'Wendell', 'Cortez', 'cortezw@ltn.com.tw', 'Wendell Cortez', 0, '', 0, 1, '2019-06-07 05:28:54', 1, '2019-06-07 05:28:54', NULL, NULL)
   SELECT @UserID = SCOPE_IDENTITY()
   INSERT INTO dbo.aspnet_Users(ApplicationID, UserName, LoweredUserName, IsAnonymous, LastActivityDate)
   VALUES(@ApplicationId, 'cortezw@ltn.com.tw', 'cortezw@ltn.com.tw', 0, '2019-06-07 05:28:54')
   SELECT @AspNetUserID = UserId FROM aspnet_Users WHERE Username = 'cortezw@ltn.com.tw'
   INSERT INTO dbo.aspnet_Membership(ApplicationID, UserID, Password, PasswordFormat, PasswordSalt, Email, LoweredEmail, IsApproved, IsLockedOut, CreateDate, LastLoginDate, LastPasswordChangedDate, LastLockoutDate, FailedPasswordAttemptCount, FailedPasswordAttemptWindowStart, FailedPasswordAnswerAttemptCount, FailedPasswordAnswerAttemptWindowStart)
   VALUES(@ApplicationID, @AspNetUserID, 'aMoPu/jMK8Yc4dxEEtAWm+RvKkFRjT38n/c1ORi3HgGWXJI15kNozQ==', 2, 'ub/Nej8BunZL3H6o+Z7+sg==', 'cortezw@ltn.com.tw', 'cortezw@ltn.com.tw', 1, 0, '2019-06-07 05:28:54', '2019-06-07 05:28:54', '2019-06-07 05:28:54', '1754-01-01 00:00:00.000', 0, '1754-01-01 00:00:00.000', 0, '1754-01-01 00:00:00.000')
   INSERT INTO dbo.dnn_UserPortals(UserID, PortalID, CreatedDate, Authorised, IsDeleted, RefreshRoles)
   VALUES(@UserID, @PortalID, '2019-06-07 05:28:54', 1, 0, 0)
   INSERT INTO dbo.dnn_UserRoles(UserID, RoleID, IsTrialUsed, CreatedByUserID, CreatedOnDate, LastModifiedByUserID, LastModifiedOnDate, [Status], IsOwner)
   VALUES(@UserId, @MaleRole, 0, 1, '2019-06-07 05:28:54', 1, '2019-06-07 05:28:54', 1, 0)
   INSERT INTO dbo.dnn_UserRoles(UserID, RoleID, IsTrialUsed, CreatedByUserID, CreatedOnDate, LastModifiedByUserID, LastModifiedOnDate, [Status], IsOwner)
   VALUES(@UserId, @AcademicRole, 0, 1, '2019-06-07 05:28:54', 1, '2019-06-07 05:28:54', 1, 0)
   INSERT INTO dbo.dnn_Users(Username, FirstName, LastName, Email, DisplayName, UpdatePassword, LastIPAddress, IsDeleted, CreatedByUserID, CreatedOnDate, LastModifiedByUserID, LastModifiedOnDate, PasswordResetToken, PasswordResetExpiration)
   VALUES('jeremiah.douglas@about.com', 'Jeremiah', 'Douglas', 'jeremiah.douglas@about.com', 'Jeremiah Douglas', 0, '', 0, 1, '2019-06-07 05:28:54', 1, '2019-06-07 05:28:54', NULL, NULL)
   SELECT @UserID = SCOPE_IDENTITY()
   INSERT INTO dbo.aspnet_Users(ApplicationID, UserName, LoweredUserName, IsAnonymous, LastActivityDate)
   VALUES(@ApplicationId, 'jeremiah.douglas@about.com', 'jeremiah.douglas@about.com', 0, '2019-06-07 05:28:54')
   SELECT @AspNetUserID = UserId FROM aspnet_Users WHERE Username = 'jeremiah.douglas@about.com'
   INSERT INTO dbo.aspnet_Membership(ApplicationID, UserID, Password, PasswordFormat, PasswordSalt, Email, LoweredEmail, IsApproved, IsLockedOut, CreateDate, LastLoginDate, LastPasswordChangedDate, LastLockoutDate, FailedPasswordAttemptCount, FailedPasswordAttemptWindowStart, FailedPasswordAnswerAttemptCount, FailedPasswordAnswerAttemptWindowStart)
   VALUES(@ApplicationID, @AspNetUserID, 'aMoPu/jMK8Yc4dxEEtAWm+RvKkFRjT38n/c1ORi3HgGWXJI15kNozQ==', 2, 'ub/Nej8BunZL3H6o+Z7+sg==', 'jeremiah.douglas@about.com', 'jeremiah.douglas@about.com', 1, 0, '2019-06-07 05:28:54', '2019-06-07 05:28:54', '2019-06-07 05:28:54', '1754-01-01 00:00:00.000', 0, '1754-01-01 00:00:00.000', 0, '1754-01-01 00:00:00.000')
   INSERT INTO dbo.dnn_UserPortals(UserID, PortalID, CreatedDate, Authorised, IsDeleted, RefreshRoles)
   VALUES(@UserID, @PortalID, '2019-06-07 05:28:54', 1, 0, 0)
   INSERT INTO dbo.dnn_UserRoles(UserID, RoleID, IsTrialUsed, CreatedByUserID, CreatedOnDate, LastModifiedByUserID, LastModifiedOnDate, [Status], IsOwner)
   VALUES(@UserId, @MaleRole, 0, 1, '2019-06-07 05:28:54', 1, '2019-06-07 05:28:54', 1, 0)
   INSERT INTO dbo.dnn_Users(Username, FirstName, LastName, Email, DisplayName, UpdatePassword, LastIPAddress, IsDeleted, CreatedByUserID, CreatedOnDate, LastModifiedByUserID, LastModifiedOnDate, PasswordResetToken, PasswordResetExpiration)
   VALUES('e.schneider@chaturbate.com', 'Evan', 'Schneider', 'e.schneider@chaturbate.com', 'Evan Schneider', 0, '', 0, 1, '2019-06-07 05:28:54', 1, '2019-06-07 05:28:54', NULL, NULL)
   SELECT @UserID = SCOPE_IDENTITY()
   INSERT INTO dbo.aspnet_Users(ApplicationID, UserName, LoweredUserName, IsAnonymous, LastActivityDate)
   VALUES(@ApplicationId, 'e.schneider@chaturbate.com', 'e.schneider@chaturbate.com', 0, '2019-06-07 05:28:54')
   SELECT @AspNetUserID = UserId FROM aspnet_Users WHERE Username = 'e.schneider@chaturbate.com'
   INSERT INTO dbo.aspnet_Membership(ApplicationID, UserID, Password, PasswordFormat, PasswordSalt, Email, LoweredEmail, IsApproved, IsLockedOut, CreateDate, LastLoginDate, LastPasswordChangedDate, LastLockoutDate, FailedPasswordAttemptCount, FailedPasswordAttemptWindowStart, FailedPasswordAnswerAttemptCount, FailedPasswordAnswerAttemptWindowStart)
   VALUES(@ApplicationID, @AspNetUserID, 'aMoPu/jMK8Yc4dxEEtAWm+RvKkFRjT38n/c1ORi3HgGWXJI15kNozQ==', 2, 'ub/Nej8BunZL3H6o+Z7+sg==', 'e.schneider@chaturbate.com', 'e.schneider@chaturbate.com', 1, 0, '2019-06-07 05:28:54', '2019-06-07 05:28:54', '2019-06-07 05:28:54', '1754-01-01 00:00:00.000', 0, '1754-01-01 00:00:00.000', 0, '1754-01-01 00:00:00.000')
   INSERT INTO dbo.dnn_UserPortals(UserID, PortalID, CreatedDate, Authorised, IsDeleted, RefreshRoles)
   VALUES(@UserID, @PortalID, '2019-06-07 05:28:54', 1, 0, 0)
   INSERT INTO dbo.dnn_UserRoles(UserID, RoleID, IsTrialUsed, CreatedByUserID, CreatedOnDate, LastModifiedByUserID, LastModifiedOnDate, [Status], IsOwner)
   VALUES(@UserId, @MaleRole, 0, 1, '2019-06-07 05:28:54', 1, '2019-06-07 05:28:54', 1, 0)
   INSERT INTO dbo.dnn_Users(Username, FirstName, LastName, Email, DisplayName, UpdatePassword, LastIPAddress, IsDeleted, CreatedByUserID, CreatedOnDate, LastModifiedByUserID, LastModifiedOnDate, PasswordResetToken, PasswordResetExpiration)
   VALUES('josephj@ebay-kleinanzeigen.de', 'Julius', 'Joseph', 'josephj@ebay-kleinanzeigen.de', 'Julius Joseph', 0, '', 0, 1, '2019-06-07 05:28:54', 1, '2019-06-07 05:28:54', NULL, NULL)
   SELECT @UserID = SCOPE_IDENTITY()
   INSERT INTO dbo.aspnet_Users(ApplicationID, UserName, LoweredUserName, IsAnonymous, LastActivityDate)
   VALUES(@ApplicationId, 'josephj@ebay-kleinanzeigen.de', 'josephj@ebay-kleinanzeigen.de', 0, '2019-06-07 05:28:54')
   SELECT @AspNetUserID = UserId FROM aspnet_Users WHERE Username = 'josephj@ebay-kleinanzeigen.de'
   INSERT INTO dbo.aspnet_Membership(ApplicationID, UserID, Password, PasswordFormat, PasswordSalt, Email, LoweredEmail, IsApproved, IsLockedOut, CreateDate, LastLoginDate, LastPasswordChangedDate, LastLockoutDate, FailedPasswordAttemptCount, FailedPasswordAttemptWindowStart, FailedPasswordAnswerAttemptCount, FailedPasswordAnswerAttemptWindowStart)
   VALUES(@ApplicationID, @AspNetUserID, 'aMoPu/jMK8Yc4dxEEtAWm+RvKkFRjT38n/c1ORi3HgGWXJI15kNozQ==', 2, 'ub/Nej8BunZL3H6o+Z7+sg==', 'josephj@ebay-kleinanzeigen.de', 'josephj@ebay-kleinanzeigen.de', 1, 0, '2019-06-07 05:28:54', '2019-06-07 05:28:54', '2019-06-07 05:28:54', '1754-01-01 00:00:00.000', 0, '1754-01-01 00:00:00.000', 0, '1754-01-01 00:00:00.000')
   INSERT INTO dbo.dnn_UserPortals(UserID, PortalID, CreatedDate, Authorised, IsDeleted, RefreshRoles)
   VALUES(@UserID, @PortalID, '2019-06-07 05:28:54', 1, 0, 0)
   INSERT INTO dbo.dnn_UserRoles(UserID, RoleID, IsTrialUsed, CreatedByUserID, CreatedOnDate, LastModifiedByUserID, LastModifiedOnDate, [Status], IsOwner)
   VALUES(@UserId, @MaleRole, 0, 1, '2019-06-07 05:28:54', 1, '2019-06-07 05:28:54', 1, 0)
   INSERT INTO dbo.dnn_Users(Username, FirstName, LastName, Email, DisplayName, UpdatePassword, LastIPAddress, IsDeleted, CreatedByUserID, CreatedOnDate, LastModifiedByUserID, LastModifiedOnDate, PasswordResetToken, PasswordResetExpiration)
   VALUES('dana.barrett@slack.com', 'Dana', 'Barrett', 'dana.barrett@slack.com', 'Dana Barrett', 0, '', 0, 1, '2019-06-07 05:28:54', 1, '2019-06-07 05:28:54', NULL, NULL)
   SELECT @UserID = SCOPE_IDENTITY()
   INSERT INTO dbo.aspnet_Users(ApplicationID, UserName, LoweredUserName, IsAnonymous, LastActivityDate)
   VALUES(@ApplicationId, 'dana.barrett@slack.com', 'dana.barrett@slack.com', 0, '2019-06-07 05:28:54')
   SELECT @AspNetUserID = UserId FROM aspnet_Users WHERE Username = 'dana.barrett@slack.com'
   INSERT INTO dbo.aspnet_Membership(ApplicationID, UserID, Password, PasswordFormat, PasswordSalt, Email, LoweredEmail, IsApproved, IsLockedOut, CreateDate, LastLoginDate, LastPasswordChangedDate, LastLockoutDate, FailedPasswordAttemptCount, FailedPasswordAttemptWindowStart, FailedPasswordAnswerAttemptCount, FailedPasswordAnswerAttemptWindowStart)
   VALUES(@ApplicationID, @AspNetUserID, 'aMoPu/jMK8Yc4dxEEtAWm+RvKkFRjT38n/c1ORi3HgGWXJI15kNozQ==', 2, 'ub/Nej8BunZL3H6o+Z7+sg==', 'dana.barrett@slack.com', 'dana.barrett@slack.com', 1, 0, '2019-06-07 05:28:54', '2019-06-07 05:28:54', '2019-06-07 05:28:54', '1754-01-01 00:00:00.000', 0, '1754-01-01 00:00:00.000', 0, '1754-01-01 00:00:00.000')
   INSERT INTO dbo.dnn_UserPortals(UserID, PortalID, CreatedDate, Authorised, IsDeleted, RefreshRoles)
   VALUES(@UserID, @PortalID, '2019-06-07 05:28:54', 1, 0, 0)
   INSERT INTO dbo.dnn_UserRoles(UserID, RoleID, IsTrialUsed, CreatedByUserID, CreatedOnDate, LastModifiedByUserID, LastModifiedOnDate, [Status], IsOwner)
   VALUES(@UserId, @MaleRole, 0, 1, '2019-06-07 05:28:54', 1, '2019-06-07 05:28:54', 1, 0)
   INSERT INTO dbo.dnn_Users(Username, FirstName, LastName, Email, DisplayName, UpdatePassword, LastIPAddress, IsDeleted, CreatedByUserID, CreatedOnDate, LastModifiedByUserID, LastModifiedOnDate, PasswordResetToken, PasswordResetExpiration)
   VALUES('d.navarro@mercadolivre.com.br', 'Donnie', 'Navarro', 'd.navarro@mercadolivre.com.br', 'Donnie Navarro', 0, '', 0, 1, '2019-06-07 05:28:54', 1, '2019-06-07 05:28:54', NULL, NULL)
   SELECT @UserID = SCOPE_IDENTITY()
   INSERT INTO dbo.aspnet_Users(ApplicationID, UserName, LoweredUserName, IsAnonymous, LastActivityDate)
   VALUES(@ApplicationId, 'd.navarro@mercadolivre.com.br', 'd.navarro@mercadolivre.com.br', 0, '2019-06-07 05:28:54')
   SELECT @AspNetUserID = UserId FROM aspnet_Users WHERE Username = 'd.navarro@mercadolivre.com.br'
   INSERT INTO dbo.aspnet_Membership(ApplicationID, UserID, Password, PasswordFormat, PasswordSalt, Email, LoweredEmail, IsApproved, IsLockedOut, CreateDate, LastLoginDate, LastPasswordChangedDate, LastLockoutDate, FailedPasswordAttemptCount, FailedPasswordAttemptWindowStart, FailedPasswordAnswerAttemptCount, FailedPasswordAnswerAttemptWindowStart)
   VALUES(@ApplicationID, @AspNetUserID, 'aMoPu/jMK8Yc4dxEEtAWm+RvKkFRjT38n/c1ORi3HgGWXJI15kNozQ==', 2, 'ub/Nej8BunZL3H6o+Z7+sg==', 'd.navarro@mercadolivre.com.br', 'd.navarro@mercadolivre.com.br', 1, 0, '2019-06-07 05:28:54', '2019-06-07 05:28:54', '2019-06-07 05:28:54', '1754-01-01 00:00:00.000', 0, '1754-01-01 00:00:00.000', 0, '1754-01-01 00:00:00.000')
   INSERT INTO dbo.dnn_UserPortals(UserID, PortalID, CreatedDate, Authorised, IsDeleted, RefreshRoles)
   VALUES(@UserID, @PortalID, '2019-06-07 05:28:54', 1, 0, 0)
   INSERT INTO dbo.dnn_UserRoles(UserID, RoleID, IsTrialUsed, CreatedByUserID, CreatedOnDate, LastModifiedByUserID, LastModifiedOnDate, [Status], IsOwner)
   VALUES(@UserId, @MaleRole, 0, 1, '2019-06-07 05:28:54', 1, '2019-06-07 05:28:54', 1, 0)
   INSERT INTO dbo.dnn_Users(Username, FirstName, LastName, Email, DisplayName, UpdatePassword, LastIPAddress, IsDeleted, CreatedByUserID, CreatedOnDate, LastModifiedByUserID, LastModifiedOnDate, PasswordResetToken, PasswordResetExpiration)
   VALUES('figueroao@google.co.il', 'Otis', 'Figueroa', 'figueroao@google.co.il', 'Otis Figueroa', 0, '', 0, 1, '2019-06-07 05:28:54', 1, '2019-06-07 05:28:54', NULL, NULL)
   SELECT @UserID = SCOPE_IDENTITY()
   INSERT INTO dbo.aspnet_Users(ApplicationID, UserName, LoweredUserName, IsAnonymous, LastActivityDate)
   VALUES(@ApplicationId, 'figueroao@google.co.il', 'figueroao@google.co.il', 0, '2019-06-07 05:28:54')
   SELECT @AspNetUserID = UserId FROM aspnet_Users WHERE Username = 'figueroao@google.co.il'
   INSERT INTO dbo.aspnet_Membership(ApplicationID, UserID, Password, PasswordFormat, PasswordSalt, Email, LoweredEmail, IsApproved, IsLockedOut, CreateDate, LastLoginDate, LastPasswordChangedDate, LastLockoutDate, FailedPasswordAttemptCount, FailedPasswordAttemptWindowStart, FailedPasswordAnswerAttemptCount, FailedPasswordAnswerAttemptWindowStart)
   VALUES(@ApplicationID, @AspNetUserID, 'aMoPu/jMK8Yc4dxEEtAWm+RvKkFRjT38n/c1ORi3HgGWXJI15kNozQ==', 2, 'ub/Nej8BunZL3H6o+Z7+sg==', 'figueroao@google.co.il', 'figueroao@google.co.il', 1, 0, '2019-06-07 05:28:54', '2019-06-07 05:28:54', '2019-06-07 05:28:54', '1754-01-01 00:00:00.000', 0, '1754-01-01 00:00:00.000', 0, '1754-01-01 00:00:00.000')
   INSERT INTO dbo.dnn_UserPortals(UserID, PortalID, CreatedDate, Authorised, IsDeleted, RefreshRoles)
   VALUES(@UserID, @PortalID, '2019-06-07 05:28:54', 1, 0, 0)
   INSERT INTO dbo.dnn_UserRoles(UserID, RoleID, IsTrialUsed, CreatedByUserID, CreatedOnDate, LastModifiedByUserID, LastModifiedOnDate, [Status], IsOwner)
   VALUES(@UserId, @MaleRole, 0, 1, '2019-06-07 05:28:54', 1, '2019-06-07 05:28:54', 1, 0)
   INSERT INTO dbo.dnn_Users(Username, FirstName, LastName, Email, DisplayName, UpdatePassword, LastIPAddress, IsDeleted, CreatedByUserID, CreatedOnDate, LastModifiedByUserID, LastModifiedOnDate, PasswordResetToken, PasswordResetExpiration)
   VALUES('shannon.keller@doorblog.jp', 'Shannon', 'Keller', 'shannon.keller@doorblog.jp', 'Shannon Keller', 0, '', 0, 1, '2019-06-07 05:28:54', 1, '2019-06-07 05:28:54', NULL, NULL)
   SELECT @UserID = SCOPE_IDENTITY()
   INSERT INTO dbo.aspnet_Users(ApplicationID, UserName, LoweredUserName, IsAnonymous, LastActivityDate)
   VALUES(@ApplicationId, 'shannon.keller@doorblog.jp', 'shannon.keller@doorblog.jp', 0, '2019-06-07 05:28:54')
   SELECT @AspNetUserID = UserId FROM aspnet_Users WHERE Username = 'shannon.keller@doorblog.jp'
   INSERT INTO dbo.aspnet_Membership(ApplicationID, UserID, Password, PasswordFormat, PasswordSalt, Email, LoweredEmail, IsApproved, IsLockedOut, CreateDate, LastLoginDate, LastPasswordChangedDate, LastLockoutDate, FailedPasswordAttemptCount, FailedPasswordAttemptWindowStart, FailedPasswordAnswerAttemptCount, FailedPasswordAnswerAttemptWindowStart)
   VALUES(@ApplicationID, @AspNetUserID, 'aMoPu/jMK8Yc4dxEEtAWm+RvKkFRjT38n/c1ORi3HgGWXJI15kNozQ==', 2, 'ub/Nej8BunZL3H6o+Z7+sg==', 'shannon.keller@doorblog.jp', 'shannon.keller@doorblog.jp', 1, 0, '2019-06-07 05:28:54', '2019-06-07 05:28:54', '2019-06-07 05:28:54', '1754-01-01 00:00:00.000', 0, '1754-01-01 00:00:00.000', 0, '1754-01-01 00:00:00.000')
   INSERT INTO dbo.dnn_UserPortals(UserID, PortalID, CreatedDate, Authorised, IsDeleted, RefreshRoles)
   VALUES(@UserID, @PortalID, '2019-06-07 05:28:54', 1, 0, 0)
   INSERT INTO dbo.dnn_UserRoles(UserID, RoleID, IsTrialUsed, CreatedByUserID, CreatedOnDate, LastModifiedByUserID, LastModifiedOnDate, [Status], IsOwner)
   VALUES(@UserId, @MaleRole, 0, 1, '2019-06-07 05:28:54', 1, '2019-06-07 05:28:54', 1, 0)
   INSERT INTO dbo.dnn_Users(Username, FirstName, LastName, Email, DisplayName, UpdatePassword, LastIPAddress, IsDeleted, CreatedByUserID, CreatedOnDate, LastModifiedByUserID, LastModifiedOnDate, PasswordResetToken, PasswordResetExpiration)
   VALUES('t.avila@goodreads.com', 'Trevor', 'Avila', 't.avila@goodreads.com', 'Trevor Avila', 0, '', 0, 1, '2019-06-07 05:28:54', 1, '2019-06-07 05:28:54', NULL, NULL)
   SELECT @UserID = SCOPE_IDENTITY()
   INSERT INTO dbo.aspnet_Users(ApplicationID, UserName, LoweredUserName, IsAnonymous, LastActivityDate)
   VALUES(@ApplicationId, 't.avila@goodreads.com', 't.avila@goodreads.com', 0, '2019-06-07 05:28:54')
   SELECT @AspNetUserID = UserId FROM aspnet_Users WHERE Username = 't.avila@goodreads.com'
   INSERT INTO dbo.aspnet_Membership(ApplicationID, UserID, Password, PasswordFormat, PasswordSalt, Email, LoweredEmail, IsApproved, IsLockedOut, CreateDate, LastLoginDate, LastPasswordChangedDate, LastLockoutDate, FailedPasswordAttemptCount, FailedPasswordAttemptWindowStart, FailedPasswordAnswerAttemptCount, FailedPasswordAnswerAttemptWindowStart)
   VALUES(@ApplicationID, @AspNetUserID, 'aMoPu/jMK8Yc4dxEEtAWm+RvKkFRjT38n/c1ORi3HgGWXJI15kNozQ==', 2, 'ub/Nej8BunZL3H6o+Z7+sg==', 't.avila@goodreads.com', 't.avila@goodreads.com', 1, 0, '2019-06-07 05:28:54', '2019-06-07 05:28:54', '2019-06-07 05:28:54', '1754-01-01 00:00:00.000', 0, '1754-01-01 00:00:00.000', 0, '1754-01-01 00:00:00.000')
   INSERT INTO dbo.dnn_UserPortals(UserID, PortalID, CreatedDate, Authorised, IsDeleted, RefreshRoles)
   VALUES(@UserID, @PortalID, '2019-06-07 05:28:54', 1, 0, 0)
   INSERT INTO dbo.dnn_UserRoles(UserID, RoleID, IsTrialUsed, CreatedByUserID, CreatedOnDate, LastModifiedByUserID, LastModifiedOnDate, [Status], IsOwner)
   VALUES(@UserId, @MaleRole, 0, 1, '2019-06-07 05:28:54', 1, '2019-06-07 05:28:54', 1, 0)
   INSERT INTO dbo.dnn_UserRoles(UserID, RoleID, IsTrialUsed, CreatedByUserID, CreatedOnDate, LastModifiedByUserID, LastModifiedOnDate, [Status], IsOwner)
   VALUES(@UserId, @ManagerRole, 0, 1, '2019-06-07 05:28:54', 1, '2019-06-07 05:28:54', 1, 0)
   INSERT INTO dbo.dnn_Users(Username, FirstName, LastName, Email, DisplayName, UpdatePassword, LastIPAddress, IsDeleted, CreatedByUserID, CreatedOnDate, LastModifiedByUserID, LastModifiedOnDate, PasswordResetToken, PasswordResetExpiration)
   VALUES('wadeo@livejasmin.com', 'Oliver', 'Wade', 'wadeo@livejasmin.com', 'Oliver Wade', 0, '', 0, 1, '2019-06-07 05:28:54', 1, '2019-06-07 05:28:54', NULL, NULL)
   SELECT @UserID = SCOPE_IDENTITY()
   INSERT INTO dbo.aspnet_Users(ApplicationID, UserName, LoweredUserName, IsAnonymous, LastActivityDate)
   VALUES(@ApplicationId, 'wadeo@livejasmin.com', 'wadeo@livejasmin.com', 0, '2019-06-07 05:28:54')
   SELECT @AspNetUserID = UserId FROM aspnet_Users WHERE Username = 'wadeo@livejasmin.com'
   INSERT INTO dbo.aspnet_Membership(ApplicationID, UserID, Password, PasswordFormat, PasswordSalt, Email, LoweredEmail, IsApproved, IsLockedOut, CreateDate, LastLoginDate, LastPasswordChangedDate, LastLockoutDate, FailedPasswordAttemptCount, FailedPasswordAttemptWindowStart, FailedPasswordAnswerAttemptCount, FailedPasswordAnswerAttemptWindowStart)
   VALUES(@ApplicationID, @AspNetUserID, 'aMoPu/jMK8Yc4dxEEtAWm+RvKkFRjT38n/c1ORi3HgGWXJI15kNozQ==', 2, 'ub/Nej8BunZL3H6o+Z7+sg==', 'wadeo@livejasmin.com', 'wadeo@livejasmin.com', 1, 0, '2019-06-07 05:28:54', '2019-06-07 05:28:54', '2019-06-07 05:28:54', '1754-01-01 00:00:00.000', 0, '1754-01-01 00:00:00.000', 0, '1754-01-01 00:00:00.000')
   INSERT INTO dbo.dnn_UserPortals(UserID, PortalID, CreatedDate, Authorised, IsDeleted, RefreshRoles)
   VALUES(@UserID, @PortalID, '2019-06-07 05:28:54', 1, 0, 0)
   INSERT INTO dbo.dnn_UserRoles(UserID, RoleID, IsTrialUsed, CreatedByUserID, CreatedOnDate, LastModifiedByUserID, LastModifiedOnDate, [Status], IsOwner)
   VALUES(@UserId, @MaleRole, 0, 1, '2019-06-07 05:28:54', 1, '2019-06-07 05:28:54', 1, 0)
   INSERT INTO dbo.dnn_Users(Username, FirstName, LastName, Email, DisplayName, UpdatePassword, LastIPAddress, IsDeleted, CreatedByUserID, CreatedOnDate, LastModifiedByUserID, LastModifiedOnDate, PasswordResetToken, PasswordResetExpiration)
   VALUES('luke.molina@battle.net', 'Luke', 'Molina', 'luke.molina@battle.net', 'Luke Molina', 0, '', 0, 1, '2019-06-07 05:28:54', 1, '2019-06-07 05:28:54', NULL, NULL)
   SELECT @UserID = SCOPE_IDENTITY()
   INSERT INTO dbo.aspnet_Users(ApplicationID, UserName, LoweredUserName, IsAnonymous, LastActivityDate)
   VALUES(@ApplicationId, 'luke.molina@battle.net', 'luke.molina@battle.net', 0, '2019-06-07 05:28:54')
   SELECT @AspNetUserID = UserId FROM aspnet_Users WHERE Username = 'luke.molina@battle.net'
   INSERT INTO dbo.aspnet_Membership(ApplicationID, UserID, Password, PasswordFormat, PasswordSalt, Email, LoweredEmail, IsApproved, IsLockedOut, CreateDate, LastLoginDate, LastPasswordChangedDate, LastLockoutDate, FailedPasswordAttemptCount, FailedPasswordAttemptWindowStart, FailedPasswordAnswerAttemptCount, FailedPasswordAnswerAttemptWindowStart)
   VALUES(@ApplicationID, @AspNetUserID, 'aMoPu/jMK8Yc4dxEEtAWm+RvKkFRjT38n/c1ORi3HgGWXJI15kNozQ==', 2, 'ub/Nej8BunZL3H6o+Z7+sg==', 'luke.molina@battle.net', 'luke.molina@battle.net', 1, 0, '2019-06-07 05:28:54', '2019-06-07 05:28:54', '2019-06-07 05:28:54', '1754-01-01 00:00:00.000', 0, '1754-01-01 00:00:00.000', 0, '1754-01-01 00:00:00.000')
   INSERT INTO dbo.dnn_UserPortals(UserID, PortalID, CreatedDate, Authorised, IsDeleted, RefreshRoles)
   VALUES(@UserID, @PortalID, '2019-06-07 05:28:54', 1, 0, 0)
   INSERT INTO dbo.dnn_UserRoles(UserID, RoleID, IsTrialUsed, CreatedByUserID, CreatedOnDate, LastModifiedByUserID, LastModifiedOnDate, [Status], IsOwner)
   VALUES(@UserId, @MaleRole, 0, 1, '2019-06-07 05:28:54', 1, '2019-06-07 05:28:54', 1, 0)
   INSERT INTO dbo.dnn_Users(Username, FirstName, LastName, Email, DisplayName, UpdatePassword, LastIPAddress, IsDeleted, CreatedByUserID, CreatedOnDate, LastModifiedByUserID, LastModifiedOnDate, PasswordResetToken, PasswordResetExpiration)
   VALUES('h.stanley@softonic.com', 'Homer', 'Stanley', 'h.stanley@softonic.com', 'Homer Stanley', 0, '', 0, 1, '2019-06-07 05:28:54', 1, '2019-06-07 05:28:54', NULL, NULL)
   SELECT @UserID = SCOPE_IDENTITY()
   INSERT INTO dbo.aspnet_Users(ApplicationID, UserName, LoweredUserName, IsAnonymous, LastActivityDate)
   VALUES(@ApplicationId, 'h.stanley@softonic.com', 'h.stanley@softonic.com', 0, '2019-06-07 05:28:54')
   SELECT @AspNetUserID = UserId FROM aspnet_Users WHERE Username = 'h.stanley@softonic.com'
   INSERT INTO dbo.aspnet_Membership(ApplicationID, UserID, Password, PasswordFormat, PasswordSalt, Email, LoweredEmail, IsApproved, IsLockedOut, CreateDate, LastLoginDate, LastPasswordChangedDate, LastLockoutDate, FailedPasswordAttemptCount, FailedPasswordAttemptWindowStart, FailedPasswordAnswerAttemptCount, FailedPasswordAnswerAttemptWindowStart)
   VALUES(@ApplicationID, @AspNetUserID, 'aMoPu/jMK8Yc4dxEEtAWm+RvKkFRjT38n/c1ORi3HgGWXJI15kNozQ==', 2, 'ub/Nej8BunZL3H6o+Z7+sg==', 'h.stanley@softonic.com', 'h.stanley@softonic.com', 1, 0, '2019-06-07 05:28:54', '2019-06-07 05:28:54', '2019-06-07 05:28:54', '1754-01-01 00:00:00.000', 0, '1754-01-01 00:00:00.000', 0, '1754-01-01 00:00:00.000')
   INSERT INTO dbo.dnn_UserPortals(UserID, PortalID, CreatedDate, Authorised, IsDeleted, RefreshRoles)
   VALUES(@UserID, @PortalID, '2019-06-07 05:28:54', 1, 0, 0)
   INSERT INTO dbo.dnn_UserRoles(UserID, RoleID, IsTrialUsed, CreatedByUserID, CreatedOnDate, LastModifiedByUserID, LastModifiedOnDate, [Status], IsOwner)
   VALUES(@UserId, @MaleRole, 0, 1, '2019-06-07 05:28:54', 1, '2019-06-07 05:28:54', 1, 0)
   INSERT INTO dbo.dnn_Users(Username, FirstName, LastName, Email, DisplayName, UpdatePassword, LastIPAddress, IsDeleted, CreatedByUserID, CreatedOnDate, LastModifiedByUserID, LastModifiedOnDate, PasswordResetToken, PasswordResetExpiration)
   VALUES('hopkinsg@accuweather.com', 'Gerard', 'Hopkins', 'hopkinsg@accuweather.com', 'Gerard Hopkins', 0, '', 0, 1, '2019-06-07 05:28:54', 1, '2019-06-07 05:28:54', NULL, NULL)
   SELECT @UserID = SCOPE_IDENTITY()
   INSERT INTO dbo.aspnet_Users(ApplicationID, UserName, LoweredUserName, IsAnonymous, LastActivityDate)
   VALUES(@ApplicationId, 'hopkinsg@accuweather.com', 'hopkinsg@accuweather.com', 0, '2019-06-07 05:28:54')
   SELECT @AspNetUserID = UserId FROM aspnet_Users WHERE Username = 'hopkinsg@accuweather.com'
   INSERT INTO dbo.aspnet_Membership(ApplicationID, UserID, Password, PasswordFormat, PasswordSalt, Email, LoweredEmail, IsApproved, IsLockedOut, CreateDate, LastLoginDate, LastPasswordChangedDate, LastLockoutDate, FailedPasswordAttemptCount, FailedPasswordAttemptWindowStart, FailedPasswordAnswerAttemptCount, FailedPasswordAnswerAttemptWindowStart)
   VALUES(@ApplicationID, @AspNetUserID, 'aMoPu/jMK8Yc4dxEEtAWm+RvKkFRjT38n/c1ORi3HgGWXJI15kNozQ==', 2, 'ub/Nej8BunZL3H6o+Z7+sg==', 'hopkinsg@accuweather.com', 'hopkinsg@accuweather.com', 1, 0, '2019-06-07 05:28:54', '2019-06-07 05:28:54', '2019-06-07 05:28:54', '1754-01-01 00:00:00.000', 0, '1754-01-01 00:00:00.000', 0, '1754-01-01 00:00:00.000')
   INSERT INTO dbo.dnn_UserPortals(UserID, PortalID, CreatedDate, Authorised, IsDeleted, RefreshRoles)
   VALUES(@UserID, @PortalID, '2019-06-07 05:28:54', 1, 0, 0)
   INSERT INTO dbo.dnn_UserRoles(UserID, RoleID, IsTrialUsed, CreatedByUserID, CreatedOnDate, LastModifiedByUserID, LastModifiedOnDate, [Status], IsOwner)
   VALUES(@UserId, @MaleRole, 0, 1, '2019-06-07 05:28:54', 1, '2019-06-07 05:28:54', 1, 0)
   INSERT INTO dbo.dnn_Users(Username, FirstName, LastName, Email, DisplayName, UpdatePassword, LastIPAddress, IsDeleted, CreatedByUserID, CreatedOnDate, LastModifiedByUserID, LastModifiedOnDate, PasswordResetToken, PasswordResetExpiration)
   VALUES('doug.campos@amazon.es', 'Doug', 'Campos', 'doug.campos@amazon.es', 'Doug Campos', 0, '', 0, 1, '2019-06-07 05:28:54', 1, '2019-06-07 05:28:54', NULL, NULL)
   SELECT @UserID = SCOPE_IDENTITY()
   INSERT INTO dbo.aspnet_Users(ApplicationID, UserName, LoweredUserName, IsAnonymous, LastActivityDate)
   VALUES(@ApplicationId, 'doug.campos@amazon.es', 'doug.campos@amazon.es', 0, '2019-06-07 05:28:54')
   SELECT @AspNetUserID = UserId FROM aspnet_Users WHERE Username = 'doug.campos@amazon.es'
   INSERT INTO dbo.aspnet_Membership(ApplicationID, UserID, Password, PasswordFormat, PasswordSalt, Email, LoweredEmail, IsApproved, IsLockedOut, CreateDate, LastLoginDate, LastPasswordChangedDate, LastLockoutDate, FailedPasswordAttemptCount, FailedPasswordAttemptWindowStart, FailedPasswordAnswerAttemptCount, FailedPasswordAnswerAttemptWindowStart)
   VALUES(@ApplicationID, @AspNetUserID, 'aMoPu/jMK8Yc4dxEEtAWm+RvKkFRjT38n/c1ORi3HgGWXJI15kNozQ==', 2, 'ub/Nej8BunZL3H6o+Z7+sg==', 'doug.campos@amazon.es', 'doug.campos@amazon.es', 1, 0, '2019-06-07 05:28:54', '2019-06-07 05:28:54', '2019-06-07 05:28:54', '1754-01-01 00:00:00.000', 0, '1754-01-01 00:00:00.000', 0, '1754-01-01 00:00:00.000')
   INSERT INTO dbo.dnn_UserPortals(UserID, PortalID, CreatedDate, Authorised, IsDeleted, RefreshRoles)
   VALUES(@UserID, @PortalID, '2019-06-07 05:28:54', 1, 0, 0)
   INSERT INTO dbo.dnn_UserRoles(UserID, RoleID, IsTrialUsed, CreatedByUserID, CreatedOnDate, LastModifiedByUserID, LastModifiedOnDate, [Status], IsOwner)
   VALUES(@UserId, @MaleRole, 0, 1, '2019-06-07 05:28:54', 1, '2019-06-07 05:28:54', 1, 0)
   INSERT INTO dbo.dnn_UserRoles(UserID, RoleID, IsTrialUsed, CreatedByUserID, CreatedOnDate, LastModifiedByUserID, LastModifiedOnDate, [Status], IsOwner)
   VALUES(@UserId, @AcademicRole, 0, 1, '2019-06-07 05:28:54', 1, '2019-06-07 05:28:54', 1, 0)
   INSERT INTO dbo.dnn_Users(Username, FirstName, LastName, Email, DisplayName, UpdatePassword, LastIPAddress, IsDeleted, CreatedByUserID, CreatedOnDate, LastModifiedByUserID, LastModifiedOnDate, PasswordResetToken, PasswordResetExpiration)
   VALUES('k.barnett@wordpress.org', 'Kenny', 'Barnett', 'k.barnett@wordpress.org', 'Kenny Barnett', 0, '', 0, 1, '2019-06-07 05:28:54', 1, '2019-06-07 05:28:54', NULL, NULL)
   SELECT @UserID = SCOPE_IDENTITY()
   INSERT INTO dbo.aspnet_Users(ApplicationID, UserName, LoweredUserName, IsAnonymous, LastActivityDate)
   VALUES(@ApplicationId, 'k.barnett@wordpress.org', 'k.barnett@wordpress.org', 0, '2019-06-07 05:28:54')
   SELECT @AspNetUserID = UserId FROM aspnet_Users WHERE Username = 'k.barnett@wordpress.org'
   INSERT INTO dbo.aspnet_Membership(ApplicationID, UserID, Password, PasswordFormat, PasswordSalt, Email, LoweredEmail, IsApproved, IsLockedOut, CreateDate, LastLoginDate, LastPasswordChangedDate, LastLockoutDate, FailedPasswordAttemptCount, FailedPasswordAttemptWindowStart, FailedPasswordAnswerAttemptCount, FailedPasswordAnswerAttemptWindowStart)
   VALUES(@ApplicationID, @AspNetUserID, 'aMoPu/jMK8Yc4dxEEtAWm+RvKkFRjT38n/c1ORi3HgGWXJI15kNozQ==', 2, 'ub/Nej8BunZL3H6o+Z7+sg==', 'k.barnett@wordpress.org', 'k.barnett@wordpress.org', 1, 0, '2019-06-07 05:28:54', '2019-06-07 05:28:54', '2019-06-07 05:28:54', '1754-01-01 00:00:00.000', 0, '1754-01-01 00:00:00.000', 0, '1754-01-01 00:00:00.000')
   INSERT INTO dbo.dnn_UserPortals(UserID, PortalID, CreatedDate, Authorised, IsDeleted, RefreshRoles)
   VALUES(@UserID, @PortalID, '2019-06-07 05:28:54', 1, 0, 0)
   INSERT INTO dbo.dnn_UserRoles(UserID, RoleID, IsTrialUsed, CreatedByUserID, CreatedOnDate, LastModifiedByUserID, LastModifiedOnDate, [Status], IsOwner)
   VALUES(@UserId, @MaleRole, 0, 1, '2019-06-07 05:28:54', 1, '2019-06-07 05:28:54', 1, 0)
   INSERT INTO dbo.dnn_Users(Username, FirstName, LastName, Email, DisplayName, UpdatePassword, LastIPAddress, IsDeleted, CreatedByUserID, CreatedOnDate, LastModifiedByUserID, LastModifiedOnDate, PasswordResetToken, PasswordResetExpiration)
   VALUES('batesh@mbc.net', 'Hubert', 'Bates', 'batesh@mbc.net', 'Hubert Bates', 0, '', 0, 1, '2019-06-07 05:28:54', 1, '2019-06-07 05:28:54', NULL, NULL)
   SELECT @UserID = SCOPE_IDENTITY()
   INSERT INTO dbo.aspnet_Users(ApplicationID, UserName, LoweredUserName, IsAnonymous, LastActivityDate)
   VALUES(@ApplicationId, 'batesh@mbc.net', 'batesh@mbc.net', 0, '2019-06-07 05:28:54')
   SELECT @AspNetUserID = UserId FROM aspnet_Users WHERE Username = 'batesh@mbc.net'
   INSERT INTO dbo.aspnet_Membership(ApplicationID, UserID, Password, PasswordFormat, PasswordSalt, Email, LoweredEmail, IsApproved, IsLockedOut, CreateDate, LastLoginDate, LastPasswordChangedDate, LastLockoutDate, FailedPasswordAttemptCount, FailedPasswordAttemptWindowStart, FailedPasswordAnswerAttemptCount, FailedPasswordAnswerAttemptWindowStart)
   VALUES(@ApplicationID, @AspNetUserID, 'aMoPu/jMK8Yc4dxEEtAWm+RvKkFRjT38n/c1ORi3HgGWXJI15kNozQ==', 2, 'ub/Nej8BunZL3H6o+Z7+sg==', 'batesh@mbc.net', 'batesh@mbc.net', 1, 0, '2019-06-07 05:28:54', '2019-06-07 05:28:54', '2019-06-07 05:28:54', '1754-01-01 00:00:00.000', 0, '1754-01-01 00:00:00.000', 0, '1754-01-01 00:00:00.000')
   INSERT INTO dbo.dnn_UserPortals(UserID, PortalID, CreatedDate, Authorised, IsDeleted, RefreshRoles)
   VALUES(@UserID, @PortalID, '2019-06-07 05:28:54', 1, 0, 0)
   INSERT INTO dbo.dnn_UserRoles(UserID, RoleID, IsTrialUsed, CreatedByUserID, CreatedOnDate, LastModifiedByUserID, LastModifiedOnDate, [Status], IsOwner)
   VALUES(@UserId, @MaleRole, 0, 1, '2019-06-07 05:28:54', 1, '2019-06-07 05:28:54', 1, 0)
   INSERT INTO dbo.dnn_Users(Username, FirstName, LastName, Email, DisplayName, UpdatePassword, LastIPAddress, IsDeleted, CreatedByUserID, CreatedOnDate, LastModifiedByUserID, LastModifiedOnDate, PasswordResetToken, PasswordResetExpiration)
   VALUES('angelo.chambers@slickdeals.net', 'Angelo', 'Chambers', 'angelo.chambers@slickdeals.net', 'Angelo Chambers', 0, '', 0, 1, '2019-06-07 05:28:54', 1, '2019-06-07 05:28:54', NULL, NULL)
   SELECT @UserID = SCOPE_IDENTITY()
   INSERT INTO dbo.aspnet_Users(ApplicationID, UserName, LoweredUserName, IsAnonymous, LastActivityDate)
   VALUES(@ApplicationId, 'angelo.chambers@slickdeals.net', 'angelo.chambers@slickdeals.net', 0, '2019-06-07 05:28:54')
   SELECT @AspNetUserID = UserId FROM aspnet_Users WHERE Username = 'angelo.chambers@slickdeals.net'
   INSERT INTO dbo.aspnet_Membership(ApplicationID, UserID, Password, PasswordFormat, PasswordSalt, Email, LoweredEmail, IsApproved, IsLockedOut, CreateDate, LastLoginDate, LastPasswordChangedDate, LastLockoutDate, FailedPasswordAttemptCount, FailedPasswordAttemptWindowStart, FailedPasswordAnswerAttemptCount, FailedPasswordAnswerAttemptWindowStart)
   VALUES(@ApplicationID, @AspNetUserID, 'aMoPu/jMK8Yc4dxEEtAWm+RvKkFRjT38n/c1ORi3HgGWXJI15kNozQ==', 2, 'ub/Nej8BunZL3H6o+Z7+sg==', 'angelo.chambers@slickdeals.net', 'angelo.chambers@slickdeals.net', 1, 0, '2019-06-07 05:28:54', '2019-06-07 05:28:54', '2019-06-07 05:28:54', '1754-01-01 00:00:00.000', 0, '1754-01-01 00:00:00.000', 0, '1754-01-01 00:00:00.000')
   INSERT INTO dbo.dnn_UserPortals(UserID, PortalID, CreatedDate, Authorised, IsDeleted, RefreshRoles)
   VALUES(@UserID, @PortalID, '2019-06-07 05:28:54', 1, 0, 0)
   INSERT INTO dbo.dnn_UserRoles(UserID, RoleID, IsTrialUsed, CreatedByUserID, CreatedOnDate, LastModifiedByUserID, LastModifiedOnDate, [Status], IsOwner)
   VALUES(@UserId, @MaleRole, 0, 1, '2019-06-07 05:28:54', 1, '2019-06-07 05:28:54', 1, 0)
   INSERT INTO dbo.dnn_Users(Username, FirstName, LastName, Email, DisplayName, UpdatePassword, LastIPAddress, IsDeleted, CreatedByUserID, CreatedOnDate, LastModifiedByUserID, LastModifiedOnDate, PasswordResetToken, PasswordResetExpiration)
   VALUES('s.caldwell@icloud.com', 'Shaun', 'Caldwell', 's.caldwell@icloud.com', 'Shaun Caldwell', 0, '', 0, 1, '2019-06-07 05:28:54', 1, '2019-06-07 05:28:54', NULL, NULL)
   SELECT @UserID = SCOPE_IDENTITY()
   INSERT INTO dbo.aspnet_Users(ApplicationID, UserName, LoweredUserName, IsAnonymous, LastActivityDate)
   VALUES(@ApplicationId, 's.caldwell@icloud.com', 's.caldwell@icloud.com', 0, '2019-06-07 05:28:54')
   SELECT @AspNetUserID = UserId FROM aspnet_Users WHERE Username = 's.caldwell@icloud.com'
   INSERT INTO dbo.aspnet_Membership(ApplicationID, UserID, Password, PasswordFormat, PasswordSalt, Email, LoweredEmail, IsApproved, IsLockedOut, CreateDate, LastLoginDate, LastPasswordChangedDate, LastLockoutDate, FailedPasswordAttemptCount, FailedPasswordAttemptWindowStart, FailedPasswordAnswerAttemptCount, FailedPasswordAnswerAttemptWindowStart)
   VALUES(@ApplicationID, @AspNetUserID, 'aMoPu/jMK8Yc4dxEEtAWm+RvKkFRjT38n/c1ORi3HgGWXJI15kNozQ==', 2, 'ub/Nej8BunZL3H6o+Z7+sg==', 's.caldwell@icloud.com', 's.caldwell@icloud.com', 1, 0, '2019-06-07 05:28:54', '2019-06-07 05:28:54', '2019-06-07 05:28:54', '1754-01-01 00:00:00.000', 0, '1754-01-01 00:00:00.000', 0, '1754-01-01 00:00:00.000')
   INSERT INTO dbo.dnn_UserPortals(UserID, PortalID, CreatedDate, Authorised, IsDeleted, RefreshRoles)
   VALUES(@UserID, @PortalID, '2019-06-07 05:28:54', 1, 0, 0)
   INSERT INTO dbo.dnn_UserRoles(UserID, RoleID, IsTrialUsed, CreatedByUserID, CreatedOnDate, LastModifiedByUserID, LastModifiedOnDate, [Status], IsOwner)
   VALUES(@UserId, @MaleRole, 0, 1, '2019-06-07 05:28:54', 1, '2019-06-07 05:28:54', 1, 0)
   INSERT INTO dbo.dnn_Users(Username, FirstName, LastName, Email, DisplayName, UpdatePassword, LastIPAddress, IsDeleted, CreatedByUserID, CreatedOnDate, LastModifiedByUserID, LastModifiedOnDate, PasswordResetToken, PasswordResetExpiration)
   VALUES('beckl@caijing.com.cn', 'Lyle', 'Beck', 'beckl@caijing.com.cn', 'Lyle Beck', 0, '', 0, 1, '2019-06-07 05:28:54', 1, '2019-06-07 05:28:54', NULL, NULL)
   SELECT @UserID = SCOPE_IDENTITY()
   INSERT INTO dbo.aspnet_Users(ApplicationID, UserName, LoweredUserName, IsAnonymous, LastActivityDate)
   VALUES(@ApplicationId, 'beckl@caijing.com.cn', 'beckl@caijing.com.cn', 0, '2019-06-07 05:28:54')
   SELECT @AspNetUserID = UserId FROM aspnet_Users WHERE Username = 'beckl@caijing.com.cn'
   INSERT INTO dbo.aspnet_Membership(ApplicationID, UserID, Password, PasswordFormat, PasswordSalt, Email, LoweredEmail, IsApproved, IsLockedOut, CreateDate, LastLoginDate, LastPasswordChangedDate, LastLockoutDate, FailedPasswordAttemptCount, FailedPasswordAttemptWindowStart, FailedPasswordAnswerAttemptCount, FailedPasswordAnswerAttemptWindowStart)
   VALUES(@ApplicationID, @AspNetUserID, 'aMoPu/jMK8Yc4dxEEtAWm+RvKkFRjT38n/c1ORi3HgGWXJI15kNozQ==', 2, 'ub/Nej8BunZL3H6o+Z7+sg==', 'beckl@caijing.com.cn', 'beckl@caijing.com.cn', 1, 0, '2019-06-07 05:28:54', '2019-06-07 05:28:54', '2019-06-07 05:28:54', '1754-01-01 00:00:00.000', 0, '1754-01-01 00:00:00.000', 0, '1754-01-01 00:00:00.000')
   INSERT INTO dbo.dnn_UserPortals(UserID, PortalID, CreatedDate, Authorised, IsDeleted, RefreshRoles)
   VALUES(@UserID, @PortalID, '2019-06-07 05:28:54', 1, 0, 0)
   INSERT INTO dbo.dnn_UserRoles(UserID, RoleID, IsTrialUsed, CreatedByUserID, CreatedOnDate, LastModifiedByUserID, LastModifiedOnDate, [Status], IsOwner)
   VALUES(@UserId, @MaleRole, 0, 1, '2019-06-07 05:28:54', 1, '2019-06-07 05:28:54', 1, 0)
   INSERT INTO dbo.dnn_UserRoles(UserID, RoleID, IsTrialUsed, CreatedByUserID, CreatedOnDate, LastModifiedByUserID, LastModifiedOnDate, [Status], IsOwner)
   VALUES(@UserId, @ManagerRole, 0, 1, '2019-06-07 05:28:54', 1, '2019-06-07 05:28:54', 1, 0)
   INSERT INTO dbo.dnn_Users(Username, FirstName, LastName, Email, DisplayName, UpdatePassword, LastIPAddress, IsDeleted, CreatedByUserID, CreatedOnDate, LastModifiedByUserID, LastModifiedOnDate, PasswordResetToken, PasswordResetExpiration)
   VALUES('matt.lambert@google.hu', 'Matt', 'Lambert', 'matt.lambert@google.hu', 'Matt Lambert', 0, '', 0, 1, '2019-06-07 05:28:54', 1, '2019-06-07 05:28:54', NULL, NULL)
   SELECT @UserID = SCOPE_IDENTITY()
   INSERT INTO dbo.aspnet_Users(ApplicationID, UserName, LoweredUserName, IsAnonymous, LastActivityDate)
   VALUES(@ApplicationId, 'matt.lambert@google.hu', 'matt.lambert@google.hu', 0, '2019-06-07 05:28:54')
   SELECT @AspNetUserID = UserId FROM aspnet_Users WHERE Username = 'matt.lambert@google.hu'
   INSERT INTO dbo.aspnet_Membership(ApplicationID, UserID, Password, PasswordFormat, PasswordSalt, Email, LoweredEmail, IsApproved, IsLockedOut, CreateDate, LastLoginDate, LastPasswordChangedDate, LastLockoutDate, FailedPasswordAttemptCount, FailedPasswordAttemptWindowStart, FailedPasswordAnswerAttemptCount, FailedPasswordAnswerAttemptWindowStart)
   VALUES(@ApplicationID, @AspNetUserID, 'aMoPu/jMK8Yc4dxEEtAWm+RvKkFRjT38n/c1ORi3HgGWXJI15kNozQ==', 2, 'ub/Nej8BunZL3H6o+Z7+sg==', 'matt.lambert@google.hu', 'matt.lambert@google.hu', 1, 0, '2019-06-07 05:28:54', '2019-06-07 05:28:54', '2019-06-07 05:28:54', '1754-01-01 00:00:00.000', 0, '1754-01-01 00:00:00.000', 0, '1754-01-01 00:00:00.000')
   INSERT INTO dbo.dnn_UserPortals(UserID, PortalID, CreatedDate, Authorised, IsDeleted, RefreshRoles)
   VALUES(@UserID, @PortalID, '2019-06-07 05:28:54', 1, 0, 0)
   INSERT INTO dbo.dnn_UserRoles(UserID, RoleID, IsTrialUsed, CreatedByUserID, CreatedOnDate, LastModifiedByUserID, LastModifiedOnDate, [Status], IsOwner)
   VALUES(@UserId, @MaleRole, 0, 1, '2019-06-07 05:28:54', 1, '2019-06-07 05:28:54', 1, 0)
   INSERT INTO dbo.dnn_Users(Username, FirstName, LastName, Email, DisplayName, UpdatePassword, LastIPAddress, IsDeleted, CreatedByUserID, CreatedOnDate, LastModifiedByUserID, LastModifiedOnDate, PasswordResetToken, PasswordResetExpiration)
   VALUES('l.miranda@kaskus.co.id', 'Lynn', 'Miranda', 'l.miranda@kaskus.co.id', 'Lynn Miranda', 0, '', 0, 1, '2019-06-07 05:28:54', 1, '2019-06-07 05:28:54', NULL, NULL)
   SELECT @UserID = SCOPE_IDENTITY()
   INSERT INTO dbo.aspnet_Users(ApplicationID, UserName, LoweredUserName, IsAnonymous, LastActivityDate)
   VALUES(@ApplicationId, 'l.miranda@kaskus.co.id', 'l.miranda@kaskus.co.id', 0, '2019-06-07 05:28:54')
   SELECT @AspNetUserID = UserId FROM aspnet_Users WHERE Username = 'l.miranda@kaskus.co.id'
   INSERT INTO dbo.aspnet_Membership(ApplicationID, UserID, Password, PasswordFormat, PasswordSalt, Email, LoweredEmail, IsApproved, IsLockedOut, CreateDate, LastLoginDate, LastPasswordChangedDate, LastLockoutDate, FailedPasswordAttemptCount, FailedPasswordAttemptWindowStart, FailedPasswordAnswerAttemptCount, FailedPasswordAnswerAttemptWindowStart)
   VALUES(@ApplicationID, @AspNetUserID, 'aMoPu/jMK8Yc4dxEEtAWm+RvKkFRjT38n/c1ORi3HgGWXJI15kNozQ==', 2, 'ub/Nej8BunZL3H6o+Z7+sg==', 'l.miranda@kaskus.co.id', 'l.miranda@kaskus.co.id', 1, 0, '2019-06-07 05:28:54', '2019-06-07 05:28:54', '2019-06-07 05:28:54', '1754-01-01 00:00:00.000', 0, '1754-01-01 00:00:00.000', 0, '1754-01-01 00:00:00.000')
   INSERT INTO dbo.dnn_UserPortals(UserID, PortalID, CreatedDate, Authorised, IsDeleted, RefreshRoles)
   VALUES(@UserID, @PortalID, '2019-06-07 05:28:54', 1, 0, 0)
   INSERT INTO dbo.dnn_UserRoles(UserID, RoleID, IsTrialUsed, CreatedByUserID, CreatedOnDate, LastModifiedByUserID, LastModifiedOnDate, [Status], IsOwner)
   VALUES(@UserId, @MaleRole, 0, 1, '2019-06-07 05:28:54', 1, '2019-06-07 05:28:54', 1, 0)
   INSERT INTO dbo.dnn_Users(Username, FirstName, LastName, Email, DisplayName, UpdatePassword, LastIPAddress, IsDeleted, CreatedByUserID, CreatedOnDate, LastModifiedByUserID, LastModifiedOnDate, PasswordResetToken, PasswordResetExpiration)
   VALUES('byrda@wittyfeed.com', 'Alfonso', 'Byrd', 'byrda@wittyfeed.com', 'Alfonso Byrd', 0, '', 0, 1, '2019-06-07 05:28:54', 1, '2019-06-07 05:28:54', NULL, NULL)
   SELECT @UserID = SCOPE_IDENTITY()
   INSERT INTO dbo.aspnet_Users(ApplicationID, UserName, LoweredUserName, IsAnonymous, LastActivityDate)
   VALUES(@ApplicationId, 'byrda@wittyfeed.com', 'byrda@wittyfeed.com', 0, '2019-06-07 05:28:54')
   SELECT @AspNetUserID = UserId FROM aspnet_Users WHERE Username = 'byrda@wittyfeed.com'
   INSERT INTO dbo.aspnet_Membership(ApplicationID, UserID, Password, PasswordFormat, PasswordSalt, Email, LoweredEmail, IsApproved, IsLockedOut, CreateDate, LastLoginDate, LastPasswordChangedDate, LastLockoutDate, FailedPasswordAttemptCount, FailedPasswordAttemptWindowStart, FailedPasswordAnswerAttemptCount, FailedPasswordAnswerAttemptWindowStart)
   VALUES(@ApplicationID, @AspNetUserID, 'aMoPu/jMK8Yc4dxEEtAWm+RvKkFRjT38n/c1ORi3HgGWXJI15kNozQ==', 2, 'ub/Nej8BunZL3H6o+Z7+sg==', 'byrda@wittyfeed.com', 'byrda@wittyfeed.com', 1, 0, '2019-06-07 05:28:54', '2019-06-07 05:28:54', '2019-06-07 05:28:54', '1754-01-01 00:00:00.000', 0, '1754-01-01 00:00:00.000', 0, '1754-01-01 00:00:00.000')
   INSERT INTO dbo.dnn_UserPortals(UserID, PortalID, CreatedDate, Authorised, IsDeleted, RefreshRoles)
   VALUES(@UserID, @PortalID, '2019-06-07 05:28:54', 1, 0, 0)
   INSERT INTO dbo.dnn_UserRoles(UserID, RoleID, IsTrialUsed, CreatedByUserID, CreatedOnDate, LastModifiedByUserID, LastModifiedOnDate, [Status], IsOwner)
   VALUES(@UserId, @MaleRole, 0, 1, '2019-06-07 05:28:54', 1, '2019-06-07 05:28:54', 1, 0)
   INSERT INTO dbo.dnn_Users(Username, FirstName, LastName, Email, DisplayName, UpdatePassword, LastIPAddress, IsDeleted, CreatedByUserID, CreatedOnDate, LastModifiedByUserID, LastModifiedOnDate, PasswordResetToken, PasswordResetExpiration)
   VALUES('orlando.craig@fedex.com', 'Orlando', 'Craig', 'orlando.craig@fedex.com', 'Orlando Craig', 0, '', 0, 1, '2019-06-07 05:28:54', 1, '2019-06-07 05:28:54', NULL, NULL)
   SELECT @UserID = SCOPE_IDENTITY()
   INSERT INTO dbo.aspnet_Users(ApplicationID, UserName, LoweredUserName, IsAnonymous, LastActivityDate)
   VALUES(@ApplicationId, 'orlando.craig@fedex.com', 'orlando.craig@fedex.com', 0, '2019-06-07 05:28:54')
   SELECT @AspNetUserID = UserId FROM aspnet_Users WHERE Username = 'orlando.craig@fedex.com'
   INSERT INTO dbo.aspnet_Membership(ApplicationID, UserID, Password, PasswordFormat, PasswordSalt, Email, LoweredEmail, IsApproved, IsLockedOut, CreateDate, LastLoginDate, LastPasswordChangedDate, LastLockoutDate, FailedPasswordAttemptCount, FailedPasswordAttemptWindowStart, FailedPasswordAnswerAttemptCount, FailedPasswordAnswerAttemptWindowStart)
   VALUES(@ApplicationID, @AspNetUserID, 'aMoPu/jMK8Yc4dxEEtAWm+RvKkFRjT38n/c1ORi3HgGWXJI15kNozQ==', 2, 'ub/Nej8BunZL3H6o+Z7+sg==', 'orlando.craig@fedex.com', 'orlando.craig@fedex.com', 1, 0, '2019-06-07 05:28:54', '2019-06-07 05:28:54', '2019-06-07 05:28:54', '1754-01-01 00:00:00.000', 0, '1754-01-01 00:00:00.000', 0, '1754-01-01 00:00:00.000')
   INSERT INTO dbo.dnn_UserPortals(UserID, PortalID, CreatedDate, Authorised, IsDeleted, RefreshRoles)
   VALUES(@UserID, @PortalID, '2019-06-07 05:28:54', 1, 0, 0)
   INSERT INTO dbo.dnn_UserRoles(UserID, RoleID, IsTrialUsed, CreatedByUserID, CreatedOnDate, LastModifiedByUserID, LastModifiedOnDate, [Status], IsOwner)
   VALUES(@UserId, @MaleRole, 0, 1, '2019-06-07 05:28:54', 1, '2019-06-07 05:28:54', 1, 0)
   INSERT INTO dbo.dnn_Users(Username, FirstName, LastName, Email, DisplayName, UpdatePassword, LastIPAddress, IsDeleted, CreatedByUserID, CreatedOnDate, LastModifiedByUserID, LastModifiedOnDate, PasswordResetToken, PasswordResetExpiration)
   VALUES('r.ayala@ndtv.com', 'Rex', 'Ayala', 'r.ayala@ndtv.com', 'Rex Ayala', 0, '', 0, 1, '2019-06-07 05:28:54', 1, '2019-06-07 05:28:54', NULL, NULL)
   SELECT @UserID = SCOPE_IDENTITY()
   INSERT INTO dbo.aspnet_Users(ApplicationID, UserName, LoweredUserName, IsAnonymous, LastActivityDate)
   VALUES(@ApplicationId, 'r.ayala@ndtv.com', 'r.ayala@ndtv.com', 0, '2019-06-07 05:28:54')
   SELECT @AspNetUserID = UserId FROM aspnet_Users WHERE Username = 'r.ayala@ndtv.com'
   INSERT INTO dbo.aspnet_Membership(ApplicationID, UserID, Password, PasswordFormat, PasswordSalt, Email, LoweredEmail, IsApproved, IsLockedOut, CreateDate, LastLoginDate, LastPasswordChangedDate, LastLockoutDate, FailedPasswordAttemptCount, FailedPasswordAttemptWindowStart, FailedPasswordAnswerAttemptCount, FailedPasswordAnswerAttemptWindowStart)
   VALUES(@ApplicationID, @AspNetUserID, 'aMoPu/jMK8Yc4dxEEtAWm+RvKkFRjT38n/c1ORi3HgGWXJI15kNozQ==', 2, 'ub/Nej8BunZL3H6o+Z7+sg==', 'r.ayala@ndtv.com', 'r.ayala@ndtv.com', 1, 0, '2019-06-07 05:28:54', '2019-06-07 05:28:54', '2019-06-07 05:28:54', '1754-01-01 00:00:00.000', 0, '1754-01-01 00:00:00.000', 0, '1754-01-01 00:00:00.000')
   INSERT INTO dbo.dnn_UserPortals(UserID, PortalID, CreatedDate, Authorised, IsDeleted, RefreshRoles)
   VALUES(@UserID, @PortalID, '2019-06-07 05:28:54', 1, 0, 0)
   INSERT INTO dbo.dnn_UserRoles(UserID, RoleID, IsTrialUsed, CreatedByUserID, CreatedOnDate, LastModifiedByUserID, LastModifiedOnDate, [Status], IsOwner)
   VALUES(@UserId, @MaleRole, 0, 1, '2019-06-07 05:28:54', 1, '2019-06-07 05:28:54', 1, 0)
   INSERT INTO dbo.dnn_Users(Username, FirstName, LastName, Email, DisplayName, UpdatePassword, LastIPAddress, IsDeleted, CreatedByUserID, CreatedOnDate, LastModifiedByUserID, LastModifiedOnDate, PasswordResetToken, PasswordResetExpiration)
   VALUES('lowec@att.com', 'Carlton', 'Lowe', 'lowec@att.com', 'Carlton Lowe', 0, '', 0, 1, '2019-06-07 05:28:54', 1, '2019-06-07 05:28:54', NULL, NULL)
   SELECT @UserID = SCOPE_IDENTITY()
   INSERT INTO dbo.aspnet_Users(ApplicationID, UserName, LoweredUserName, IsAnonymous, LastActivityDate)
   VALUES(@ApplicationId, 'lowec@att.com', 'lowec@att.com', 0, '2019-06-07 05:28:54')
   SELECT @AspNetUserID = UserId FROM aspnet_Users WHERE Username = 'lowec@att.com'
   INSERT INTO dbo.aspnet_Membership(ApplicationID, UserID, Password, PasswordFormat, PasswordSalt, Email, LoweredEmail, IsApproved, IsLockedOut, CreateDate, LastLoginDate, LastPasswordChangedDate, LastLockoutDate, FailedPasswordAttemptCount, FailedPasswordAttemptWindowStart, FailedPasswordAnswerAttemptCount, FailedPasswordAnswerAttemptWindowStart)
   VALUES(@ApplicationID, @AspNetUserID, 'aMoPu/jMK8Yc4dxEEtAWm+RvKkFRjT38n/c1ORi3HgGWXJI15kNozQ==', 2, 'ub/Nej8BunZL3H6o+Z7+sg==', 'lowec@att.com', 'lowec@att.com', 1, 0, '2019-06-07 05:28:54', '2019-06-07 05:28:54', '2019-06-07 05:28:54', '1754-01-01 00:00:00.000', 0, '1754-01-01 00:00:00.000', 0, '1754-01-01 00:00:00.000')
   INSERT INTO dbo.dnn_UserPortals(UserID, PortalID, CreatedDate, Authorised, IsDeleted, RefreshRoles)
   VALUES(@UserID, @PortalID, '2019-06-07 05:28:54', 1, 0, 0)
   INSERT INTO dbo.dnn_UserRoles(UserID, RoleID, IsTrialUsed, CreatedByUserID, CreatedOnDate, LastModifiedByUserID, LastModifiedOnDate, [Status], IsOwner)
   VALUES(@UserId, @MaleRole, 0, 1, '2019-06-07 05:28:54', 1, '2019-06-07 05:28:54', 1, 0)
   INSERT INTO dbo.dnn_Users(Username, FirstName, LastName, Email, DisplayName, UpdatePassword, LastIPAddress, IsDeleted, CreatedByUserID, CreatedOnDate, LastModifiedByUserID, LastModifiedOnDate, PasswordResetToken, PasswordResetExpiration)
   VALUES('ernesto.frazier@mlb.com', 'Ernesto', 'Frazier', 'ernesto.frazier@mlb.com', 'Ernesto Frazier', 0, '', 0, 1, '2019-06-07 05:28:54', 1, '2019-06-07 05:28:54', NULL, NULL)
   SELECT @UserID = SCOPE_IDENTITY()
   INSERT INTO dbo.aspnet_Users(ApplicationID, UserName, LoweredUserName, IsAnonymous, LastActivityDate)
   VALUES(@ApplicationId, 'ernesto.frazier@mlb.com', 'ernesto.frazier@mlb.com', 0, '2019-06-07 05:28:54')
   SELECT @AspNetUserID = UserId FROM aspnet_Users WHERE Username = 'ernesto.frazier@mlb.com'
   INSERT INTO dbo.aspnet_Membership(ApplicationID, UserID, Password, PasswordFormat, PasswordSalt, Email, LoweredEmail, IsApproved, IsLockedOut, CreateDate, LastLoginDate, LastPasswordChangedDate, LastLockoutDate, FailedPasswordAttemptCount, FailedPasswordAttemptWindowStart, FailedPasswordAnswerAttemptCount, FailedPasswordAnswerAttemptWindowStart)
   VALUES(@ApplicationID, @AspNetUserID, 'aMoPu/jMK8Yc4dxEEtAWm+RvKkFRjT38n/c1ORi3HgGWXJI15kNozQ==', 2, 'ub/Nej8BunZL3H6o+Z7+sg==', 'ernesto.frazier@mlb.com', 'ernesto.frazier@mlb.com', 1, 0, '2019-06-07 05:28:54', '2019-06-07 05:28:54', '2019-06-07 05:28:54', '1754-01-01 00:00:00.000', 0, '1754-01-01 00:00:00.000', 0, '1754-01-01 00:00:00.000')
   INSERT INTO dbo.dnn_UserPortals(UserID, PortalID, CreatedDate, Authorised, IsDeleted, RefreshRoles)
   VALUES(@UserID, @PortalID, '2019-06-07 05:28:54', 1, 0, 0)
   INSERT INTO dbo.dnn_UserRoles(UserID, RoleID, IsTrialUsed, CreatedByUserID, CreatedOnDate, LastModifiedByUserID, LastModifiedOnDate, [Status], IsOwner)
   VALUES(@UserId, @MaleRole, 0, 1, '2019-06-07 05:28:54', 1, '2019-06-07 05:28:54', 1, 0)
   INSERT INTO dbo.dnn_Users(Username, FirstName, LastName, Email, DisplayName, UpdatePassword, LastIPAddress, IsDeleted, CreatedByUserID, CreatedOnDate, LastModifiedByUserID, LastModifiedOnDate, PasswordResetToken, PasswordResetExpiration)
   VALUES('c.powers@kompas.com', 'Cameron', 'Powers', 'c.powers@kompas.com', 'Cameron Powers', 0, '', 0, 1, '2019-06-07 05:28:54', 1, '2019-06-07 05:28:54', NULL, NULL)
   SELECT @UserID = SCOPE_IDENTITY()
   INSERT INTO dbo.aspnet_Users(ApplicationID, UserName, LoweredUserName, IsAnonymous, LastActivityDate)
   VALUES(@ApplicationId, 'c.powers@kompas.com', 'c.powers@kompas.com', 0, '2019-06-07 05:28:54')
   SELECT @AspNetUserID = UserId FROM aspnet_Users WHERE Username = 'c.powers@kompas.com'
   INSERT INTO dbo.aspnet_Membership(ApplicationID, UserID, Password, PasswordFormat, PasswordSalt, Email, LoweredEmail, IsApproved, IsLockedOut, CreateDate, LastLoginDate, LastPasswordChangedDate, LastLockoutDate, FailedPasswordAttemptCount, FailedPasswordAttemptWindowStart, FailedPasswordAnswerAttemptCount, FailedPasswordAnswerAttemptWindowStart)
   VALUES(@ApplicationID, @AspNetUserID, 'aMoPu/jMK8Yc4dxEEtAWm+RvKkFRjT38n/c1ORi3HgGWXJI15kNozQ==', 2, 'ub/Nej8BunZL3H6o+Z7+sg==', 'c.powers@kompas.com', 'c.powers@kompas.com', 1, 0, '2019-06-07 05:28:54', '2019-06-07 05:28:54', '2019-06-07 05:28:54', '1754-01-01 00:00:00.000', 0, '1754-01-01 00:00:00.000', 0, '1754-01-01 00:00:00.000')
   INSERT INTO dbo.dnn_UserPortals(UserID, PortalID, CreatedDate, Authorised, IsDeleted, RefreshRoles)
   VALUES(@UserID, @PortalID, '2019-06-07 05:28:54', 1, 0, 0)
   INSERT INTO dbo.dnn_UserRoles(UserID, RoleID, IsTrialUsed, CreatedByUserID, CreatedOnDate, LastModifiedByUserID, LastModifiedOnDate, [Status], IsOwner)
   VALUES(@UserId, @MaleRole, 0, 1, '2019-06-07 05:28:54', 1, '2019-06-07 05:28:54', 1, 0)
   INSERT INTO dbo.dnn_UserRoles(UserID, RoleID, IsTrialUsed, CreatedByUserID, CreatedOnDate, LastModifiedByUserID, LastModifiedOnDate, [Status], IsOwner)
   VALUES(@UserId, @AcademicRole, 0, 1, '2019-06-07 05:28:54', 1, '2019-06-07 05:28:54', 1, 0)
   INSERT INTO dbo.dnn_Users(Username, FirstName, LastName, Email, DisplayName, UpdatePassword, LastIPAddress, IsDeleted, CreatedByUserID, CreatedOnDate, LastModifiedByUserID, LastModifiedOnDate, PasswordResetToken, PasswordResetExpiration)
   VALUES('nealn@google.ie', 'Neal', 'Neal', 'nealn@google.ie', 'Neal Neal', 0, '', 0, 1, '2019-06-07 05:28:54', 1, '2019-06-07 05:28:54', NULL, NULL)
   SELECT @UserID = SCOPE_IDENTITY()
   INSERT INTO dbo.aspnet_Users(ApplicationID, UserName, LoweredUserName, IsAnonymous, LastActivityDate)
   VALUES(@ApplicationId, 'nealn@google.ie', 'nealn@google.ie', 0, '2019-06-07 05:28:54')
   SELECT @AspNetUserID = UserId FROM aspnet_Users WHERE Username = 'nealn@google.ie'
   INSERT INTO dbo.aspnet_Membership(ApplicationID, UserID, Password, PasswordFormat, PasswordSalt, Email, LoweredEmail, IsApproved, IsLockedOut, CreateDate, LastLoginDate, LastPasswordChangedDate, LastLockoutDate, FailedPasswordAttemptCount, FailedPasswordAttemptWindowStart, FailedPasswordAnswerAttemptCount, FailedPasswordAnswerAttemptWindowStart)
   VALUES(@ApplicationID, @AspNetUserID, 'aMoPu/jMK8Yc4dxEEtAWm+RvKkFRjT38n/c1ORi3HgGWXJI15kNozQ==', 2, 'ub/Nej8BunZL3H6o+Z7+sg==', 'nealn@google.ie', 'nealn@google.ie', 1, 0, '2019-06-07 05:28:54', '2019-06-07 05:28:54', '2019-06-07 05:28:54', '1754-01-01 00:00:00.000', 0, '1754-01-01 00:00:00.000', 0, '1754-01-01 00:00:00.000')
   INSERT INTO dbo.dnn_UserPortals(UserID, PortalID, CreatedDate, Authorised, IsDeleted, RefreshRoles)
   VALUES(@UserID, @PortalID, '2019-06-07 05:28:54', 1, 0, 0)
   INSERT INTO dbo.dnn_UserRoles(UserID, RoleID, IsTrialUsed, CreatedByUserID, CreatedOnDate, LastModifiedByUserID, LastModifiedOnDate, [Status], IsOwner)
   VALUES(@UserId, @MaleRole, 0, 1, '2019-06-07 05:28:54', 1, '2019-06-07 05:28:54', 1, 0)
   INSERT INTO dbo.dnn_Users(Username, FirstName, LastName, Email, DisplayName, UpdatePassword, LastIPAddress, IsDeleted, CreatedByUserID, CreatedOnDate, LastModifiedByUserID, LastModifiedOnDate, PasswordResetToken, PasswordResetExpiration)
   VALUES('pablo.leonard@giphy.com', 'Pablo', 'Leonard', 'pablo.leonard@giphy.com', 'Pablo Leonard', 0, '', 0, 1, '2019-06-07 05:28:54', 1, '2019-06-07 05:28:54', NULL, NULL)
   SELECT @UserID = SCOPE_IDENTITY()
   INSERT INTO dbo.aspnet_Users(ApplicationID, UserName, LoweredUserName, IsAnonymous, LastActivityDate)
   VALUES(@ApplicationId, 'pablo.leonard@giphy.com', 'pablo.leonard@giphy.com', 0, '2019-06-07 05:28:54')
   SELECT @AspNetUserID = UserId FROM aspnet_Users WHERE Username = 'pablo.leonard@giphy.com'
   INSERT INTO dbo.aspnet_Membership(ApplicationID, UserID, Password, PasswordFormat, PasswordSalt, Email, LoweredEmail, IsApproved, IsLockedOut, CreateDate, LastLoginDate, LastPasswordChangedDate, LastLockoutDate, FailedPasswordAttemptCount, FailedPasswordAttemptWindowStart, FailedPasswordAnswerAttemptCount, FailedPasswordAnswerAttemptWindowStart)
   VALUES(@ApplicationID, @AspNetUserID, 'aMoPu/jMK8Yc4dxEEtAWm+RvKkFRjT38n/c1ORi3HgGWXJI15kNozQ==', 2, 'ub/Nej8BunZL3H6o+Z7+sg==', 'pablo.leonard@giphy.com', 'pablo.leonard@giphy.com', 1, 0, '2019-06-07 05:28:54', '2019-06-07 05:28:54', '2019-06-07 05:28:54', '1754-01-01 00:00:00.000', 0, '1754-01-01 00:00:00.000', 0, '1754-01-01 00:00:00.000')
   INSERT INTO dbo.dnn_UserPortals(UserID, PortalID, CreatedDate, Authorised, IsDeleted, RefreshRoles)
   VALUES(@UserID, @PortalID, '2019-06-07 05:28:54', 1, 0, 0)
   INSERT INTO dbo.dnn_UserRoles(UserID, RoleID, IsTrialUsed, CreatedByUserID, CreatedOnDate, LastModifiedByUserID, LastModifiedOnDate, [Status], IsOwner)
   VALUES(@UserId, @MaleRole, 0, 1, '2019-06-07 05:28:54', 1, '2019-06-07 05:28:54', 1, 0)
   INSERT INTO dbo.dnn_UserRoles(UserID, RoleID, IsTrialUsed, CreatedByUserID, CreatedOnDate, LastModifiedByUserID, LastModifiedOnDate, [Status], IsOwner)
   VALUES(@UserId, @ManagerRole, 0, 1, '2019-06-07 05:28:54', 1, '2019-06-07 05:28:54', 1, 0)
   INSERT INTO dbo.dnn_Users(Username, FirstName, LastName, Email, DisplayName, UpdatePassword, LastIPAddress, IsDeleted, CreatedByUserID, CreatedOnDate, LastModifiedByUserID, LastModifiedOnDate, PasswordResetToken, PasswordResetExpiration)
   VALUES('l.gregory@usatoday.com', 'Lorenzo', 'Gregory', 'l.gregory@usatoday.com', 'Lorenzo Gregory', 0, '', 0, 1, '2019-06-07 05:28:54', 1, '2019-06-07 05:28:54', NULL, NULL)
   SELECT @UserID = SCOPE_IDENTITY()
   INSERT INTO dbo.aspnet_Users(ApplicationID, UserName, LoweredUserName, IsAnonymous, LastActivityDate)
   VALUES(@ApplicationId, 'l.gregory@usatoday.com', 'l.gregory@usatoday.com', 0, '2019-06-07 05:28:54')
   SELECT @AspNetUserID = UserId FROM aspnet_Users WHERE Username = 'l.gregory@usatoday.com'
   INSERT INTO dbo.aspnet_Membership(ApplicationID, UserID, Password, PasswordFormat, PasswordSalt, Email, LoweredEmail, IsApproved, IsLockedOut, CreateDate, LastLoginDate, LastPasswordChangedDate, LastLockoutDate, FailedPasswordAttemptCount, FailedPasswordAttemptWindowStart, FailedPasswordAnswerAttemptCount, FailedPasswordAnswerAttemptWindowStart)
   VALUES(@ApplicationID, @AspNetUserID, 'aMoPu/jMK8Yc4dxEEtAWm+RvKkFRjT38n/c1ORi3HgGWXJI15kNozQ==', 2, 'ub/Nej8BunZL3H6o+Z7+sg==', 'l.gregory@usatoday.com', 'l.gregory@usatoday.com', 1, 0, '2019-06-07 05:28:54', '2019-06-07 05:28:54', '2019-06-07 05:28:54', '1754-01-01 00:00:00.000', 0, '1754-01-01 00:00:00.000', 0, '1754-01-01 00:00:00.000')
   INSERT INTO dbo.dnn_UserPortals(UserID, PortalID, CreatedDate, Authorised, IsDeleted, RefreshRoles)
   VALUES(@UserID, @PortalID, '2019-06-07 05:28:54', 1, 0, 0)
   INSERT INTO dbo.dnn_UserRoles(UserID, RoleID, IsTrialUsed, CreatedByUserID, CreatedOnDate, LastModifiedByUserID, LastModifiedOnDate, [Status], IsOwner)
   VALUES(@UserId, @MaleRole, 0, 1, '2019-06-07 05:28:54', 1, '2019-06-07 05:28:54', 1, 0)
   INSERT INTO dbo.dnn_Users(Username, FirstName, LastName, Email, DisplayName, UpdatePassword, LastIPAddress, IsDeleted, CreatedByUserID, CreatedOnDate, LastModifiedByUserID, LastModifiedOnDate, PasswordResetToken, PasswordResetExpiration)
   VALUES('carrilloo@xcar.com.cn', 'Omar', 'Carrillo', 'carrilloo@xcar.com.cn', 'Omar Carrillo', 0, '', 0, 1, '2019-06-07 05:28:54', 1, '2019-06-07 05:28:54', NULL, NULL)
   SELECT @UserID = SCOPE_IDENTITY()
   INSERT INTO dbo.aspnet_Users(ApplicationID, UserName, LoweredUserName, IsAnonymous, LastActivityDate)
   VALUES(@ApplicationId, 'carrilloo@xcar.com.cn', 'carrilloo@xcar.com.cn', 0, '2019-06-07 05:28:54')
   SELECT @AspNetUserID = UserId FROM aspnet_Users WHERE Username = 'carrilloo@xcar.com.cn'
   INSERT INTO dbo.aspnet_Membership(ApplicationID, UserID, Password, PasswordFormat, PasswordSalt, Email, LoweredEmail, IsApproved, IsLockedOut, CreateDate, LastLoginDate, LastPasswordChangedDate, LastLockoutDate, FailedPasswordAttemptCount, FailedPasswordAttemptWindowStart, FailedPasswordAnswerAttemptCount, FailedPasswordAnswerAttemptWindowStart)
   VALUES(@ApplicationID, @AspNetUserID, 'aMoPu/jMK8Yc4dxEEtAWm+RvKkFRjT38n/c1ORi3HgGWXJI15kNozQ==', 2, 'ub/Nej8BunZL3H6o+Z7+sg==', 'carrilloo@xcar.com.cn', 'carrilloo@xcar.com.cn', 1, 0, '2019-06-07 05:28:54', '2019-06-07 05:28:54', '2019-06-07 05:28:54', '1754-01-01 00:00:00.000', 0, '1754-01-01 00:00:00.000', 0, '1754-01-01 00:00:00.000')
   INSERT INTO dbo.dnn_UserPortals(UserID, PortalID, CreatedDate, Authorised, IsDeleted, RefreshRoles)
   VALUES(@UserID, @PortalID, '2019-06-07 05:28:54', 1, 0, 0)
   INSERT INTO dbo.dnn_UserRoles(UserID, RoleID, IsTrialUsed, CreatedByUserID, CreatedOnDate, LastModifiedByUserID, LastModifiedOnDate, [Status], IsOwner)
   VALUES(@UserId, @MaleRole, 0, 1, '2019-06-07 05:28:54', 1, '2019-06-07 05:28:54', 1, 0)
   INSERT INTO dbo.dnn_Users(Username, FirstName, LastName, Email, DisplayName, UpdatePassword, LastIPAddress, IsDeleted, CreatedByUserID, CreatedOnDate, LastModifiedByUserID, LastModifiedOnDate, PasswordResetToken, PasswordResetExpiration)
   VALUES('wilbur.sutton@hulu.com', 'Wilbur', 'Sutton', 'wilbur.sutton@hulu.com', 'Wilbur Sutton', 0, '', 0, 1, '2019-06-07 05:28:54', 1, '2019-06-07 05:28:54', NULL, NULL)
   SELECT @UserID = SCOPE_IDENTITY()
   INSERT INTO dbo.aspnet_Users(ApplicationID, UserName, LoweredUserName, IsAnonymous, LastActivityDate)
   VALUES(@ApplicationId, 'wilbur.sutton@hulu.com', 'wilbur.sutton@hulu.com', 0, '2019-06-07 05:28:54')
   SELECT @AspNetUserID = UserId FROM aspnet_Users WHERE Username = 'wilbur.sutton@hulu.com'
   INSERT INTO dbo.aspnet_Membership(ApplicationID, UserID, Password, PasswordFormat, PasswordSalt, Email, LoweredEmail, IsApproved, IsLockedOut, CreateDate, LastLoginDate, LastPasswordChangedDate, LastLockoutDate, FailedPasswordAttemptCount, FailedPasswordAttemptWindowStart, FailedPasswordAnswerAttemptCount, FailedPasswordAnswerAttemptWindowStart)
   VALUES(@ApplicationID, @AspNetUserID, 'aMoPu/jMK8Yc4dxEEtAWm+RvKkFRjT38n/c1ORi3HgGWXJI15kNozQ==', 2, 'ub/Nej8BunZL3H6o+Z7+sg==', 'wilbur.sutton@hulu.com', 'wilbur.sutton@hulu.com', 1, 0, '2019-06-07 05:28:54', '2019-06-07 05:28:54', '2019-06-07 05:28:54', '1754-01-01 00:00:00.000', 0, '1754-01-01 00:00:00.000', 0, '1754-01-01 00:00:00.000')
   INSERT INTO dbo.dnn_UserPortals(UserID, PortalID, CreatedDate, Authorised, IsDeleted, RefreshRoles)
   VALUES(@UserID, @PortalID, '2019-06-07 05:28:54', 1, 0, 0)
   INSERT INTO dbo.dnn_UserRoles(UserID, RoleID, IsTrialUsed, CreatedByUserID, CreatedOnDate, LastModifiedByUserID, LastModifiedOnDate, [Status], IsOwner)
   VALUES(@UserId, @MaleRole, 0, 1, '2019-06-07 05:28:54', 1, '2019-06-07 05:28:54', 1, 0)
   INSERT INTO dbo.dnn_Users(Username, FirstName, LastName, Email, DisplayName, UpdatePassword, LastIPAddress, IsDeleted, CreatedByUserID, CreatedOnDate, LastModifiedByUserID, LastModifiedOnDate, PasswordResetToken, PasswordResetExpiration)
   VALUES('b.fleming@archive.org', 'Blake', 'Fleming', 'b.fleming@archive.org', 'Blake Fleming', 0, '', 0, 1, '2019-06-07 05:28:54', 1, '2019-06-07 05:28:54', NULL, NULL)
   SELECT @UserID = SCOPE_IDENTITY()
   INSERT INTO dbo.aspnet_Users(ApplicationID, UserName, LoweredUserName, IsAnonymous, LastActivityDate)
   VALUES(@ApplicationId, 'b.fleming@archive.org', 'b.fleming@archive.org', 0, '2019-06-07 05:28:54')
   SELECT @AspNetUserID = UserId FROM aspnet_Users WHERE Username = 'b.fleming@archive.org'
   INSERT INTO dbo.aspnet_Membership(ApplicationID, UserID, Password, PasswordFormat, PasswordSalt, Email, LoweredEmail, IsApproved, IsLockedOut, CreateDate, LastLoginDate, LastPasswordChangedDate, LastLockoutDate, FailedPasswordAttemptCount, FailedPasswordAttemptWindowStart, FailedPasswordAnswerAttemptCount, FailedPasswordAnswerAttemptWindowStart)
   VALUES(@ApplicationID, @AspNetUserID, 'aMoPu/jMK8Yc4dxEEtAWm+RvKkFRjT38n/c1ORi3HgGWXJI15kNozQ==', 2, 'ub/Nej8BunZL3H6o+Z7+sg==', 'b.fleming@archive.org', 'b.fleming@archive.org', 1, 0, '2019-06-07 05:28:54', '2019-06-07 05:28:54', '2019-06-07 05:28:54', '1754-01-01 00:00:00.000', 0, '1754-01-01 00:00:00.000', 0, '1754-01-01 00:00:00.000')
   INSERT INTO dbo.dnn_UserPortals(UserID, PortalID, CreatedDate, Authorised, IsDeleted, RefreshRoles)
   VALUES(@UserID, @PortalID, '2019-06-07 05:28:54', 1, 0, 0)
   INSERT INTO dbo.dnn_UserRoles(UserID, RoleID, IsTrialUsed, CreatedByUserID, CreatedOnDate, LastModifiedByUserID, LastModifiedOnDate, [Status], IsOwner)
   VALUES(@UserId, @MaleRole, 0, 1, '2019-06-07 05:28:54', 1, '2019-06-07 05:28:54', 1, 0)
   INSERT INTO dbo.dnn_Users(Username, FirstName, LastName, Email, DisplayName, UpdatePassword, LastIPAddress, IsDeleted, CreatedByUserID, CreatedOnDate, LastModifiedByUserID, LastModifiedOnDate, PasswordResetToken, PasswordResetExpiration)
   VALUES('rhodesg@sberbank.ru', 'Grant', 'Rhodes', 'rhodesg@sberbank.ru', 'Grant Rhodes', 0, '', 0, 1, '2019-06-07 05:28:54', 1, '2019-06-07 05:28:54', NULL, NULL)
   SELECT @UserID = SCOPE_IDENTITY()
   INSERT INTO dbo.aspnet_Users(ApplicationID, UserName, LoweredUserName, IsAnonymous, LastActivityDate)
   VALUES(@ApplicationId, 'rhodesg@sberbank.ru', 'rhodesg@sberbank.ru', 0, '2019-06-07 05:28:54')
   SELECT @AspNetUserID = UserId FROM aspnet_Users WHERE Username = 'rhodesg@sberbank.ru'
   INSERT INTO dbo.aspnet_Membership(ApplicationID, UserID, Password, PasswordFormat, PasswordSalt, Email, LoweredEmail, IsApproved, IsLockedOut, CreateDate, LastLoginDate, LastPasswordChangedDate, LastLockoutDate, FailedPasswordAttemptCount, FailedPasswordAttemptWindowStart, FailedPasswordAnswerAttemptCount, FailedPasswordAnswerAttemptWindowStart)
   VALUES(@ApplicationID, @AspNetUserID, 'aMoPu/jMK8Yc4dxEEtAWm+RvKkFRjT38n/c1ORi3HgGWXJI15kNozQ==', 2, 'ub/Nej8BunZL3H6o+Z7+sg==', 'rhodesg@sberbank.ru', 'rhodesg@sberbank.ru', 1, 0, '2019-06-07 05:28:54', '2019-06-07 05:28:54', '2019-06-07 05:28:54', '1754-01-01 00:00:00.000', 0, '1754-01-01 00:00:00.000', 0, '1754-01-01 00:00:00.000')
   INSERT INTO dbo.dnn_UserPortals(UserID, PortalID, CreatedDate, Authorised, IsDeleted, RefreshRoles)
   VALUES(@UserID, @PortalID, '2019-06-07 05:28:54', 1, 0, 0)
   INSERT INTO dbo.dnn_UserRoles(UserID, RoleID, IsTrialUsed, CreatedByUserID, CreatedOnDate, LastModifiedByUserID, LastModifiedOnDate, [Status], IsOwner)
   VALUES(@UserId, @MaleRole, 0, 1, '2019-06-07 05:28:54', 1, '2019-06-07 05:28:54', 1, 0)
   INSERT INTO dbo.dnn_Users(Username, FirstName, LastName, Email, DisplayName, UpdatePassword, LastIPAddress, IsDeleted, CreatedByUserID, CreatedOnDate, LastModifiedByUserID, LastModifiedOnDate, PasswordResetToken, PasswordResetExpiration)
   VALUES('horace.shelton@media.tumblr.com', 'Horace', 'Shelton', 'horace.shelton@media.tumblr.com', 'Horace Shelton', 0, '', 0, 1, '2019-06-07 05:28:54', 1, '2019-06-07 05:28:54', NULL, NULL)
   SELECT @UserID = SCOPE_IDENTITY()
   INSERT INTO dbo.aspnet_Users(ApplicationID, UserName, LoweredUserName, IsAnonymous, LastActivityDate)
   VALUES(@ApplicationId, 'horace.shelton@media.tumblr.com', 'horace.shelton@media.tumblr.com', 0, '2019-06-07 05:28:54')
   SELECT @AspNetUserID = UserId FROM aspnet_Users WHERE Username = 'horace.shelton@media.tumblr.com'
   INSERT INTO dbo.aspnet_Membership(ApplicationID, UserID, Password, PasswordFormat, PasswordSalt, Email, LoweredEmail, IsApproved, IsLockedOut, CreateDate, LastLoginDate, LastPasswordChangedDate, LastLockoutDate, FailedPasswordAttemptCount, FailedPasswordAttemptWindowStart, FailedPasswordAnswerAttemptCount, FailedPasswordAnswerAttemptWindowStart)
   VALUES(@ApplicationID, @AspNetUserID, 'aMoPu/jMK8Yc4dxEEtAWm+RvKkFRjT38n/c1ORi3HgGWXJI15kNozQ==', 2, 'ub/Nej8BunZL3H6o+Z7+sg==', 'horace.shelton@media.tumblr.com', 'horace.shelton@media.tumblr.com', 1, 0, '2019-06-07 05:28:54', '2019-06-07 05:28:54', '2019-06-07 05:28:54', '1754-01-01 00:00:00.000', 0, '1754-01-01 00:00:00.000', 0, '1754-01-01 00:00:00.000')
   INSERT INTO dbo.dnn_UserPortals(UserID, PortalID, CreatedDate, Authorised, IsDeleted, RefreshRoles)
   VALUES(@UserID, @PortalID, '2019-06-07 05:28:54', 1, 0, 0)
   INSERT INTO dbo.dnn_UserRoles(UserID, RoleID, IsTrialUsed, CreatedByUserID, CreatedOnDate, LastModifiedByUserID, LastModifiedOnDate, [Status], IsOwner)
   VALUES(@UserId, @MaleRole, 0, 1, '2019-06-07 05:28:54', 1, '2019-06-07 05:28:54', 1, 0)
   INSERT INTO dbo.dnn_Users(Username, FirstName, LastName, Email, DisplayName, UpdatePassword, LastIPAddress, IsDeleted, CreatedByUserID, CreatedOnDate, LastModifiedByUserID, LastModifiedOnDate, PasswordResetToken, PasswordResetExpiration)
   VALUES('r.schwartz@pinimg.com', 'Roderick', 'Schwartz', 'r.schwartz@pinimg.com', 'Roderick Schwartz', 0, '', 0, 1, '2019-06-07 05:28:54', 1, '2019-06-07 05:28:54', NULL, NULL)
   SELECT @UserID = SCOPE_IDENTITY()
   INSERT INTO dbo.aspnet_Users(ApplicationID, UserName, LoweredUserName, IsAnonymous, LastActivityDate)
   VALUES(@ApplicationId, 'r.schwartz@pinimg.com', 'r.schwartz@pinimg.com', 0, '2019-06-07 05:28:54')
   SELECT @AspNetUserID = UserId FROM aspnet_Users WHERE Username = 'r.schwartz@pinimg.com'
   INSERT INTO dbo.aspnet_Membership(ApplicationID, UserID, Password, PasswordFormat, PasswordSalt, Email, LoweredEmail, IsApproved, IsLockedOut, CreateDate, LastLoginDate, LastPasswordChangedDate, LastLockoutDate, FailedPasswordAttemptCount, FailedPasswordAttemptWindowStart, FailedPasswordAnswerAttemptCount, FailedPasswordAnswerAttemptWindowStart)
   VALUES(@ApplicationID, @AspNetUserID, 'aMoPu/jMK8Yc4dxEEtAWm+RvKkFRjT38n/c1ORi3HgGWXJI15kNozQ==', 2, 'ub/Nej8BunZL3H6o+Z7+sg==', 'r.schwartz@pinimg.com', 'r.schwartz@pinimg.com', 1, 0, '2019-06-07 05:28:54', '2019-06-07 05:28:54', '2019-06-07 05:28:54', '1754-01-01 00:00:00.000', 0, '1754-01-01 00:00:00.000', 0, '1754-01-01 00:00:00.000')
   INSERT INTO dbo.dnn_UserPortals(UserID, PortalID, CreatedDate, Authorised, IsDeleted, RefreshRoles)
   VALUES(@UserID, @PortalID, '2019-06-07 05:28:54', 1, 0, 0)
   INSERT INTO dbo.dnn_UserRoles(UserID, RoleID, IsTrialUsed, CreatedByUserID, CreatedOnDate, LastModifiedByUserID, LastModifiedOnDate, [Status], IsOwner)
   VALUES(@UserId, @MaleRole, 0, 1, '2019-06-07 05:28:54', 1, '2019-06-07 05:28:54', 1, 0)
   INSERT INTO dbo.dnn_Users(Username, FirstName, LastName, Email, DisplayName, UpdatePassword, LastIPAddress, IsDeleted, CreatedByUserID, CreatedOnDate, LastModifiedByUserID, LastModifiedOnDate, PasswordResetToken, PasswordResetExpiration)
   VALUES('norrisk@messenger.com', 'Kerry', 'Norris', 'norrisk@messenger.com', 'Kerry Norris', 0, '', 0, 1, '2019-06-07 05:28:54', 1, '2019-06-07 05:28:54', NULL, NULL)
   SELECT @UserID = SCOPE_IDENTITY()
   INSERT INTO dbo.aspnet_Users(ApplicationID, UserName, LoweredUserName, IsAnonymous, LastActivityDate)
   VALUES(@ApplicationId, 'norrisk@messenger.com', 'norrisk@messenger.com', 0, '2019-06-07 05:28:54')
   SELECT @AspNetUserID = UserId FROM aspnet_Users WHERE Username = 'norrisk@messenger.com'
   INSERT INTO dbo.aspnet_Membership(ApplicationID, UserID, Password, PasswordFormat, PasswordSalt, Email, LoweredEmail, IsApproved, IsLockedOut, CreateDate, LastLoginDate, LastPasswordChangedDate, LastLockoutDate, FailedPasswordAttemptCount, FailedPasswordAttemptWindowStart, FailedPasswordAnswerAttemptCount, FailedPasswordAnswerAttemptWindowStart)
   VALUES(@ApplicationID, @AspNetUserID, 'aMoPu/jMK8Yc4dxEEtAWm+RvKkFRjT38n/c1ORi3HgGWXJI15kNozQ==', 2, 'ub/Nej8BunZL3H6o+Z7+sg==', 'norrisk@messenger.com', 'norrisk@messenger.com', 1, 0, '2019-06-07 05:28:54', '2019-06-07 05:28:54', '2019-06-07 05:28:54', '1754-01-01 00:00:00.000', 0, '1754-01-01 00:00:00.000', 0, '1754-01-01 00:00:00.000')
   INSERT INTO dbo.dnn_UserPortals(UserID, PortalID, CreatedDate, Authorised, IsDeleted, RefreshRoles)
   VALUES(@UserID, @PortalID, '2019-06-07 05:28:54', 1, 0, 0)
   INSERT INTO dbo.dnn_UserRoles(UserID, RoleID, IsTrialUsed, CreatedByUserID, CreatedOnDate, LastModifiedByUserID, LastModifiedOnDate, [Status], IsOwner)
   VALUES(@UserId, @MaleRole, 0, 1, '2019-06-07 05:28:54', 1, '2019-06-07 05:28:54', 1, 0)
   INSERT INTO dbo.dnn_Users(Username, FirstName, LastName, Email, DisplayName, UpdatePassword, LastIPAddress, IsDeleted, CreatedByUserID, CreatedOnDate, LastModifiedByUserID, LastModifiedOnDate, PasswordResetToken, PasswordResetExpiration)
   VALUES('abraham.jennings@sourceforge.net', 'Abraham', 'Jennings', 'abraham.jennings@sourceforge.net', 'Abraham Jennings', 0, '', 0, 1, '2019-06-07 05:28:54', 1, '2019-06-07 05:28:54', NULL, NULL)
   SELECT @UserID = SCOPE_IDENTITY()
   INSERT INTO dbo.aspnet_Users(ApplicationID, UserName, LoweredUserName, IsAnonymous, LastActivityDate)
   VALUES(@ApplicationId, 'abraham.jennings@sourceforge.net', 'abraham.jennings@sourceforge.net', 0, '2019-06-07 05:28:54')
   SELECT @AspNetUserID = UserId FROM aspnet_Users WHERE Username = 'abraham.jennings@sourceforge.net'
   INSERT INTO dbo.aspnet_Membership(ApplicationID, UserID, Password, PasswordFormat, PasswordSalt, Email, LoweredEmail, IsApproved, IsLockedOut, CreateDate, LastLoginDate, LastPasswordChangedDate, LastLockoutDate, FailedPasswordAttemptCount, FailedPasswordAttemptWindowStart, FailedPasswordAnswerAttemptCount, FailedPasswordAnswerAttemptWindowStart)
   VALUES(@ApplicationID, @AspNetUserID, 'aMoPu/jMK8Yc4dxEEtAWm+RvKkFRjT38n/c1ORi3HgGWXJI15kNozQ==', 2, 'ub/Nej8BunZL3H6o+Z7+sg==', 'abraham.jennings@sourceforge.net', 'abraham.jennings@sourceforge.net', 1, 0, '2019-06-07 05:28:54', '2019-06-07 05:28:54', '2019-06-07 05:28:54', '1754-01-01 00:00:00.000', 0, '1754-01-01 00:00:00.000', 0, '1754-01-01 00:00:00.000')
   INSERT INTO dbo.dnn_UserPortals(UserID, PortalID, CreatedDate, Authorised, IsDeleted, RefreshRoles)
   VALUES(@UserID, @PortalID, '2019-06-07 05:28:54', 1, 0, 0)
   INSERT INTO dbo.dnn_UserRoles(UserID, RoleID, IsTrialUsed, CreatedByUserID, CreatedOnDate, LastModifiedByUserID, LastModifiedOnDate, [Status], IsOwner)
   VALUES(@UserId, @MaleRole, 0, 1, '2019-06-07 05:28:54', 1, '2019-06-07 05:28:54', 1, 0)
   INSERT INTO dbo.dnn_Users(Username, FirstName, LastName, Email, DisplayName, UpdatePassword, LastIPAddress, IsDeleted, CreatedByUserID, CreatedOnDate, LastModifiedByUserID, LastModifiedOnDate, PasswordResetToken, PasswordResetExpiration)
   VALUES('w.watts@oracle.com', 'Willis', 'Watts', 'w.watts@oracle.com', 'Willis Watts', 0, '', 0, 1, '2019-06-07 05:28:54', 1, '2019-06-07 05:28:54', NULL, NULL)
   SELECT @UserID = SCOPE_IDENTITY()
   INSERT INTO dbo.aspnet_Users(ApplicationID, UserName, LoweredUserName, IsAnonymous, LastActivityDate)
   VALUES(@ApplicationId, 'w.watts@oracle.com', 'w.watts@oracle.com', 0, '2019-06-07 05:28:54')
   SELECT @AspNetUserID = UserId FROM aspnet_Users WHERE Username = 'w.watts@oracle.com'
   INSERT INTO dbo.aspnet_Membership(ApplicationID, UserID, Password, PasswordFormat, PasswordSalt, Email, LoweredEmail, IsApproved, IsLockedOut, CreateDate, LastLoginDate, LastPasswordChangedDate, LastLockoutDate, FailedPasswordAttemptCount, FailedPasswordAttemptWindowStart, FailedPasswordAnswerAttemptCount, FailedPasswordAnswerAttemptWindowStart)
   VALUES(@ApplicationID, @AspNetUserID, 'aMoPu/jMK8Yc4dxEEtAWm+RvKkFRjT38n/c1ORi3HgGWXJI15kNozQ==', 2, 'ub/Nej8BunZL3H6o+Z7+sg==', 'w.watts@oracle.com', 'w.watts@oracle.com', 1, 0, '2019-06-07 05:28:54', '2019-06-07 05:28:54', '2019-06-07 05:28:54', '1754-01-01 00:00:00.000', 0, '1754-01-01 00:00:00.000', 0, '1754-01-01 00:00:00.000')
   INSERT INTO dbo.dnn_UserPortals(UserID, PortalID, CreatedDate, Authorised, IsDeleted, RefreshRoles)
   VALUES(@UserID, @PortalID, '2019-06-07 05:28:54', 1, 0, 0)
   INSERT INTO dbo.dnn_UserRoles(UserID, RoleID, IsTrialUsed, CreatedByUserID, CreatedOnDate, LastModifiedByUserID, LastModifiedOnDate, [Status], IsOwner)
   VALUES(@UserId, @MaleRole, 0, 1, '2019-06-07 05:28:54', 1, '2019-06-07 05:28:54', 1, 0)
   INSERT INTO dbo.dnn_UserRoles(UserID, RoleID, IsTrialUsed, CreatedByUserID, CreatedOnDate, LastModifiedByUserID, LastModifiedOnDate, [Status], IsOwner)
   VALUES(@UserId, @ManagerRole, 0, 1, '2019-06-07 05:28:54', 1, '2019-06-07 05:28:54', 1, 0)
   INSERT INTO dbo.dnn_Users(Username, FirstName, LastName, Email, DisplayName, UpdatePassword, LastIPAddress, IsDeleted, CreatedByUserID, CreatedOnDate, LastModifiedByUserID, LastModifiedOnDate, PasswordResetToken, PasswordResetExpiration)
   VALUES('duranr@hp.com', 'Rickey', 'Duran', 'duranr@hp.com', 'Rickey Duran', 0, '', 0, 1, '2019-06-07 05:28:54', 1, '2019-06-07 05:28:54', NULL, NULL)
   SELECT @UserID = SCOPE_IDENTITY()
   INSERT INTO dbo.aspnet_Users(ApplicationID, UserName, LoweredUserName, IsAnonymous, LastActivityDate)
   VALUES(@ApplicationId, 'duranr@hp.com', 'duranr@hp.com', 0, '2019-06-07 05:28:54')
   SELECT @AspNetUserID = UserId FROM aspnet_Users WHERE Username = 'duranr@hp.com'
   INSERT INTO dbo.aspnet_Membership(ApplicationID, UserID, Password, PasswordFormat, PasswordSalt, Email, LoweredEmail, IsApproved, IsLockedOut, CreateDate, LastLoginDate, LastPasswordChangedDate, LastLockoutDate, FailedPasswordAttemptCount, FailedPasswordAttemptWindowStart, FailedPasswordAnswerAttemptCount, FailedPasswordAnswerAttemptWindowStart)
   VALUES(@ApplicationID, @AspNetUserID, 'aMoPu/jMK8Yc4dxEEtAWm+RvKkFRjT38n/c1ORi3HgGWXJI15kNozQ==', 2, 'ub/Nej8BunZL3H6o+Z7+sg==', 'duranr@hp.com', 'duranr@hp.com', 1, 0, '2019-06-07 05:28:54', '2019-06-07 05:28:54', '2019-06-07 05:28:54', '1754-01-01 00:00:00.000', 0, '1754-01-01 00:00:00.000', 0, '1754-01-01 00:00:00.000')
   INSERT INTO dbo.dnn_UserPortals(UserID, PortalID, CreatedDate, Authorised, IsDeleted, RefreshRoles)
   VALUES(@UserID, @PortalID, '2019-06-07 05:28:54', 1, 0, 0)
   INSERT INTO dbo.dnn_UserRoles(UserID, RoleID, IsTrialUsed, CreatedByUserID, CreatedOnDate, LastModifiedByUserID, LastModifiedOnDate, [Status], IsOwner)
   VALUES(@UserId, @MaleRole, 0, 1, '2019-06-07 05:28:54', 1, '2019-06-07 05:28:54', 1, 0)
   INSERT INTO dbo.dnn_UserRoles(UserID, RoleID, IsTrialUsed, CreatedByUserID, CreatedOnDate, LastModifiedByUserID, LastModifiedOnDate, [Status], IsOwner)
   VALUES(@UserId, @AcademicRole, 0, 1, '2019-06-07 05:28:54', 1, '2019-06-07 05:28:54', 1, 0)
   INSERT INTO dbo.dnn_Users(Username, FirstName, LastName, Email, DisplayName, UpdatePassword, LastIPAddress, IsDeleted, CreatedByUserID, CreatedOnDate, LastModifiedByUserID, LastModifiedOnDate, PasswordResetToken, PasswordResetExpiration)
   VALUES('jean.walters@lowes.com', 'Jean', 'Walters', 'jean.walters@lowes.com', 'Jean Walters', 0, '', 0, 1, '2019-06-07 05:28:54', 1, '2019-06-07 05:28:54', NULL, NULL)
   SELECT @UserID = SCOPE_IDENTITY()
   INSERT INTO dbo.aspnet_Users(ApplicationID, UserName, LoweredUserName, IsAnonymous, LastActivityDate)
   VALUES(@ApplicationId, 'jean.walters@lowes.com', 'jean.walters@lowes.com', 0, '2019-06-07 05:28:54')
   SELECT @AspNetUserID = UserId FROM aspnet_Users WHERE Username = 'jean.walters@lowes.com'
   INSERT INTO dbo.aspnet_Membership(ApplicationID, UserID, Password, PasswordFormat, PasswordSalt, Email, LoweredEmail, IsApproved, IsLockedOut, CreateDate, LastLoginDate, LastPasswordChangedDate, LastLockoutDate, FailedPasswordAttemptCount, FailedPasswordAttemptWindowStart, FailedPasswordAnswerAttemptCount, FailedPasswordAnswerAttemptWindowStart)
   VALUES(@ApplicationID, @AspNetUserID, 'aMoPu/jMK8Yc4dxEEtAWm+RvKkFRjT38n/c1ORi3HgGWXJI15kNozQ==', 2, 'ub/Nej8BunZL3H6o+Z7+sg==', 'jean.walters@lowes.com', 'jean.walters@lowes.com', 1, 0, '2019-06-07 05:28:54', '2019-06-07 05:28:54', '2019-06-07 05:28:54', '1754-01-01 00:00:00.000', 0, '1754-01-01 00:00:00.000', 0, '1754-01-01 00:00:00.000')
   INSERT INTO dbo.dnn_UserPortals(UserID, PortalID, CreatedDate, Authorised, IsDeleted, RefreshRoles)
   VALUES(@UserID, @PortalID, '2019-06-07 05:28:54', 1, 0, 0)
   INSERT INTO dbo.dnn_UserRoles(UserID, RoleID, IsTrialUsed, CreatedByUserID, CreatedOnDate, LastModifiedByUserID, LastModifiedOnDate, [Status], IsOwner)
   VALUES(@UserId, @MaleRole, 0, 1, '2019-06-07 05:28:54', 1, '2019-06-07 05:28:54', 1, 0)
   INSERT INTO dbo.dnn_Users(Username, FirstName, LastName, Email, DisplayName, UpdatePassword, LastIPAddress, IsDeleted, CreatedByUserID, CreatedOnDate, LastModifiedByUserID, LastModifiedOnDate, PasswordResetToken, PasswordResetExpiration)
   VALUES('i.cohen@zendesk.com', 'Ira', 'Cohen', 'i.cohen@zendesk.com', 'Ira Cohen', 0, '', 0, 1, '2019-06-07 05:28:54', 1, '2019-06-07 05:28:54', NULL, NULL)
   SELECT @UserID = SCOPE_IDENTITY()
   INSERT INTO dbo.aspnet_Users(ApplicationID, UserName, LoweredUserName, IsAnonymous, LastActivityDate)
   VALUES(@ApplicationId, 'i.cohen@zendesk.com', 'i.cohen@zendesk.com', 0, '2019-06-07 05:28:54')
   SELECT @AspNetUserID = UserId FROM aspnet_Users WHERE Username = 'i.cohen@zendesk.com'
   INSERT INTO dbo.aspnet_Membership(ApplicationID, UserID, Password, PasswordFormat, PasswordSalt, Email, LoweredEmail, IsApproved, IsLockedOut, CreateDate, LastLoginDate, LastPasswordChangedDate, LastLockoutDate, FailedPasswordAttemptCount, FailedPasswordAttemptWindowStart, FailedPasswordAnswerAttemptCount, FailedPasswordAnswerAttemptWindowStart)
   VALUES(@ApplicationID, @AspNetUserID, 'aMoPu/jMK8Yc4dxEEtAWm+RvKkFRjT38n/c1ORi3HgGWXJI15kNozQ==', 2, 'ub/Nej8BunZL3H6o+Z7+sg==', 'i.cohen@zendesk.com', 'i.cohen@zendesk.com', 1, 0, '2019-06-07 05:28:54', '2019-06-07 05:28:54', '2019-06-07 05:28:54', '1754-01-01 00:00:00.000', 0, '1754-01-01 00:00:00.000', 0, '1754-01-01 00:00:00.000')
   INSERT INTO dbo.dnn_UserPortals(UserID, PortalID, CreatedDate, Authorised, IsDeleted, RefreshRoles)
   VALUES(@UserID, @PortalID, '2019-06-07 05:28:54', 1, 0, 0)
   INSERT INTO dbo.dnn_UserRoles(UserID, RoleID, IsTrialUsed, CreatedByUserID, CreatedOnDate, LastModifiedByUserID, LastModifiedOnDate, [Status], IsOwner)
   VALUES(@UserId, @MaleRole, 0, 1, '2019-06-07 05:28:54', 1, '2019-06-07 05:28:54', 1, 0)
   INSERT INTO dbo.dnn_Users(Username, FirstName, LastName, Email, DisplayName, UpdatePassword, LastIPAddress, IsDeleted, CreatedByUserID, CreatedOnDate, LastModifiedByUserID, LastModifiedOnDate, PasswordResetToken, PasswordResetExpiration)
   VALUES('mcdaniela@viralthread.com', 'Andres', 'Mcdaniel', 'mcdaniela@viralthread.com', 'Andres Mcdaniel', 0, '', 0, 1, '2019-06-07 05:28:54', 1, '2019-06-07 05:28:54', NULL, NULL)
   SELECT @UserID = SCOPE_IDENTITY()
   INSERT INTO dbo.aspnet_Users(ApplicationID, UserName, LoweredUserName, IsAnonymous, LastActivityDate)
   VALUES(@ApplicationId, 'mcdaniela@viralthread.com', 'mcdaniela@viralthread.com', 0, '2019-06-07 05:28:54')
   SELECT @AspNetUserID = UserId FROM aspnet_Users WHERE Username = 'mcdaniela@viralthread.com'
   INSERT INTO dbo.aspnet_Membership(ApplicationID, UserID, Password, PasswordFormat, PasswordSalt, Email, LoweredEmail, IsApproved, IsLockedOut, CreateDate, LastLoginDate, LastPasswordChangedDate, LastLockoutDate, FailedPasswordAttemptCount, FailedPasswordAttemptWindowStart, FailedPasswordAnswerAttemptCount, FailedPasswordAnswerAttemptWindowStart)
   VALUES(@ApplicationID, @AspNetUserID, 'aMoPu/jMK8Yc4dxEEtAWm+RvKkFRjT38n/c1ORi3HgGWXJI15kNozQ==', 2, 'ub/Nej8BunZL3H6o+Z7+sg==', 'mcdaniela@viralthread.com', 'mcdaniela@viralthread.com', 1, 0, '2019-06-07 05:28:54', '2019-06-07 05:28:54', '2019-06-07 05:28:54', '1754-01-01 00:00:00.000', 0, '1754-01-01 00:00:00.000', 0, '1754-01-01 00:00:00.000')
   INSERT INTO dbo.dnn_UserPortals(UserID, PortalID, CreatedDate, Authorised, IsDeleted, RefreshRoles)
   VALUES(@UserID, @PortalID, '2019-06-07 05:28:54', 1, 0, 0)
   INSERT INTO dbo.dnn_UserRoles(UserID, RoleID, IsTrialUsed, CreatedByUserID, CreatedOnDate, LastModifiedByUserID, LastModifiedOnDate, [Status], IsOwner)
   VALUES(@UserId, @MaleRole, 0, 1, '2019-06-07 05:28:54', 1, '2019-06-07 05:28:54', 1, 0)
   INSERT INTO dbo.dnn_Users(Username, FirstName, LastName, Email, DisplayName, UpdatePassword, LastIPAddress, IsDeleted, CreatedByUserID, CreatedOnDate, LastModifiedByUserID, LastModifiedOnDate, PasswordResetToken, PasswordResetExpiration)
   VALUES('cesar.moran@csdn.net', 'Cesar', 'Moran', 'cesar.moran@csdn.net', 'Cesar Moran', 0, '', 0, 1, '2019-06-07 05:28:54', 1, '2019-06-07 05:28:54', NULL, NULL)
   SELECT @UserID = SCOPE_IDENTITY()
   INSERT INTO dbo.aspnet_Users(ApplicationID, UserName, LoweredUserName, IsAnonymous, LastActivityDate)
   VALUES(@ApplicationId, 'cesar.moran@csdn.net', 'cesar.moran@csdn.net', 0, '2019-06-07 05:28:54')
   SELECT @AspNetUserID = UserId FROM aspnet_Users WHERE Username = 'cesar.moran@csdn.net'
   INSERT INTO dbo.aspnet_Membership(ApplicationID, UserID, Password, PasswordFormat, PasswordSalt, Email, LoweredEmail, IsApproved, IsLockedOut, CreateDate, LastLoginDate, LastPasswordChangedDate, LastLockoutDate, FailedPasswordAttemptCount, FailedPasswordAttemptWindowStart, FailedPasswordAnswerAttemptCount, FailedPasswordAnswerAttemptWindowStart)
   VALUES(@ApplicationID, @AspNetUserID, 'aMoPu/jMK8Yc4dxEEtAWm+RvKkFRjT38n/c1ORi3HgGWXJI15kNozQ==', 2, 'ub/Nej8BunZL3H6o+Z7+sg==', 'cesar.moran@csdn.net', 'cesar.moran@csdn.net', 1, 0, '2019-06-07 05:28:54', '2019-06-07 05:28:54', '2019-06-07 05:28:54', '1754-01-01 00:00:00.000', 0, '1754-01-01 00:00:00.000', 0, '1754-01-01 00:00:00.000')
   INSERT INTO dbo.dnn_UserPortals(UserID, PortalID, CreatedDate, Authorised, IsDeleted, RefreshRoles)
   VALUES(@UserID, @PortalID, '2019-06-07 05:28:54', 1, 0, 0)
   INSERT INTO dbo.dnn_UserRoles(UserID, RoleID, IsTrialUsed, CreatedByUserID, CreatedOnDate, LastModifiedByUserID, LastModifiedOnDate, [Status], IsOwner)
   VALUES(@UserId, @MaleRole, 0, 1, '2019-06-07 05:28:54', 1, '2019-06-07 05:28:54', 1, 0)
   INSERT INTO dbo.dnn_Users(Username, FirstName, LastName, Email, DisplayName, UpdatePassword, LastIPAddress, IsDeleted, CreatedByUserID, CreatedOnDate, LastModifiedByUserID, LastModifiedOnDate, PasswordResetToken, PasswordResetExpiration)
   VALUES('j.parks@1905.com', 'Johnathan', 'Parks', 'j.parks@1905.com', 'Johnathan Parks', 0, '', 0, 1, '2019-06-07 05:28:54', 1, '2019-06-07 05:28:54', NULL, NULL)
   SELECT @UserID = SCOPE_IDENTITY()
   INSERT INTO dbo.aspnet_Users(ApplicationID, UserName, LoweredUserName, IsAnonymous, LastActivityDate)
   VALUES(@ApplicationId, 'j.parks@1905.com', 'j.parks@1905.com', 0, '2019-06-07 05:28:54')
   SELECT @AspNetUserID = UserId FROM aspnet_Users WHERE Username = 'j.parks@1905.com'
   INSERT INTO dbo.aspnet_Membership(ApplicationID, UserID, Password, PasswordFormat, PasswordSalt, Email, LoweredEmail, IsApproved, IsLockedOut, CreateDate, LastLoginDate, LastPasswordChangedDate, LastLockoutDate, FailedPasswordAttemptCount, FailedPasswordAttemptWindowStart, FailedPasswordAnswerAttemptCount, FailedPasswordAnswerAttemptWindowStart)
   VALUES(@ApplicationID, @AspNetUserID, 'aMoPu/jMK8Yc4dxEEtAWm+RvKkFRjT38n/c1ORi3HgGWXJI15kNozQ==', 2, 'ub/Nej8BunZL3H6o+Z7+sg==', 'j.parks@1905.com', 'j.parks@1905.com', 1, 0, '2019-06-07 05:28:54', '2019-06-07 05:28:54', '2019-06-07 05:28:54', '1754-01-01 00:00:00.000', 0, '1754-01-01 00:00:00.000', 0, '1754-01-01 00:00:00.000')
   INSERT INTO dbo.dnn_UserPortals(UserID, PortalID, CreatedDate, Authorised, IsDeleted, RefreshRoles)
   VALUES(@UserID, @PortalID, '2019-06-07 05:28:54', 1, 0, 0)
   INSERT INTO dbo.dnn_UserRoles(UserID, RoleID, IsTrialUsed, CreatedByUserID, CreatedOnDate, LastModifiedByUserID, LastModifiedOnDate, [Status], IsOwner)
   VALUES(@UserId, @MaleRole, 0, 1, '2019-06-07 05:28:54', 1, '2019-06-07 05:28:54', 1, 0)
   INSERT INTO dbo.dnn_Users(Username, FirstName, LastName, Email, DisplayName, UpdatePassword, LastIPAddress, IsDeleted, CreatedByUserID, CreatedOnDate, LastModifiedByUserID, LastModifiedOnDate, PasswordResetToken, PasswordResetExpiration)
   VALUES('steelem@mama.cn', 'Malcolm', 'Steele', 'steelem@mama.cn', 'Malcolm Steele', 0, '', 0, 1, '2019-06-07 05:28:54', 1, '2019-06-07 05:28:54', NULL, NULL)
   SELECT @UserID = SCOPE_IDENTITY()
   INSERT INTO dbo.aspnet_Users(ApplicationID, UserName, LoweredUserName, IsAnonymous, LastActivityDate)
   VALUES(@ApplicationId, 'steelem@mama.cn', 'steelem@mama.cn', 0, '2019-06-07 05:28:54')
   SELECT @AspNetUserID = UserId FROM aspnet_Users WHERE Username = 'steelem@mama.cn'
   INSERT INTO dbo.aspnet_Membership(ApplicationID, UserID, Password, PasswordFormat, PasswordSalt, Email, LoweredEmail, IsApproved, IsLockedOut, CreateDate, LastLoginDate, LastPasswordChangedDate, LastLockoutDate, FailedPasswordAttemptCount, FailedPasswordAttemptWindowStart, FailedPasswordAnswerAttemptCount, FailedPasswordAnswerAttemptWindowStart)
   VALUES(@ApplicationID, @AspNetUserID, 'aMoPu/jMK8Yc4dxEEtAWm+RvKkFRjT38n/c1ORi3HgGWXJI15kNozQ==', 2, 'ub/Nej8BunZL3H6o+Z7+sg==', 'steelem@mama.cn', 'steelem@mama.cn', 1, 0, '2019-06-07 05:28:54', '2019-06-07 05:28:54', '2019-06-07 05:28:54', '1754-01-01 00:00:00.000', 0, '1754-01-01 00:00:00.000', 0, '1754-01-01 00:00:00.000')
   INSERT INTO dbo.dnn_UserPortals(UserID, PortalID, CreatedDate, Authorised, IsDeleted, RefreshRoles)
   VALUES(@UserID, @PortalID, '2019-06-07 05:28:54', 1, 0, 0)
   INSERT INTO dbo.dnn_UserRoles(UserID, RoleID, IsTrialUsed, CreatedByUserID, CreatedOnDate, LastModifiedByUserID, LastModifiedOnDate, [Status], IsOwner)
   VALUES(@UserId, @MaleRole, 0, 1, '2019-06-07 05:28:54', 1, '2019-06-07 05:28:54', 1, 0)
   INSERT INTO dbo.dnn_Users(Username, FirstName, LastName, Email, DisplayName, UpdatePassword, LastIPAddress, IsDeleted, CreatedByUserID, CreatedOnDate, LastModifiedByUserID, LastModifiedOnDate, PasswordResetToken, PasswordResetExpiration)
   VALUES('rudolph.vaughn@youtube-mp3.org', 'Rudolph', 'Vaughn', 'rudolph.vaughn@youtube-mp3.org', 'Rudolph Vaughn', 0, '', 0, 1, '2019-06-07 05:28:54', 1, '2019-06-07 05:28:54', NULL, NULL)
   SELECT @UserID = SCOPE_IDENTITY()
   INSERT INTO dbo.aspnet_Users(ApplicationID, UserName, LoweredUserName, IsAnonymous, LastActivityDate)
   VALUES(@ApplicationId, 'rudolph.vaughn@youtube-mp3.org', 'rudolph.vaughn@youtube-mp3.org', 0, '2019-06-07 05:28:54')
   SELECT @AspNetUserID = UserId FROM aspnet_Users WHERE Username = 'rudolph.vaughn@youtube-mp3.org'
   INSERT INTO dbo.aspnet_Membership(ApplicationID, UserID, Password, PasswordFormat, PasswordSalt, Email, LoweredEmail, IsApproved, IsLockedOut, CreateDate, LastLoginDate, LastPasswordChangedDate, LastLockoutDate, FailedPasswordAttemptCount, FailedPasswordAttemptWindowStart, FailedPasswordAnswerAttemptCount, FailedPasswordAnswerAttemptWindowStart)
   VALUES(@ApplicationID, @AspNetUserID, 'aMoPu/jMK8Yc4dxEEtAWm+RvKkFRjT38n/c1ORi3HgGWXJI15kNozQ==', 2, 'ub/Nej8BunZL3H6o+Z7+sg==', 'rudolph.vaughn@youtube-mp3.org', 'rudolph.vaughn@youtube-mp3.org', 1, 0, '2019-06-07 05:28:54', '2019-06-07 05:28:54', '2019-06-07 05:28:54', '1754-01-01 00:00:00.000', 0, '1754-01-01 00:00:00.000', 0, '1754-01-01 00:00:00.000')
   INSERT INTO dbo.dnn_UserPortals(UserID, PortalID, CreatedDate, Authorised, IsDeleted, RefreshRoles)
   VALUES(@UserID, @PortalID, '2019-06-07 05:28:54', 1, 0, 0)
   INSERT INTO dbo.dnn_UserRoles(UserID, RoleID, IsTrialUsed, CreatedByUserID, CreatedOnDate, LastModifiedByUserID, LastModifiedOnDate, [Status], IsOwner)
   VALUES(@UserId, @MaleRole, 0, 1, '2019-06-07 05:28:54', 1, '2019-06-07 05:28:54', 1, 0)
   INSERT INTO dbo.dnn_Users(Username, FirstName, LastName, Email, DisplayName, UpdatePassword, LastIPAddress, IsDeleted, CreatedByUserID, CreatedOnDate, LastModifiedByUserID, LastModifiedOnDate, PasswordResetToken, PasswordResetExpiration)
   VALUES('d.becker@39.net', 'Damon', 'Becker', 'd.becker@39.net', 'Damon Becker', 0, '', 0, 1, '2019-06-07 05:28:54', 1, '2019-06-07 05:28:54', NULL, NULL)
   SELECT @UserID = SCOPE_IDENTITY()
   INSERT INTO dbo.aspnet_Users(ApplicationID, UserName, LoweredUserName, IsAnonymous, LastActivityDate)
   VALUES(@ApplicationId, 'd.becker@39.net', 'd.becker@39.net', 0, '2019-06-07 05:28:54')
   SELECT @AspNetUserID = UserId FROM aspnet_Users WHERE Username = 'd.becker@39.net'
   INSERT INTO dbo.aspnet_Membership(ApplicationID, UserID, Password, PasswordFormat, PasswordSalt, Email, LoweredEmail, IsApproved, IsLockedOut, CreateDate, LastLoginDate, LastPasswordChangedDate, LastLockoutDate, FailedPasswordAttemptCount, FailedPasswordAttemptWindowStart, FailedPasswordAnswerAttemptCount, FailedPasswordAnswerAttemptWindowStart)
   VALUES(@ApplicationID, @AspNetUserID, 'aMoPu/jMK8Yc4dxEEtAWm+RvKkFRjT38n/c1ORi3HgGWXJI15kNozQ==', 2, 'ub/Nej8BunZL3H6o+Z7+sg==', 'd.becker@39.net', 'd.becker@39.net', 1, 0, '2019-06-07 05:28:54', '2019-06-07 05:28:54', '2019-06-07 05:28:54', '1754-01-01 00:00:00.000', 0, '1754-01-01 00:00:00.000', 0, '1754-01-01 00:00:00.000')
   INSERT INTO dbo.dnn_UserPortals(UserID, PortalID, CreatedDate, Authorised, IsDeleted, RefreshRoles)
   VALUES(@UserID, @PortalID, '2019-06-07 05:28:54', 1, 0, 0)
   INSERT INTO dbo.dnn_UserRoles(UserID, RoleID, IsTrialUsed, CreatedByUserID, CreatedOnDate, LastModifiedByUserID, LastModifiedOnDate, [Status], IsOwner)
   VALUES(@UserId, @MaleRole, 0, 1, '2019-06-07 05:28:54', 1, '2019-06-07 05:28:54', 1, 0)
   INSERT INTO dbo.dnn_Users(Username, FirstName, LastName, Email, DisplayName, UpdatePassword, LastIPAddress, IsDeleted, CreatedByUserID, CreatedOnDate, LastModifiedByUserID, LastModifiedOnDate, PasswordResetToken, PasswordResetExpiration)
   VALUES('holtk@digikala.com', 'Kelvin', 'Holt', 'holtk@digikala.com', 'Kelvin Holt', 0, '', 0, 1, '2019-06-07 05:28:54', 1, '2019-06-07 05:28:54', NULL, NULL)
   SELECT @UserID = SCOPE_IDENTITY()
   INSERT INTO dbo.aspnet_Users(ApplicationID, UserName, LoweredUserName, IsAnonymous, LastActivityDate)
   VALUES(@ApplicationId, 'holtk@digikala.com', 'holtk@digikala.com', 0, '2019-06-07 05:28:54')
   SELECT @AspNetUserID = UserId FROM aspnet_Users WHERE Username = 'holtk@digikala.com'
   INSERT INTO dbo.aspnet_Membership(ApplicationID, UserID, Password, PasswordFormat, PasswordSalt, Email, LoweredEmail, IsApproved, IsLockedOut, CreateDate, LastLoginDate, LastPasswordChangedDate, LastLockoutDate, FailedPasswordAttemptCount, FailedPasswordAttemptWindowStart, FailedPasswordAnswerAttemptCount, FailedPasswordAnswerAttemptWindowStart)
   VALUES(@ApplicationID, @AspNetUserID, 'aMoPu/jMK8Yc4dxEEtAWm+RvKkFRjT38n/c1ORi3HgGWXJI15kNozQ==', 2, 'ub/Nej8BunZL3H6o+Z7+sg==', 'holtk@digikala.com', 'holtk@digikala.com', 1, 0, '2019-06-07 05:28:54', '2019-06-07 05:28:54', '2019-06-07 05:28:54', '1754-01-01 00:00:00.000', 0, '1754-01-01 00:00:00.000', 0, '1754-01-01 00:00:00.000')
   INSERT INTO dbo.dnn_UserPortals(UserID, PortalID, CreatedDate, Authorised, IsDeleted, RefreshRoles)
   VALUES(@UserID, @PortalID, '2019-06-07 05:28:54', 1, 0, 0)
   INSERT INTO dbo.dnn_UserRoles(UserID, RoleID, IsTrialUsed, CreatedByUserID, CreatedOnDate, LastModifiedByUserID, LastModifiedOnDate, [Status], IsOwner)
   VALUES(@UserId, @MaleRole, 0, 1, '2019-06-07 05:28:54', 1, '2019-06-07 05:28:54', 1, 0)
   INSERT INTO dbo.dnn_UserRoles(UserID, RoleID, IsTrialUsed, CreatedByUserID, CreatedOnDate, LastModifiedByUserID, LastModifiedOnDate, [Status], IsOwner)
   VALUES(@UserId, @ManagerRole, 0, 1, '2019-06-07 05:28:54', 1, '2019-06-07 05:28:54', 1, 0)
   INSERT INTO dbo.dnn_Users(Username, FirstName, LastName, Email, DisplayName, UpdatePassword, LastIPAddress, IsDeleted, CreatedByUserID, CreatedOnDate, LastModifiedByUserID, LastModifiedOnDate, PasswordResetToken, PasswordResetExpiration)
   VALUES('rudy.deleon@badoo.com', 'Rudy', 'Deleon', 'rudy.deleon@badoo.com', 'Rudy Deleon', 0, '', 0, 1, '2019-06-07 05:28:54', 1, '2019-06-07 05:28:54', NULL, NULL)
   SELECT @UserID = SCOPE_IDENTITY()
   INSERT INTO dbo.aspnet_Users(ApplicationID, UserName, LoweredUserName, IsAnonymous, LastActivityDate)
   VALUES(@ApplicationId, 'rudy.deleon@badoo.com', 'rudy.deleon@badoo.com', 0, '2019-06-07 05:28:54')
   SELECT @AspNetUserID = UserId FROM aspnet_Users WHERE Username = 'rudy.deleon@badoo.com'
   INSERT INTO dbo.aspnet_Membership(ApplicationID, UserID, Password, PasswordFormat, PasswordSalt, Email, LoweredEmail, IsApproved, IsLockedOut, CreateDate, LastLoginDate, LastPasswordChangedDate, LastLockoutDate, FailedPasswordAttemptCount, FailedPasswordAttemptWindowStart, FailedPasswordAnswerAttemptCount, FailedPasswordAnswerAttemptWindowStart)
   VALUES(@ApplicationID, @AspNetUserID, 'aMoPu/jMK8Yc4dxEEtAWm+RvKkFRjT38n/c1ORi3HgGWXJI15kNozQ==', 2, 'ub/Nej8BunZL3H6o+Z7+sg==', 'rudy.deleon@badoo.com', 'rudy.deleon@badoo.com', 1, 0, '2019-06-07 05:28:54', '2019-06-07 05:28:54', '2019-06-07 05:28:54', '1754-01-01 00:00:00.000', 0, '1754-01-01 00:00:00.000', 0, '1754-01-01 00:00:00.000')
   INSERT INTO dbo.dnn_UserPortals(UserID, PortalID, CreatedDate, Authorised, IsDeleted, RefreshRoles)
   VALUES(@UserID, @PortalID, '2019-06-07 05:28:54', 1, 0, 0)
   INSERT INTO dbo.dnn_UserRoles(UserID, RoleID, IsTrialUsed, CreatedByUserID, CreatedOnDate, LastModifiedByUserID, LastModifiedOnDate, [Status], IsOwner)
   VALUES(@UserId, @MaleRole, 0, 1, '2019-06-07 05:28:54', 1, '2019-06-07 05:28:54', 1, 0)
   INSERT INTO dbo.dnn_Users(Username, FirstName, LastName, Email, DisplayName, UpdatePassword, LastIPAddress, IsDeleted, CreatedByUserID, CreatedOnDate, LastModifiedByUserID, LastModifiedOnDate, PasswordResetToken, PasswordResetExpiration)
   VALUES('p.barker@businessinsider.com', 'Preston', 'Barker', 'p.barker@businessinsider.com', 'Preston Barker', 0, '', 0, 1, '2019-06-07 05:28:54', 1, '2019-06-07 05:28:54', NULL, NULL)
   SELECT @UserID = SCOPE_IDENTITY()
   INSERT INTO dbo.aspnet_Users(ApplicationID, UserName, LoweredUserName, IsAnonymous, LastActivityDate)
   VALUES(@ApplicationId, 'p.barker@businessinsider.com', 'p.barker@businessinsider.com', 0, '2019-06-07 05:28:54')
   SELECT @AspNetUserID = UserId FROM aspnet_Users WHERE Username = 'p.barker@businessinsider.com'
   INSERT INTO dbo.aspnet_Membership(ApplicationID, UserID, Password, PasswordFormat, PasswordSalt, Email, LoweredEmail, IsApproved, IsLockedOut, CreateDate, LastLoginDate, LastPasswordChangedDate, LastLockoutDate, FailedPasswordAttemptCount, FailedPasswordAttemptWindowStart, FailedPasswordAnswerAttemptCount, FailedPasswordAnswerAttemptWindowStart)
   VALUES(@ApplicationID, @AspNetUserID, 'aMoPu/jMK8Yc4dxEEtAWm+RvKkFRjT38n/c1ORi3HgGWXJI15kNozQ==', 2, 'ub/Nej8BunZL3H6o+Z7+sg==', 'p.barker@businessinsider.com', 'p.barker@businessinsider.com', 1, 0, '2019-06-07 05:28:54', '2019-06-07 05:28:54', '2019-06-07 05:28:54', '1754-01-01 00:00:00.000', 0, '1754-01-01 00:00:00.000', 0, '1754-01-01 00:00:00.000')
   INSERT INTO dbo.dnn_UserPortals(UserID, PortalID, CreatedDate, Authorised, IsDeleted, RefreshRoles)
   VALUES(@UserID, @PortalID, '2019-06-07 05:28:54', 1, 0, 0)
   INSERT INTO dbo.dnn_UserRoles(UserID, RoleID, IsTrialUsed, CreatedByUserID, CreatedOnDate, LastModifiedByUserID, LastModifiedOnDate, [Status], IsOwner)
   VALUES(@UserId, @MaleRole, 0, 1, '2019-06-07 05:28:54', 1, '2019-06-07 05:28:54', 1, 0)
   INSERT INTO dbo.dnn_Users(Username, FirstName, LastName, Email, DisplayName, UpdatePassword, LastIPAddress, IsDeleted, CreatedByUserID, CreatedOnDate, LastModifiedByUserID, LastModifiedOnDate, PasswordResetToken, PasswordResetExpiration)
   VALUES('terrya@kinogo.co', 'Alton', 'Terry', 'terrya@kinogo.co', 'Alton Terry', 0, '', 0, 1, '2019-06-07 05:28:54', 1, '2019-06-07 05:28:54', NULL, NULL)
   SELECT @UserID = SCOPE_IDENTITY()
   INSERT INTO dbo.aspnet_Users(ApplicationID, UserName, LoweredUserName, IsAnonymous, LastActivityDate)
   VALUES(@ApplicationId, 'terrya@kinogo.co', 'terrya@kinogo.co', 0, '2019-06-07 05:28:54')
   SELECT @AspNetUserID = UserId FROM aspnet_Users WHERE Username = 'terrya@kinogo.co'
   INSERT INTO dbo.aspnet_Membership(ApplicationID, UserID, Password, PasswordFormat, PasswordSalt, Email, LoweredEmail, IsApproved, IsLockedOut, CreateDate, LastLoginDate, LastPasswordChangedDate, LastLockoutDate, FailedPasswordAttemptCount, FailedPasswordAttemptWindowStart, FailedPasswordAnswerAttemptCount, FailedPasswordAnswerAttemptWindowStart)
   VALUES(@ApplicationID, @AspNetUserID, 'aMoPu/jMK8Yc4dxEEtAWm+RvKkFRjT38n/c1ORi3HgGWXJI15kNozQ==', 2, 'ub/Nej8BunZL3H6o+Z7+sg==', 'terrya@kinogo.co', 'terrya@kinogo.co', 1, 0, '2019-06-07 05:28:54', '2019-06-07 05:28:54', '2019-06-07 05:28:54', '1754-01-01 00:00:00.000', 0, '1754-01-01 00:00:00.000', 0, '1754-01-01 00:00:00.000')
   INSERT INTO dbo.dnn_UserPortals(UserID, PortalID, CreatedDate, Authorised, IsDeleted, RefreshRoles)
   VALUES(@UserID, @PortalID, '2019-06-07 05:28:54', 1, 0, 0)
   INSERT INTO dbo.dnn_UserRoles(UserID, RoleID, IsTrialUsed, CreatedByUserID, CreatedOnDate, LastModifiedByUserID, LastModifiedOnDate, [Status], IsOwner)
   VALUES(@UserId, @MaleRole, 0, 1, '2019-06-07 05:28:54', 1, '2019-06-07 05:28:54', 1, 0)
   INSERT INTO dbo.dnn_Users(Username, FirstName, LastName, Email, DisplayName, UpdatePassword, LastIPAddress, IsDeleted, CreatedByUserID, CreatedOnDate, LastModifiedByUserID, LastModifiedOnDate, PasswordResetToken, PasswordResetExpiration)
   VALUES('archie.hale@weebly.com', 'Archie', 'Hale', 'archie.hale@weebly.com', 'Archie Hale', 0, '', 0, 1, '2019-06-07 05:28:54', 1, '2019-06-07 05:28:54', NULL, NULL)
   SELECT @UserID = SCOPE_IDENTITY()
   INSERT INTO dbo.aspnet_Users(ApplicationID, UserName, LoweredUserName, IsAnonymous, LastActivityDate)
   VALUES(@ApplicationId, 'archie.hale@weebly.com', 'archie.hale@weebly.com', 0, '2019-06-07 05:28:54')
   SELECT @AspNetUserID = UserId FROM aspnet_Users WHERE Username = 'archie.hale@weebly.com'
   INSERT INTO dbo.aspnet_Membership(ApplicationID, UserID, Password, PasswordFormat, PasswordSalt, Email, LoweredEmail, IsApproved, IsLockedOut, CreateDate, LastLoginDate, LastPasswordChangedDate, LastLockoutDate, FailedPasswordAttemptCount, FailedPasswordAttemptWindowStart, FailedPasswordAnswerAttemptCount, FailedPasswordAnswerAttemptWindowStart)
   VALUES(@ApplicationID, @AspNetUserID, 'aMoPu/jMK8Yc4dxEEtAWm+RvKkFRjT38n/c1ORi3HgGWXJI15kNozQ==', 2, 'ub/Nej8BunZL3H6o+Z7+sg==', 'archie.hale@weebly.com', 'archie.hale@weebly.com', 1, 0, '2019-06-07 05:28:54', '2019-06-07 05:28:54', '2019-06-07 05:28:54', '1754-01-01 00:00:00.000', 0, '1754-01-01 00:00:00.000', 0, '1754-01-01 00:00:00.000')
   INSERT INTO dbo.dnn_UserPortals(UserID, PortalID, CreatedDate, Authorised, IsDeleted, RefreshRoles)
   VALUES(@UserID, @PortalID, '2019-06-07 05:28:54', 1, 0, 0)
   INSERT INTO dbo.dnn_UserRoles(UserID, RoleID, IsTrialUsed, CreatedByUserID, CreatedOnDate, LastModifiedByUserID, LastModifiedOnDate, [Status], IsOwner)
   VALUES(@UserId, @MaleRole, 0, 1, '2019-06-07 05:28:54', 1, '2019-06-07 05:28:54', 1, 0)
   INSERT INTO dbo.dnn_UserRoles(UserID, RoleID, IsTrialUsed, CreatedByUserID, CreatedOnDate, LastModifiedByUserID, LastModifiedOnDate, [Status], IsOwner)
   VALUES(@UserId, @AcademicRole, 0, 1, '2019-06-07 05:28:54', 1, '2019-06-07 05:28:54', 1, 0)
   INSERT INTO dbo.dnn_Users(Username, FirstName, LastName, Email, DisplayName, UpdatePassword, LastIPAddress, IsDeleted, CreatedByUserID, CreatedOnDate, LastModifiedByUserID, LastModifiedOnDate, PasswordResetToken, PasswordResetExpiration)
   VALUES('m.leon@samsung.com', 'Marco', 'Leon', 'm.leon@samsung.com', 'Marco Leon', 0, '', 0, 1, '2019-06-07 05:28:54', 1, '2019-06-07 05:28:54', NULL, NULL)
   SELECT @UserID = SCOPE_IDENTITY()
   INSERT INTO dbo.aspnet_Users(ApplicationID, UserName, LoweredUserName, IsAnonymous, LastActivityDate)
   VALUES(@ApplicationId, 'm.leon@samsung.com', 'm.leon@samsung.com', 0, '2019-06-07 05:28:54')
   SELECT @AspNetUserID = UserId FROM aspnet_Users WHERE Username = 'm.leon@samsung.com'
   INSERT INTO dbo.aspnet_Membership(ApplicationID, UserID, Password, PasswordFormat, PasswordSalt, Email, LoweredEmail, IsApproved, IsLockedOut, CreateDate, LastLoginDate, LastPasswordChangedDate, LastLockoutDate, FailedPasswordAttemptCount, FailedPasswordAttemptWindowStart, FailedPasswordAnswerAttemptCount, FailedPasswordAnswerAttemptWindowStart)
   VALUES(@ApplicationID, @AspNetUserID, 'aMoPu/jMK8Yc4dxEEtAWm+RvKkFRjT38n/c1ORi3HgGWXJI15kNozQ==', 2, 'ub/Nej8BunZL3H6o+Z7+sg==', 'm.leon@samsung.com', 'm.leon@samsung.com', 1, 0, '2019-06-07 05:28:54', '2019-06-07 05:28:54', '2019-06-07 05:28:54', '1754-01-01 00:00:00.000', 0, '1754-01-01 00:00:00.000', 0, '1754-01-01 00:00:00.000')
   INSERT INTO dbo.dnn_UserPortals(UserID, PortalID, CreatedDate, Authorised, IsDeleted, RefreshRoles)
   VALUES(@UserID, @PortalID, '2019-06-07 05:28:54', 1, 0, 0)
   INSERT INTO dbo.dnn_UserRoles(UserID, RoleID, IsTrialUsed, CreatedByUserID, CreatedOnDate, LastModifiedByUserID, LastModifiedOnDate, [Status], IsOwner)
   VALUES(@UserId, @MaleRole, 0, 1, '2019-06-07 05:28:54', 1, '2019-06-07 05:28:54', 1, 0)
   INSERT INTO dbo.dnn_Users(Username, FirstName, LastName, Email, DisplayName, UpdatePassword, LastIPAddress, IsDeleted, CreatedByUserID, CreatedOnDate, LastModifiedByUserID, LastModifiedOnDate, PasswordResetToken, PasswordResetExpiration)
   VALUES('hailw@abs-cbn.com', 'Wm', 'Hail', 'hailw@abs-cbn.com', 'Wm Hail', 0, '', 0, 1, '2019-06-07 05:28:54', 1, '2019-06-07 05:28:54', NULL, NULL)
   SELECT @UserID = SCOPE_IDENTITY()
   INSERT INTO dbo.aspnet_Users(ApplicationID, UserName, LoweredUserName, IsAnonymous, LastActivityDate)
   VALUES(@ApplicationId, 'hailw@abs-cbn.com', 'hailw@abs-cbn.com', 0, '2019-06-07 05:28:54')
   SELECT @AspNetUserID = UserId FROM aspnet_Users WHERE Username = 'hailw@abs-cbn.com'
   INSERT INTO dbo.aspnet_Membership(ApplicationID, UserID, Password, PasswordFormat, PasswordSalt, Email, LoweredEmail, IsApproved, IsLockedOut, CreateDate, LastLoginDate, LastPasswordChangedDate, LastLockoutDate, FailedPasswordAttemptCount, FailedPasswordAttemptWindowStart, FailedPasswordAnswerAttemptCount, FailedPasswordAnswerAttemptWindowStart)
   VALUES(@ApplicationID, @AspNetUserID, 'aMoPu/jMK8Yc4dxEEtAWm+RvKkFRjT38n/c1ORi3HgGWXJI15kNozQ==', 2, 'ub/Nej8BunZL3H6o+Z7+sg==', 'hailw@abs-cbn.com', 'hailw@abs-cbn.com', 1, 0, '2019-06-07 05:28:54', '2019-06-07 05:28:54', '2019-06-07 05:28:54', '1754-01-01 00:00:00.000', 0, '1754-01-01 00:00:00.000', 0, '1754-01-01 00:00:00.000')
   INSERT INTO dbo.dnn_UserPortals(UserID, PortalID, CreatedDate, Authorised, IsDeleted, RefreshRoles)
   VALUES(@UserID, @PortalID, '2019-06-07 05:28:54', 1, 0, 0)
   INSERT INTO dbo.dnn_UserRoles(UserID, RoleID, IsTrialUsed, CreatedByUserID, CreatedOnDate, LastModifiedByUserID, LastModifiedOnDate, [Status], IsOwner)
   VALUES(@UserId, @MaleRole, 0, 1, '2019-06-07 05:28:54', 1, '2019-06-07 05:28:54', 1, 0)
   INSERT INTO dbo.dnn_Users(Username, FirstName, LastName, Email, DisplayName, UpdatePassword, LastIPAddress, IsDeleted, CreatedByUserID, CreatedOnDate, LastModifiedByUserID, LastModifiedOnDate, PasswordResetToken, PasswordResetExpiration)
   VALUES('pete.benson@reimageplus.com', 'Pete', 'Benson', 'pete.benson@reimageplus.com', 'Pete Benson', 0, '', 0, 1, '2019-06-07 05:28:54', 1, '2019-06-07 05:28:54', NULL, NULL)
   SELECT @UserID = SCOPE_IDENTITY()
   INSERT INTO dbo.aspnet_Users(ApplicationID, UserName, LoweredUserName, IsAnonymous, LastActivityDate)
   VALUES(@ApplicationId, 'pete.benson@reimageplus.com', 'pete.benson@reimageplus.com', 0, '2019-06-07 05:28:54')
   SELECT @AspNetUserID = UserId FROM aspnet_Users WHERE Username = 'pete.benson@reimageplus.com'
   INSERT INTO dbo.aspnet_Membership(ApplicationID, UserID, Password, PasswordFormat, PasswordSalt, Email, LoweredEmail, IsApproved, IsLockedOut, CreateDate, LastLoginDate, LastPasswordChangedDate, LastLockoutDate, FailedPasswordAttemptCount, FailedPasswordAttemptWindowStart, FailedPasswordAnswerAttemptCount, FailedPasswordAnswerAttemptWindowStart)
   VALUES(@ApplicationID, @AspNetUserID, 'aMoPu/jMK8Yc4dxEEtAWm+RvKkFRjT38n/c1ORi3HgGWXJI15kNozQ==', 2, 'ub/Nej8BunZL3H6o+Z7+sg==', 'pete.benson@reimageplus.com', 'pete.benson@reimageplus.com', 1, 0, '2019-06-07 05:28:54', '2019-06-07 05:28:54', '2019-06-07 05:28:54', '1754-01-01 00:00:00.000', 0, '1754-01-01 00:00:00.000', 0, '1754-01-01 00:00:00.000')
   INSERT INTO dbo.dnn_UserPortals(UserID, PortalID, CreatedDate, Authorised, IsDeleted, RefreshRoles)
   VALUES(@UserID, @PortalID, '2019-06-07 05:28:54', 1, 0, 0)
   INSERT INTO dbo.dnn_UserRoles(UserID, RoleID, IsTrialUsed, CreatedByUserID, CreatedOnDate, LastModifiedByUserID, LastModifiedOnDate, [Status], IsOwner)
   VALUES(@UserId, @MaleRole, 0, 1, '2019-06-07 05:28:54', 1, '2019-06-07 05:28:54', 1, 0)
   INSERT INTO dbo.dnn_Users(Username, FirstName, LastName, Email, DisplayName, UpdatePassword, LastIPAddress, IsDeleted, CreatedByUserID, CreatedOnDate, LastModifiedByUserID, LastModifiedOnDate, PasswordResetToken, PasswordResetExpiration)
   VALUES('r.haynes@airbnb.com', 'Randolph', 'Haynes', 'r.haynes@airbnb.com', 'Randolph Haynes', 0, '', 0, 1, '2019-06-07 05:28:54', 1, '2019-06-07 05:28:54', NULL, NULL)
   SELECT @UserID = SCOPE_IDENTITY()
   INSERT INTO dbo.aspnet_Users(ApplicationID, UserName, LoweredUserName, IsAnonymous, LastActivityDate)
   VALUES(@ApplicationId, 'r.haynes@airbnb.com', 'r.haynes@airbnb.com', 0, '2019-06-07 05:28:54')
   SELECT @AspNetUserID = UserId FROM aspnet_Users WHERE Username = 'r.haynes@airbnb.com'
   INSERT INTO dbo.aspnet_Membership(ApplicationID, UserID, Password, PasswordFormat, PasswordSalt, Email, LoweredEmail, IsApproved, IsLockedOut, CreateDate, LastLoginDate, LastPasswordChangedDate, LastLockoutDate, FailedPasswordAttemptCount, FailedPasswordAttemptWindowStart, FailedPasswordAnswerAttemptCount, FailedPasswordAnswerAttemptWindowStart)
   VALUES(@ApplicationID, @AspNetUserID, 'aMoPu/jMK8Yc4dxEEtAWm+RvKkFRjT38n/c1ORi3HgGWXJI15kNozQ==', 2, 'ub/Nej8BunZL3H6o+Z7+sg==', 'r.haynes@airbnb.com', 'r.haynes@airbnb.com', 1, 0, '2019-06-07 05:28:54', '2019-06-07 05:28:54', '2019-06-07 05:28:54', '1754-01-01 00:00:00.000', 0, '1754-01-01 00:00:00.000', 0, '1754-01-01 00:00:00.000')
   INSERT INTO dbo.dnn_UserPortals(UserID, PortalID, CreatedDate, Authorised, IsDeleted, RefreshRoles)
   VALUES(@UserID, @PortalID, '2019-06-07 05:28:54', 1, 0, 0)
   INSERT INTO dbo.dnn_UserRoles(UserID, RoleID, IsTrialUsed, CreatedByUserID, CreatedOnDate, LastModifiedByUserID, LastModifiedOnDate, [Status], IsOwner)
   VALUES(@UserId, @MaleRole, 0, 1, '2019-06-07 05:28:54', 1, '2019-06-07 05:28:54', 1, 0)
   INSERT INTO dbo.dnn_Users(Username, FirstName, LastName, Email, DisplayName, UpdatePassword, LastIPAddress, IsDeleted, CreatedByUserID, CreatedOnDate, LastModifiedByUserID, LastModifiedOnDate, PasswordResetToken, PasswordResetExpiration)
   VALUES('hortong@sabah.com.tr', 'Garry', 'Horton', 'hortong@sabah.com.tr', 'Garry Horton', 0, '', 0, 1, '2019-06-07 05:28:54', 1, '2019-06-07 05:28:54', NULL, NULL)
   SELECT @UserID = SCOPE_IDENTITY()
   INSERT INTO dbo.aspnet_Users(ApplicationID, UserName, LoweredUserName, IsAnonymous, LastActivityDate)
   VALUES(@ApplicationId, 'hortong@sabah.com.tr', 'hortong@sabah.com.tr', 0, '2019-06-07 05:28:54')
   SELECT @AspNetUserID = UserId FROM aspnet_Users WHERE Username = 'hortong@sabah.com.tr'
   INSERT INTO dbo.aspnet_Membership(ApplicationID, UserID, Password, PasswordFormat, PasswordSalt, Email, LoweredEmail, IsApproved, IsLockedOut, CreateDate, LastLoginDate, LastPasswordChangedDate, LastLockoutDate, FailedPasswordAttemptCount, FailedPasswordAttemptWindowStart, FailedPasswordAnswerAttemptCount, FailedPasswordAnswerAttemptWindowStart)
   VALUES(@ApplicationID, @AspNetUserID, 'aMoPu/jMK8Yc4dxEEtAWm+RvKkFRjT38n/c1ORi3HgGWXJI15kNozQ==', 2, 'ub/Nej8BunZL3H6o+Z7+sg==', 'hortong@sabah.com.tr', 'hortong@sabah.com.tr', 1, 0, '2019-06-07 05:28:54', '2019-06-07 05:28:54', '2019-06-07 05:28:54', '1754-01-01 00:00:00.000', 0, '1754-01-01 00:00:00.000', 0, '1754-01-01 00:00:00.000')
   INSERT INTO dbo.dnn_UserPortals(UserID, PortalID, CreatedDate, Authorised, IsDeleted, RefreshRoles)
   VALUES(@UserID, @PortalID, '2019-06-07 05:28:54', 1, 0, 0)
   INSERT INTO dbo.dnn_UserRoles(UserID, RoleID, IsTrialUsed, CreatedByUserID, CreatedOnDate, LastModifiedByUserID, LastModifiedOnDate, [Status], IsOwner)
   VALUES(@UserId, @MaleRole, 0, 1, '2019-06-07 05:28:54', 1, '2019-06-07 05:28:54', 1, 0)
   INSERT INTO dbo.dnn_Users(Username, FirstName, LastName, Email, DisplayName, UpdatePassword, LastIPAddress, IsDeleted, CreatedByUserID, CreatedOnDate, LastModifiedByUserID, LastModifiedOnDate, PasswordResetToken, PasswordResetExpiration)
   VALUES('geoffrey.miles@wordreference.com', 'Geoffrey', 'Miles', 'geoffrey.miles@wordreference.com', 'Geoffrey Miles', 0, '', 0, 1, '2019-06-07 05:28:54', 1, '2019-06-07 05:28:54', NULL, NULL)
   SELECT @UserID = SCOPE_IDENTITY()
   INSERT INTO dbo.aspnet_Users(ApplicationID, UserName, LoweredUserName, IsAnonymous, LastActivityDate)
   VALUES(@ApplicationId, 'geoffrey.miles@wordreference.com', 'geoffrey.miles@wordreference.com', 0, '2019-06-07 05:28:54')
   SELECT @AspNetUserID = UserId FROM aspnet_Users WHERE Username = 'geoffrey.miles@wordreference.com'
   INSERT INTO dbo.aspnet_Membership(ApplicationID, UserID, Password, PasswordFormat, PasswordSalt, Email, LoweredEmail, IsApproved, IsLockedOut, CreateDate, LastLoginDate, LastPasswordChangedDate, LastLockoutDate, FailedPasswordAttemptCount, FailedPasswordAttemptWindowStart, FailedPasswordAnswerAttemptCount, FailedPasswordAnswerAttemptWindowStart)
   VALUES(@ApplicationID, @AspNetUserID, 'aMoPu/jMK8Yc4dxEEtAWm+RvKkFRjT38n/c1ORi3HgGWXJI15kNozQ==', 2, 'ub/Nej8BunZL3H6o+Z7+sg==', 'geoffrey.miles@wordreference.com', 'geoffrey.miles@wordreference.com', 1, 0, '2019-06-07 05:28:54', '2019-06-07 05:28:54', '2019-06-07 05:28:54', '1754-01-01 00:00:00.000', 0, '1754-01-01 00:00:00.000', 0, '1754-01-01 00:00:00.000')
   INSERT INTO dbo.dnn_UserPortals(UserID, PortalID, CreatedDate, Authorised, IsDeleted, RefreshRoles)
   VALUES(@UserID, @PortalID, '2019-06-07 05:28:54', 1, 0, 0)
   INSERT INTO dbo.dnn_UserRoles(UserID, RoleID, IsTrialUsed, CreatedByUserID, CreatedOnDate, LastModifiedByUserID, LastModifiedOnDate, [Status], IsOwner)
   VALUES(@UserId, @MaleRole, 0, 1, '2019-06-07 05:28:54', 1, '2019-06-07 05:28:54', 1, 0)
   INSERT INTO dbo.dnn_UserRoles(UserID, RoleID, IsTrialUsed, CreatedByUserID, CreatedOnDate, LastModifiedByUserID, LastModifiedOnDate, [Status], IsOwner)
   VALUES(@UserId, @ManagerRole, 0, 1, '2019-06-07 05:28:54', 1, '2019-06-07 05:28:54', 1, 0)
   INSERT INTO dbo.dnn_Users(Username, FirstName, LastName, Email, DisplayName, UpdatePassword, LastIPAddress, IsDeleted, CreatedByUserID, CreatedOnDate, LastModifiedByUserID, LastModifiedOnDate, PasswordResetToken, PasswordResetExpiration)
   VALUES('j.lyons@hurriyet.com.tr', 'Jonathon', 'Lyons', 'j.lyons@hurriyet.com.tr', 'Jonathon Lyons', 0, '', 0, 1, '2019-06-07 05:28:54', 1, '2019-06-07 05:28:54', NULL, NULL)
   SELECT @UserID = SCOPE_IDENTITY()
   INSERT INTO dbo.aspnet_Users(ApplicationID, UserName, LoweredUserName, IsAnonymous, LastActivityDate)
   VALUES(@ApplicationId, 'j.lyons@hurriyet.com.tr', 'j.lyons@hurriyet.com.tr', 0, '2019-06-07 05:28:54')
   SELECT @AspNetUserID = UserId FROM aspnet_Users WHERE Username = 'j.lyons@hurriyet.com.tr'
   INSERT INTO dbo.aspnet_Membership(ApplicationID, UserID, Password, PasswordFormat, PasswordSalt, Email, LoweredEmail, IsApproved, IsLockedOut, CreateDate, LastLoginDate, LastPasswordChangedDate, LastLockoutDate, FailedPasswordAttemptCount, FailedPasswordAttemptWindowStart, FailedPasswordAnswerAttemptCount, FailedPasswordAnswerAttemptWindowStart)
   VALUES(@ApplicationID, @AspNetUserID, 'aMoPu/jMK8Yc4dxEEtAWm+RvKkFRjT38n/c1ORi3HgGWXJI15kNozQ==', 2, 'ub/Nej8BunZL3H6o+Z7+sg==', 'j.lyons@hurriyet.com.tr', 'j.lyons@hurriyet.com.tr', 1, 0, '2019-06-07 05:28:54', '2019-06-07 05:28:54', '2019-06-07 05:28:54', '1754-01-01 00:00:00.000', 0, '1754-01-01 00:00:00.000', 0, '1754-01-01 00:00:00.000')
   INSERT INTO dbo.dnn_UserPortals(UserID, PortalID, CreatedDate, Authorised, IsDeleted, RefreshRoles)
   VALUES(@UserID, @PortalID, '2019-06-07 05:28:54', 1, 0, 0)
   INSERT INTO dbo.dnn_UserRoles(UserID, RoleID, IsTrialUsed, CreatedByUserID, CreatedOnDate, LastModifiedByUserID, LastModifiedOnDate, [Status], IsOwner)
   VALUES(@UserId, @MaleRole, 0, 1, '2019-06-07 05:28:54', 1, '2019-06-07 05:28:54', 1, 0)
   INSERT INTO dbo.dnn_Users(Username, FirstName, LastName, Email, DisplayName, UpdatePassword, LastIPAddress, IsDeleted, CreatedByUserID, CreatedOnDate, LastModifiedByUserID, LastModifiedOnDate, PasswordResetToken, PasswordResetExpiration)
   VALUES('phamf@uefa.com', 'Felipe', 'Pham', 'phamf@uefa.com', 'Felipe Pham', 0, '', 0, 1, '2019-06-07 05:28:54', 1, '2019-06-07 05:28:54', NULL, NULL)
   SELECT @UserID = SCOPE_IDENTITY()
   INSERT INTO dbo.aspnet_Users(ApplicationID, UserName, LoweredUserName, IsAnonymous, LastActivityDate)
   VALUES(@ApplicationId, 'phamf@uefa.com', 'phamf@uefa.com', 0, '2019-06-07 05:28:54')
   SELECT @AspNetUserID = UserId FROM aspnet_Users WHERE Username = 'phamf@uefa.com'
   INSERT INTO dbo.aspnet_Membership(ApplicationID, UserID, Password, PasswordFormat, PasswordSalt, Email, LoweredEmail, IsApproved, IsLockedOut, CreateDate, LastLoginDate, LastPasswordChangedDate, LastLockoutDate, FailedPasswordAttemptCount, FailedPasswordAttemptWindowStart, FailedPasswordAnswerAttemptCount, FailedPasswordAnswerAttemptWindowStart)
   VALUES(@ApplicationID, @AspNetUserID, 'aMoPu/jMK8Yc4dxEEtAWm+RvKkFRjT38n/c1ORi3HgGWXJI15kNozQ==', 2, 'ub/Nej8BunZL3H6o+Z7+sg==', 'phamf@uefa.com', 'phamf@uefa.com', 1, 0, '2019-06-07 05:28:54', '2019-06-07 05:28:54', '2019-06-07 05:28:54', '1754-01-01 00:00:00.000', 0, '1754-01-01 00:00:00.000', 0, '1754-01-01 00:00:00.000')
   INSERT INTO dbo.dnn_UserPortals(UserID, PortalID, CreatedDate, Authorised, IsDeleted, RefreshRoles)
   VALUES(@UserID, @PortalID, '2019-06-07 05:28:54', 1, 0, 0)
   INSERT INTO dbo.dnn_UserRoles(UserID, RoleID, IsTrialUsed, CreatedByUserID, CreatedOnDate, LastModifiedByUserID, LastModifiedOnDate, [Status], IsOwner)
   VALUES(@UserId, @MaleRole, 0, 1, '2019-06-07 05:28:54', 1, '2019-06-07 05:28:54', 1, 0)
   INSERT INTO dbo.dnn_Users(Username, FirstName, LastName, Email, DisplayName, UpdatePassword, LastIPAddress, IsDeleted, CreatedByUserID, CreatedOnDate, LastModifiedByUserID, LastModifiedOnDate, PasswordResetToken, PasswordResetExpiration)
   VALUES('bennie.graves@rambler.ru', 'Bennie', 'Graves', 'bennie.graves@rambler.ru', 'Bennie Graves', 0, '', 0, 1, '2019-06-07 05:28:54', 1, '2019-06-07 05:28:54', NULL, NULL)
   SELECT @UserID = SCOPE_IDENTITY()
   INSERT INTO dbo.aspnet_Users(ApplicationID, UserName, LoweredUserName, IsAnonymous, LastActivityDate)
   VALUES(@ApplicationId, 'bennie.graves@rambler.ru', 'bennie.graves@rambler.ru', 0, '2019-06-07 05:28:54')
   SELECT @AspNetUserID = UserId FROM aspnet_Users WHERE Username = 'bennie.graves@rambler.ru'
   INSERT INTO dbo.aspnet_Membership(ApplicationID, UserID, Password, PasswordFormat, PasswordSalt, Email, LoweredEmail, IsApproved, IsLockedOut, CreateDate, LastLoginDate, LastPasswordChangedDate, LastLockoutDate, FailedPasswordAttemptCount, FailedPasswordAttemptWindowStart, FailedPasswordAnswerAttemptCount, FailedPasswordAnswerAttemptWindowStart)
   VALUES(@ApplicationID, @AspNetUserID, 'aMoPu/jMK8Yc4dxEEtAWm+RvKkFRjT38n/c1ORi3HgGWXJI15kNozQ==', 2, 'ub/Nej8BunZL3H6o+Z7+sg==', 'bennie.graves@rambler.ru', 'bennie.graves@rambler.ru', 1, 0, '2019-06-07 05:28:54', '2019-06-07 05:28:54', '2019-06-07 05:28:54', '1754-01-01 00:00:00.000', 0, '1754-01-01 00:00:00.000', 0, '1754-01-01 00:00:00.000')
   INSERT INTO dbo.dnn_UserPortals(UserID, PortalID, CreatedDate, Authorised, IsDeleted, RefreshRoles)
   VALUES(@UserID, @PortalID, '2019-06-07 05:28:54', 1, 0, 0)
   INSERT INTO dbo.dnn_UserRoles(UserID, RoleID, IsTrialUsed, CreatedByUserID, CreatedOnDate, LastModifiedByUserID, LastModifiedOnDate, [Status], IsOwner)
   VALUES(@UserId, @MaleRole, 0, 1, '2019-06-07 05:28:54', 1, '2019-06-07 05:28:54', 1, 0)
   INSERT INTO dbo.dnn_Users(Username, FirstName, LastName, Email, DisplayName, UpdatePassword, LastIPAddress, IsDeleted, CreatedByUserID, CreatedOnDate, LastModifiedByUserID, LastModifiedOnDate, PasswordResetToken, PasswordResetExpiration)
   VALUES('g.bush@51yes.com', 'Gerardo', 'Bush', 'g.bush@51yes.com', 'Gerardo Bush', 0, '', 0, 1, '2019-06-07 05:28:54', 1, '2019-06-07 05:28:54', NULL, NULL)
   SELECT @UserID = SCOPE_IDENTITY()
   INSERT INTO dbo.aspnet_Users(ApplicationID, UserName, LoweredUserName, IsAnonymous, LastActivityDate)
   VALUES(@ApplicationId, 'g.bush@51yes.com', 'g.bush@51yes.com', 0, '2019-06-07 05:28:54')
   SELECT @AspNetUserID = UserId FROM aspnet_Users WHERE Username = 'g.bush@51yes.com'
   INSERT INTO dbo.aspnet_Membership(ApplicationID, UserID, Password, PasswordFormat, PasswordSalt, Email, LoweredEmail, IsApproved, IsLockedOut, CreateDate, LastLoginDate, LastPasswordChangedDate, LastLockoutDate, FailedPasswordAttemptCount, FailedPasswordAttemptWindowStart, FailedPasswordAnswerAttemptCount, FailedPasswordAnswerAttemptWindowStart)
   VALUES(@ApplicationID, @AspNetUserID, 'aMoPu/jMK8Yc4dxEEtAWm+RvKkFRjT38n/c1ORi3HgGWXJI15kNozQ==', 2, 'ub/Nej8BunZL3H6o+Z7+sg==', 'g.bush@51yes.com', 'g.bush@51yes.com', 1, 0, '2019-06-07 05:28:54', '2019-06-07 05:28:54', '2019-06-07 05:28:54', '1754-01-01 00:00:00.000', 0, '1754-01-01 00:00:00.000', 0, '1754-01-01 00:00:00.000')
   INSERT INTO dbo.dnn_UserPortals(UserID, PortalID, CreatedDate, Authorised, IsDeleted, RefreshRoles)
   VALUES(@UserID, @PortalID, '2019-06-07 05:28:54', 1, 0, 0)
   INSERT INTO dbo.dnn_UserRoles(UserID, RoleID, IsTrialUsed, CreatedByUserID, CreatedOnDate, LastModifiedByUserID, LastModifiedOnDate, [Status], IsOwner)
   VALUES(@UserId, @MaleRole, 0, 1, '2019-06-07 05:28:54', 1, '2019-06-07 05:28:54', 1, 0)
   INSERT INTO dbo.dnn_Users(Username, FirstName, LastName, Email, DisplayName, UpdatePassword, LastIPAddress, IsDeleted, CreatedByUserID, CreatedOnDate, LastModifiedByUserID, LastModifiedOnDate, PasswordResetToken, PasswordResetExpiration)
   VALUES('thorntone@cnnic.cn', 'Ed', 'Thornton', 'thorntone@cnnic.cn', 'Ed Thornton', 0, '', 0, 1, '2019-06-07 05:28:54', 1, '2019-06-07 05:28:54', NULL, NULL)
   SELECT @UserID = SCOPE_IDENTITY()
   INSERT INTO dbo.aspnet_Users(ApplicationID, UserName, LoweredUserName, IsAnonymous, LastActivityDate)
   VALUES(@ApplicationId, 'thorntone@cnnic.cn', 'thorntone@cnnic.cn', 0, '2019-06-07 05:28:54')
   SELECT @AspNetUserID = UserId FROM aspnet_Users WHERE Username = 'thorntone@cnnic.cn'
   INSERT INTO dbo.aspnet_Membership(ApplicationID, UserID, Password, PasswordFormat, PasswordSalt, Email, LoweredEmail, IsApproved, IsLockedOut, CreateDate, LastLoginDate, LastPasswordChangedDate, LastLockoutDate, FailedPasswordAttemptCount, FailedPasswordAttemptWindowStart, FailedPasswordAnswerAttemptCount, FailedPasswordAnswerAttemptWindowStart)
   VALUES(@ApplicationID, @AspNetUserID, 'aMoPu/jMK8Yc4dxEEtAWm+RvKkFRjT38n/c1ORi3HgGWXJI15kNozQ==', 2, 'ub/Nej8BunZL3H6o+Z7+sg==', 'thorntone@cnnic.cn', 'thorntone@cnnic.cn', 1, 0, '2019-06-07 05:28:54', '2019-06-07 05:28:54', '2019-06-07 05:28:54', '1754-01-01 00:00:00.000', 0, '1754-01-01 00:00:00.000', 0, '1754-01-01 00:00:00.000')
   INSERT INTO dbo.dnn_UserPortals(UserID, PortalID, CreatedDate, Authorised, IsDeleted, RefreshRoles)
   VALUES(@UserID, @PortalID, '2019-06-07 05:28:54', 1, 0, 0)
   INSERT INTO dbo.dnn_UserRoles(UserID, RoleID, IsTrialUsed, CreatedByUserID, CreatedOnDate, LastModifiedByUserID, LastModifiedOnDate, [Status], IsOwner)
   VALUES(@UserId, @MaleRole, 0, 1, '2019-06-07 05:28:54', 1, '2019-06-07 05:28:54', 1, 0)
   INSERT INTO dbo.dnn_Users(Username, FirstName, LastName, Email, DisplayName, UpdatePassword, LastIPAddress, IsDeleted, CreatedByUserID, CreatedOnDate, LastModifiedByUserID, LastModifiedOnDate, PasswordResetToken, PasswordResetExpiration)
   VALUES('dominic.wolfe@webmd.com', 'Dominic', 'Wolfe', 'dominic.wolfe@webmd.com', 'Dominic Wolfe', 0, '', 0, 1, '2019-06-07 05:28:54', 1, '2019-06-07 05:28:54', NULL, NULL)
   SELECT @UserID = SCOPE_IDENTITY()
   INSERT INTO dbo.aspnet_Users(ApplicationID, UserName, LoweredUserName, IsAnonymous, LastActivityDate)
   VALUES(@ApplicationId, 'dominic.wolfe@webmd.com', 'dominic.wolfe@webmd.com', 0, '2019-06-07 05:28:54')
   SELECT @AspNetUserID = UserId FROM aspnet_Users WHERE Username = 'dominic.wolfe@webmd.com'
   INSERT INTO dbo.aspnet_Membership(ApplicationID, UserID, Password, PasswordFormat, PasswordSalt, Email, LoweredEmail, IsApproved, IsLockedOut, CreateDate, LastLoginDate, LastPasswordChangedDate, LastLockoutDate, FailedPasswordAttemptCount, FailedPasswordAttemptWindowStart, FailedPasswordAnswerAttemptCount, FailedPasswordAnswerAttemptWindowStart)
   VALUES(@ApplicationID, @AspNetUserID, 'aMoPu/jMK8Yc4dxEEtAWm+RvKkFRjT38n/c1ORi3HgGWXJI15kNozQ==', 2, 'ub/Nej8BunZL3H6o+Z7+sg==', 'dominic.wolfe@webmd.com', 'dominic.wolfe@webmd.com', 1, 0, '2019-06-07 05:28:54', '2019-06-07 05:28:54', '2019-06-07 05:28:54', '1754-01-01 00:00:00.000', 0, '1754-01-01 00:00:00.000', 0, '1754-01-01 00:00:00.000')
   INSERT INTO dbo.dnn_UserPortals(UserID, PortalID, CreatedDate, Authorised, IsDeleted, RefreshRoles)
   VALUES(@UserID, @PortalID, '2019-06-07 05:28:54', 1, 0, 0)
   INSERT INTO dbo.dnn_UserRoles(UserID, RoleID, IsTrialUsed, CreatedByUserID, CreatedOnDate, LastModifiedByUserID, LastModifiedOnDate, [Status], IsOwner)
   VALUES(@UserId, @MaleRole, 0, 1, '2019-06-07 05:28:54', 1, '2019-06-07 05:28:54', 1, 0)
   INSERT INTO dbo.dnn_Users(Username, FirstName, LastName, Email, DisplayName, UpdatePassword, LastIPAddress, IsDeleted, CreatedByUserID, CreatedOnDate, LastModifiedByUserID, LastModifiedOnDate, PasswordResetToken, PasswordResetExpiration)
   VALUES('r.warner@ign.com', 'Robin', 'Warner', 'r.warner@ign.com', 'Robin Warner', 0, '', 0, 1, '2019-06-07 05:28:54', 1, '2019-06-07 05:28:54', NULL, NULL)
   SELECT @UserID = SCOPE_IDENTITY()
   INSERT INTO dbo.aspnet_Users(ApplicationID, UserName, LoweredUserName, IsAnonymous, LastActivityDate)
   VALUES(@ApplicationId, 'r.warner@ign.com', 'r.warner@ign.com', 0, '2019-06-07 05:28:54')
   SELECT @AspNetUserID = UserId FROM aspnet_Users WHERE Username = 'r.warner@ign.com'
   INSERT INTO dbo.aspnet_Membership(ApplicationID, UserID, Password, PasswordFormat, PasswordSalt, Email, LoweredEmail, IsApproved, IsLockedOut, CreateDate, LastLoginDate, LastPasswordChangedDate, LastLockoutDate, FailedPasswordAttemptCount, FailedPasswordAttemptWindowStart, FailedPasswordAnswerAttemptCount, FailedPasswordAnswerAttemptWindowStart)
   VALUES(@ApplicationID, @AspNetUserID, 'aMoPu/jMK8Yc4dxEEtAWm+RvKkFRjT38n/c1ORi3HgGWXJI15kNozQ==', 2, 'ub/Nej8BunZL3H6o+Z7+sg==', 'r.warner@ign.com', 'r.warner@ign.com', 1, 0, '2019-06-07 05:28:54', '2019-06-07 05:28:54', '2019-06-07 05:28:54', '1754-01-01 00:00:00.000', 0, '1754-01-01 00:00:00.000', 0, '1754-01-01 00:00:00.000')
   INSERT INTO dbo.dnn_UserPortals(UserID, PortalID, CreatedDate, Authorised, IsDeleted, RefreshRoles)
   VALUES(@UserID, @PortalID, '2019-06-07 05:28:54', 1, 0, 0)
   INSERT INTO dbo.dnn_UserRoles(UserID, RoleID, IsTrialUsed, CreatedByUserID, CreatedOnDate, LastModifiedByUserID, LastModifiedOnDate, [Status], IsOwner)
   VALUES(@UserId, @MaleRole, 0, 1, '2019-06-07 05:28:54', 1, '2019-06-07 05:28:54', 1, 0)
   INSERT INTO dbo.dnn_UserRoles(UserID, RoleID, IsTrialUsed, CreatedByUserID, CreatedOnDate, LastModifiedByUserID, LastModifiedOnDate, [Status], IsOwner)
   VALUES(@UserId, @AcademicRole, 0, 1, '2019-06-07 05:28:54', 1, '2019-06-07 05:28:54', 1, 0)
   INSERT INTO dbo.dnn_Users(Username, FirstName, LastName, Email, DisplayName, UpdatePassword, LastIPAddress, IsDeleted, CreatedByUserID, CreatedOnDate, LastModifiedByUserID, LastModifiedOnDate, PasswordResetToken, PasswordResetExpiration)
   VALUES('cabreral@liputan6.com', 'Loren', 'Cabrera', 'cabreral@liputan6.com', 'Loren Cabrera', 0, '', 0, 1, '2019-06-07 05:28:54', 1, '2019-06-07 05:28:54', NULL, NULL)
   SELECT @UserID = SCOPE_IDENTITY()
   INSERT INTO dbo.aspnet_Users(ApplicationID, UserName, LoweredUserName, IsAnonymous, LastActivityDate)
   VALUES(@ApplicationId, 'cabreral@liputan6.com', 'cabreral@liputan6.com', 0, '2019-06-07 05:28:54')
   SELECT @AspNetUserID = UserId FROM aspnet_Users WHERE Username = 'cabreral@liputan6.com'
   INSERT INTO dbo.aspnet_Membership(ApplicationID, UserID, Password, PasswordFormat, PasswordSalt, Email, LoweredEmail, IsApproved, IsLockedOut, CreateDate, LastLoginDate, LastPasswordChangedDate, LastLockoutDate, FailedPasswordAttemptCount, FailedPasswordAttemptWindowStart, FailedPasswordAnswerAttemptCount, FailedPasswordAnswerAttemptWindowStart)
   VALUES(@ApplicationID, @AspNetUserID, 'aMoPu/jMK8Yc4dxEEtAWm+RvKkFRjT38n/c1ORi3HgGWXJI15kNozQ==', 2, 'ub/Nej8BunZL3H6o+Z7+sg==', 'cabreral@liputan6.com', 'cabreral@liputan6.com', 1, 0, '2019-06-07 05:28:54', '2019-06-07 05:28:54', '2019-06-07 05:28:54', '1754-01-01 00:00:00.000', 0, '1754-01-01 00:00:00.000', 0, '1754-01-01 00:00:00.000')
   INSERT INTO dbo.dnn_UserPortals(UserID, PortalID, CreatedDate, Authorised, IsDeleted, RefreshRoles)
   VALUES(@UserID, @PortalID, '2019-06-07 05:28:54', 1, 0, 0)
   INSERT INTO dbo.dnn_UserRoles(UserID, RoleID, IsTrialUsed, CreatedByUserID, CreatedOnDate, LastModifiedByUserID, LastModifiedOnDate, [Status], IsOwner)
   VALUES(@UserId, @MaleRole, 0, 1, '2019-06-07 05:28:54', 1, '2019-06-07 05:28:54', 1, 0)
   INSERT INTO dbo.dnn_Users(Username, FirstName, LastName, Email, DisplayName, UpdatePassword, LastIPAddress, IsDeleted, CreatedByUserID, CreatedOnDate, LastModifiedByUserID, LastModifiedOnDate, PasswordResetToken, PasswordResetExpiration)
   VALUES('delbert.mckinney@dell.com', 'Delbert', 'Mckinney', 'delbert.mckinney@dell.com', 'Delbert Mckinney', 0, '', 0, 1, '2019-06-07 05:28:54', 1, '2019-06-07 05:28:54', NULL, NULL)
   SELECT @UserID = SCOPE_IDENTITY()
   INSERT INTO dbo.aspnet_Users(ApplicationID, UserName, LoweredUserName, IsAnonymous, LastActivityDate)
   VALUES(@ApplicationId, 'delbert.mckinney@dell.com', 'delbert.mckinney@dell.com', 0, '2019-06-07 05:28:54')
   SELECT @AspNetUserID = UserId FROM aspnet_Users WHERE Username = 'delbert.mckinney@dell.com'
   INSERT INTO dbo.aspnet_Membership(ApplicationID, UserID, Password, PasswordFormat, PasswordSalt, Email, LoweredEmail, IsApproved, IsLockedOut, CreateDate, LastLoginDate, LastPasswordChangedDate, LastLockoutDate, FailedPasswordAttemptCount, FailedPasswordAttemptWindowStart, FailedPasswordAnswerAttemptCount, FailedPasswordAnswerAttemptWindowStart)
   VALUES(@ApplicationID, @AspNetUserID, 'aMoPu/jMK8Yc4dxEEtAWm+RvKkFRjT38n/c1ORi3HgGWXJI15kNozQ==', 2, 'ub/Nej8BunZL3H6o+Z7+sg==', 'delbert.mckinney@dell.com', 'delbert.mckinney@dell.com', 1, 0, '2019-06-07 05:28:54', '2019-06-07 05:28:54', '2019-06-07 05:28:54', '1754-01-01 00:00:00.000', 0, '1754-01-01 00:00:00.000', 0, '1754-01-01 00:00:00.000')
   INSERT INTO dbo.dnn_UserPortals(UserID, PortalID, CreatedDate, Authorised, IsDeleted, RefreshRoles)
   VALUES(@UserID, @PortalID, '2019-06-07 05:28:54', 1, 0, 0)
   INSERT INTO dbo.dnn_UserRoles(UserID, RoleID, IsTrialUsed, CreatedByUserID, CreatedOnDate, LastModifiedByUserID, LastModifiedOnDate, [Status], IsOwner)
   VALUES(@UserId, @MaleRole, 0, 1, '2019-06-07 05:28:54', 1, '2019-06-07 05:28:54', 1, 0)
   INSERT INTO dbo.dnn_Users(Username, FirstName, LastName, Email, DisplayName, UpdatePassword, LastIPAddress, IsDeleted, CreatedByUserID, CreatedOnDate, LastModifiedByUserID, LastModifiedOnDate, PasswordResetToken, PasswordResetExpiration)
   VALUES('c.mann@gizmodo.com', 'Colin', 'Mann', 'c.mann@gizmodo.com', 'Colin Mann', 0, '', 0, 1, '2019-06-07 05:28:54', 1, '2019-06-07 05:28:54', NULL, NULL)
   SELECT @UserID = SCOPE_IDENTITY()
   INSERT INTO dbo.aspnet_Users(ApplicationID, UserName, LoweredUserName, IsAnonymous, LastActivityDate)
   VALUES(@ApplicationId, 'c.mann@gizmodo.com', 'c.mann@gizmodo.com', 0, '2019-06-07 05:28:54')
   SELECT @AspNetUserID = UserId FROM aspnet_Users WHERE Username = 'c.mann@gizmodo.com'
   INSERT INTO dbo.aspnet_Membership(ApplicationID, UserID, Password, PasswordFormat, PasswordSalt, Email, LoweredEmail, IsApproved, IsLockedOut, CreateDate, LastLoginDate, LastPasswordChangedDate, LastLockoutDate, FailedPasswordAttemptCount, FailedPasswordAttemptWindowStart, FailedPasswordAnswerAttemptCount, FailedPasswordAnswerAttemptWindowStart)
   VALUES(@ApplicationID, @AspNetUserID, 'aMoPu/jMK8Yc4dxEEtAWm+RvKkFRjT38n/c1ORi3HgGWXJI15kNozQ==', 2, 'ub/Nej8BunZL3H6o+Z7+sg==', 'c.mann@gizmodo.com', 'c.mann@gizmodo.com', 1, 0, '2019-06-07 05:28:54', '2019-06-07 05:28:54', '2019-06-07 05:28:54', '1754-01-01 00:00:00.000', 0, '1754-01-01 00:00:00.000', 0, '1754-01-01 00:00:00.000')
   INSERT INTO dbo.dnn_UserPortals(UserID, PortalID, CreatedDate, Authorised, IsDeleted, RefreshRoles)
   VALUES(@UserID, @PortalID, '2019-06-07 05:28:54', 1, 0, 0)
   INSERT INTO dbo.dnn_UserRoles(UserID, RoleID, IsTrialUsed, CreatedByUserID, CreatedOnDate, LastModifiedByUserID, LastModifiedOnDate, [Status], IsOwner)
   VALUES(@UserId, @MaleRole, 0, 1, '2019-06-07 05:28:54', 1, '2019-06-07 05:28:54', 1, 0)
   INSERT INTO dbo.dnn_UserRoles(UserID, RoleID, IsTrialUsed, CreatedByUserID, CreatedOnDate, LastModifiedByUserID, LastModifiedOnDate, [Status], IsOwner)
   VALUES(@UserId, @ManagerRole, 0, 1, '2019-06-07 05:28:54', 1, '2019-06-07 05:28:54', 1, 0)
   INSERT INTO dbo.dnn_Users(Username, FirstName, LastName, Email, DisplayName, UpdatePassword, LastIPAddress, IsDeleted, CreatedByUserID, CreatedOnDate, LastModifiedByUserID, LastModifiedOnDate, PasswordResetToken, PasswordResetExpiration)
   VALUES('zimmermang@blogspot.com.br', 'Guillermo', 'Zimmerman', 'zimmermang@blogspot.com.br', 'Guillermo Zimmerman', 0, '', 0, 1, '2019-06-07 05:28:54', 1, '2019-06-07 05:28:54', NULL, NULL)
   SELECT @UserID = SCOPE_IDENTITY()
   INSERT INTO dbo.aspnet_Users(ApplicationID, UserName, LoweredUserName, IsAnonymous, LastActivityDate)
   VALUES(@ApplicationId, 'zimmermang@blogspot.com.br', 'zimmermang@blogspot.com.br', 0, '2019-06-07 05:28:54')
   SELECT @AspNetUserID = UserId FROM aspnet_Users WHERE Username = 'zimmermang@blogspot.com.br'
   INSERT INTO dbo.aspnet_Membership(ApplicationID, UserID, Password, PasswordFormat, PasswordSalt, Email, LoweredEmail, IsApproved, IsLockedOut, CreateDate, LastLoginDate, LastPasswordChangedDate, LastLockoutDate, FailedPasswordAttemptCount, FailedPasswordAttemptWindowStart, FailedPasswordAnswerAttemptCount, FailedPasswordAnswerAttemptWindowStart)
   VALUES(@ApplicationID, @AspNetUserID, 'aMoPu/jMK8Yc4dxEEtAWm+RvKkFRjT38n/c1ORi3HgGWXJI15kNozQ==', 2, 'ub/Nej8BunZL3H6o+Z7+sg==', 'zimmermang@blogspot.com.br', 'zimmermang@blogspot.com.br', 1, 0, '2019-06-07 05:28:54', '2019-06-07 05:28:54', '2019-06-07 05:28:54', '1754-01-01 00:00:00.000', 0, '1754-01-01 00:00:00.000', 0, '1754-01-01 00:00:00.000')
   INSERT INTO dbo.dnn_UserPortals(UserID, PortalID, CreatedDate, Authorised, IsDeleted, RefreshRoles)
   VALUES(@UserID, @PortalID, '2019-06-07 05:28:54', 1, 0, 0)
   INSERT INTO dbo.dnn_UserRoles(UserID, RoleID, IsTrialUsed, CreatedByUserID, CreatedOnDate, LastModifiedByUserID, LastModifiedOnDate, [Status], IsOwner)
   VALUES(@UserId, @MaleRole, 0, 1, '2019-06-07 05:28:54', 1, '2019-06-07 05:28:54', 1, 0)
   INSERT INTO dbo.dnn_Users(Username, FirstName, LastName, Email, DisplayName, UpdatePassword, LastIPAddress, IsDeleted, CreatedByUserID, CreatedOnDate, LastModifiedByUserID, LastModifiedOnDate, PasswordResetToken, PasswordResetExpiration)
   VALUES('earnest.dawson@bloomberg.com', 'Earnest', 'Dawson', 'earnest.dawson@bloomberg.com', 'Earnest Dawson', 0, '', 0, 1, '2019-06-07 05:28:54', 1, '2019-06-07 05:28:54', NULL, NULL)
   SELECT @UserID = SCOPE_IDENTITY()
   INSERT INTO dbo.aspnet_Users(ApplicationID, UserName, LoweredUserName, IsAnonymous, LastActivityDate)
   VALUES(@ApplicationId, 'earnest.dawson@bloomberg.com', 'earnest.dawson@bloomberg.com', 0, '2019-06-07 05:28:54')
   SELECT @AspNetUserID = UserId FROM aspnet_Users WHERE Username = 'earnest.dawson@bloomberg.com'
   INSERT INTO dbo.aspnet_Membership(ApplicationID, UserID, Password, PasswordFormat, PasswordSalt, Email, LoweredEmail, IsApproved, IsLockedOut, CreateDate, LastLoginDate, LastPasswordChangedDate, LastLockoutDate, FailedPasswordAttemptCount, FailedPasswordAttemptWindowStart, FailedPasswordAnswerAttemptCount, FailedPasswordAnswerAttemptWindowStart)
   VALUES(@ApplicationID, @AspNetUserID, 'aMoPu/jMK8Yc4dxEEtAWm+RvKkFRjT38n/c1ORi3HgGWXJI15kNozQ==', 2, 'ub/Nej8BunZL3H6o+Z7+sg==', 'earnest.dawson@bloomberg.com', 'earnest.dawson@bloomberg.com', 1, 0, '2019-06-07 05:28:54', '2019-06-07 05:28:54', '2019-06-07 05:28:54', '1754-01-01 00:00:00.000', 0, '1754-01-01 00:00:00.000', 0, '1754-01-01 00:00:00.000')
   INSERT INTO dbo.dnn_UserPortals(UserID, PortalID, CreatedDate, Authorised, IsDeleted, RefreshRoles)
   VALUES(@UserID, @PortalID, '2019-06-07 05:28:54', 1, 0, 0)
   INSERT INTO dbo.dnn_UserRoles(UserID, RoleID, IsTrialUsed, CreatedByUserID, CreatedOnDate, LastModifiedByUserID, LastModifiedOnDate, [Status], IsOwner)
   VALUES(@UserId, @MaleRole, 0, 1, '2019-06-07 05:28:54', 1, '2019-06-07 05:28:54', 1, 0)
   INSERT INTO dbo.dnn_Users(Username, FirstName, LastName, Email, DisplayName, UpdatePassword, LastIPAddress, IsDeleted, CreatedByUserID, CreatedOnDate, LastModifiedByUserID, LastModifiedOnDate, PasswordResetToken, PasswordResetExpiration)
   VALUES('l.lara@blkget.com', 'Lucas', 'Lara', 'l.lara@blkget.com', 'Lucas Lara', 0, '', 0, 1, '2019-06-07 05:28:54', 1, '2019-06-07 05:28:54', NULL, NULL)
   SELECT @UserID = SCOPE_IDENTITY()
   INSERT INTO dbo.aspnet_Users(ApplicationID, UserName, LoweredUserName, IsAnonymous, LastActivityDate)
   VALUES(@ApplicationId, 'l.lara@blkget.com', 'l.lara@blkget.com', 0, '2019-06-07 05:28:54')
   SELECT @AspNetUserID = UserId FROM aspnet_Users WHERE Username = 'l.lara@blkget.com'
   INSERT INTO dbo.aspnet_Membership(ApplicationID, UserID, Password, PasswordFormat, PasswordSalt, Email, LoweredEmail, IsApproved, IsLockedOut, CreateDate, LastLoginDate, LastPasswordChangedDate, LastLockoutDate, FailedPasswordAttemptCount, FailedPasswordAttemptWindowStart, FailedPasswordAnswerAttemptCount, FailedPasswordAnswerAttemptWindowStart)
   VALUES(@ApplicationID, @AspNetUserID, 'aMoPu/jMK8Yc4dxEEtAWm+RvKkFRjT38n/c1ORi3HgGWXJI15kNozQ==', 2, 'ub/Nej8BunZL3H6o+Z7+sg==', 'l.lara@blkget.com', 'l.lara@blkget.com', 1, 0, '2019-06-07 05:28:54', '2019-06-07 05:28:54', '2019-06-07 05:28:54', '1754-01-01 00:00:00.000', 0, '1754-01-01 00:00:00.000', 0, '1754-01-01 00:00:00.000')
   INSERT INTO dbo.dnn_UserPortals(UserID, PortalID, CreatedDate, Authorised, IsDeleted, RefreshRoles)
   VALUES(@UserID, @PortalID, '2019-06-07 05:28:54', 1, 0, 0)
   INSERT INTO dbo.dnn_UserRoles(UserID, RoleID, IsTrialUsed, CreatedByUserID, CreatedOnDate, LastModifiedByUserID, LastModifiedOnDate, [Status], IsOwner)
   VALUES(@UserId, @MaleRole, 0, 1, '2019-06-07 05:28:54', 1, '2019-06-07 05:28:54', 1, 0)
   INSERT INTO dbo.dnn_Users(Username, FirstName, LastName, Email, DisplayName, UpdatePassword, LastIPAddress, IsDeleted, CreatedByUserID, CreatedOnDate, LastModifiedByUserID, LastModifiedOnDate, PasswordResetToken, PasswordResetExpiration)
   VALUES('fletcherb@gsmarena.com', 'Benny', 'Fletcher', 'fletcherb@gsmarena.com', 'Benny Fletcher', 0, '', 0, 1, '2019-06-07 05:28:54', 1, '2019-06-07 05:28:54', NULL, NULL)
   SELECT @UserID = SCOPE_IDENTITY()
   INSERT INTO dbo.aspnet_Users(ApplicationID, UserName, LoweredUserName, IsAnonymous, LastActivityDate)
   VALUES(@ApplicationId, 'fletcherb@gsmarena.com', 'fletcherb@gsmarena.com', 0, '2019-06-07 05:28:54')
   SELECT @AspNetUserID = UserId FROM aspnet_Users WHERE Username = 'fletcherb@gsmarena.com'
   INSERT INTO dbo.aspnet_Membership(ApplicationID, UserID, Password, PasswordFormat, PasswordSalt, Email, LoweredEmail, IsApproved, IsLockedOut, CreateDate, LastLoginDate, LastPasswordChangedDate, LastLockoutDate, FailedPasswordAttemptCount, FailedPasswordAttemptWindowStart, FailedPasswordAnswerAttemptCount, FailedPasswordAnswerAttemptWindowStart)
   VALUES(@ApplicationID, @AspNetUserID, 'aMoPu/jMK8Yc4dxEEtAWm+RvKkFRjT38n/c1ORi3HgGWXJI15kNozQ==', 2, 'ub/Nej8BunZL3H6o+Z7+sg==', 'fletcherb@gsmarena.com', 'fletcherb@gsmarena.com', 1, 0, '2019-06-07 05:28:54', '2019-06-07 05:28:54', '2019-06-07 05:28:54', '1754-01-01 00:00:00.000', 0, '1754-01-01 00:00:00.000', 0, '1754-01-01 00:00:00.000')
   INSERT INTO dbo.dnn_UserPortals(UserID, PortalID, CreatedDate, Authorised, IsDeleted, RefreshRoles)
   VALUES(@UserID, @PortalID, '2019-06-07 05:28:54', 1, 0, 0)
   INSERT INTO dbo.dnn_UserRoles(UserID, RoleID, IsTrialUsed, CreatedByUserID, CreatedOnDate, LastModifiedByUserID, LastModifiedOnDate, [Status], IsOwner)
   VALUES(@UserId, @MaleRole, 0, 1, '2019-06-07 05:28:54', 1, '2019-06-07 05:28:54', 1, 0)
   INSERT INTO dbo.dnn_Users(Username, FirstName, LastName, Email, DisplayName, UpdatePassword, LastIPAddress, IsDeleted, CreatedByUserID, CreatedOnDate, LastModifiedByUserID, LastModifiedOnDate, PasswordResetToken, PasswordResetExpiration)
   VALUES('noel.page@evernote.com', 'Noel', 'Page', 'noel.page@evernote.com', 'Noel Page', 0, '', 0, 1, '2019-06-07 05:28:54', 1, '2019-06-07 05:28:54', NULL, NULL)
   SELECT @UserID = SCOPE_IDENTITY()
   INSERT INTO dbo.aspnet_Users(ApplicationID, UserName, LoweredUserName, IsAnonymous, LastActivityDate)
   VALUES(@ApplicationId, 'noel.page@evernote.com', 'noel.page@evernote.com', 0, '2019-06-07 05:28:54')
   SELECT @AspNetUserID = UserId FROM aspnet_Users WHERE Username = 'noel.page@evernote.com'
   INSERT INTO dbo.aspnet_Membership(ApplicationID, UserID, Password, PasswordFormat, PasswordSalt, Email, LoweredEmail, IsApproved, IsLockedOut, CreateDate, LastLoginDate, LastPasswordChangedDate, LastLockoutDate, FailedPasswordAttemptCount, FailedPasswordAttemptWindowStart, FailedPasswordAnswerAttemptCount, FailedPasswordAnswerAttemptWindowStart)
   VALUES(@ApplicationID, @AspNetUserID, 'aMoPu/jMK8Yc4dxEEtAWm+RvKkFRjT38n/c1ORi3HgGWXJI15kNozQ==', 2, 'ub/Nej8BunZL3H6o+Z7+sg==', 'noel.page@evernote.com', 'noel.page@evernote.com', 1, 0, '2019-06-07 05:28:54', '2019-06-07 05:28:54', '2019-06-07 05:28:54', '1754-01-01 00:00:00.000', 0, '1754-01-01 00:00:00.000', 0, '1754-01-01 00:00:00.000')
   INSERT INTO dbo.dnn_UserPortals(UserID, PortalID, CreatedDate, Authorised, IsDeleted, RefreshRoles)
   VALUES(@UserID, @PortalID, '2019-06-07 05:28:54', 1, 0, 0)
   INSERT INTO dbo.dnn_UserRoles(UserID, RoleID, IsTrialUsed, CreatedByUserID, CreatedOnDate, LastModifiedByUserID, LastModifiedOnDate, [Status], IsOwner)
   VALUES(@UserId, @MaleRole, 0, 1, '2019-06-07 05:28:54', 1, '2019-06-07 05:28:54', 1, 0)
   INSERT INTO dbo.dnn_Users(Username, FirstName, LastName, Email, DisplayName, UpdatePassword, LastIPAddress, IsDeleted, CreatedByUserID, CreatedOnDate, LastModifiedByUserID, LastModifiedOnDate, PasswordResetToken, PasswordResetExpiration)
   VALUES('s.mccarthy@verizonwireless.com', 'Spencer', 'Mccarthy', 's.mccarthy@verizonwireless.com', 'Spencer Mccarthy', 0, '', 0, 1, '2019-06-07 05:28:54', 1, '2019-06-07 05:28:54', NULL, NULL)
   SELECT @UserID = SCOPE_IDENTITY()
   INSERT INTO dbo.aspnet_Users(ApplicationID, UserName, LoweredUserName, IsAnonymous, LastActivityDate)
   VALUES(@ApplicationId, 's.mccarthy@verizonwireless.com', 's.mccarthy@verizonwireless.com', 0, '2019-06-07 05:28:54')
   SELECT @AspNetUserID = UserId FROM aspnet_Users WHERE Username = 's.mccarthy@verizonwireless.com'
   INSERT INTO dbo.aspnet_Membership(ApplicationID, UserID, Password, PasswordFormat, PasswordSalt, Email, LoweredEmail, IsApproved, IsLockedOut, CreateDate, LastLoginDate, LastPasswordChangedDate, LastLockoutDate, FailedPasswordAttemptCount, FailedPasswordAttemptWindowStart, FailedPasswordAnswerAttemptCount, FailedPasswordAnswerAttemptWindowStart)
   VALUES(@ApplicationID, @AspNetUserID, 'aMoPu/jMK8Yc4dxEEtAWm+RvKkFRjT38n/c1ORi3HgGWXJI15kNozQ==', 2, 'ub/Nej8BunZL3H6o+Z7+sg==', 's.mccarthy@verizonwireless.com', 's.mccarthy@verizonwireless.com', 1, 0, '2019-06-07 05:28:54', '2019-06-07 05:28:54', '2019-06-07 05:28:54', '1754-01-01 00:00:00.000', 0, '1754-01-01 00:00:00.000', 0, '1754-01-01 00:00:00.000')
   INSERT INTO dbo.dnn_UserPortals(UserID, PortalID, CreatedDate, Authorised, IsDeleted, RefreshRoles)
   VALUES(@UserID, @PortalID, '2019-06-07 05:28:54', 1, 0, 0)
   INSERT INTO dbo.dnn_UserRoles(UserID, RoleID, IsTrialUsed, CreatedByUserID, CreatedOnDate, LastModifiedByUserID, LastModifiedOnDate, [Status], IsOwner)
   VALUES(@UserId, @MaleRole, 0, 1, '2019-06-07 05:28:54', 1, '2019-06-07 05:28:54', 1, 0)
   INSERT INTO dbo.dnn_Users(Username, FirstName, LastName, Email, DisplayName, UpdatePassword, LastIPAddress, IsDeleted, CreatedByUserID, CreatedOnDate, LastModifiedByUserID, LastModifiedOnDate, PasswordResetToken, PasswordResetExpiration)
   VALUES('lover@secureserver.net', 'Rodolfo', 'Love', 'lover@secureserver.net', 'Rodolfo Love', 0, '', 0, 1, '2019-06-07 05:28:54', 1, '2019-06-07 05:28:54', NULL, NULL)
   SELECT @UserID = SCOPE_IDENTITY()
   INSERT INTO dbo.aspnet_Users(ApplicationID, UserName, LoweredUserName, IsAnonymous, LastActivityDate)
   VALUES(@ApplicationId, 'lover@secureserver.net', 'lover@secureserver.net', 0, '2019-06-07 05:28:54')
   SELECT @AspNetUserID = UserId FROM aspnet_Users WHERE Username = 'lover@secureserver.net'
   INSERT INTO dbo.aspnet_Membership(ApplicationID, UserID, Password, PasswordFormat, PasswordSalt, Email, LoweredEmail, IsApproved, IsLockedOut, CreateDate, LastLoginDate, LastPasswordChangedDate, LastLockoutDate, FailedPasswordAttemptCount, FailedPasswordAttemptWindowStart, FailedPasswordAnswerAttemptCount, FailedPasswordAnswerAttemptWindowStart)
   VALUES(@ApplicationID, @AspNetUserID, 'aMoPu/jMK8Yc4dxEEtAWm+RvKkFRjT38n/c1ORi3HgGWXJI15kNozQ==', 2, 'ub/Nej8BunZL3H6o+Z7+sg==', 'lover@secureserver.net', 'lover@secureserver.net', 1, 0, '2019-06-07 05:28:54', '2019-06-07 05:28:54', '2019-06-07 05:28:54', '1754-01-01 00:00:00.000', 0, '1754-01-01 00:00:00.000', 0, '1754-01-01 00:00:00.000')
   INSERT INTO dbo.dnn_UserPortals(UserID, PortalID, CreatedDate, Authorised, IsDeleted, RefreshRoles)
   VALUES(@UserID, @PortalID, '2019-06-07 05:28:54', 1, 0, 0)
   INSERT INTO dbo.dnn_UserRoles(UserID, RoleID, IsTrialUsed, CreatedByUserID, CreatedOnDate, LastModifiedByUserID, LastModifiedOnDate, [Status], IsOwner)
   VALUES(@UserId, @MaleRole, 0, 1, '2019-06-07 05:28:54', 1, '2019-06-07 05:28:54', 1, 0)
   INSERT INTO dbo.dnn_Users(Username, FirstName, LastName, Email, DisplayName, UpdatePassword, LastIPAddress, IsDeleted, CreatedByUserID, CreatedOnDate, LastModifiedByUserID, LastModifiedOnDate, PasswordResetToken, PasswordResetExpiration)
   VALUES('myron.robles@repubblica.it', 'Myron', 'Robles', 'myron.robles@repubblica.it', 'Myron Robles', 0, '', 0, 1, '2019-06-07 05:28:54', 1, '2019-06-07 05:28:54', NULL, NULL)
   SELECT @UserID = SCOPE_IDENTITY()
   INSERT INTO dbo.aspnet_Users(ApplicationID, UserName, LoweredUserName, IsAnonymous, LastActivityDate)
   VALUES(@ApplicationId, 'myron.robles@repubblica.it', 'myron.robles@repubblica.it', 0, '2019-06-07 05:28:54')
   SELECT @AspNetUserID = UserId FROM aspnet_Users WHERE Username = 'myron.robles@repubblica.it'
   INSERT INTO dbo.aspnet_Membership(ApplicationID, UserID, Password, PasswordFormat, PasswordSalt, Email, LoweredEmail, IsApproved, IsLockedOut, CreateDate, LastLoginDate, LastPasswordChangedDate, LastLockoutDate, FailedPasswordAttemptCount, FailedPasswordAttemptWindowStart, FailedPasswordAnswerAttemptCount, FailedPasswordAnswerAttemptWindowStart)
   VALUES(@ApplicationID, @AspNetUserID, 'aMoPu/jMK8Yc4dxEEtAWm+RvKkFRjT38n/c1ORi3HgGWXJI15kNozQ==', 2, 'ub/Nej8BunZL3H6o+Z7+sg==', 'myron.robles@repubblica.it', 'myron.robles@repubblica.it', 1, 0, '2019-06-07 05:28:54', '2019-06-07 05:28:54', '2019-06-07 05:28:54', '1754-01-01 00:00:00.000', 0, '1754-01-01 00:00:00.000', 0, '1754-01-01 00:00:00.000')
   INSERT INTO dbo.dnn_UserPortals(UserID, PortalID, CreatedDate, Authorised, IsDeleted, RefreshRoles)
   VALUES(@UserID, @PortalID, '2019-06-07 05:28:54', 1, 0, 0)
   INSERT INTO dbo.dnn_UserRoles(UserID, RoleID, IsTrialUsed, CreatedByUserID, CreatedOnDate, LastModifiedByUserID, LastModifiedOnDate, [Status], IsOwner)
   VALUES(@UserId, @MaleRole, 0, 1, '2019-06-07 05:28:54', 1, '2019-06-07 05:28:54', 1, 0)
   INSERT INTO dbo.dnn_Users(Username, FirstName, LastName, Email, DisplayName, UpdatePassword, LastIPAddress, IsDeleted, CreatedByUserID, CreatedOnDate, LastModifiedByUserID, LastModifiedOnDate, PasswordResetToken, PasswordResetExpiration)
   VALUES('e.cervantes@milliyet.com.tr', 'Edmund', 'Cervantes', 'e.cervantes@milliyet.com.tr', 'Edmund Cervantes', 0, '', 0, 1, '2019-06-07 05:28:54', 1, '2019-06-07 05:28:54', NULL, NULL)
   SELECT @UserID = SCOPE_IDENTITY()
   INSERT INTO dbo.aspnet_Users(ApplicationID, UserName, LoweredUserName, IsAnonymous, LastActivityDate)
   VALUES(@ApplicationId, 'e.cervantes@milliyet.com.tr', 'e.cervantes@milliyet.com.tr', 0, '2019-06-07 05:28:54')
   SELECT @AspNetUserID = UserId FROM aspnet_Users WHERE Username = 'e.cervantes@milliyet.com.tr'
   INSERT INTO dbo.aspnet_Membership(ApplicationID, UserID, Password, PasswordFormat, PasswordSalt, Email, LoweredEmail, IsApproved, IsLockedOut, CreateDate, LastLoginDate, LastPasswordChangedDate, LastLockoutDate, FailedPasswordAttemptCount, FailedPasswordAttemptWindowStart, FailedPasswordAnswerAttemptCount, FailedPasswordAnswerAttemptWindowStart)
   VALUES(@ApplicationID, @AspNetUserID, 'aMoPu/jMK8Yc4dxEEtAWm+RvKkFRjT38n/c1ORi3HgGWXJI15kNozQ==', 2, 'ub/Nej8BunZL3H6o+Z7+sg==', 'e.cervantes@milliyet.com.tr', 'e.cervantes@milliyet.com.tr', 1, 0, '2019-06-07 05:28:54', '2019-06-07 05:28:54', '2019-06-07 05:28:54', '1754-01-01 00:00:00.000', 0, '1754-01-01 00:00:00.000', 0, '1754-01-01 00:00:00.000')
   INSERT INTO dbo.dnn_UserPortals(UserID, PortalID, CreatedDate, Authorised, IsDeleted, RefreshRoles)
   VALUES(@UserID, @PortalID, '2019-06-07 05:28:54', 1, 0, 0)
   INSERT INTO dbo.dnn_UserRoles(UserID, RoleID, IsTrialUsed, CreatedByUserID, CreatedOnDate, LastModifiedByUserID, LastModifiedOnDate, [Status], IsOwner)
   VALUES(@UserId, @MaleRole, 0, 1, '2019-06-07 05:28:54', 1, '2019-06-07 05:28:54', 1, 0)
   INSERT INTO dbo.dnn_Users(Username, FirstName, LastName, Email, DisplayName, UpdatePassword, LastIPAddress, IsDeleted, CreatedByUserID, CreatedOnDate, LastModifiedByUserID, LastModifiedOnDate, PasswordResetToken, PasswordResetExpiration)
   VALUES('solisg@isanalyze.com', 'Garrett', 'Solis', 'solisg@isanalyze.com', 'Garrett Solis', 0, '', 0, 1, '2019-06-07 05:28:54', 1, '2019-06-07 05:28:54', NULL, NULL)
   SELECT @UserID = SCOPE_IDENTITY()
   INSERT INTO dbo.aspnet_Users(ApplicationID, UserName, LoweredUserName, IsAnonymous, LastActivityDate)
   VALUES(@ApplicationId, 'solisg@isanalyze.com', 'solisg@isanalyze.com', 0, '2019-06-07 05:28:54')
   SELECT @AspNetUserID = UserId FROM aspnet_Users WHERE Username = 'solisg@isanalyze.com'
   INSERT INTO dbo.aspnet_Membership(ApplicationID, UserID, Password, PasswordFormat, PasswordSalt, Email, LoweredEmail, IsApproved, IsLockedOut, CreateDate, LastLoginDate, LastPasswordChangedDate, LastLockoutDate, FailedPasswordAttemptCount, FailedPasswordAttemptWindowStart, FailedPasswordAnswerAttemptCount, FailedPasswordAnswerAttemptWindowStart)
   VALUES(@ApplicationID, @AspNetUserID, 'aMoPu/jMK8Yc4dxEEtAWm+RvKkFRjT38n/c1ORi3HgGWXJI15kNozQ==', 2, 'ub/Nej8BunZL3H6o+Z7+sg==', 'solisg@isanalyze.com', 'solisg@isanalyze.com', 1, 0, '2019-06-07 05:28:54', '2019-06-07 05:28:54', '2019-06-07 05:28:54', '1754-01-01 00:00:00.000', 0, '1754-01-01 00:00:00.000', 0, '1754-01-01 00:00:00.000')
   INSERT INTO dbo.dnn_UserPortals(UserID, PortalID, CreatedDate, Authorised, IsDeleted, RefreshRoles)
   VALUES(@UserID, @PortalID, '2019-06-07 05:28:54', 1, 0, 0)
   INSERT INTO dbo.dnn_UserRoles(UserID, RoleID, IsTrialUsed, CreatedByUserID, CreatedOnDate, LastModifiedByUserID, LastModifiedOnDate, [Status], IsOwner)
   VALUES(@UserId, @MaleRole, 0, 1, '2019-06-07 05:28:54', 1, '2019-06-07 05:28:54', 1, 0)
   INSERT INTO dbo.dnn_UserRoles(UserID, RoleID, IsTrialUsed, CreatedByUserID, CreatedOnDate, LastModifiedByUserID, LastModifiedOnDate, [Status], IsOwner)
   VALUES(@UserId, @ManagerRole, 0, 1, '2019-06-07 05:28:54', 1, '2019-06-07 05:28:54', 1, 0)
   INSERT INTO dbo.dnn_UserRoles(UserID, RoleID, IsTrialUsed, CreatedByUserID, CreatedOnDate, LastModifiedByUserID, LastModifiedOnDate, [Status], IsOwner)
   VALUES(@UserId, @AcademicRole, 0, 1, '2019-06-07 05:28:54', 1, '2019-06-07 05:28:54', 1, 0)
   INSERT INTO dbo.dnn_Users(Username, FirstName, LastName, Email, DisplayName, UpdatePassword, LastIPAddress, IsDeleted, CreatedByUserID, CreatedOnDate, LastModifiedByUserID, LastModifiedOnDate, PasswordResetToken, PasswordResetExpiration)
   VALUES('salvatore.erickson@sharepoint.com', 'Salvatore', 'Erickson', 'salvatore.erickson@sharepoint.com', 'Salvatore Erickson', 0, '', 0, 1, '2019-06-07 05:28:54', 1, '2019-06-07 05:28:54', NULL, NULL)
   SELECT @UserID = SCOPE_IDENTITY()
   INSERT INTO dbo.aspnet_Users(ApplicationID, UserName, LoweredUserName, IsAnonymous, LastActivityDate)
   VALUES(@ApplicationId, 'salvatore.erickson@sharepoint.com', 'salvatore.erickson@sharepoint.com', 0, '2019-06-07 05:28:54')
   SELECT @AspNetUserID = UserId FROM aspnet_Users WHERE Username = 'salvatore.erickson@sharepoint.com'
   INSERT INTO dbo.aspnet_Membership(ApplicationID, UserID, Password, PasswordFormat, PasswordSalt, Email, LoweredEmail, IsApproved, IsLockedOut, CreateDate, LastLoginDate, LastPasswordChangedDate, LastLockoutDate, FailedPasswordAttemptCount, FailedPasswordAttemptWindowStart, FailedPasswordAnswerAttemptCount, FailedPasswordAnswerAttemptWindowStart)
   VALUES(@ApplicationID, @AspNetUserID, 'aMoPu/jMK8Yc4dxEEtAWm+RvKkFRjT38n/c1ORi3HgGWXJI15kNozQ==', 2, 'ub/Nej8BunZL3H6o+Z7+sg==', 'salvatore.erickson@sharepoint.com', 'salvatore.erickson@sharepoint.com', 1, 0, '2019-06-07 05:28:54', '2019-06-07 05:28:54', '2019-06-07 05:28:54', '1754-01-01 00:00:00.000', 0, '1754-01-01 00:00:00.000', 0, '1754-01-01 00:00:00.000')
   INSERT INTO dbo.dnn_UserPortals(UserID, PortalID, CreatedDate, Authorised, IsDeleted, RefreshRoles)
   VALUES(@UserID, @PortalID, '2019-06-07 05:28:54', 1, 0, 0)
   INSERT INTO dbo.dnn_UserRoles(UserID, RoleID, IsTrialUsed, CreatedByUserID, CreatedOnDate, LastModifiedByUserID, LastModifiedOnDate, [Status], IsOwner)
   VALUES(@UserId, @MaleRole, 0, 1, '2019-06-07 05:28:54', 1, '2019-06-07 05:28:54', 1, 0)
   INSERT INTO dbo.dnn_Users(Username, FirstName, LastName, Email, DisplayName, UpdatePassword, LastIPAddress, IsDeleted, CreatedByUserID, CreatedOnDate, LastModifiedByUserID, LastModifiedOnDate, PasswordResetToken, PasswordResetExpiration)
   VALUES('c.reeves@eastday.com', 'Cedric', 'Reeves', 'c.reeves@eastday.com', 'Cedric Reeves', 0, '', 0, 1, '2019-06-07 05:28:54', 1, '2019-06-07 05:28:54', NULL, NULL)
   SELECT @UserID = SCOPE_IDENTITY()
   INSERT INTO dbo.aspnet_Users(ApplicationID, UserName, LoweredUserName, IsAnonymous, LastActivityDate)
   VALUES(@ApplicationId, 'c.reeves@eastday.com', 'c.reeves@eastday.com', 0, '2019-06-07 05:28:54')
   SELECT @AspNetUserID = UserId FROM aspnet_Users WHERE Username = 'c.reeves@eastday.com'
   INSERT INTO dbo.aspnet_Membership(ApplicationID, UserID, Password, PasswordFormat, PasswordSalt, Email, LoweredEmail, IsApproved, IsLockedOut, CreateDate, LastLoginDate, LastPasswordChangedDate, LastLockoutDate, FailedPasswordAttemptCount, FailedPasswordAttemptWindowStart, FailedPasswordAnswerAttemptCount, FailedPasswordAnswerAttemptWindowStart)
   VALUES(@ApplicationID, @AspNetUserID, 'aMoPu/jMK8Yc4dxEEtAWm+RvKkFRjT38n/c1ORi3HgGWXJI15kNozQ==', 2, 'ub/Nej8BunZL3H6o+Z7+sg==', 'c.reeves@eastday.com', 'c.reeves@eastday.com', 1, 0, '2019-06-07 05:28:54', '2019-06-07 05:28:54', '2019-06-07 05:28:54', '1754-01-01 00:00:00.000', 0, '1754-01-01 00:00:00.000', 0, '1754-01-01 00:00:00.000')
   INSERT INTO dbo.dnn_UserPortals(UserID, PortalID, CreatedDate, Authorised, IsDeleted, RefreshRoles)
   VALUES(@UserID, @PortalID, '2019-06-07 05:28:54', 1, 0, 0)
   INSERT INTO dbo.dnn_UserRoles(UserID, RoleID, IsTrialUsed, CreatedByUserID, CreatedOnDate, LastModifiedByUserID, LastModifiedOnDate, [Status], IsOwner)
   VALUES(@UserId, @MaleRole, 0, 1, '2019-06-07 05:28:54', 1, '2019-06-07 05:28:54', 1, 0)
   INSERT INTO dbo.dnn_Users(Username, FirstName, LastName, Email, DisplayName, UpdatePassword, LastIPAddress, IsDeleted, CreatedByUserID, CreatedOnDate, LastModifiedByUserID, LastModifiedOnDate, PasswordResetToken, PasswordResetExpiration)
   VALUES('changl@mailchimp.com', 'Lowell', 'Chang', 'changl@mailchimp.com', 'Lowell Chang', 0, '', 0, 1, '2019-06-07 05:28:54', 1, '2019-06-07 05:28:54', NULL, NULL)
   SELECT @UserID = SCOPE_IDENTITY()
   INSERT INTO dbo.aspnet_Users(ApplicationID, UserName, LoweredUserName, IsAnonymous, LastActivityDate)
   VALUES(@ApplicationId, 'changl@mailchimp.com', 'changl@mailchimp.com', 0, '2019-06-07 05:28:54')
   SELECT @AspNetUserID = UserId FROM aspnet_Users WHERE Username = 'changl@mailchimp.com'
   INSERT INTO dbo.aspnet_Membership(ApplicationID, UserID, Password, PasswordFormat, PasswordSalt, Email, LoweredEmail, IsApproved, IsLockedOut, CreateDate, LastLoginDate, LastPasswordChangedDate, LastLockoutDate, FailedPasswordAttemptCount, FailedPasswordAttemptWindowStart, FailedPasswordAnswerAttemptCount, FailedPasswordAnswerAttemptWindowStart)
   VALUES(@ApplicationID, @AspNetUserID, 'aMoPu/jMK8Yc4dxEEtAWm+RvKkFRjT38n/c1ORi3HgGWXJI15kNozQ==', 2, 'ub/Nej8BunZL3H6o+Z7+sg==', 'changl@mailchimp.com', 'changl@mailchimp.com', 1, 0, '2019-06-07 05:28:54', '2019-06-07 05:28:54', '2019-06-07 05:28:54', '1754-01-01 00:00:00.000', 0, '1754-01-01 00:00:00.000', 0, '1754-01-01 00:00:00.000')
   INSERT INTO dbo.dnn_UserPortals(UserID, PortalID, CreatedDate, Authorised, IsDeleted, RefreshRoles)
   VALUES(@UserID, @PortalID, '2019-06-07 05:28:54', 1, 0, 0)
   INSERT INTO dbo.dnn_UserRoles(UserID, RoleID, IsTrialUsed, CreatedByUserID, CreatedOnDate, LastModifiedByUserID, LastModifiedOnDate, [Status], IsOwner)
   VALUES(@UserId, @MaleRole, 0, 1, '2019-06-07 05:28:54', 1, '2019-06-07 05:28:54', 1, 0)
   INSERT INTO dbo.dnn_Users(Username, FirstName, LastName, Email, DisplayName, UpdatePassword, LastIPAddress, IsDeleted, CreatedByUserID, CreatedOnDate, LastModifiedByUserID, LastModifiedOnDate, PasswordResetToken, PasswordResetExpiration)
   VALUES('gregg.klein@nyaa.se', 'Gregg', 'Klein', 'gregg.klein@nyaa.se', 'Gregg Klein', 0, '', 0, 1, '2019-06-07 05:28:54', 1, '2019-06-07 05:28:54', NULL, NULL)
   SELECT @UserID = SCOPE_IDENTITY()
   INSERT INTO dbo.aspnet_Users(ApplicationID, UserName, LoweredUserName, IsAnonymous, LastActivityDate)
   VALUES(@ApplicationId, 'gregg.klein@nyaa.se', 'gregg.klein@nyaa.se', 0, '2019-06-07 05:28:54')
   SELECT @AspNetUserID = UserId FROM aspnet_Users WHERE Username = 'gregg.klein@nyaa.se'
   INSERT INTO dbo.aspnet_Membership(ApplicationID, UserID, Password, PasswordFormat, PasswordSalt, Email, LoweredEmail, IsApproved, IsLockedOut, CreateDate, LastLoginDate, LastPasswordChangedDate, LastLockoutDate, FailedPasswordAttemptCount, FailedPasswordAttemptWindowStart, FailedPasswordAnswerAttemptCount, FailedPasswordAnswerAttemptWindowStart)
   VALUES(@ApplicationID, @AspNetUserID, 'aMoPu/jMK8Yc4dxEEtAWm+RvKkFRjT38n/c1ORi3HgGWXJI15kNozQ==', 2, 'ub/Nej8BunZL3H6o+Z7+sg==', 'gregg.klein@nyaa.se', 'gregg.klein@nyaa.se', 1, 0, '2019-06-07 05:28:54', '2019-06-07 05:28:54', '2019-06-07 05:28:54', '1754-01-01 00:00:00.000', 0, '1754-01-01 00:00:00.000', 0, '1754-01-01 00:00:00.000')
   INSERT INTO dbo.dnn_UserPortals(UserID, PortalID, CreatedDate, Authorised, IsDeleted, RefreshRoles)
   VALUES(@UserID, @PortalID, '2019-06-07 05:28:54', 1, 0, 0)
   INSERT INTO dbo.dnn_UserRoles(UserID, RoleID, IsTrialUsed, CreatedByUserID, CreatedOnDate, LastModifiedByUserID, LastModifiedOnDate, [Status], IsOwner)
   VALUES(@UserId, @MaleRole, 0, 1, '2019-06-07 05:28:54', 1, '2019-06-07 05:28:54', 1, 0)
   INSERT INTO dbo.dnn_Users(Username, FirstName, LastName, Email, DisplayName, UpdatePassword, LastIPAddress, IsDeleted, CreatedByUserID, CreatedOnDate, LastModifiedByUserID, LastModifiedOnDate, PasswordResetToken, PasswordResetExpiration)
   VALUES('s.salinas@enet.com.cn', 'Sherman', 'Salinas', 's.salinas@enet.com.cn', 'Sherman Salinas', 0, '', 0, 1, '2019-06-07 05:28:54', 1, '2019-06-07 05:28:54', NULL, NULL)
   SELECT @UserID = SCOPE_IDENTITY()
   INSERT INTO dbo.aspnet_Users(ApplicationID, UserName, LoweredUserName, IsAnonymous, LastActivityDate)
   VALUES(@ApplicationId, 's.salinas@enet.com.cn', 's.salinas@enet.com.cn', 0, '2019-06-07 05:28:54')
   SELECT @AspNetUserID = UserId FROM aspnet_Users WHERE Username = 's.salinas@enet.com.cn'
   INSERT INTO dbo.aspnet_Membership(ApplicationID, UserID, Password, PasswordFormat, PasswordSalt, Email, LoweredEmail, IsApproved, IsLockedOut, CreateDate, LastLoginDate, LastPasswordChangedDate, LastLockoutDate, FailedPasswordAttemptCount, FailedPasswordAttemptWindowStart, FailedPasswordAnswerAttemptCount, FailedPasswordAnswerAttemptWindowStart)
   VALUES(@ApplicationID, @AspNetUserID, 'aMoPu/jMK8Yc4dxEEtAWm+RvKkFRjT38n/c1ORi3HgGWXJI15kNozQ==', 2, 'ub/Nej8BunZL3H6o+Z7+sg==', 's.salinas@enet.com.cn', 's.salinas@enet.com.cn', 1, 0, '2019-06-07 05:28:54', '2019-06-07 05:28:54', '2019-06-07 05:28:54', '1754-01-01 00:00:00.000', 0, '1754-01-01 00:00:00.000', 0, '1754-01-01 00:00:00.000')
   INSERT INTO dbo.dnn_UserPortals(UserID, PortalID, CreatedDate, Authorised, IsDeleted, RefreshRoles)
   VALUES(@UserID, @PortalID, '2019-06-07 05:28:54', 1, 0, 0)
   INSERT INTO dbo.dnn_UserRoles(UserID, RoleID, IsTrialUsed, CreatedByUserID, CreatedOnDate, LastModifiedByUserID, LastModifiedOnDate, [Status], IsOwner)
   VALUES(@UserId, @MaleRole, 0, 1, '2019-06-07 05:28:54', 1, '2019-06-07 05:28:54', 1, 0)
   INSERT INTO dbo.dnn_Users(Username, FirstName, LastName, Email, DisplayName, UpdatePassword, LastIPAddress, IsDeleted, CreatedByUserID, CreatedOnDate, LastModifiedByUserID, LastModifiedOnDate, PasswordResetToken, PasswordResetExpiration)
   VALUES('fuentesw@medium.com', 'Wilson', 'Fuentes', 'fuentesw@medium.com', 'Wilson Fuentes', 0, '', 0, 1, '2019-06-07 05:28:54', 1, '2019-06-07 05:28:54', NULL, NULL)
   SELECT @UserID = SCOPE_IDENTITY()
   INSERT INTO dbo.aspnet_Users(ApplicationID, UserName, LoweredUserName, IsAnonymous, LastActivityDate)
   VALUES(@ApplicationId, 'fuentesw@medium.com', 'fuentesw@medium.com', 0, '2019-06-07 05:28:54')
   SELECT @AspNetUserID = UserId FROM aspnet_Users WHERE Username = 'fuentesw@medium.com'
   INSERT INTO dbo.aspnet_Membership(ApplicationID, UserID, Password, PasswordFormat, PasswordSalt, Email, LoweredEmail, IsApproved, IsLockedOut, CreateDate, LastLoginDate, LastPasswordChangedDate, LastLockoutDate, FailedPasswordAttemptCount, FailedPasswordAttemptWindowStart, FailedPasswordAnswerAttemptCount, FailedPasswordAnswerAttemptWindowStart)
   VALUES(@ApplicationID, @AspNetUserID, 'aMoPu/jMK8Yc4dxEEtAWm+RvKkFRjT38n/c1ORi3HgGWXJI15kNozQ==', 2, 'ub/Nej8BunZL3H6o+Z7+sg==', 'fuentesw@medium.com', 'fuentesw@medium.com', 1, 0, '2019-06-07 05:28:54', '2019-06-07 05:28:54', '2019-06-07 05:28:54', '1754-01-01 00:00:00.000', 0, '1754-01-01 00:00:00.000', 0, '1754-01-01 00:00:00.000')
   INSERT INTO dbo.dnn_UserPortals(UserID, PortalID, CreatedDate, Authorised, IsDeleted, RefreshRoles)
   VALUES(@UserID, @PortalID, '2019-06-07 05:28:54', 1, 0, 0)
   INSERT INTO dbo.dnn_UserRoles(UserID, RoleID, IsTrialUsed, CreatedByUserID, CreatedOnDate, LastModifiedByUserID, LastModifiedOnDate, [Status], IsOwner)
   VALUES(@UserId, @MaleRole, 0, 1, '2019-06-07 05:28:54', 1, '2019-06-07 05:28:54', 1, 0)
   INSERT INTO dbo.dnn_Users(Username, FirstName, LastName, Email, DisplayName, UpdatePassword, LastIPAddress, IsDeleted, CreatedByUserID, CreatedOnDate, LastModifiedByUserID, LastModifiedOnDate, PasswordResetToken, PasswordResetExpiration)
   VALUES('devin.baldwin@google.az', 'Devin', 'Baldwin', 'devin.baldwin@google.az', 'Devin Baldwin', 0, '', 0, 1, '2019-06-07 05:28:54', 1, '2019-06-07 05:28:54', NULL, NULL)
   SELECT @UserID = SCOPE_IDENTITY()
   INSERT INTO dbo.aspnet_Users(ApplicationID, UserName, LoweredUserName, IsAnonymous, LastActivityDate)
   VALUES(@ApplicationId, 'devin.baldwin@google.az', 'devin.baldwin@google.az', 0, '2019-06-07 05:28:54')
   SELECT @AspNetUserID = UserId FROM aspnet_Users WHERE Username = 'devin.baldwin@google.az'
   INSERT INTO dbo.aspnet_Membership(ApplicationID, UserID, Password, PasswordFormat, PasswordSalt, Email, LoweredEmail, IsApproved, IsLockedOut, CreateDate, LastLoginDate, LastPasswordChangedDate, LastLockoutDate, FailedPasswordAttemptCount, FailedPasswordAttemptWindowStart, FailedPasswordAnswerAttemptCount, FailedPasswordAnswerAttemptWindowStart)
   VALUES(@ApplicationID, @AspNetUserID, 'aMoPu/jMK8Yc4dxEEtAWm+RvKkFRjT38n/c1ORi3HgGWXJI15kNozQ==', 2, 'ub/Nej8BunZL3H6o+Z7+sg==', 'devin.baldwin@google.az', 'devin.baldwin@google.az', 1, 0, '2019-06-07 05:28:54', '2019-06-07 05:28:54', '2019-06-07 05:28:54', '1754-01-01 00:00:00.000', 0, '1754-01-01 00:00:00.000', 0, '1754-01-01 00:00:00.000')
   INSERT INTO dbo.dnn_UserPortals(UserID, PortalID, CreatedDate, Authorised, IsDeleted, RefreshRoles)
   VALUES(@UserID, @PortalID, '2019-06-07 05:28:54', 1, 0, 0)
   INSERT INTO dbo.dnn_UserRoles(UserID, RoleID, IsTrialUsed, CreatedByUserID, CreatedOnDate, LastModifiedByUserID, LastModifiedOnDate, [Status], IsOwner)
   VALUES(@UserId, @MaleRole, 0, 1, '2019-06-07 05:28:54', 1, '2019-06-07 05:28:54', 1, 0)
   INSERT INTO dbo.dnn_Users(Username, FirstName, LastName, Email, DisplayName, UpdatePassword, LastIPAddress, IsDeleted, CreatedByUserID, CreatedOnDate, LastModifiedByUserID, LastModifiedOnDate, PasswordResetToken, PasswordResetExpiration)
   VALUES('s.daniel@akamaihd.net', 'Sylvester', 'Daniel', 's.daniel@akamaihd.net', 'Sylvester Daniel', 0, '', 0, 1, '2019-06-07 05:28:54', 1, '2019-06-07 05:28:54', NULL, NULL)
   SELECT @UserID = SCOPE_IDENTITY()
   INSERT INTO dbo.aspnet_Users(ApplicationID, UserName, LoweredUserName, IsAnonymous, LastActivityDate)
   VALUES(@ApplicationId, 's.daniel@akamaihd.net', 's.daniel@akamaihd.net', 0, '2019-06-07 05:28:54')
   SELECT @AspNetUserID = UserId FROM aspnet_Users WHERE Username = 's.daniel@akamaihd.net'
   INSERT INTO dbo.aspnet_Membership(ApplicationID, UserID, Password, PasswordFormat, PasswordSalt, Email, LoweredEmail, IsApproved, IsLockedOut, CreateDate, LastLoginDate, LastPasswordChangedDate, LastLockoutDate, FailedPasswordAttemptCount, FailedPasswordAttemptWindowStart, FailedPasswordAnswerAttemptCount, FailedPasswordAnswerAttemptWindowStart)
   VALUES(@ApplicationID, @AspNetUserID, 'aMoPu/jMK8Yc4dxEEtAWm+RvKkFRjT38n/c1ORi3HgGWXJI15kNozQ==', 2, 'ub/Nej8BunZL3H6o+Z7+sg==', 's.daniel@akamaihd.net', 's.daniel@akamaihd.net', 1, 0, '2019-06-07 05:28:54', '2019-06-07 05:28:54', '2019-06-07 05:28:54', '1754-01-01 00:00:00.000', 0, '1754-01-01 00:00:00.000', 0, '1754-01-01 00:00:00.000')
   INSERT INTO dbo.dnn_UserPortals(UserID, PortalID, CreatedDate, Authorised, IsDeleted, RefreshRoles)
   VALUES(@UserID, @PortalID, '2019-06-07 05:28:54', 1, 0, 0)
   INSERT INTO dbo.dnn_UserRoles(UserID, RoleID, IsTrialUsed, CreatedByUserID, CreatedOnDate, LastModifiedByUserID, LastModifiedOnDate, [Status], IsOwner)
   VALUES(@UserId, @MaleRole, 0, 1, '2019-06-07 05:28:54', 1, '2019-06-07 05:28:54', 1, 0)
   INSERT INTO dbo.dnn_Users(Username, FirstName, LastName, Email, DisplayName, UpdatePassword, LastIPAddress, IsDeleted, CreatedByUserID, CreatedOnDate, LastModifiedByUserID, LastModifiedOnDate, PasswordResetToken, PasswordResetExpiration)
   VALUES('simonk@dmm.com', 'Kim', 'Simon', 'simonk@dmm.com', 'Kim Simon', 0, '', 0, 1, '2019-06-07 05:28:54', 1, '2019-06-07 05:28:54', NULL, NULL)
   SELECT @UserID = SCOPE_IDENTITY()
   INSERT INTO dbo.aspnet_Users(ApplicationID, UserName, LoweredUserName, IsAnonymous, LastActivityDate)
   VALUES(@ApplicationId, 'simonk@dmm.com', 'simonk@dmm.com', 0, '2019-06-07 05:28:54')
   SELECT @AspNetUserID = UserId FROM aspnet_Users WHERE Username = 'simonk@dmm.com'
   INSERT INTO dbo.aspnet_Membership(ApplicationID, UserID, Password, PasswordFormat, PasswordSalt, Email, LoweredEmail, IsApproved, IsLockedOut, CreateDate, LastLoginDate, LastPasswordChangedDate, LastLockoutDate, FailedPasswordAttemptCount, FailedPasswordAttemptWindowStart, FailedPasswordAnswerAttemptCount, FailedPasswordAnswerAttemptWindowStart)
   VALUES(@ApplicationID, @AspNetUserID, 'aMoPu/jMK8Yc4dxEEtAWm+RvKkFRjT38n/c1ORi3HgGWXJI15kNozQ==', 2, 'ub/Nej8BunZL3H6o+Z7+sg==', 'simonk@dmm.com', 'simonk@dmm.com', 1, 0, '2019-06-07 05:28:54', '2019-06-07 05:28:54', '2019-06-07 05:28:54', '1754-01-01 00:00:00.000', 0, '1754-01-01 00:00:00.000', 0, '1754-01-01 00:00:00.000')
   INSERT INTO dbo.dnn_UserPortals(UserID, PortalID, CreatedDate, Authorised, IsDeleted, RefreshRoles)
   VALUES(@UserID, @PortalID, '2019-06-07 05:28:54', 1, 0, 0)
   INSERT INTO dbo.dnn_UserRoles(UserID, RoleID, IsTrialUsed, CreatedByUserID, CreatedOnDate, LastModifiedByUserID, LastModifiedOnDate, [Status], IsOwner)
   VALUES(@UserId, @MaleRole, 0, 1, '2019-06-07 05:28:54', 1, '2019-06-07 05:28:54', 1, 0)
   INSERT INTO dbo.dnn_Users(Username, FirstName, LastName, Email, DisplayName, UpdatePassword, LastIPAddress, IsDeleted, CreatedByUserID, CreatedOnDate, LastModifiedByUserID, LastModifiedOnDate, PasswordResetToken, PasswordResetExpiration)
   VALUES('roosevelt.velasquez@billdesk.com', 'Roosevelt', 'Velasquez', 'roosevelt.velasquez@billdesk.com', 'Roosevelt Velasquez', 0, '', 0, 1, '2019-06-07 05:28:54', 1, '2019-06-07 05:28:54', NULL, NULL)
   SELECT @UserID = SCOPE_IDENTITY()
   INSERT INTO dbo.aspnet_Users(ApplicationID, UserName, LoweredUserName, IsAnonymous, LastActivityDate)
   VALUES(@ApplicationId, 'roosevelt.velasquez@billdesk.com', 'roosevelt.velasquez@billdesk.com', 0, '2019-06-07 05:28:54')
   SELECT @AspNetUserID = UserId FROM aspnet_Users WHERE Username = 'roosevelt.velasquez@billdesk.com'
   INSERT INTO dbo.aspnet_Membership(ApplicationID, UserID, Password, PasswordFormat, PasswordSalt, Email, LoweredEmail, IsApproved, IsLockedOut, CreateDate, LastLoginDate, LastPasswordChangedDate, LastLockoutDate, FailedPasswordAttemptCount, FailedPasswordAttemptWindowStart, FailedPasswordAnswerAttemptCount, FailedPasswordAnswerAttemptWindowStart)
   VALUES(@ApplicationID, @AspNetUserID, 'aMoPu/jMK8Yc4dxEEtAWm+RvKkFRjT38n/c1ORi3HgGWXJI15kNozQ==', 2, 'ub/Nej8BunZL3H6o+Z7+sg==', 'roosevelt.velasquez@billdesk.com', 'roosevelt.velasquez@billdesk.com', 1, 0, '2019-06-07 05:28:54', '2019-06-07 05:28:54', '2019-06-07 05:28:54', '1754-01-01 00:00:00.000', 0, '1754-01-01 00:00:00.000', 0, '1754-01-01 00:00:00.000')
   INSERT INTO dbo.dnn_UserPortals(UserID, PortalID, CreatedDate, Authorised, IsDeleted, RefreshRoles)
   VALUES(@UserID, @PortalID, '2019-06-07 05:28:54', 1, 0, 0)
   INSERT INTO dbo.dnn_UserRoles(UserID, RoleID, IsTrialUsed, CreatedByUserID, CreatedOnDate, LastModifiedByUserID, LastModifiedOnDate, [Status], IsOwner)
   VALUES(@UserId, @MaleRole, 0, 1, '2019-06-07 05:28:54', 1, '2019-06-07 05:28:54', 1, 0)
   INSERT INTO dbo.dnn_UserRoles(UserID, RoleID, IsTrialUsed, CreatedByUserID, CreatedOnDate, LastModifiedByUserID, LastModifiedOnDate, [Status], IsOwner)
   VALUES(@UserId, @ManagerRole, 0, 1, '2019-06-07 05:28:54', 1, '2019-06-07 05:28:54', 1, 0)
   INSERT INTO dbo.dnn_Users(Username, FirstName, LastName, Email, DisplayName, UpdatePassword, LastIPAddress, IsDeleted, CreatedByUserID, CreatedOnDate, LastModifiedByUserID, LastModifiedOnDate, PasswordResetToken, PasswordResetExpiration)
   VALUES('i.hardy@wsj.com', 'Israel', 'Hardy', 'i.hardy@wsj.com', 'Israel Hardy', 0, '', 0, 1, '2019-06-07 05:28:54', 1, '2019-06-07 05:28:54', NULL, NULL)
   SELECT @UserID = SCOPE_IDENTITY()
   INSERT INTO dbo.aspnet_Users(ApplicationID, UserName, LoweredUserName, IsAnonymous, LastActivityDate)
   VALUES(@ApplicationId, 'i.hardy@wsj.com', 'i.hardy@wsj.com', 0, '2019-06-07 05:28:54')
   SELECT @AspNetUserID = UserId FROM aspnet_Users WHERE Username = 'i.hardy@wsj.com'
   INSERT INTO dbo.aspnet_Membership(ApplicationID, UserID, Password, PasswordFormat, PasswordSalt, Email, LoweredEmail, IsApproved, IsLockedOut, CreateDate, LastLoginDate, LastPasswordChangedDate, LastLockoutDate, FailedPasswordAttemptCount, FailedPasswordAttemptWindowStart, FailedPasswordAnswerAttemptCount, FailedPasswordAnswerAttemptWindowStart)
   VALUES(@ApplicationID, @AspNetUserID, 'aMoPu/jMK8Yc4dxEEtAWm+RvKkFRjT38n/c1ORi3HgGWXJI15kNozQ==', 2, 'ub/Nej8BunZL3H6o+Z7+sg==', 'i.hardy@wsj.com', 'i.hardy@wsj.com', 1, 0, '2019-06-07 05:28:54', '2019-06-07 05:28:54', '2019-06-07 05:28:54', '1754-01-01 00:00:00.000', 0, '1754-01-01 00:00:00.000', 0, '1754-01-01 00:00:00.000')
   INSERT INTO dbo.dnn_UserPortals(UserID, PortalID, CreatedDate, Authorised, IsDeleted, RefreshRoles)
   VALUES(@UserID, @PortalID, '2019-06-07 05:28:54', 1, 0, 0)
   INSERT INTO dbo.dnn_UserRoles(UserID, RoleID, IsTrialUsed, CreatedByUserID, CreatedOnDate, LastModifiedByUserID, LastModifiedOnDate, [Status], IsOwner)
   VALUES(@UserId, @MaleRole, 0, 1, '2019-06-07 05:28:54', 1, '2019-06-07 05:28:54', 1, 0)
   INSERT INTO dbo.dnn_Users(Username, FirstName, LastName, Email, DisplayName, UpdatePassword, LastIPAddress, IsDeleted, CreatedByUserID, CreatedOnDate, LastModifiedByUserID, LastModifiedOnDate, PasswordResetToken, PasswordResetExpiration)
   VALUES('higginsj@naukri.com', 'Jermaine', 'Higgins', 'higginsj@naukri.com', 'Jermaine Higgins', 0, '', 0, 1, '2019-06-07 05:28:54', 1, '2019-06-07 05:28:54', NULL, NULL)
   SELECT @UserID = SCOPE_IDENTITY()
   INSERT INTO dbo.aspnet_Users(ApplicationID, UserName, LoweredUserName, IsAnonymous, LastActivityDate)
   VALUES(@ApplicationId, 'higginsj@naukri.com', 'higginsj@naukri.com', 0, '2019-06-07 05:28:54')
   SELECT @AspNetUserID = UserId FROM aspnet_Users WHERE Username = 'higginsj@naukri.com'
   INSERT INTO dbo.aspnet_Membership(ApplicationID, UserID, Password, PasswordFormat, PasswordSalt, Email, LoweredEmail, IsApproved, IsLockedOut, CreateDate, LastLoginDate, LastPasswordChangedDate, LastLockoutDate, FailedPasswordAttemptCount, FailedPasswordAttemptWindowStart, FailedPasswordAnswerAttemptCount, FailedPasswordAnswerAttemptWindowStart)
   VALUES(@ApplicationID, @AspNetUserID, 'aMoPu/jMK8Yc4dxEEtAWm+RvKkFRjT38n/c1ORi3HgGWXJI15kNozQ==', 2, 'ub/Nej8BunZL3H6o+Z7+sg==', 'higginsj@naukri.com', 'higginsj@naukri.com', 1, 0, '2019-06-07 05:28:54', '2019-06-07 05:28:54', '2019-06-07 05:28:54', '1754-01-01 00:00:00.000', 0, '1754-01-01 00:00:00.000', 0, '1754-01-01 00:00:00.000')
   INSERT INTO dbo.dnn_UserPortals(UserID, PortalID, CreatedDate, Authorised, IsDeleted, RefreshRoles)
   VALUES(@UserID, @PortalID, '2019-06-07 05:28:54', 1, 0, 0)
   INSERT INTO dbo.dnn_UserRoles(UserID, RoleID, IsTrialUsed, CreatedByUserID, CreatedOnDate, LastModifiedByUserID, LastModifiedOnDate, [Status], IsOwner)
   VALUES(@UserId, @MaleRole, 0, 1, '2019-06-07 05:28:54', 1, '2019-06-07 05:28:54', 1, 0)
   INSERT INTO dbo.dnn_Users(Username, FirstName, LastName, Email, DisplayName, UpdatePassword, LastIPAddress, IsDeleted, CreatedByUserID, CreatedOnDate, LastModifiedByUserID, LastModifiedOnDate, PasswordResetToken, PasswordResetExpiration)
   VALUES('forrest.aguirre@kinopoisk.ru', 'Forrest', 'Aguirre', 'forrest.aguirre@kinopoisk.ru', 'Forrest Aguirre', 0, '', 0, 1, '2019-06-07 05:28:54', 1, '2019-06-07 05:28:54', NULL, NULL)
   SELECT @UserID = SCOPE_IDENTITY()
   INSERT INTO dbo.aspnet_Users(ApplicationID, UserName, LoweredUserName, IsAnonymous, LastActivityDate)
   VALUES(@ApplicationId, 'forrest.aguirre@kinopoisk.ru', 'forrest.aguirre@kinopoisk.ru', 0, '2019-06-07 05:28:54')
   SELECT @AspNetUserID = UserId FROM aspnet_Users WHERE Username = 'forrest.aguirre@kinopoisk.ru'
   INSERT INTO dbo.aspnet_Membership(ApplicationID, UserID, Password, PasswordFormat, PasswordSalt, Email, LoweredEmail, IsApproved, IsLockedOut, CreateDate, LastLoginDate, LastPasswordChangedDate, LastLockoutDate, FailedPasswordAttemptCount, FailedPasswordAttemptWindowStart, FailedPasswordAnswerAttemptCount, FailedPasswordAnswerAttemptWindowStart)
   VALUES(@ApplicationID, @AspNetUserID, 'aMoPu/jMK8Yc4dxEEtAWm+RvKkFRjT38n/c1ORi3HgGWXJI15kNozQ==', 2, 'ub/Nej8BunZL3H6o+Z7+sg==', 'forrest.aguirre@kinopoisk.ru', 'forrest.aguirre@kinopoisk.ru', 1, 0, '2019-06-07 05:28:54', '2019-06-07 05:28:54', '2019-06-07 05:28:54', '1754-01-01 00:00:00.000', 0, '1754-01-01 00:00:00.000', 0, '1754-01-01 00:00:00.000')
   INSERT INTO dbo.dnn_UserPortals(UserID, PortalID, CreatedDate, Authorised, IsDeleted, RefreshRoles)
   VALUES(@UserID, @PortalID, '2019-06-07 05:28:54', 1, 0, 0)
   INSERT INTO dbo.dnn_UserRoles(UserID, RoleID, IsTrialUsed, CreatedByUserID, CreatedOnDate, LastModifiedByUserID, LastModifiedOnDate, [Status], IsOwner)
   VALUES(@UserId, @MaleRole, 0, 1, '2019-06-07 05:28:54', 1, '2019-06-07 05:28:54', 1, 0)
   INSERT INTO dbo.dnn_UserRoles(UserID, RoleID, IsTrialUsed, CreatedByUserID, CreatedOnDate, LastModifiedByUserID, LastModifiedOnDate, [Status], IsOwner)
   VALUES(@UserId, @AcademicRole, 0, 1, '2019-06-07 05:28:54', 1, '2019-06-07 05:28:54', 1, 0)
   INSERT INTO dbo.dnn_Users(Username, FirstName, LastName, Email, DisplayName, UpdatePassword, LastIPAddress, IsDeleted, CreatedByUserID, CreatedOnDate, LastModifiedByUserID, LastModifiedOnDate, PasswordResetToken, PasswordResetExpiration)
   VALUES('w.lin@friv.com', 'Wilbert', 'Lin', 'w.lin@friv.com', 'Wilbert Lin', 0, '', 0, 1, '2019-06-07 05:28:54', 1, '2019-06-07 05:28:54', NULL, NULL)
   SELECT @UserID = SCOPE_IDENTITY()
   INSERT INTO dbo.aspnet_Users(ApplicationID, UserName, LoweredUserName, IsAnonymous, LastActivityDate)
   VALUES(@ApplicationId, 'w.lin@friv.com', 'w.lin@friv.com', 0, '2019-06-07 05:28:54')
   SELECT @AspNetUserID = UserId FROM aspnet_Users WHERE Username = 'w.lin@friv.com'
   INSERT INTO dbo.aspnet_Membership(ApplicationID, UserID, Password, PasswordFormat, PasswordSalt, Email, LoweredEmail, IsApproved, IsLockedOut, CreateDate, LastLoginDate, LastPasswordChangedDate, LastLockoutDate, FailedPasswordAttemptCount, FailedPasswordAttemptWindowStart, FailedPasswordAnswerAttemptCount, FailedPasswordAnswerAttemptWindowStart)
   VALUES(@ApplicationID, @AspNetUserID, 'aMoPu/jMK8Yc4dxEEtAWm+RvKkFRjT38n/c1ORi3HgGWXJI15kNozQ==', 2, 'ub/Nej8BunZL3H6o+Z7+sg==', 'w.lin@friv.com', 'w.lin@friv.com', 1, 0, '2019-06-07 05:28:54', '2019-06-07 05:28:54', '2019-06-07 05:28:54', '1754-01-01 00:00:00.000', 0, '1754-01-01 00:00:00.000', 0, '1754-01-01 00:00:00.000')
   INSERT INTO dbo.dnn_UserPortals(UserID, PortalID, CreatedDate, Authorised, IsDeleted, RefreshRoles)
   VALUES(@UserID, @PortalID, '2019-06-07 05:28:54', 1, 0, 0)
   INSERT INTO dbo.dnn_UserRoles(UserID, RoleID, IsTrialUsed, CreatedByUserID, CreatedOnDate, LastModifiedByUserID, LastModifiedOnDate, [Status], IsOwner)
   VALUES(@UserId, @MaleRole, 0, 1, '2019-06-07 05:28:54', 1, '2019-06-07 05:28:54', 1, 0)
   INSERT INTO dbo.dnn_Users(Username, FirstName, LastName, Email, DisplayName, UpdatePassword, LastIPAddress, IsDeleted, CreatedByUserID, CreatedOnDate, LastModifiedByUserID, LastModifiedOnDate, PasswordResetToken, PasswordResetExpiration)
   VALUES('cummingsl@expedia.com', 'Leland', 'Cummings', 'cummingsl@expedia.com', 'Leland Cummings', 0, '', 0, 1, '2019-06-07 05:28:54', 1, '2019-06-07 05:28:54', NULL, NULL)
   SELECT @UserID = SCOPE_IDENTITY()
   INSERT INTO dbo.aspnet_Users(ApplicationID, UserName, LoweredUserName, IsAnonymous, LastActivityDate)
   VALUES(@ApplicationId, 'cummingsl@expedia.com', 'cummingsl@expedia.com', 0, '2019-06-07 05:28:54')
   SELECT @AspNetUserID = UserId FROM aspnet_Users WHERE Username = 'cummingsl@expedia.com'
   INSERT INTO dbo.aspnet_Membership(ApplicationID, UserID, Password, PasswordFormat, PasswordSalt, Email, LoweredEmail, IsApproved, IsLockedOut, CreateDate, LastLoginDate, LastPasswordChangedDate, LastLockoutDate, FailedPasswordAttemptCount, FailedPasswordAttemptWindowStart, FailedPasswordAnswerAttemptCount, FailedPasswordAnswerAttemptWindowStart)
   VALUES(@ApplicationID, @AspNetUserID, 'aMoPu/jMK8Yc4dxEEtAWm+RvKkFRjT38n/c1ORi3HgGWXJI15kNozQ==', 2, 'ub/Nej8BunZL3H6o+Z7+sg==', 'cummingsl@expedia.com', 'cummingsl@expedia.com', 1, 0, '2019-06-07 05:28:54', '2019-06-07 05:28:54', '2019-06-07 05:28:54', '1754-01-01 00:00:00.000', 0, '1754-01-01 00:00:00.000', 0, '1754-01-01 00:00:00.000')
   INSERT INTO dbo.dnn_UserPortals(UserID, PortalID, CreatedDate, Authorised, IsDeleted, RefreshRoles)
   VALUES(@UserID, @PortalID, '2019-06-07 05:28:54', 1, 0, 0)
   INSERT INTO dbo.dnn_UserRoles(UserID, RoleID, IsTrialUsed, CreatedByUserID, CreatedOnDate, LastModifiedByUserID, LastModifiedOnDate, [Status], IsOwner)
   VALUES(@UserId, @MaleRole, 0, 1, '2019-06-07 05:28:54', 1, '2019-06-07 05:28:54', 1, 0)
   INSERT INTO dbo.dnn_Users(Username, FirstName, LastName, Email, DisplayName, UpdatePassword, LastIPAddress, IsDeleted, CreatedByUserID, CreatedOnDate, LastModifiedByUserID, LastModifiedOnDate, PasswordResetToken, PasswordResetExpiration)
   VALUES('simon.chandler@livedoor.biz', 'Simon', 'Chandler', 'simon.chandler@livedoor.biz', 'Simon Chandler', 0, '', 0, 1, '2019-06-07 05:28:54', 1, '2019-06-07 05:28:54', NULL, NULL)
   SELECT @UserID = SCOPE_IDENTITY()
   INSERT INTO dbo.aspnet_Users(ApplicationID, UserName, LoweredUserName, IsAnonymous, LastActivityDate)
   VALUES(@ApplicationId, 'simon.chandler@livedoor.biz', 'simon.chandler@livedoor.biz', 0, '2019-06-07 05:28:54')
   SELECT @AspNetUserID = UserId FROM aspnet_Users WHERE Username = 'simon.chandler@livedoor.biz'
   INSERT INTO dbo.aspnet_Membership(ApplicationID, UserID, Password, PasswordFormat, PasswordSalt, Email, LoweredEmail, IsApproved, IsLockedOut, CreateDate, LastLoginDate, LastPasswordChangedDate, LastLockoutDate, FailedPasswordAttemptCount, FailedPasswordAttemptWindowStart, FailedPasswordAnswerAttemptCount, FailedPasswordAnswerAttemptWindowStart)
   VALUES(@ApplicationID, @AspNetUserID, 'aMoPu/jMK8Yc4dxEEtAWm+RvKkFRjT38n/c1ORi3HgGWXJI15kNozQ==', 2, 'ub/Nej8BunZL3H6o+Z7+sg==', 'simon.chandler@livedoor.biz', 'simon.chandler@livedoor.biz', 1, 0, '2019-06-07 05:28:54', '2019-06-07 05:28:54', '2019-06-07 05:28:54', '1754-01-01 00:00:00.000', 0, '1754-01-01 00:00:00.000', 0, '1754-01-01 00:00:00.000')
   INSERT INTO dbo.dnn_UserPortals(UserID, PortalID, CreatedDate, Authorised, IsDeleted, RefreshRoles)
   VALUES(@UserID, @PortalID, '2019-06-07 05:28:54', 1, 0, 0)
   INSERT INTO dbo.dnn_UserRoles(UserID, RoleID, IsTrialUsed, CreatedByUserID, CreatedOnDate, LastModifiedByUserID, LastModifiedOnDate, [Status], IsOwner)
   VALUES(@UserId, @MaleRole, 0, 1, '2019-06-07 05:28:54', 1, '2019-06-07 05:28:54', 1, 0)
   INSERT INTO dbo.dnn_Users(Username, FirstName, LastName, Email, DisplayName, UpdatePassword, LastIPAddress, IsDeleted, CreatedByUserID, CreatedOnDate, LastModifiedByUserID, LastModifiedOnDate, PasswordResetToken, PasswordResetExpiration)
   VALUES('g.sharp@macys.com', 'Guadalupe', 'Sharp', 'g.sharp@macys.com', 'Guadalupe Sharp', 0, '', 0, 1, '2019-06-07 05:28:54', 1, '2019-06-07 05:28:54', NULL, NULL)
   SELECT @UserID = SCOPE_IDENTITY()
   INSERT INTO dbo.aspnet_Users(ApplicationID, UserName, LoweredUserName, IsAnonymous, LastActivityDate)
   VALUES(@ApplicationId, 'g.sharp@macys.com', 'g.sharp@macys.com', 0, '2019-06-07 05:28:54')
   SELECT @AspNetUserID = UserId FROM aspnet_Users WHERE Username = 'g.sharp@macys.com'
   INSERT INTO dbo.aspnet_Membership(ApplicationID, UserID, Password, PasswordFormat, PasswordSalt, Email, LoweredEmail, IsApproved, IsLockedOut, CreateDate, LastLoginDate, LastPasswordChangedDate, LastLockoutDate, FailedPasswordAttemptCount, FailedPasswordAttemptWindowStart, FailedPasswordAnswerAttemptCount, FailedPasswordAnswerAttemptWindowStart)
   VALUES(@ApplicationID, @AspNetUserID, 'aMoPu/jMK8Yc4dxEEtAWm+RvKkFRjT38n/c1ORi3HgGWXJI15kNozQ==', 2, 'ub/Nej8BunZL3H6o+Z7+sg==', 'g.sharp@macys.com', 'g.sharp@macys.com', 1, 0, '2019-06-07 05:28:54', '2019-06-07 05:28:54', '2019-06-07 05:28:54', '1754-01-01 00:00:00.000', 0, '1754-01-01 00:00:00.000', 0, '1754-01-01 00:00:00.000')
   INSERT INTO dbo.dnn_UserPortals(UserID, PortalID, CreatedDate, Authorised, IsDeleted, RefreshRoles)
   VALUES(@UserID, @PortalID, '2019-06-07 05:28:54', 1, 0, 0)
   INSERT INTO dbo.dnn_UserRoles(UserID, RoleID, IsTrialUsed, CreatedByUserID, CreatedOnDate, LastModifiedByUserID, LastModifiedOnDate, [Status], IsOwner)
   VALUES(@UserId, @MaleRole, 0, 1, '2019-06-07 05:28:54', 1, '2019-06-07 05:28:54', 1, 0)
   INSERT INTO dbo.dnn_Users(Username, FirstName, LastName, Email, DisplayName, UpdatePassword, LastIPAddress, IsDeleted, CreatedByUserID, CreatedOnDate, LastModifiedByUserID, LastModifiedOnDate, PasswordResetToken, PasswordResetExpiration)
   VALUES('barberc@avg.com', 'Clark', 'Barber', 'barberc@avg.com', 'Clark Barber', 0, '', 0, 1, '2019-06-07 05:28:54', 1, '2019-06-07 05:28:54', NULL, NULL)
   SELECT @UserID = SCOPE_IDENTITY()
   INSERT INTO dbo.aspnet_Users(ApplicationID, UserName, LoweredUserName, IsAnonymous, LastActivityDate)
   VALUES(@ApplicationId, 'barberc@avg.com', 'barberc@avg.com', 0, '2019-06-07 05:28:54')
   SELECT @AspNetUserID = UserId FROM aspnet_Users WHERE Username = 'barberc@avg.com'
   INSERT INTO dbo.aspnet_Membership(ApplicationID, UserID, Password, PasswordFormat, PasswordSalt, Email, LoweredEmail, IsApproved, IsLockedOut, CreateDate, LastLoginDate, LastPasswordChangedDate, LastLockoutDate, FailedPasswordAttemptCount, FailedPasswordAttemptWindowStart, FailedPasswordAnswerAttemptCount, FailedPasswordAnswerAttemptWindowStart)
   VALUES(@ApplicationID, @AspNetUserID, 'aMoPu/jMK8Yc4dxEEtAWm+RvKkFRjT38n/c1ORi3HgGWXJI15kNozQ==', 2, 'ub/Nej8BunZL3H6o+Z7+sg==', 'barberc@avg.com', 'barberc@avg.com', 1, 0, '2019-06-07 05:28:54', '2019-06-07 05:28:54', '2019-06-07 05:28:54', '1754-01-01 00:00:00.000', 0, '1754-01-01 00:00:00.000', 0, '1754-01-01 00:00:00.000')
   INSERT INTO dbo.dnn_UserPortals(UserID, PortalID, CreatedDate, Authorised, IsDeleted, RefreshRoles)
   VALUES(@UserID, @PortalID, '2019-06-07 05:28:54', 1, 0, 0)
   INSERT INTO dbo.dnn_UserRoles(UserID, RoleID, IsTrialUsed, CreatedByUserID, CreatedOnDate, LastModifiedByUserID, LastModifiedOnDate, [Status], IsOwner)
   VALUES(@UserId, @MaleRole, 0, 1, '2019-06-07 05:28:54', 1, '2019-06-07 05:28:54', 1, 0)
   INSERT INTO dbo.dnn_Users(Username, FirstName, LastName, Email, DisplayName, UpdatePassword, LastIPAddress, IsDeleted, CreatedByUserID, CreatedOnDate, LastModifiedByUserID, LastModifiedOnDate, PasswordResetToken, PasswordResetExpiration)
   VALUES('irving.bowen@tube8.com', 'Irving', 'Bowen', 'irving.bowen@tube8.com', 'Irving Bowen', 0, '', 0, 1, '2019-06-07 05:28:54', 1, '2019-06-07 05:28:54', NULL, NULL)
   SELECT @UserID = SCOPE_IDENTITY()
   INSERT INTO dbo.aspnet_Users(ApplicationID, UserName, LoweredUserName, IsAnonymous, LastActivityDate)
   VALUES(@ApplicationId, 'irving.bowen@tube8.com', 'irving.bowen@tube8.com', 0, '2019-06-07 05:28:54')
   SELECT @AspNetUserID = UserId FROM aspnet_Users WHERE Username = 'irving.bowen@tube8.com'
   INSERT INTO dbo.aspnet_Membership(ApplicationID, UserID, Password, PasswordFormat, PasswordSalt, Email, LoweredEmail, IsApproved, IsLockedOut, CreateDate, LastLoginDate, LastPasswordChangedDate, LastLockoutDate, FailedPasswordAttemptCount, FailedPasswordAttemptWindowStart, FailedPasswordAnswerAttemptCount, FailedPasswordAnswerAttemptWindowStart)
   VALUES(@ApplicationID, @AspNetUserID, 'aMoPu/jMK8Yc4dxEEtAWm+RvKkFRjT38n/c1ORi3HgGWXJI15kNozQ==', 2, 'ub/Nej8BunZL3H6o+Z7+sg==', 'irving.bowen@tube8.com', 'irving.bowen@tube8.com', 1, 0, '2019-06-07 05:28:54', '2019-06-07 05:28:54', '2019-06-07 05:28:54', '1754-01-01 00:00:00.000', 0, '1754-01-01 00:00:00.000', 0, '1754-01-01 00:00:00.000')
   INSERT INTO dbo.dnn_UserPortals(UserID, PortalID, CreatedDate, Authorised, IsDeleted, RefreshRoles)
   VALUES(@UserID, @PortalID, '2019-06-07 05:28:54', 1, 0, 0)
   INSERT INTO dbo.dnn_UserRoles(UserID, RoleID, IsTrialUsed, CreatedByUserID, CreatedOnDate, LastModifiedByUserID, LastModifiedOnDate, [Status], IsOwner)
   VALUES(@UserId, @MaleRole, 0, 1, '2019-06-07 05:28:54', 1, '2019-06-07 05:28:54', 1, 0)
   INSERT INTO dbo.dnn_Users(Username, FirstName, LastName, Email, DisplayName, UpdatePassword, LastIPAddress, IsDeleted, CreatedByUserID, CreatedOnDate, LastModifiedByUserID, LastModifiedOnDate, PasswordResetToken, PasswordResetExpiration)
   VALUES('c.ochoa@libero.it', 'Carroll', 'Ochoa', 'c.ochoa@libero.it', 'Carroll Ochoa', 0, '', 0, 1, '2019-06-07 05:28:54', 1, '2019-06-07 05:28:54', NULL, NULL)
   SELECT @UserID = SCOPE_IDENTITY()
   INSERT INTO dbo.aspnet_Users(ApplicationID, UserName, LoweredUserName, IsAnonymous, LastActivityDate)
   VALUES(@ApplicationId, 'c.ochoa@libero.it', 'c.ochoa@libero.it', 0, '2019-06-07 05:28:54')
   SELECT @AspNetUserID = UserId FROM aspnet_Users WHERE Username = 'c.ochoa@libero.it'
   INSERT INTO dbo.aspnet_Membership(ApplicationID, UserID, Password, PasswordFormat, PasswordSalt, Email, LoweredEmail, IsApproved, IsLockedOut, CreateDate, LastLoginDate, LastPasswordChangedDate, LastLockoutDate, FailedPasswordAttemptCount, FailedPasswordAttemptWindowStart, FailedPasswordAnswerAttemptCount, FailedPasswordAnswerAttemptWindowStart)
   VALUES(@ApplicationID, @AspNetUserID, 'aMoPu/jMK8Yc4dxEEtAWm+RvKkFRjT38n/c1ORi3HgGWXJI15kNozQ==', 2, 'ub/Nej8BunZL3H6o+Z7+sg==', 'c.ochoa@libero.it', 'c.ochoa@libero.it', 1, 0, '2019-06-07 05:28:54', '2019-06-07 05:28:54', '2019-06-07 05:28:54', '1754-01-01 00:00:00.000', 0, '1754-01-01 00:00:00.000', 0, '1754-01-01 00:00:00.000')
   INSERT INTO dbo.dnn_UserPortals(UserID, PortalID, CreatedDate, Authorised, IsDeleted, RefreshRoles)
   VALUES(@UserID, @PortalID, '2019-06-07 05:28:54', 1, 0, 0)
   INSERT INTO dbo.dnn_UserRoles(UserID, RoleID, IsTrialUsed, CreatedByUserID, CreatedOnDate, LastModifiedByUserID, LastModifiedOnDate, [Status], IsOwner)
   VALUES(@UserId, @MaleRole, 0, 1, '2019-06-07 05:28:54', 1, '2019-06-07 05:28:54', 1, 0)
   INSERT INTO dbo.dnn_UserRoles(UserID, RoleID, IsTrialUsed, CreatedByUserID, CreatedOnDate, LastModifiedByUserID, LastModifiedOnDate, [Status], IsOwner)
   VALUES(@UserId, @ManagerRole, 0, 1, '2019-06-07 05:28:54', 1, '2019-06-07 05:28:54', 1, 0)
   INSERT INTO dbo.dnn_Users(Username, FirstName, LastName, Email, DisplayName, UpdatePassword, LastIPAddress, IsDeleted, CreatedByUserID, CreatedOnDate, LastModifiedByUserID, LastModifiedOnDate, PasswordResetToken, PasswordResetExpiration)
   VALUES('dennisb@intuit.com', 'Bryant', 'Dennis', 'dennisb@intuit.com', 'Bryant Dennis', 0, '', 0, 1, '2019-06-07 05:28:54', 1, '2019-06-07 05:28:54', NULL, NULL)
   SELECT @UserID = SCOPE_IDENTITY()
   INSERT INTO dbo.aspnet_Users(ApplicationID, UserName, LoweredUserName, IsAnonymous, LastActivityDate)
   VALUES(@ApplicationId, 'dennisb@intuit.com', 'dennisb@intuit.com', 0, '2019-06-07 05:28:54')
   SELECT @AspNetUserID = UserId FROM aspnet_Users WHERE Username = 'dennisb@intuit.com'
   INSERT INTO dbo.aspnet_Membership(ApplicationID, UserID, Password, PasswordFormat, PasswordSalt, Email, LoweredEmail, IsApproved, IsLockedOut, CreateDate, LastLoginDate, LastPasswordChangedDate, LastLockoutDate, FailedPasswordAttemptCount, FailedPasswordAttemptWindowStart, FailedPasswordAnswerAttemptCount, FailedPasswordAnswerAttemptWindowStart)
   VALUES(@ApplicationID, @AspNetUserID, 'aMoPu/jMK8Yc4dxEEtAWm+RvKkFRjT38n/c1ORi3HgGWXJI15kNozQ==', 2, 'ub/Nej8BunZL3H6o+Z7+sg==', 'dennisb@intuit.com', 'dennisb@intuit.com', 1, 0, '2019-06-07 05:28:54', '2019-06-07 05:28:54', '2019-06-07 05:28:54', '1754-01-01 00:00:00.000', 0, '1754-01-01 00:00:00.000', 0, '1754-01-01 00:00:00.000')
   INSERT INTO dbo.dnn_UserPortals(UserID, PortalID, CreatedDate, Authorised, IsDeleted, RefreshRoles)
   VALUES(@UserID, @PortalID, '2019-06-07 05:28:54', 1, 0, 0)
   INSERT INTO dbo.dnn_UserRoles(UserID, RoleID, IsTrialUsed, CreatedByUserID, CreatedOnDate, LastModifiedByUserID, LastModifiedOnDate, [Status], IsOwner)
   VALUES(@UserId, @MaleRole, 0, 1, '2019-06-07 05:28:54', 1, '2019-06-07 05:28:54', 1, 0)
   INSERT INTO dbo.dnn_Users(Username, FirstName, LastName, Email, DisplayName, UpdatePassword, LastIPAddress, IsDeleted, CreatedByUserID, CreatedOnDate, LastModifiedByUserID, LastModifiedOnDate, PasswordResetToken, PasswordResetExpiration)
   VALUES('owen.robbins@google.no', 'Owen', 'Robbins', 'owen.robbins@google.no', 'Owen Robbins', 0, '', 0, 1, '2019-06-07 05:28:54', 1, '2019-06-07 05:28:54', NULL, NULL)
   SELECT @UserID = SCOPE_IDENTITY()
   INSERT INTO dbo.aspnet_Users(ApplicationID, UserName, LoweredUserName, IsAnonymous, LastActivityDate)
   VALUES(@ApplicationId, 'owen.robbins@google.no', 'owen.robbins@google.no', 0, '2019-06-07 05:28:54')
   SELECT @AspNetUserID = UserId FROM aspnet_Users WHERE Username = 'owen.robbins@google.no'
   INSERT INTO dbo.aspnet_Membership(ApplicationID, UserID, Password, PasswordFormat, PasswordSalt, Email, LoweredEmail, IsApproved, IsLockedOut, CreateDate, LastLoginDate, LastPasswordChangedDate, LastLockoutDate, FailedPasswordAttemptCount, FailedPasswordAttemptWindowStart, FailedPasswordAnswerAttemptCount, FailedPasswordAnswerAttemptWindowStart)
   VALUES(@ApplicationID, @AspNetUserID, 'aMoPu/jMK8Yc4dxEEtAWm+RvKkFRjT38n/c1ORi3HgGWXJI15kNozQ==', 2, 'ub/Nej8BunZL3H6o+Z7+sg==', 'owen.robbins@google.no', 'owen.robbins@google.no', 1, 0, '2019-06-07 05:28:54', '2019-06-07 05:28:54', '2019-06-07 05:28:54', '1754-01-01 00:00:00.000', 0, '1754-01-01 00:00:00.000', 0, '1754-01-01 00:00:00.000')
   INSERT INTO dbo.dnn_UserPortals(UserID, PortalID, CreatedDate, Authorised, IsDeleted, RefreshRoles)
   VALUES(@UserID, @PortalID, '2019-06-07 05:28:54', 1, 0, 0)
   INSERT INTO dbo.dnn_UserRoles(UserID, RoleID, IsTrialUsed, CreatedByUserID, CreatedOnDate, LastModifiedByUserID, LastModifiedOnDate, [Status], IsOwner)
   VALUES(@UserId, @MaleRole, 0, 1, '2019-06-07 05:28:54', 1, '2019-06-07 05:28:54', 1, 0)
   INSERT INTO dbo.dnn_Users(Username, FirstName, LastName, Email, DisplayName, UpdatePassword, LastIPAddress, IsDeleted, CreatedByUserID, CreatedOnDate, LastModifiedByUserID, LastModifiedOnDate, PasswordResetToken, PasswordResetExpiration)
   VALUES('r.liu@google.fi', 'Rufus', 'Liu', 'r.liu@google.fi', 'Rufus Liu', 0, '', 0, 1, '2019-06-07 05:28:54', 1, '2019-06-07 05:28:54', NULL, NULL)
   SELECT @UserID = SCOPE_IDENTITY()
   INSERT INTO dbo.aspnet_Users(ApplicationID, UserName, LoweredUserName, IsAnonymous, LastActivityDate)
   VALUES(@ApplicationId, 'r.liu@google.fi', 'r.liu@google.fi', 0, '2019-06-07 05:28:54')
   SELECT @AspNetUserID = UserId FROM aspnet_Users WHERE Username = 'r.liu@google.fi'
   INSERT INTO dbo.aspnet_Membership(ApplicationID, UserID, Password, PasswordFormat, PasswordSalt, Email, LoweredEmail, IsApproved, IsLockedOut, CreateDate, LastLoginDate, LastPasswordChangedDate, LastLockoutDate, FailedPasswordAttemptCount, FailedPasswordAttemptWindowStart, FailedPasswordAnswerAttemptCount, FailedPasswordAnswerAttemptWindowStart)
   VALUES(@ApplicationID, @AspNetUserID, 'aMoPu/jMK8Yc4dxEEtAWm+RvKkFRjT38n/c1ORi3HgGWXJI15kNozQ==', 2, 'ub/Nej8BunZL3H6o+Z7+sg==', 'r.liu@google.fi', 'r.liu@google.fi', 1, 0, '2019-06-07 05:28:54', '2019-06-07 05:28:54', '2019-06-07 05:28:54', '1754-01-01 00:00:00.000', 0, '1754-01-01 00:00:00.000', 0, '1754-01-01 00:00:00.000')
   INSERT INTO dbo.dnn_UserPortals(UserID, PortalID, CreatedDate, Authorised, IsDeleted, RefreshRoles)
   VALUES(@UserID, @PortalID, '2019-06-07 05:28:54', 1, 0, 0)
   INSERT INTO dbo.dnn_UserRoles(UserID, RoleID, IsTrialUsed, CreatedByUserID, CreatedOnDate, LastModifiedByUserID, LastModifiedOnDate, [Status], IsOwner)
   VALUES(@UserId, @MaleRole, 0, 1, '2019-06-07 05:28:54', 1, '2019-06-07 05:28:54', 1, 0)
   INSERT INTO dbo.dnn_Users(Username, FirstName, LastName, Email, DisplayName, UpdatePassword, LastIPAddress, IsDeleted, CreatedByUserID, CreatedOnDate, LastModifiedByUserID, LastModifiedOnDate, PasswordResetToken, PasswordResetExpiration)
   VALUES('ramseyw@urdupoint.com', 'Woodrow', 'Ramsey', 'ramseyw@urdupoint.com', 'Woodrow Ramsey', 0, '', 0, 1, '2019-06-07 05:28:54', 1, '2019-06-07 05:28:54', NULL, NULL)
   SELECT @UserID = SCOPE_IDENTITY()
   INSERT INTO dbo.aspnet_Users(ApplicationID, UserName, LoweredUserName, IsAnonymous, LastActivityDate)
   VALUES(@ApplicationId, 'ramseyw@urdupoint.com', 'ramseyw@urdupoint.com', 0, '2019-06-07 05:28:54')
   SELECT @AspNetUserID = UserId FROM aspnet_Users WHERE Username = 'ramseyw@urdupoint.com'
   INSERT INTO dbo.aspnet_Membership(ApplicationID, UserID, Password, PasswordFormat, PasswordSalt, Email, LoweredEmail, IsApproved, IsLockedOut, CreateDate, LastLoginDate, LastPasswordChangedDate, LastLockoutDate, FailedPasswordAttemptCount, FailedPasswordAttemptWindowStart, FailedPasswordAnswerAttemptCount, FailedPasswordAnswerAttemptWindowStart)
   VALUES(@ApplicationID, @AspNetUserID, 'aMoPu/jMK8Yc4dxEEtAWm+RvKkFRjT38n/c1ORi3HgGWXJI15kNozQ==', 2, 'ub/Nej8BunZL3H6o+Z7+sg==', 'ramseyw@urdupoint.com', 'ramseyw@urdupoint.com', 1, 0, '2019-06-07 05:28:54', '2019-06-07 05:28:54', '2019-06-07 05:28:54', '1754-01-01 00:00:00.000', 0, '1754-01-01 00:00:00.000', 0, '1754-01-01 00:00:00.000')
   INSERT INTO dbo.dnn_UserPortals(UserID, PortalID, CreatedDate, Authorised, IsDeleted, RefreshRoles)
   VALUES(@UserID, @PortalID, '2019-06-07 05:28:54', 1, 0, 0)
   INSERT INTO dbo.dnn_UserRoles(UserID, RoleID, IsTrialUsed, CreatedByUserID, CreatedOnDate, LastModifiedByUserID, LastModifiedOnDate, [Status], IsOwner)
   VALUES(@UserId, @MaleRole, 0, 1, '2019-06-07 05:28:54', 1, '2019-06-07 05:28:54', 1, 0)
   INSERT INTO dbo.dnn_Users(Username, FirstName, LastName, Email, DisplayName, UpdatePassword, LastIPAddress, IsDeleted, CreatedByUserID, CreatedOnDate, LastModifiedByUserID, LastModifiedOnDate, PasswordResetToken, PasswordResetExpiration)
   VALUES('sammy.francis@taleo.net', 'Sammy', 'Francis', 'sammy.francis@taleo.net', 'Sammy Francis', 0, '', 0, 1, '2019-06-07 05:28:54', 1, '2019-06-07 05:28:54', NULL, NULL)
   SELECT @UserID = SCOPE_IDENTITY()
   INSERT INTO dbo.aspnet_Users(ApplicationID, UserName, LoweredUserName, IsAnonymous, LastActivityDate)
   VALUES(@ApplicationId, 'sammy.francis@taleo.net', 'sammy.francis@taleo.net', 0, '2019-06-07 05:28:54')
   SELECT @AspNetUserID = UserId FROM aspnet_Users WHERE Username = 'sammy.francis@taleo.net'
   INSERT INTO dbo.aspnet_Membership(ApplicationID, UserID, Password, PasswordFormat, PasswordSalt, Email, LoweredEmail, IsApproved, IsLockedOut, CreateDate, LastLoginDate, LastPasswordChangedDate, LastLockoutDate, FailedPasswordAttemptCount, FailedPasswordAttemptWindowStart, FailedPasswordAnswerAttemptCount, FailedPasswordAnswerAttemptWindowStart)
   VALUES(@ApplicationID, @AspNetUserID, 'aMoPu/jMK8Yc4dxEEtAWm+RvKkFRjT38n/c1ORi3HgGWXJI15kNozQ==', 2, 'ub/Nej8BunZL3H6o+Z7+sg==', 'sammy.francis@taleo.net', 'sammy.francis@taleo.net', 1, 0, '2019-06-07 05:28:54', '2019-06-07 05:28:54', '2019-06-07 05:28:54', '1754-01-01 00:00:00.000', 0, '1754-01-01 00:00:00.000', 0, '1754-01-01 00:00:00.000')
   INSERT INTO dbo.dnn_UserPortals(UserID, PortalID, CreatedDate, Authorised, IsDeleted, RefreshRoles)
   VALUES(@UserID, @PortalID, '2019-06-07 05:28:54', 1, 0, 0)
   INSERT INTO dbo.dnn_UserRoles(UserID, RoleID, IsTrialUsed, CreatedByUserID, CreatedOnDate, LastModifiedByUserID, LastModifiedOnDate, [Status], IsOwner)
   VALUES(@UserId, @MaleRole, 0, 1, '2019-06-07 05:28:54', 1, '2019-06-07 05:28:54', 1, 0)
   INSERT INTO dbo.dnn_Users(Username, FirstName, LastName, Email, DisplayName, UpdatePassword, LastIPAddress, IsDeleted, CreatedByUserID, CreatedOnDate, LastModifiedByUserID, LastModifiedOnDate, PasswordResetToken, PasswordResetExpiration)
   VALUES('k.griffith@addthis.com', 'Kristopher', 'Griffith', 'k.griffith@addthis.com', 'Kristopher Griffith', 0, '', 0, 1, '2019-06-07 05:28:54', 1, '2019-06-07 05:28:54', NULL, NULL)
   SELECT @UserID = SCOPE_IDENTITY()
   INSERT INTO dbo.aspnet_Users(ApplicationID, UserName, LoweredUserName, IsAnonymous, LastActivityDate)
   VALUES(@ApplicationId, 'k.griffith@addthis.com', 'k.griffith@addthis.com', 0, '2019-06-07 05:28:54')
   SELECT @AspNetUserID = UserId FROM aspnet_Users WHERE Username = 'k.griffith@addthis.com'
   INSERT INTO dbo.aspnet_Membership(ApplicationID, UserID, Password, PasswordFormat, PasswordSalt, Email, LoweredEmail, IsApproved, IsLockedOut, CreateDate, LastLoginDate, LastPasswordChangedDate, LastLockoutDate, FailedPasswordAttemptCount, FailedPasswordAttemptWindowStart, FailedPasswordAnswerAttemptCount, FailedPasswordAnswerAttemptWindowStart)
   VALUES(@ApplicationID, @AspNetUserID, 'aMoPu/jMK8Yc4dxEEtAWm+RvKkFRjT38n/c1ORi3HgGWXJI15kNozQ==', 2, 'ub/Nej8BunZL3H6o+Z7+sg==', 'k.griffith@addthis.com', 'k.griffith@addthis.com', 1, 0, '2019-06-07 05:28:54', '2019-06-07 05:28:54', '2019-06-07 05:28:54', '1754-01-01 00:00:00.000', 0, '1754-01-01 00:00:00.000', 0, '1754-01-01 00:00:00.000')
   INSERT INTO dbo.dnn_UserPortals(UserID, PortalID, CreatedDate, Authorised, IsDeleted, RefreshRoles)
   VALUES(@UserID, @PortalID, '2019-06-07 05:28:54', 1, 0, 0)
   INSERT INTO dbo.dnn_UserRoles(UserID, RoleID, IsTrialUsed, CreatedByUserID, CreatedOnDate, LastModifiedByUserID, LastModifiedOnDate, [Status], IsOwner)
   VALUES(@UserId, @MaleRole, 0, 1, '2019-06-07 05:28:54', 1, '2019-06-07 05:28:54', 1, 0)
   INSERT INTO dbo.dnn_UserRoles(UserID, RoleID, IsTrialUsed, CreatedByUserID, CreatedOnDate, LastModifiedByUserID, LastModifiedOnDate, [Status], IsOwner)
   VALUES(@UserId, @AcademicRole, 0, 1, '2019-06-07 05:28:54', 1, '2019-06-07 05:28:54', 1, 0)
   INSERT INTO dbo.dnn_Users(Username, FirstName, LastName, Email, DisplayName, UpdatePassword, LastIPAddress, IsDeleted, CreatedByUserID, CreatedOnDate, LastModifiedByUserID, LastModifiedOnDate, PasswordResetToken, PasswordResetExpiration)
   VALUES('paulm@sahibinden.com', 'Mack', 'Paul', 'paulm@sahibinden.com', 'Mack Paul', 0, '', 0, 1, '2019-06-07 05:28:54', 1, '2019-06-07 05:28:54', NULL, NULL)
   SELECT @UserID = SCOPE_IDENTITY()
   INSERT INTO dbo.aspnet_Users(ApplicationID, UserName, LoweredUserName, IsAnonymous, LastActivityDate)
   VALUES(@ApplicationId, 'paulm@sahibinden.com', 'paulm@sahibinden.com', 0, '2019-06-07 05:28:54')
   SELECT @AspNetUserID = UserId FROM aspnet_Users WHERE Username = 'paulm@sahibinden.com'
   INSERT INTO dbo.aspnet_Membership(ApplicationID, UserID, Password, PasswordFormat, PasswordSalt, Email, LoweredEmail, IsApproved, IsLockedOut, CreateDate, LastLoginDate, LastPasswordChangedDate, LastLockoutDate, FailedPasswordAttemptCount, FailedPasswordAttemptWindowStart, FailedPasswordAnswerAttemptCount, FailedPasswordAnswerAttemptWindowStart)
   VALUES(@ApplicationID, @AspNetUserID, 'aMoPu/jMK8Yc4dxEEtAWm+RvKkFRjT38n/c1ORi3HgGWXJI15kNozQ==', 2, 'ub/Nej8BunZL3H6o+Z7+sg==', 'paulm@sahibinden.com', 'paulm@sahibinden.com', 1, 0, '2019-06-07 05:28:54', '2019-06-07 05:28:54', '2019-06-07 05:28:54', '1754-01-01 00:00:00.000', 0, '1754-01-01 00:00:00.000', 0, '1754-01-01 00:00:00.000')
   INSERT INTO dbo.dnn_UserPortals(UserID, PortalID, CreatedDate, Authorised, IsDeleted, RefreshRoles)
   VALUES(@UserID, @PortalID, '2019-06-07 05:28:54', 1, 0, 0)
   INSERT INTO dbo.dnn_UserRoles(UserID, RoleID, IsTrialUsed, CreatedByUserID, CreatedOnDate, LastModifiedByUserID, LastModifiedOnDate, [Status], IsOwner)
   VALUES(@UserId, @MaleRole, 0, 1, '2019-06-07 05:28:54', 1, '2019-06-07 05:28:54', 1, 0)
   INSERT INTO dbo.dnn_Users(Username, FirstName, LastName, Email, DisplayName, UpdatePassword, LastIPAddress, IsDeleted, CreatedByUserID, CreatedOnDate, LastModifiedByUserID, LastModifiedOnDate, PasswordResetToken, PasswordResetExpiration)
   VALUES('levi.blair@ancestry.com', 'Levi', 'Blair', 'levi.blair@ancestry.com', 'Levi Blair', 0, '', 0, 1, '2019-06-07 05:28:54', 1, '2019-06-07 05:28:54', NULL, NULL)
   SELECT @UserID = SCOPE_IDENTITY()
   INSERT INTO dbo.aspnet_Users(ApplicationID, UserName, LoweredUserName, IsAnonymous, LastActivityDate)
   VALUES(@ApplicationId, 'levi.blair@ancestry.com', 'levi.blair@ancestry.com', 0, '2019-06-07 05:28:54')
   SELECT @AspNetUserID = UserId FROM aspnet_Users WHERE Username = 'levi.blair@ancestry.com'
   INSERT INTO dbo.aspnet_Membership(ApplicationID, UserID, Password, PasswordFormat, PasswordSalt, Email, LoweredEmail, IsApproved, IsLockedOut, CreateDate, LastLoginDate, LastPasswordChangedDate, LastLockoutDate, FailedPasswordAttemptCount, FailedPasswordAttemptWindowStart, FailedPasswordAnswerAttemptCount, FailedPasswordAnswerAttemptWindowStart)
   VALUES(@ApplicationID, @AspNetUserID, 'aMoPu/jMK8Yc4dxEEtAWm+RvKkFRjT38n/c1ORi3HgGWXJI15kNozQ==', 2, 'ub/Nej8BunZL3H6o+Z7+sg==', 'levi.blair@ancestry.com', 'levi.blair@ancestry.com', 1, 0, '2019-06-07 05:28:54', '2019-06-07 05:28:54', '2019-06-07 05:28:54', '1754-01-01 00:00:00.000', 0, '1754-01-01 00:00:00.000', 0, '1754-01-01 00:00:00.000')
   INSERT INTO dbo.dnn_UserPortals(UserID, PortalID, CreatedDate, Authorised, IsDeleted, RefreshRoles)
   VALUES(@UserID, @PortalID, '2019-06-07 05:28:54', 1, 0, 0)
   INSERT INTO dbo.dnn_UserRoles(UserID, RoleID, IsTrialUsed, CreatedByUserID, CreatedOnDate, LastModifiedByUserID, LastModifiedOnDate, [Status], IsOwner)
   VALUES(@UserId, @MaleRole, 0, 1, '2019-06-07 05:28:54', 1, '2019-06-07 05:28:54', 1, 0)
   INSERT INTO dbo.dnn_Users(Username, FirstName, LastName, Email, DisplayName, UpdatePassword, LastIPAddress, IsDeleted, CreatedByUserID, CreatedOnDate, LastModifiedByUserID, LastModifiedOnDate, PasswordResetToken, PasswordResetExpiration)
   VALUES('m.oconnor@likes.com', 'Marcos', 'Oconnor', 'm.oconnor@likes.com', 'Marcos Oconnor', 0, '', 0, 1, '2019-06-07 05:28:54', 1, '2019-06-07 05:28:54', NULL, NULL)
   SELECT @UserID = SCOPE_IDENTITY()
   INSERT INTO dbo.aspnet_Users(ApplicationID, UserName, LoweredUserName, IsAnonymous, LastActivityDate)
   VALUES(@ApplicationId, 'm.oconnor@likes.com', 'm.oconnor@likes.com', 0, '2019-06-07 05:28:54')
   SELECT @AspNetUserID = UserId FROM aspnet_Users WHERE Username = 'm.oconnor@likes.com'
   INSERT INTO dbo.aspnet_Membership(ApplicationID, UserID, Password, PasswordFormat, PasswordSalt, Email, LoweredEmail, IsApproved, IsLockedOut, CreateDate, LastLoginDate, LastPasswordChangedDate, LastLockoutDate, FailedPasswordAttemptCount, FailedPasswordAttemptWindowStart, FailedPasswordAnswerAttemptCount, FailedPasswordAnswerAttemptWindowStart)
   VALUES(@ApplicationID, @AspNetUserID, 'aMoPu/jMK8Yc4dxEEtAWm+RvKkFRjT38n/c1ORi3HgGWXJI15kNozQ==', 2, 'ub/Nej8BunZL3H6o+Z7+sg==', 'm.oconnor@likes.com', 'm.oconnor@likes.com', 1, 0, '2019-06-07 05:28:54', '2019-06-07 05:28:54', '2019-06-07 05:28:54', '1754-01-01 00:00:00.000', 0, '1754-01-01 00:00:00.000', 0, '1754-01-01 00:00:00.000')
   INSERT INTO dbo.dnn_UserPortals(UserID, PortalID, CreatedDate, Authorised, IsDeleted, RefreshRoles)
   VALUES(@UserID, @PortalID, '2019-06-07 05:28:54', 1, 0, 0)
   INSERT INTO dbo.dnn_UserRoles(UserID, RoleID, IsTrialUsed, CreatedByUserID, CreatedOnDate, LastModifiedByUserID, LastModifiedOnDate, [Status], IsOwner)
   VALUES(@UserId, @MaleRole, 0, 1, '2019-06-07 05:28:54', 1, '2019-06-07 05:28:54', 1, 0)
   INSERT INTO dbo.dnn_Users(Username, FirstName, LastName, Email, DisplayName, UpdatePassword, LastIPAddress, IsDeleted, CreatedByUserID, CreatedOnDate, LastModifiedByUserID, LastModifiedOnDate, PasswordResetToken, PasswordResetExpiration)
   VALUES('cardenasg@savefrom.net', 'Gustavo', 'Cardenas', 'cardenasg@savefrom.net', 'Gustavo Cardenas', 0, '', 0, 1, '2019-06-07 05:28:54', 1, '2019-06-07 05:28:54', NULL, NULL)
   SELECT @UserID = SCOPE_IDENTITY()
   INSERT INTO dbo.aspnet_Users(ApplicationID, UserName, LoweredUserName, IsAnonymous, LastActivityDate)
   VALUES(@ApplicationId, 'cardenasg@savefrom.net', 'cardenasg@savefrom.net', 0, '2019-06-07 05:28:54')
   SELECT @AspNetUserID = UserId FROM aspnet_Users WHERE Username = 'cardenasg@savefrom.net'
   INSERT INTO dbo.aspnet_Membership(ApplicationID, UserID, Password, PasswordFormat, PasswordSalt, Email, LoweredEmail, IsApproved, IsLockedOut, CreateDate, LastLoginDate, LastPasswordChangedDate, LastLockoutDate, FailedPasswordAttemptCount, FailedPasswordAttemptWindowStart, FailedPasswordAnswerAttemptCount, FailedPasswordAnswerAttemptWindowStart)
   VALUES(@ApplicationID, @AspNetUserID, 'aMoPu/jMK8Yc4dxEEtAWm+RvKkFRjT38n/c1ORi3HgGWXJI15kNozQ==', 2, 'ub/Nej8BunZL3H6o+Z7+sg==', 'cardenasg@savefrom.net', 'cardenasg@savefrom.net', 1, 0, '2019-06-07 05:28:54', '2019-06-07 05:28:54', '2019-06-07 05:28:54', '1754-01-01 00:00:00.000', 0, '1754-01-01 00:00:00.000', 0, '1754-01-01 00:00:00.000')
   INSERT INTO dbo.dnn_UserPortals(UserID, PortalID, CreatedDate, Authorised, IsDeleted, RefreshRoles)
   VALUES(@UserID, @PortalID, '2019-06-07 05:28:54', 1, 0, 0)
   INSERT INTO dbo.dnn_UserRoles(UserID, RoleID, IsTrialUsed, CreatedByUserID, CreatedOnDate, LastModifiedByUserID, LastModifiedOnDate, [Status], IsOwner)
   VALUES(@UserId, @MaleRole, 0, 1, '2019-06-07 05:28:54', 1, '2019-06-07 05:28:54', 1, 0)
   INSERT INTO dbo.dnn_UserRoles(UserID, RoleID, IsTrialUsed, CreatedByUserID, CreatedOnDate, LastModifiedByUserID, LastModifiedOnDate, [Status], IsOwner)
   VALUES(@UserId, @ManagerRole, 0, 1, '2019-06-07 05:28:54', 1, '2019-06-07 05:28:54', 1, 0)
   INSERT INTO dbo.dnn_Users(Username, FirstName, LastName, Email, DisplayName, UpdatePassword, LastIPAddress, IsDeleted, CreatedByUserID, CreatedOnDate, LastModifiedByUserID, LastModifiedOnDate, PasswordResetToken, PasswordResetExpiration)
   VALUES('jake.pacheco@haber7.com', 'Jake', 'Pacheco', 'jake.pacheco@haber7.com', 'Jake Pacheco', 0, '', 0, 1, '2019-06-07 05:28:54', 1, '2019-06-07 05:28:54', NULL, NULL)
   SELECT @UserID = SCOPE_IDENTITY()
   INSERT INTO dbo.aspnet_Users(ApplicationID, UserName, LoweredUserName, IsAnonymous, LastActivityDate)
   VALUES(@ApplicationId, 'jake.pacheco@haber7.com', 'jake.pacheco@haber7.com', 0, '2019-06-07 05:28:54')
   SELECT @AspNetUserID = UserId FROM aspnet_Users WHERE Username = 'jake.pacheco@haber7.com'
   INSERT INTO dbo.aspnet_Membership(ApplicationID, UserID, Password, PasswordFormat, PasswordSalt, Email, LoweredEmail, IsApproved, IsLockedOut, CreateDate, LastLoginDate, LastPasswordChangedDate, LastLockoutDate, FailedPasswordAttemptCount, FailedPasswordAttemptWindowStart, FailedPasswordAnswerAttemptCount, FailedPasswordAnswerAttemptWindowStart)
   VALUES(@ApplicationID, @AspNetUserID, 'aMoPu/jMK8Yc4dxEEtAWm+RvKkFRjT38n/c1ORi3HgGWXJI15kNozQ==', 2, 'ub/Nej8BunZL3H6o+Z7+sg==', 'jake.pacheco@haber7.com', 'jake.pacheco@haber7.com', 1, 0, '2019-06-07 05:28:54', '2019-06-07 05:28:54', '2019-06-07 05:28:54', '1754-01-01 00:00:00.000', 0, '1754-01-01 00:00:00.000', 0, '1754-01-01 00:00:00.000')
   INSERT INTO dbo.dnn_UserPortals(UserID, PortalID, CreatedDate, Authorised, IsDeleted, RefreshRoles)
   VALUES(@UserID, @PortalID, '2019-06-07 05:28:54', 1, 0, 0)
   INSERT INTO dbo.dnn_UserRoles(UserID, RoleID, IsTrialUsed, CreatedByUserID, CreatedOnDate, LastModifiedByUserID, LastModifiedOnDate, [Status], IsOwner)
   VALUES(@UserId, @MaleRole, 0, 1, '2019-06-07 05:28:54', 1, '2019-06-07 05:28:54', 1, 0)
   INSERT INTO dbo.dnn_Users(Username, FirstName, LastName, Email, DisplayName, UpdatePassword, LastIPAddress, IsDeleted, CreatedByUserID, CreatedOnDate, LastModifiedByUserID, LastModifiedOnDate, PasswordResetToken, PasswordResetExpiration)
   VALUES('l.cross@answers.com', 'Lionel', 'Cross', 'l.cross@answers.com', 'Lionel Cross', 0, '', 0, 1, '2019-06-07 05:28:54', 1, '2019-06-07 05:28:54', NULL, NULL)
   SELECT @UserID = SCOPE_IDENTITY()
   INSERT INTO dbo.aspnet_Users(ApplicationID, UserName, LoweredUserName, IsAnonymous, LastActivityDate)
   VALUES(@ApplicationId, 'l.cross@answers.com', 'l.cross@answers.com', 0, '2019-06-07 05:28:54')
   SELECT @AspNetUserID = UserId FROM aspnet_Users WHERE Username = 'l.cross@answers.com'
   INSERT INTO dbo.aspnet_Membership(ApplicationID, UserID, Password, PasswordFormat, PasswordSalt, Email, LoweredEmail, IsApproved, IsLockedOut, CreateDate, LastLoginDate, LastPasswordChangedDate, LastLockoutDate, FailedPasswordAttemptCount, FailedPasswordAttemptWindowStart, FailedPasswordAnswerAttemptCount, FailedPasswordAnswerAttemptWindowStart)
   VALUES(@ApplicationID, @AspNetUserID, 'aMoPu/jMK8Yc4dxEEtAWm+RvKkFRjT38n/c1ORi3HgGWXJI15kNozQ==', 2, 'ub/Nej8BunZL3H6o+Z7+sg==', 'l.cross@answers.com', 'l.cross@answers.com', 1, 0, '2019-06-07 05:28:54', '2019-06-07 05:28:54', '2019-06-07 05:28:54', '1754-01-01 00:00:00.000', 0, '1754-01-01 00:00:00.000', 0, '1754-01-01 00:00:00.000')
   INSERT INTO dbo.dnn_UserPortals(UserID, PortalID, CreatedDate, Authorised, IsDeleted, RefreshRoles)
   VALUES(@UserID, @PortalID, '2019-06-07 05:28:54', 1, 0, 0)
   INSERT INTO dbo.dnn_UserRoles(UserID, RoleID, IsTrialUsed, CreatedByUserID, CreatedOnDate, LastModifiedByUserID, LastModifiedOnDate, [Status], IsOwner)
   VALUES(@UserId, @MaleRole, 0, 1, '2019-06-07 05:28:54', 1, '2019-06-07 05:28:54', 1, 0)
   INSERT INTO dbo.dnn_Users(Username, FirstName, LastName, Email, DisplayName, UpdatePassword, LastIPAddress, IsDeleted, CreatedByUserID, CreatedOnDate, LastModifiedByUserID, LastModifiedOnDate, PasswordResetToken, PasswordResetExpiration)
   VALUES('calderonm@google.sk', 'Marty', 'Calderon', 'calderonm@google.sk', 'Marty Calderon', 0, '', 0, 1, '2019-06-07 05:28:54', 1, '2019-06-07 05:28:54', NULL, NULL)
   SELECT @UserID = SCOPE_IDENTITY()
   INSERT INTO dbo.aspnet_Users(ApplicationID, UserName, LoweredUserName, IsAnonymous, LastActivityDate)
   VALUES(@ApplicationId, 'calderonm@google.sk', 'calderonm@google.sk', 0, '2019-06-07 05:28:54')
   SELECT @AspNetUserID = UserId FROM aspnet_Users WHERE Username = 'calderonm@google.sk'
   INSERT INTO dbo.aspnet_Membership(ApplicationID, UserID, Password, PasswordFormat, PasswordSalt, Email, LoweredEmail, IsApproved, IsLockedOut, CreateDate, LastLoginDate, LastPasswordChangedDate, LastLockoutDate, FailedPasswordAttemptCount, FailedPasswordAttemptWindowStart, FailedPasswordAnswerAttemptCount, FailedPasswordAnswerAttemptWindowStart)
   VALUES(@ApplicationID, @AspNetUserID, 'aMoPu/jMK8Yc4dxEEtAWm+RvKkFRjT38n/c1ORi3HgGWXJI15kNozQ==', 2, 'ub/Nej8BunZL3H6o+Z7+sg==', 'calderonm@google.sk', 'calderonm@google.sk', 1, 0, '2019-06-07 05:28:54', '2019-06-07 05:28:54', '2019-06-07 05:28:54', '1754-01-01 00:00:00.000', 0, '1754-01-01 00:00:00.000', 0, '1754-01-01 00:00:00.000')
   INSERT INTO dbo.dnn_UserPortals(UserID, PortalID, CreatedDate, Authorised, IsDeleted, RefreshRoles)
   VALUES(@UserID, @PortalID, '2019-06-07 05:28:54', 1, 0, 0)
   INSERT INTO dbo.dnn_UserRoles(UserID, RoleID, IsTrialUsed, CreatedByUserID, CreatedOnDate, LastModifiedByUserID, LastModifiedOnDate, [Status], IsOwner)
   VALUES(@UserId, @MaleRole, 0, 1, '2019-06-07 05:28:54', 1, '2019-06-07 05:28:54', 1, 0)
   INSERT INTO dbo.dnn_Users(Username, FirstName, LastName, Email, DisplayName, UpdatePassword, LastIPAddress, IsDeleted, CreatedByUserID, CreatedOnDate, LastModifiedByUserID, LastModifiedOnDate, PasswordResetToken, PasswordResetExpiration)
   VALUES('taylor.quinn@kissanime.to', 'Taylor', 'Quinn', 'taylor.quinn@kissanime.to', 'Taylor Quinn', 0, '', 0, 1, '2019-06-07 05:28:54', 1, '2019-06-07 05:28:54', NULL, NULL)
   SELECT @UserID = SCOPE_IDENTITY()
   INSERT INTO dbo.aspnet_Users(ApplicationID, UserName, LoweredUserName, IsAnonymous, LastActivityDate)
   VALUES(@ApplicationId, 'taylor.quinn@kissanime.to', 'taylor.quinn@kissanime.to', 0, '2019-06-07 05:28:54')
   SELECT @AspNetUserID = UserId FROM aspnet_Users WHERE Username = 'taylor.quinn@kissanime.to'
   INSERT INTO dbo.aspnet_Membership(ApplicationID, UserID, Password, PasswordFormat, PasswordSalt, Email, LoweredEmail, IsApproved, IsLockedOut, CreateDate, LastLoginDate, LastPasswordChangedDate, LastLockoutDate, FailedPasswordAttemptCount, FailedPasswordAttemptWindowStart, FailedPasswordAnswerAttemptCount, FailedPasswordAnswerAttemptWindowStart)
   VALUES(@ApplicationID, @AspNetUserID, 'aMoPu/jMK8Yc4dxEEtAWm+RvKkFRjT38n/c1ORi3HgGWXJI15kNozQ==', 2, 'ub/Nej8BunZL3H6o+Z7+sg==', 'taylor.quinn@kissanime.to', 'taylor.quinn@kissanime.to', 1, 0, '2019-06-07 05:28:54', '2019-06-07 05:28:54', '2019-06-07 05:28:54', '1754-01-01 00:00:00.000', 0, '1754-01-01 00:00:00.000', 0, '1754-01-01 00:00:00.000')
   INSERT INTO dbo.dnn_UserPortals(UserID, PortalID, CreatedDate, Authorised, IsDeleted, RefreshRoles)
   VALUES(@UserID, @PortalID, '2019-06-07 05:28:54', 1, 0, 0)
   INSERT INTO dbo.dnn_UserRoles(UserID, RoleID, IsTrialUsed, CreatedByUserID, CreatedOnDate, LastModifiedByUserID, LastModifiedOnDate, [Status], IsOwner)
   VALUES(@UserId, @MaleRole, 0, 1, '2019-06-07 05:28:54', 1, '2019-06-07 05:28:54', 1, 0)
   INSERT INTO dbo.dnn_Users(Username, FirstName, LastName, Email, DisplayName, UpdatePassword, LastIPAddress, IsDeleted, CreatedByUserID, CreatedOnDate, LastModifiedByUserID, LastModifiedOnDate, PasswordResetToken, PasswordResetExpiration)
   VALUES('e.moss@marca.com', 'Ellis', 'Moss', 'e.moss@marca.com', 'Ellis Moss', 0, '', 0, 1, '2019-06-07 05:28:54', 1, '2019-06-07 05:28:54', NULL, NULL)
   SELECT @UserID = SCOPE_IDENTITY()
   INSERT INTO dbo.aspnet_Users(ApplicationID, UserName, LoweredUserName, IsAnonymous, LastActivityDate)
   VALUES(@ApplicationId, 'e.moss@marca.com', 'e.moss@marca.com', 0, '2019-06-07 05:28:54')
   SELECT @AspNetUserID = UserId FROM aspnet_Users WHERE Username = 'e.moss@marca.com'
   INSERT INTO dbo.aspnet_Membership(ApplicationID, UserID, Password, PasswordFormat, PasswordSalt, Email, LoweredEmail, IsApproved, IsLockedOut, CreateDate, LastLoginDate, LastPasswordChangedDate, LastLockoutDate, FailedPasswordAttemptCount, FailedPasswordAttemptWindowStart, FailedPasswordAnswerAttemptCount, FailedPasswordAnswerAttemptWindowStart)
   VALUES(@ApplicationID, @AspNetUserID, 'aMoPu/jMK8Yc4dxEEtAWm+RvKkFRjT38n/c1ORi3HgGWXJI15kNozQ==', 2, 'ub/Nej8BunZL3H6o+Z7+sg==', 'e.moss@marca.com', 'e.moss@marca.com', 1, 0, '2019-06-07 05:28:54', '2019-06-07 05:28:54', '2019-06-07 05:28:54', '1754-01-01 00:00:00.000', 0, '1754-01-01 00:00:00.000', 0, '1754-01-01 00:00:00.000')
   INSERT INTO dbo.dnn_UserPortals(UserID, PortalID, CreatedDate, Authorised, IsDeleted, RefreshRoles)
   VALUES(@UserID, @PortalID, '2019-06-07 05:28:54', 1, 0, 0)
   INSERT INTO dbo.dnn_UserRoles(UserID, RoleID, IsTrialUsed, CreatedByUserID, CreatedOnDate, LastModifiedByUserID, LastModifiedOnDate, [Status], IsOwner)
   VALUES(@UserId, @MaleRole, 0, 1, '2019-06-07 05:28:54', 1, '2019-06-07 05:28:54', 1, 0)
   INSERT INTO dbo.dnn_Users(Username, FirstName, LastName, Email, DisplayName, UpdatePassword, LastIPAddress, IsDeleted, CreatedByUserID, CreatedOnDate, LastModifiedByUserID, LastModifiedOnDate, PasswordResetToken, PasswordResetExpiration)
   VALUES('swansond@k618.cn', 'Dallas', 'Swanson', 'swansond@k618.cn', 'Dallas Swanson', 0, '', 0, 1, '2019-06-07 05:28:54', 1, '2019-06-07 05:28:54', NULL, NULL)
   SELECT @UserID = SCOPE_IDENTITY()
   INSERT INTO dbo.aspnet_Users(ApplicationID, UserName, LoweredUserName, IsAnonymous, LastActivityDate)
   VALUES(@ApplicationId, 'swansond@k618.cn', 'swansond@k618.cn', 0, '2019-06-07 05:28:54')
   SELECT @AspNetUserID = UserId FROM aspnet_Users WHERE Username = 'swansond@k618.cn'
   INSERT INTO dbo.aspnet_Membership(ApplicationID, UserID, Password, PasswordFormat, PasswordSalt, Email, LoweredEmail, IsApproved, IsLockedOut, CreateDate, LastLoginDate, LastPasswordChangedDate, LastLockoutDate, FailedPasswordAttemptCount, FailedPasswordAttemptWindowStart, FailedPasswordAnswerAttemptCount, FailedPasswordAnswerAttemptWindowStart)
   VALUES(@ApplicationID, @AspNetUserID, 'aMoPu/jMK8Yc4dxEEtAWm+RvKkFRjT38n/c1ORi3HgGWXJI15kNozQ==', 2, 'ub/Nej8BunZL3H6o+Z7+sg==', 'swansond@k618.cn', 'swansond@k618.cn', 1, 0, '2019-06-07 05:28:54', '2019-06-07 05:28:54', '2019-06-07 05:28:54', '1754-01-01 00:00:00.000', 0, '1754-01-01 00:00:00.000', 0, '1754-01-01 00:00:00.000')
   INSERT INTO dbo.dnn_UserPortals(UserID, PortalID, CreatedDate, Authorised, IsDeleted, RefreshRoles)
   VALUES(@UserID, @PortalID, '2019-06-07 05:28:54', 1, 0, 0)
   INSERT INTO dbo.dnn_UserRoles(UserID, RoleID, IsTrialUsed, CreatedByUserID, CreatedOnDate, LastModifiedByUserID, LastModifiedOnDate, [Status], IsOwner)
   VALUES(@UserId, @MaleRole, 0, 1, '2019-06-07 05:28:54', 1, '2019-06-07 05:28:54', 1, 0)
   INSERT INTO dbo.dnn_Users(Username, FirstName, LastName, Email, DisplayName, UpdatePassword, LastIPAddress, IsDeleted, CreatedByUserID, CreatedOnDate, LastModifiedByUserID, LastModifiedOnDate, PasswordResetToken, PasswordResetExpiration)
   VALUES('gilberto.chan@ebay.in', 'Gilberto', 'Chan', 'gilberto.chan@ebay.in', 'Gilberto Chan', 0, '', 0, 1, '2019-06-07 05:28:54', 1, '2019-06-07 05:28:54', NULL, NULL)
   SELECT @UserID = SCOPE_IDENTITY()
   INSERT INTO dbo.aspnet_Users(ApplicationID, UserName, LoweredUserName, IsAnonymous, LastActivityDate)
   VALUES(@ApplicationId, 'gilberto.chan@ebay.in', 'gilberto.chan@ebay.in', 0, '2019-06-07 05:28:54')
   SELECT @AspNetUserID = UserId FROM aspnet_Users WHERE Username = 'gilberto.chan@ebay.in'
   INSERT INTO dbo.aspnet_Membership(ApplicationID, UserID, Password, PasswordFormat, PasswordSalt, Email, LoweredEmail, IsApproved, IsLockedOut, CreateDate, LastLoginDate, LastPasswordChangedDate, LastLockoutDate, FailedPasswordAttemptCount, FailedPasswordAttemptWindowStart, FailedPasswordAnswerAttemptCount, FailedPasswordAnswerAttemptWindowStart)
   VALUES(@ApplicationID, @AspNetUserID, 'aMoPu/jMK8Yc4dxEEtAWm+RvKkFRjT38n/c1ORi3HgGWXJI15kNozQ==', 2, 'ub/Nej8BunZL3H6o+Z7+sg==', 'gilberto.chan@ebay.in', 'gilberto.chan@ebay.in', 1, 0, '2019-06-07 05:28:54', '2019-06-07 05:28:54', '2019-06-07 05:28:54', '1754-01-01 00:00:00.000', 0, '1754-01-01 00:00:00.000', 0, '1754-01-01 00:00:00.000')
   INSERT INTO dbo.dnn_UserPortals(UserID, PortalID, CreatedDate, Authorised, IsDeleted, RefreshRoles)
   VALUES(@UserID, @PortalID, '2019-06-07 05:28:54', 1, 0, 0)
   INSERT INTO dbo.dnn_UserRoles(UserID, RoleID, IsTrialUsed, CreatedByUserID, CreatedOnDate, LastModifiedByUserID, LastModifiedOnDate, [Status], IsOwner)
   VALUES(@UserId, @MaleRole, 0, 1, '2019-06-07 05:28:54', 1, '2019-06-07 05:28:54', 1, 0)
   INSERT INTO dbo.dnn_Users(Username, FirstName, LastName, Email, DisplayName, UpdatePassword, LastIPAddress, IsDeleted, CreatedByUserID, CreatedOnDate, LastModifiedByUserID, LastModifiedOnDate, PasswordResetToken, PasswordResetExpiration)
   VALUES('c.rivas@ask.fm', 'Clint', 'Rivas', 'c.rivas@ask.fm', 'Clint Rivas', 0, '', 0, 1, '2019-06-07 05:28:54', 1, '2019-06-07 05:28:54', NULL, NULL)
   SELECT @UserID = SCOPE_IDENTITY()
   INSERT INTO dbo.aspnet_Users(ApplicationID, UserName, LoweredUserName, IsAnonymous, LastActivityDate)
   VALUES(@ApplicationId, 'c.rivas@ask.fm', 'c.rivas@ask.fm', 0, '2019-06-07 05:28:54')
   SELECT @AspNetUserID = UserId FROM aspnet_Users WHERE Username = 'c.rivas@ask.fm'
   INSERT INTO dbo.aspnet_Membership(ApplicationID, UserID, Password, PasswordFormat, PasswordSalt, Email, LoweredEmail, IsApproved, IsLockedOut, CreateDate, LastLoginDate, LastPasswordChangedDate, LastLockoutDate, FailedPasswordAttemptCount, FailedPasswordAttemptWindowStart, FailedPasswordAnswerAttemptCount, FailedPasswordAnswerAttemptWindowStart)
   VALUES(@ApplicationID, @AspNetUserID, 'aMoPu/jMK8Yc4dxEEtAWm+RvKkFRjT38n/c1ORi3HgGWXJI15kNozQ==', 2, 'ub/Nej8BunZL3H6o+Z7+sg==', 'c.rivas@ask.fm', 'c.rivas@ask.fm', 1, 0, '2019-06-07 05:28:54', '2019-06-07 05:28:54', '2019-06-07 05:28:54', '1754-01-01 00:00:00.000', 0, '1754-01-01 00:00:00.000', 0, '1754-01-01 00:00:00.000')
   INSERT INTO dbo.dnn_UserPortals(UserID, PortalID, CreatedDate, Authorised, IsDeleted, RefreshRoles)
   VALUES(@UserID, @PortalID, '2019-06-07 05:28:54', 1, 0, 0)
   INSERT INTO dbo.dnn_UserRoles(UserID, RoleID, IsTrialUsed, CreatedByUserID, CreatedOnDate, LastModifiedByUserID, LastModifiedOnDate, [Status], IsOwner)
   VALUES(@UserId, @MaleRole, 0, 1, '2019-06-07 05:28:54', 1, '2019-06-07 05:28:54', 1, 0)
   INSERT INTO dbo.dnn_Users(Username, FirstName, LastName, Email, DisplayName, UpdatePassword, LastIPAddress, IsDeleted, CreatedByUserID, CreatedOnDate, LastModifiedByUserID, LastModifiedOnDate, PasswordResetToken, PasswordResetExpiration)
   VALUES('khann@wetransfer.com', 'Nicolas', 'Khan', 'khann@wetransfer.com', 'Nicolas Khan', 0, '', 0, 1, '2019-06-07 05:28:54', 1, '2019-06-07 05:28:54', NULL, NULL)
   SELECT @UserID = SCOPE_IDENTITY()
   INSERT INTO dbo.aspnet_Users(ApplicationID, UserName, LoweredUserName, IsAnonymous, LastActivityDate)
   VALUES(@ApplicationId, 'khann@wetransfer.com', 'khann@wetransfer.com', 0, '2019-06-07 05:28:54')
   SELECT @AspNetUserID = UserId FROM aspnet_Users WHERE Username = 'khann@wetransfer.com'
   INSERT INTO dbo.aspnet_Membership(ApplicationID, UserID, Password, PasswordFormat, PasswordSalt, Email, LoweredEmail, IsApproved, IsLockedOut, CreateDate, LastLoginDate, LastPasswordChangedDate, LastLockoutDate, FailedPasswordAttemptCount, FailedPasswordAttemptWindowStart, FailedPasswordAnswerAttemptCount, FailedPasswordAnswerAttemptWindowStart)
   VALUES(@ApplicationID, @AspNetUserID, 'aMoPu/jMK8Yc4dxEEtAWm+RvKkFRjT38n/c1ORi3HgGWXJI15kNozQ==', 2, 'ub/Nej8BunZL3H6o+Z7+sg==', 'khann@wetransfer.com', 'khann@wetransfer.com', 1, 0, '2019-06-07 05:28:54', '2019-06-07 05:28:54', '2019-06-07 05:28:54', '1754-01-01 00:00:00.000', 0, '1754-01-01 00:00:00.000', 0, '1754-01-01 00:00:00.000')
   INSERT INTO dbo.dnn_UserPortals(UserID, PortalID, CreatedDate, Authorised, IsDeleted, RefreshRoles)
   VALUES(@UserID, @PortalID, '2019-06-07 05:28:54', 1, 0, 0)
   INSERT INTO dbo.dnn_UserRoles(UserID, RoleID, IsTrialUsed, CreatedByUserID, CreatedOnDate, LastModifiedByUserID, LastModifiedOnDate, [Status], IsOwner)
   VALUES(@UserId, @MaleRole, 0, 1, '2019-06-07 05:28:54', 1, '2019-06-07 05:28:54', 1, 0)
   INSERT INTO dbo.dnn_UserRoles(UserID, RoleID, IsTrialUsed, CreatedByUserID, CreatedOnDate, LastModifiedByUserID, LastModifiedOnDate, [Status], IsOwner)
   VALUES(@UserId, @AcademicRole, 0, 1, '2019-06-07 05:28:54', 1, '2019-06-07 05:28:54', 1, 0)
   INSERT INTO dbo.dnn_Users(Username, FirstName, LastName, Email, DisplayName, UpdatePassword, LastIPAddress, IsDeleted, CreatedByUserID, CreatedOnDate, LastModifiedByUserID, LastModifiedOnDate, PasswordResetToken, PasswordResetExpiration)
   VALUES('laurence.rodgers@adplxmd.com', 'Laurence', 'Rodgers', 'laurence.rodgers@adplxmd.com', 'Laurence Rodgers', 0, '', 0, 1, '2019-06-07 05:28:54', 1, '2019-06-07 05:28:54', NULL, NULL)
   SELECT @UserID = SCOPE_IDENTITY()
   INSERT INTO dbo.aspnet_Users(ApplicationID, UserName, LoweredUserName, IsAnonymous, LastActivityDate)
   VALUES(@ApplicationId, 'laurence.rodgers@adplxmd.com', 'laurence.rodgers@adplxmd.com', 0, '2019-06-07 05:28:54')
   SELECT @AspNetUserID = UserId FROM aspnet_Users WHERE Username = 'laurence.rodgers@adplxmd.com'
   INSERT INTO dbo.aspnet_Membership(ApplicationID, UserID, Password, PasswordFormat, PasswordSalt, Email, LoweredEmail, IsApproved, IsLockedOut, CreateDate, LastLoginDate, LastPasswordChangedDate, LastLockoutDate, FailedPasswordAttemptCount, FailedPasswordAttemptWindowStart, FailedPasswordAnswerAttemptCount, FailedPasswordAnswerAttemptWindowStart)
   VALUES(@ApplicationID, @AspNetUserID, 'aMoPu/jMK8Yc4dxEEtAWm+RvKkFRjT38n/c1ORi3HgGWXJI15kNozQ==', 2, 'ub/Nej8BunZL3H6o+Z7+sg==', 'laurence.rodgers@adplxmd.com', 'laurence.rodgers@adplxmd.com', 1, 0, '2019-06-07 05:28:54', '2019-06-07 05:28:54', '2019-06-07 05:28:54', '1754-01-01 00:00:00.000', 0, '1754-01-01 00:00:00.000', 0, '1754-01-01 00:00:00.000')
   INSERT INTO dbo.dnn_UserPortals(UserID, PortalID, CreatedDate, Authorised, IsDeleted, RefreshRoles)
   VALUES(@UserID, @PortalID, '2019-06-07 05:28:54', 1, 0, 0)
   INSERT INTO dbo.dnn_UserRoles(UserID, RoleID, IsTrialUsed, CreatedByUserID, CreatedOnDate, LastModifiedByUserID, LastModifiedOnDate, [Status], IsOwner)
   VALUES(@UserId, @MaleRole, 0, 1, '2019-06-07 05:28:54', 1, '2019-06-07 05:28:54', 1, 0)
   INSERT INTO dbo.dnn_UserRoles(UserID, RoleID, IsTrialUsed, CreatedByUserID, CreatedOnDate, LastModifiedByUserID, LastModifiedOnDate, [Status], IsOwner)
   VALUES(@UserId, @ManagerRole, 0, 1, '2019-06-07 05:28:54', 1, '2019-06-07 05:28:54', 1, 0)
   INSERT INTO dbo.dnn_Users(Username, FirstName, LastName, Email, DisplayName, UpdatePassword, LastIPAddress, IsDeleted, CreatedByUserID, CreatedOnDate, LastModifiedByUserID, LastModifiedOnDate, PasswordResetToken, PasswordResetExpiration)
   VALUES('i.serrano@spiegel.de', 'Ismael', 'Serrano', 'i.serrano@spiegel.de', 'Ismael Serrano', 0, '', 0, 1, '2019-06-07 05:28:54', 1, '2019-06-07 05:28:54', NULL, NULL)
   SELECT @UserID = SCOPE_IDENTITY()
   INSERT INTO dbo.aspnet_Users(ApplicationID, UserName, LoweredUserName, IsAnonymous, LastActivityDate)
   VALUES(@ApplicationId, 'i.serrano@spiegel.de', 'i.serrano@spiegel.de', 0, '2019-06-07 05:28:54')
   SELECT @AspNetUserID = UserId FROM aspnet_Users WHERE Username = 'i.serrano@spiegel.de'
   INSERT INTO dbo.aspnet_Membership(ApplicationID, UserID, Password, PasswordFormat, PasswordSalt, Email, LoweredEmail, IsApproved, IsLockedOut, CreateDate, LastLoginDate, LastPasswordChangedDate, LastLockoutDate, FailedPasswordAttemptCount, FailedPasswordAttemptWindowStart, FailedPasswordAnswerAttemptCount, FailedPasswordAnswerAttemptWindowStart)
   VALUES(@ApplicationID, @AspNetUserID, 'aMoPu/jMK8Yc4dxEEtAWm+RvKkFRjT38n/c1ORi3HgGWXJI15kNozQ==', 2, 'ub/Nej8BunZL3H6o+Z7+sg==', 'i.serrano@spiegel.de', 'i.serrano@spiegel.de', 1, 0, '2019-06-07 05:28:54', '2019-06-07 05:28:54', '2019-06-07 05:28:54', '1754-01-01 00:00:00.000', 0, '1754-01-01 00:00:00.000', 0, '1754-01-01 00:00:00.000')
   INSERT INTO dbo.dnn_UserPortals(UserID, PortalID, CreatedDate, Authorised, IsDeleted, RefreshRoles)
   VALUES(@UserID, @PortalID, '2019-06-07 05:28:54', 1, 0, 0)
   INSERT INTO dbo.dnn_UserRoles(UserID, RoleID, IsTrialUsed, CreatedByUserID, CreatedOnDate, LastModifiedByUserID, LastModifiedOnDate, [Status], IsOwner)
   VALUES(@UserId, @MaleRole, 0, 1, '2019-06-07 05:28:54', 1, '2019-06-07 05:28:54', 1, 0)
   INSERT INTO dbo.dnn_Users(Username, FirstName, LastName, Email, DisplayName, UpdatePassword, LastIPAddress, IsDeleted, CreatedByUserID, CreatedOnDate, LastModifiedByUserID, LastModifiedOnDate, PasswordResetToken, PasswordResetExpiration)
   VALUES('fitzgeraldo@bild.de', 'Orville', 'Fitzgerald', 'fitzgeraldo@bild.de', 'Orville Fitzgerald', 0, '', 0, 1, '2019-06-07 05:28:54', 1, '2019-06-07 05:28:54', NULL, NULL)
   SELECT @UserID = SCOPE_IDENTITY()
   INSERT INTO dbo.aspnet_Users(ApplicationID, UserName, LoweredUserName, IsAnonymous, LastActivityDate)
   VALUES(@ApplicationId, 'fitzgeraldo@bild.de', 'fitzgeraldo@bild.de', 0, '2019-06-07 05:28:54')
   SELECT @AspNetUserID = UserId FROM aspnet_Users WHERE Username = 'fitzgeraldo@bild.de'
   INSERT INTO dbo.aspnet_Membership(ApplicationID, UserID, Password, PasswordFormat, PasswordSalt, Email, LoweredEmail, IsApproved, IsLockedOut, CreateDate, LastLoginDate, LastPasswordChangedDate, LastLockoutDate, FailedPasswordAttemptCount, FailedPasswordAttemptWindowStart, FailedPasswordAnswerAttemptCount, FailedPasswordAnswerAttemptWindowStart)
   VALUES(@ApplicationID, @AspNetUserID, 'aMoPu/jMK8Yc4dxEEtAWm+RvKkFRjT38n/c1ORi3HgGWXJI15kNozQ==', 2, 'ub/Nej8BunZL3H6o+Z7+sg==', 'fitzgeraldo@bild.de', 'fitzgeraldo@bild.de', 1, 0, '2019-06-07 05:28:54', '2019-06-07 05:28:54', '2019-06-07 05:28:54', '1754-01-01 00:00:00.000', 0, '1754-01-01 00:00:00.000', 0, '1754-01-01 00:00:00.000')
   INSERT INTO dbo.dnn_UserPortals(UserID, PortalID, CreatedDate, Authorised, IsDeleted, RefreshRoles)
   VALUES(@UserID, @PortalID, '2019-06-07 05:28:54', 1, 0, 0)
   INSERT INTO dbo.dnn_UserRoles(UserID, RoleID, IsTrialUsed, CreatedByUserID, CreatedOnDate, LastModifiedByUserID, LastModifiedOnDate, [Status], IsOwner)
   VALUES(@UserId, @MaleRole, 0, 1, '2019-06-07 05:28:54', 1, '2019-06-07 05:28:54', 1, 0)
   INSERT INTO dbo.dnn_Users(Username, FirstName, LastName, Email, DisplayName, UpdatePassword, LastIPAddress, IsDeleted, CreatedByUserID, CreatedOnDate, LastModifiedByUserID, LastModifiedOnDate, PasswordResetToken, PasswordResetExpiration)
   VALUES('drew.rosales@livedoor.com', 'Drew', 'Rosales', 'drew.rosales@livedoor.com', 'Drew Rosales', 0, '', 0, 1, '2019-06-07 05:28:54', 1, '2019-06-07 05:28:54', NULL, NULL)
   SELECT @UserID = SCOPE_IDENTITY()
   INSERT INTO dbo.aspnet_Users(ApplicationID, UserName, LoweredUserName, IsAnonymous, LastActivityDate)
   VALUES(@ApplicationId, 'drew.rosales@livedoor.com', 'drew.rosales@livedoor.com', 0, '2019-06-07 05:28:54')
   SELECT @AspNetUserID = UserId FROM aspnet_Users WHERE Username = 'drew.rosales@livedoor.com'
   INSERT INTO dbo.aspnet_Membership(ApplicationID, UserID, Password, PasswordFormat, PasswordSalt, Email, LoweredEmail, IsApproved, IsLockedOut, CreateDate, LastLoginDate, LastPasswordChangedDate, LastLockoutDate, FailedPasswordAttemptCount, FailedPasswordAttemptWindowStart, FailedPasswordAnswerAttemptCount, FailedPasswordAnswerAttemptWindowStart)
   VALUES(@ApplicationID, @AspNetUserID, 'aMoPu/jMK8Yc4dxEEtAWm+RvKkFRjT38n/c1ORi3HgGWXJI15kNozQ==', 2, 'ub/Nej8BunZL3H6o+Z7+sg==', 'drew.rosales@livedoor.com', 'drew.rosales@livedoor.com', 1, 0, '2019-06-07 05:28:54', '2019-06-07 05:28:54', '2019-06-07 05:28:54', '1754-01-01 00:00:00.000', 0, '1754-01-01 00:00:00.000', 0, '1754-01-01 00:00:00.000')
   INSERT INTO dbo.dnn_UserPortals(UserID, PortalID, CreatedDate, Authorised, IsDeleted, RefreshRoles)
   VALUES(@UserID, @PortalID, '2019-06-07 05:28:54', 1, 0, 0)
   INSERT INTO dbo.dnn_UserRoles(UserID, RoleID, IsTrialUsed, CreatedByUserID, CreatedOnDate, LastModifiedByUserID, LastModifiedOnDate, [Status], IsOwner)
   VALUES(@UserId, @MaleRole, 0, 1, '2019-06-07 05:28:54', 1, '2019-06-07 05:28:54', 1, 0)
   INSERT INTO dbo.dnn_Users(Username, FirstName, LastName, Email, DisplayName, UpdatePassword, LastIPAddress, IsDeleted, CreatedByUserID, CreatedOnDate, LastModifiedByUserID, LastModifiedOnDate, PasswordResetToken, PasswordResetExpiration)
   VALUES('j.stevenson@ouo.io', 'Jody', 'Stevenson', 'j.stevenson@ouo.io', 'Jody Stevenson', 0, '', 0, 1, '2019-06-07 05:28:54', 1, '2019-06-07 05:28:54', NULL, NULL)
   SELECT @UserID = SCOPE_IDENTITY()
   INSERT INTO dbo.aspnet_Users(ApplicationID, UserName, LoweredUserName, IsAnonymous, LastActivityDate)
   VALUES(@ApplicationId, 'j.stevenson@ouo.io', 'j.stevenson@ouo.io', 0, '2019-06-07 05:28:54')
   SELECT @AspNetUserID = UserId FROM aspnet_Users WHERE Username = 'j.stevenson@ouo.io'
   INSERT INTO dbo.aspnet_Membership(ApplicationID, UserID, Password, PasswordFormat, PasswordSalt, Email, LoweredEmail, IsApproved, IsLockedOut, CreateDate, LastLoginDate, LastPasswordChangedDate, LastLockoutDate, FailedPasswordAttemptCount, FailedPasswordAttemptWindowStart, FailedPasswordAnswerAttemptCount, FailedPasswordAnswerAttemptWindowStart)
   VALUES(@ApplicationID, @AspNetUserID, 'aMoPu/jMK8Yc4dxEEtAWm+RvKkFRjT38n/c1ORi3HgGWXJI15kNozQ==', 2, 'ub/Nej8BunZL3H6o+Z7+sg==', 'j.stevenson@ouo.io', 'j.stevenson@ouo.io', 1, 0, '2019-06-07 05:28:54', '2019-06-07 05:28:54', '2019-06-07 05:28:54', '1754-01-01 00:00:00.000', 0, '1754-01-01 00:00:00.000', 0, '1754-01-01 00:00:00.000')
   INSERT INTO dbo.dnn_UserPortals(UserID, PortalID, CreatedDate, Authorised, IsDeleted, RefreshRoles)
   VALUES(@UserID, @PortalID, '2019-06-07 05:28:54', 1, 0, 0)
   INSERT INTO dbo.dnn_UserRoles(UserID, RoleID, IsTrialUsed, CreatedByUserID, CreatedOnDate, LastModifiedByUserID, LastModifiedOnDate, [Status], IsOwner)
   VALUES(@UserId, @MaleRole, 0, 1, '2019-06-07 05:28:54', 1, '2019-06-07 05:28:54', 1, 0)
   INSERT INTO dbo.dnn_Users(Username, FirstName, LastName, Email, DisplayName, UpdatePassword, LastIPAddress, IsDeleted, CreatedByUserID, CreatedOnDate, LastModifiedByUserID, LastModifiedOnDate, PasswordResetToken, PasswordResetExpiration)
   VALUES('christensene@nownews.com', 'Ervin', 'Christensen', 'christensene@nownews.com', 'Ervin Christensen', 0, '', 0, 1, '2019-06-07 05:28:54', 1, '2019-06-07 05:28:54', NULL, NULL)
   SELECT @UserID = SCOPE_IDENTITY()
   INSERT INTO dbo.aspnet_Users(ApplicationID, UserName, LoweredUserName, IsAnonymous, LastActivityDate)
   VALUES(@ApplicationId, 'christensene@nownews.com', 'christensene@nownews.com', 0, '2019-06-07 05:28:54')
   SELECT @AspNetUserID = UserId FROM aspnet_Users WHERE Username = 'christensene@nownews.com'
   INSERT INTO dbo.aspnet_Membership(ApplicationID, UserID, Password, PasswordFormat, PasswordSalt, Email, LoweredEmail, IsApproved, IsLockedOut, CreateDate, LastLoginDate, LastPasswordChangedDate, LastLockoutDate, FailedPasswordAttemptCount, FailedPasswordAttemptWindowStart, FailedPasswordAnswerAttemptCount, FailedPasswordAnswerAttemptWindowStart)
   VALUES(@ApplicationID, @AspNetUserID, 'aMoPu/jMK8Yc4dxEEtAWm+RvKkFRjT38n/c1ORi3HgGWXJI15kNozQ==', 2, 'ub/Nej8BunZL3H6o+Z7+sg==', 'christensene@nownews.com', 'christensene@nownews.com', 1, 0, '2019-06-07 05:28:54', '2019-06-07 05:28:54', '2019-06-07 05:28:54', '1754-01-01 00:00:00.000', 0, '1754-01-01 00:00:00.000', 0, '1754-01-01 00:00:00.000')
   INSERT INTO dbo.dnn_UserPortals(UserID, PortalID, CreatedDate, Authorised, IsDeleted, RefreshRoles)
   VALUES(@UserID, @PortalID, '2019-06-07 05:28:54', 1, 0, 0)
   INSERT INTO dbo.dnn_UserRoles(UserID, RoleID, IsTrialUsed, CreatedByUserID, CreatedOnDate, LastModifiedByUserID, LastModifiedOnDate, [Status], IsOwner)
   VALUES(@UserId, @MaleRole, 0, 1, '2019-06-07 05:28:54', 1, '2019-06-07 05:28:54', 1, 0)
   INSERT INTO dbo.dnn_Users(Username, FirstName, LastName, Email, DisplayName, UpdatePassword, LastIPAddress, IsDeleted, CreatedByUserID, CreatedOnDate, LastModifiedByUserID, LastModifiedOnDate, PasswordResetToken, PasswordResetExpiration)
   VALUES('dewey.manning@elpais.com', 'Dewey', 'Manning', 'dewey.manning@elpais.com', 'Dewey Manning', 0, '', 0, 1, '2019-06-07 05:28:54', 1, '2019-06-07 05:28:54', NULL, NULL)
   SELECT @UserID = SCOPE_IDENTITY()
   INSERT INTO dbo.aspnet_Users(ApplicationID, UserName, LoweredUserName, IsAnonymous, LastActivityDate)
   VALUES(@ApplicationId, 'dewey.manning@elpais.com', 'dewey.manning@elpais.com', 0, '2019-06-07 05:28:54')
   SELECT @AspNetUserID = UserId FROM aspnet_Users WHERE Username = 'dewey.manning@elpais.com'
   INSERT INTO dbo.aspnet_Membership(ApplicationID, UserID, Password, PasswordFormat, PasswordSalt, Email, LoweredEmail, IsApproved, IsLockedOut, CreateDate, LastLoginDate, LastPasswordChangedDate, LastLockoutDate, FailedPasswordAttemptCount, FailedPasswordAttemptWindowStart, FailedPasswordAnswerAttemptCount, FailedPasswordAnswerAttemptWindowStart)
   VALUES(@ApplicationID, @AspNetUserID, 'aMoPu/jMK8Yc4dxEEtAWm+RvKkFRjT38n/c1ORi3HgGWXJI15kNozQ==', 2, 'ub/Nej8BunZL3H6o+Z7+sg==', 'dewey.manning@elpais.com', 'dewey.manning@elpais.com', 1, 0, '2019-06-07 05:28:54', '2019-06-07 05:28:54', '2019-06-07 05:28:54', '1754-01-01 00:00:00.000', 0, '1754-01-01 00:00:00.000', 0, '1754-01-01 00:00:00.000')
   INSERT INTO dbo.dnn_UserPortals(UserID, PortalID, CreatedDate, Authorised, IsDeleted, RefreshRoles)
   VALUES(@UserID, @PortalID, '2019-06-07 05:28:54', 1, 0, 0)
   INSERT INTO dbo.dnn_UserRoles(UserID, RoleID, IsTrialUsed, CreatedByUserID, CreatedOnDate, LastModifiedByUserID, LastModifiedOnDate, [Status], IsOwner)
   VALUES(@UserId, @MaleRole, 0, 1, '2019-06-07 05:28:54', 1, '2019-06-07 05:28:54', 1, 0)
   INSERT INTO dbo.dnn_Users(Username, FirstName, LastName, Email, DisplayName, UpdatePassword, LastIPAddress, IsDeleted, CreatedByUserID, CreatedOnDate, LastModifiedByUserID, LastModifiedOnDate, PasswordResetToken, PasswordResetExpiration)
   VALUES('a.gill@thesaurus.com', 'Al', 'Gill', 'a.gill@thesaurus.com', 'Al Gill', 0, '', 0, 1, '2019-06-07 05:28:54', 1, '2019-06-07 05:28:54', NULL, NULL)
   SELECT @UserID = SCOPE_IDENTITY()
   INSERT INTO dbo.aspnet_Users(ApplicationID, UserName, LoweredUserName, IsAnonymous, LastActivityDate)
   VALUES(@ApplicationId, 'a.gill@thesaurus.com', 'a.gill@thesaurus.com', 0, '2019-06-07 05:28:54')
   SELECT @AspNetUserID = UserId FROM aspnet_Users WHERE Username = 'a.gill@thesaurus.com'
   INSERT INTO dbo.aspnet_Membership(ApplicationID, UserID, Password, PasswordFormat, PasswordSalt, Email, LoweredEmail, IsApproved, IsLockedOut, CreateDate, LastLoginDate, LastPasswordChangedDate, LastLockoutDate, FailedPasswordAttemptCount, FailedPasswordAttemptWindowStart, FailedPasswordAnswerAttemptCount, FailedPasswordAnswerAttemptWindowStart)
   VALUES(@ApplicationID, @AspNetUserID, 'aMoPu/jMK8Yc4dxEEtAWm+RvKkFRjT38n/c1ORi3HgGWXJI15kNozQ==', 2, 'ub/Nej8BunZL3H6o+Z7+sg==', 'a.gill@thesaurus.com', 'a.gill@thesaurus.com', 1, 0, '2019-06-07 05:28:54', '2019-06-07 05:28:54', '2019-06-07 05:28:54', '1754-01-01 00:00:00.000', 0, '1754-01-01 00:00:00.000', 0, '1754-01-01 00:00:00.000')
   INSERT INTO dbo.dnn_UserPortals(UserID, PortalID, CreatedDate, Authorised, IsDeleted, RefreshRoles)
   VALUES(@UserID, @PortalID, '2019-06-07 05:28:54', 1, 0, 0)
   INSERT INTO dbo.dnn_UserRoles(UserID, RoleID, IsTrialUsed, CreatedByUserID, CreatedOnDate, LastModifiedByUserID, LastModifiedOnDate, [Status], IsOwner)
   VALUES(@UserId, @MaleRole, 0, 1, '2019-06-07 05:28:54', 1, '2019-06-07 05:28:54', 1, 0)
   INSERT INTO dbo.dnn_Users(Username, FirstName, LastName, Email, DisplayName, UpdatePassword, LastIPAddress, IsDeleted, CreatedByUserID, CreatedOnDate, LastModifiedByUserID, LastModifiedOnDate, PasswordResetToken, PasswordResetExpiration)
   VALUES('curryw@rt.com', 'Wilfred', 'Curry', 'curryw@rt.com', 'Wilfred Curry', 0, '', 0, 1, '2019-06-07 05:28:54', 1, '2019-06-07 05:28:54', NULL, NULL)
   SELECT @UserID = SCOPE_IDENTITY()
   INSERT INTO dbo.aspnet_Users(ApplicationID, UserName, LoweredUserName, IsAnonymous, LastActivityDate)
   VALUES(@ApplicationId, 'curryw@rt.com', 'curryw@rt.com', 0, '2019-06-07 05:28:54')
   SELECT @AspNetUserID = UserId FROM aspnet_Users WHERE Username = 'curryw@rt.com'
   INSERT INTO dbo.aspnet_Membership(ApplicationID, UserID, Password, PasswordFormat, PasswordSalt, Email, LoweredEmail, IsApproved, IsLockedOut, CreateDate, LastLoginDate, LastPasswordChangedDate, LastLockoutDate, FailedPasswordAttemptCount, FailedPasswordAttemptWindowStart, FailedPasswordAnswerAttemptCount, FailedPasswordAnswerAttemptWindowStart)
   VALUES(@ApplicationID, @AspNetUserID, 'aMoPu/jMK8Yc4dxEEtAWm+RvKkFRjT38n/c1ORi3HgGWXJI15kNozQ==', 2, 'ub/Nej8BunZL3H6o+Z7+sg==', 'curryw@rt.com', 'curryw@rt.com', 1, 0, '2019-06-07 05:28:54', '2019-06-07 05:28:54', '2019-06-07 05:28:54', '1754-01-01 00:00:00.000', 0, '1754-01-01 00:00:00.000', 0, '1754-01-01 00:00:00.000')
   INSERT INTO dbo.dnn_UserPortals(UserID, PortalID, CreatedDate, Authorised, IsDeleted, RefreshRoles)
   VALUES(@UserID, @PortalID, '2019-06-07 05:28:54', 1, 0, 0)
   INSERT INTO dbo.dnn_UserRoles(UserID, RoleID, IsTrialUsed, CreatedByUserID, CreatedOnDate, LastModifiedByUserID, LastModifiedOnDate, [Status], IsOwner)
   VALUES(@UserId, @MaleRole, 0, 1, '2019-06-07 05:28:54', 1, '2019-06-07 05:28:54', 1, 0)
   INSERT INTO dbo.dnn_Users(Username, FirstName, LastName, Email, DisplayName, UpdatePassword, LastIPAddress, IsDeleted, CreatedByUserID, CreatedOnDate, LastModifiedByUserID, LastModifiedOnDate, PasswordResetToken, PasswordResetExpiration)
   VALUES('josh.mclaughlin@amazon.ca', 'Josh', 'Mclaughlin', 'josh.mclaughlin@amazon.ca', 'Josh Mclaughlin', 0, '', 0, 1, '2019-06-07 05:28:54', 1, '2019-06-07 05:28:54', NULL, NULL)
   SELECT @UserID = SCOPE_IDENTITY()
   INSERT INTO dbo.aspnet_Users(ApplicationID, UserName, LoweredUserName, IsAnonymous, LastActivityDate)
   VALUES(@ApplicationId, 'josh.mclaughlin@amazon.ca', 'josh.mclaughlin@amazon.ca', 0, '2019-06-07 05:28:54')
   SELECT @AspNetUserID = UserId FROM aspnet_Users WHERE Username = 'josh.mclaughlin@amazon.ca'
   INSERT INTO dbo.aspnet_Membership(ApplicationID, UserID, Password, PasswordFormat, PasswordSalt, Email, LoweredEmail, IsApproved, IsLockedOut, CreateDate, LastLoginDate, LastPasswordChangedDate, LastLockoutDate, FailedPasswordAttemptCount, FailedPasswordAttemptWindowStart, FailedPasswordAnswerAttemptCount, FailedPasswordAnswerAttemptWindowStart)
   VALUES(@ApplicationID, @AspNetUserID, 'aMoPu/jMK8Yc4dxEEtAWm+RvKkFRjT38n/c1ORi3HgGWXJI15kNozQ==', 2, 'ub/Nej8BunZL3H6o+Z7+sg==', 'josh.mclaughlin@amazon.ca', 'josh.mclaughlin@amazon.ca', 1, 0, '2019-06-07 05:28:54', '2019-06-07 05:28:54', '2019-06-07 05:28:54', '1754-01-01 00:00:00.000', 0, '1754-01-01 00:00:00.000', 0, '1754-01-01 00:00:00.000')
   INSERT INTO dbo.dnn_UserPortals(UserID, PortalID, CreatedDate, Authorised, IsDeleted, RefreshRoles)
   VALUES(@UserID, @PortalID, '2019-06-07 05:28:54', 1, 0, 0)
   INSERT INTO dbo.dnn_UserRoles(UserID, RoleID, IsTrialUsed, CreatedByUserID, CreatedOnDate, LastModifiedByUserID, LastModifiedOnDate, [Status], IsOwner)
   VALUES(@UserId, @MaleRole, 0, 1, '2019-06-07 05:28:54', 1, '2019-06-07 05:28:54', 1, 0)
   INSERT INTO dbo.dnn_Users(Username, FirstName, LastName, Email, DisplayName, UpdatePassword, LastIPAddress, IsDeleted, CreatedByUserID, CreatedOnDate, LastModifiedByUserID, LastModifiedOnDate, PasswordResetToken, PasswordResetExpiration)
   VALUES('h.harmon@gearbest.com', 'Hugo', 'Harmon', 'h.harmon@gearbest.com', 'Hugo Harmon', 0, '', 0, 1, '2019-06-07 05:28:54', 1, '2019-06-07 05:28:54', NULL, NULL)
   SELECT @UserID = SCOPE_IDENTITY()
   INSERT INTO dbo.aspnet_Users(ApplicationID, UserName, LoweredUserName, IsAnonymous, LastActivityDate)
   VALUES(@ApplicationId, 'h.harmon@gearbest.com', 'h.harmon@gearbest.com', 0, '2019-06-07 05:28:54')
   SELECT @AspNetUserID = UserId FROM aspnet_Users WHERE Username = 'h.harmon@gearbest.com'
   INSERT INTO dbo.aspnet_Membership(ApplicationID, UserID, Password, PasswordFormat, PasswordSalt, Email, LoweredEmail, IsApproved, IsLockedOut, CreateDate, LastLoginDate, LastPasswordChangedDate, LastLockoutDate, FailedPasswordAttemptCount, FailedPasswordAttemptWindowStart, FailedPasswordAnswerAttemptCount, FailedPasswordAnswerAttemptWindowStart)
   VALUES(@ApplicationID, @AspNetUserID, 'aMoPu/jMK8Yc4dxEEtAWm+RvKkFRjT38n/c1ORi3HgGWXJI15kNozQ==', 2, 'ub/Nej8BunZL3H6o+Z7+sg==', 'h.harmon@gearbest.com', 'h.harmon@gearbest.com', 1, 0, '2019-06-07 05:28:54', '2019-06-07 05:28:54', '2019-06-07 05:28:54', '1754-01-01 00:00:00.000', 0, '1754-01-01 00:00:00.000', 0, '1754-01-01 00:00:00.000')
   INSERT INTO dbo.dnn_UserPortals(UserID, PortalID, CreatedDate, Authorised, IsDeleted, RefreshRoles)
   VALUES(@UserID, @PortalID, '2019-06-07 05:28:54', 1, 0, 0)
   INSERT INTO dbo.dnn_UserRoles(UserID, RoleID, IsTrialUsed, CreatedByUserID, CreatedOnDate, LastModifiedByUserID, LastModifiedOnDate, [Status], IsOwner)
   VALUES(@UserId, @MaleRole, 0, 1, '2019-06-07 05:28:54', 1, '2019-06-07 05:28:54', 1, 0)
   INSERT INTO dbo.dnn_UserRoles(UserID, RoleID, IsTrialUsed, CreatedByUserID, CreatedOnDate, LastModifiedByUserID, LastModifiedOnDate, [Status], IsOwner)
   VALUES(@UserId, @ManagerRole, 0, 1, '2019-06-07 05:28:54', 1, '2019-06-07 05:28:54', 1, 0)
   INSERT INTO dbo.dnn_Users(Username, FirstName, LastName, Email, DisplayName, UpdatePassword, LastIPAddress, IsDeleted, CreatedByUserID, CreatedOnDate, LastModifiedByUserID, LastModifiedOnDate, PasswordResetToken, PasswordResetExpiration)
   VALUES('mcgeei@ck101.com', 'Ignacio', 'Mcgee', 'mcgeei@ck101.com', 'Ignacio Mcgee', 0, '', 0, 1, '2019-06-07 05:28:54', 1, '2019-06-07 05:28:54', NULL, NULL)
   SELECT @UserID = SCOPE_IDENTITY()
   INSERT INTO dbo.aspnet_Users(ApplicationID, UserName, LoweredUserName, IsAnonymous, LastActivityDate)
   VALUES(@ApplicationId, 'mcgeei@ck101.com', 'mcgeei@ck101.com', 0, '2019-06-07 05:28:54')
   SELECT @AspNetUserID = UserId FROM aspnet_Users WHERE Username = 'mcgeei@ck101.com'
   INSERT INTO dbo.aspnet_Membership(ApplicationID, UserID, Password, PasswordFormat, PasswordSalt, Email, LoweredEmail, IsApproved, IsLockedOut, CreateDate, LastLoginDate, LastPasswordChangedDate, LastLockoutDate, FailedPasswordAttemptCount, FailedPasswordAttemptWindowStart, FailedPasswordAnswerAttemptCount, FailedPasswordAnswerAttemptWindowStart)
   VALUES(@ApplicationID, @AspNetUserID, 'aMoPu/jMK8Yc4dxEEtAWm+RvKkFRjT38n/c1ORi3HgGWXJI15kNozQ==', 2, 'ub/Nej8BunZL3H6o+Z7+sg==', 'mcgeei@ck101.com', 'mcgeei@ck101.com', 1, 0, '2019-06-07 05:28:54', '2019-06-07 05:28:54', '2019-06-07 05:28:54', '1754-01-01 00:00:00.000', 0, '1754-01-01 00:00:00.000', 0, '1754-01-01 00:00:00.000')
   INSERT INTO dbo.dnn_UserPortals(UserID, PortalID, CreatedDate, Authorised, IsDeleted, RefreshRoles)
   VALUES(@UserID, @PortalID, '2019-06-07 05:28:54', 1, 0, 0)
   INSERT INTO dbo.dnn_UserRoles(UserID, RoleID, IsTrialUsed, CreatedByUserID, CreatedOnDate, LastModifiedByUserID, LastModifiedOnDate, [Status], IsOwner)
   VALUES(@UserId, @MaleRole, 0, 1, '2019-06-07 05:28:54', 1, '2019-06-07 05:28:54', 1, 0)
   INSERT INTO dbo.dnn_Users(Username, FirstName, LastName, Email, DisplayName, UpdatePassword, LastIPAddress, IsDeleted, CreatedByUserID, CreatedOnDate, LastModifiedByUserID, LastModifiedOnDate, PasswordResetToken, PasswordResetExpiration)
   VALUES('caleb.gross@independent.co.uk', 'Caleb', 'Gross', 'caleb.gross@independent.co.uk', 'Caleb Gross', 0, '', 0, 1, '2019-06-07 05:28:54', 1, '2019-06-07 05:28:54', NULL, NULL)
   SELECT @UserID = SCOPE_IDENTITY()
   INSERT INTO dbo.aspnet_Users(ApplicationID, UserName, LoweredUserName, IsAnonymous, LastActivityDate)
   VALUES(@ApplicationId, 'caleb.gross@independent.co.uk', 'caleb.gross@independent.co.uk', 0, '2019-06-07 05:28:54')
   SELECT @AspNetUserID = UserId FROM aspnet_Users WHERE Username = 'caleb.gross@independent.co.uk'
   INSERT INTO dbo.aspnet_Membership(ApplicationID, UserID, Password, PasswordFormat, PasswordSalt, Email, LoweredEmail, IsApproved, IsLockedOut, CreateDate, LastLoginDate, LastPasswordChangedDate, LastLockoutDate, FailedPasswordAttemptCount, FailedPasswordAttemptWindowStart, FailedPasswordAnswerAttemptCount, FailedPasswordAnswerAttemptWindowStart)
   VALUES(@ApplicationID, @AspNetUserID, 'aMoPu/jMK8Yc4dxEEtAWm+RvKkFRjT38n/c1ORi3HgGWXJI15kNozQ==', 2, 'ub/Nej8BunZL3H6o+Z7+sg==', 'caleb.gross@independent.co.uk', 'caleb.gross@independent.co.uk', 1, 0, '2019-06-07 05:28:54', '2019-06-07 05:28:54', '2019-06-07 05:28:54', '1754-01-01 00:00:00.000', 0, '1754-01-01 00:00:00.000', 0, '1754-01-01 00:00:00.000')
   INSERT INTO dbo.dnn_UserPortals(UserID, PortalID, CreatedDate, Authorised, IsDeleted, RefreshRoles)
   VALUES(@UserID, @PortalID, '2019-06-07 05:28:54', 1, 0, 0)
   INSERT INTO dbo.dnn_UserRoles(UserID, RoleID, IsTrialUsed, CreatedByUserID, CreatedOnDate, LastModifiedByUserID, LastModifiedOnDate, [Status], IsOwner)
   VALUES(@UserId, @MaleRole, 0, 1, '2019-06-07 05:28:54', 1, '2019-06-07 05:28:54', 1, 0)
   INSERT INTO dbo.dnn_UserRoles(UserID, RoleID, IsTrialUsed, CreatedByUserID, CreatedOnDate, LastModifiedByUserID, LastModifiedOnDate, [Status], IsOwner)
   VALUES(@UserId, @AcademicRole, 0, 1, '2019-06-07 05:28:54', 1, '2019-06-07 05:28:54', 1, 0)
   INSERT INTO dbo.dnn_Users(Username, FirstName, LastName, Email, DisplayName, UpdatePassword, LastIPAddress, IsDeleted, CreatedByUserID, CreatedOnDate, LastModifiedByUserID, LastModifiedOnDate, PasswordResetToken, PasswordResetExpiration)
   VALUES('t.doyle@reuters.com', 'Tomas', 'Doyle', 't.doyle@reuters.com', 'Tomas Doyle', 0, '', 0, 1, '2019-06-07 05:28:54', 1, '2019-06-07 05:28:54', NULL, NULL)
   SELECT @UserID = SCOPE_IDENTITY()
   INSERT INTO dbo.aspnet_Users(ApplicationID, UserName, LoweredUserName, IsAnonymous, LastActivityDate)
   VALUES(@ApplicationId, 't.doyle@reuters.com', 't.doyle@reuters.com', 0, '2019-06-07 05:28:54')
   SELECT @AspNetUserID = UserId FROM aspnet_Users WHERE Username = 't.doyle@reuters.com'
   INSERT INTO dbo.aspnet_Membership(ApplicationID, UserID, Password, PasswordFormat, PasswordSalt, Email, LoweredEmail, IsApproved, IsLockedOut, CreateDate, LastLoginDate, LastPasswordChangedDate, LastLockoutDate, FailedPasswordAttemptCount, FailedPasswordAttemptWindowStart, FailedPasswordAnswerAttemptCount, FailedPasswordAnswerAttemptWindowStart)
   VALUES(@ApplicationID, @AspNetUserID, 'aMoPu/jMK8Yc4dxEEtAWm+RvKkFRjT38n/c1ORi3HgGWXJI15kNozQ==', 2, 'ub/Nej8BunZL3H6o+Z7+sg==', 't.doyle@reuters.com', 't.doyle@reuters.com', 1, 0, '2019-06-07 05:28:54', '2019-06-07 05:28:54', '2019-06-07 05:28:54', '1754-01-01 00:00:00.000', 0, '1754-01-01 00:00:00.000', 0, '1754-01-01 00:00:00.000')
   INSERT INTO dbo.dnn_UserPortals(UserID, PortalID, CreatedDate, Authorised, IsDeleted, RefreshRoles)
   VALUES(@UserID, @PortalID, '2019-06-07 05:28:54', 1, 0, 0)
   INSERT INTO dbo.dnn_UserRoles(UserID, RoleID, IsTrialUsed, CreatedByUserID, CreatedOnDate, LastModifiedByUserID, LastModifiedOnDate, [Status], IsOwner)
   VALUES(@UserId, @MaleRole, 0, 1, '2019-06-07 05:28:54', 1, '2019-06-07 05:28:54', 1, 0)
   INSERT INTO dbo.dnn_Users(Username, FirstName, LastName, Email, DisplayName, UpdatePassword, LastIPAddress, IsDeleted, CreatedByUserID, CreatedOnDate, LastModifiedByUserID, LastModifiedOnDate, PasswordResetToken, PasswordResetExpiration)
   VALUES('garners@google.dk', 'Sheldon', 'Garner', 'garners@google.dk', 'Sheldon Garner', 0, '', 0, 1, '2019-06-07 05:28:54', 1, '2019-06-07 05:28:54', NULL, NULL)
   SELECT @UserID = SCOPE_IDENTITY()
   INSERT INTO dbo.aspnet_Users(ApplicationID, UserName, LoweredUserName, IsAnonymous, LastActivityDate)
   VALUES(@ApplicationId, 'garners@google.dk', 'garners@google.dk', 0, '2019-06-07 05:28:54')
   SELECT @AspNetUserID = UserId FROM aspnet_Users WHERE Username = 'garners@google.dk'
   INSERT INTO dbo.aspnet_Membership(ApplicationID, UserID, Password, PasswordFormat, PasswordSalt, Email, LoweredEmail, IsApproved, IsLockedOut, CreateDate, LastLoginDate, LastPasswordChangedDate, LastLockoutDate, FailedPasswordAttemptCount, FailedPasswordAttemptWindowStart, FailedPasswordAnswerAttemptCount, FailedPasswordAnswerAttemptWindowStart)
   VALUES(@ApplicationID, @AspNetUserID, 'aMoPu/jMK8Yc4dxEEtAWm+RvKkFRjT38n/c1ORi3HgGWXJI15kNozQ==', 2, 'ub/Nej8BunZL3H6o+Z7+sg==', 'garners@google.dk', 'garners@google.dk', 1, 0, '2019-06-07 05:28:54', '2019-06-07 05:28:54', '2019-06-07 05:28:54', '1754-01-01 00:00:00.000', 0, '1754-01-01 00:00:00.000', 0, '1754-01-01 00:00:00.000')
   INSERT INTO dbo.dnn_UserPortals(UserID, PortalID, CreatedDate, Authorised, IsDeleted, RefreshRoles)
   VALUES(@UserID, @PortalID, '2019-06-07 05:28:54', 1, 0, 0)
   INSERT INTO dbo.dnn_UserRoles(UserID, RoleID, IsTrialUsed, CreatedByUserID, CreatedOnDate, LastModifiedByUserID, LastModifiedOnDate, [Status], IsOwner)
   VALUES(@UserId, @MaleRole, 0, 1, '2019-06-07 05:28:54', 1, '2019-06-07 05:28:54', 1, 0)
   INSERT INTO dbo.dnn_Users(Username, FirstName, LastName, Email, DisplayName, UpdatePassword, LastIPAddress, IsDeleted, CreatedByUserID, CreatedOnDate, LastModifiedByUserID, LastModifiedOnDate, PasswordResetToken, PasswordResetExpiration)
   VALUES('erick.newton@suning.com', 'Erick', 'Newton', 'erick.newton@suning.com', 'Erick Newton', 0, '', 0, 1, '2019-06-07 05:28:54', 1, '2019-06-07 05:28:54', NULL, NULL)
   SELECT @UserID = SCOPE_IDENTITY()
   INSERT INTO dbo.aspnet_Users(ApplicationID, UserName, LoweredUserName, IsAnonymous, LastActivityDate)
   VALUES(@ApplicationId, 'erick.newton@suning.com', 'erick.newton@suning.com', 0, '2019-06-07 05:28:54')
   SELECT @AspNetUserID = UserId FROM aspnet_Users WHERE Username = 'erick.newton@suning.com'
   INSERT INTO dbo.aspnet_Membership(ApplicationID, UserID, Password, PasswordFormat, PasswordSalt, Email, LoweredEmail, IsApproved, IsLockedOut, CreateDate, LastLoginDate, LastPasswordChangedDate, LastLockoutDate, FailedPasswordAttemptCount, FailedPasswordAttemptWindowStart, FailedPasswordAnswerAttemptCount, FailedPasswordAnswerAttemptWindowStart)
   VALUES(@ApplicationID, @AspNetUserID, 'aMoPu/jMK8Yc4dxEEtAWm+RvKkFRjT38n/c1ORi3HgGWXJI15kNozQ==', 2, 'ub/Nej8BunZL3H6o+Z7+sg==', 'erick.newton@suning.com', 'erick.newton@suning.com', 1, 0, '2019-06-07 05:28:54', '2019-06-07 05:28:54', '2019-06-07 05:28:54', '1754-01-01 00:00:00.000', 0, '1754-01-01 00:00:00.000', 0, '1754-01-01 00:00:00.000')
   INSERT INTO dbo.dnn_UserPortals(UserID, PortalID, CreatedDate, Authorised, IsDeleted, RefreshRoles)
   VALUES(@UserID, @PortalID, '2019-06-07 05:28:54', 1, 0, 0)
   INSERT INTO dbo.dnn_UserRoles(UserID, RoleID, IsTrialUsed, CreatedByUserID, CreatedOnDate, LastModifiedByUserID, LastModifiedOnDate, [Status], IsOwner)
   VALUES(@UserId, @MaleRole, 0, 1, '2019-06-07 05:28:54', 1, '2019-06-07 05:28:54', 1, 0)
   INSERT INTO dbo.dnn_Users(Username, FirstName, LastName, Email, DisplayName, UpdatePassword, LastIPAddress, IsDeleted, CreatedByUserID, CreatedOnDate, LastModifiedByUserID, LastModifiedOnDate, PasswordResetToken, PasswordResetExpiration)
   VALUES('f.burgess@daikynguyenvn.com', 'Frankie', 'Burgess', 'f.burgess@daikynguyenvn.com', 'Frankie Burgess', 0, '', 0, 1, '2019-06-07 05:28:54', 1, '2019-06-07 05:28:54', NULL, NULL)
   SELECT @UserID = SCOPE_IDENTITY()
   INSERT INTO dbo.aspnet_Users(ApplicationID, UserName, LoweredUserName, IsAnonymous, LastActivityDate)
   VALUES(@ApplicationId, 'f.burgess@daikynguyenvn.com', 'f.burgess@daikynguyenvn.com', 0, '2019-06-07 05:28:54')
   SELECT @AspNetUserID = UserId FROM aspnet_Users WHERE Username = 'f.burgess@daikynguyenvn.com'
   INSERT INTO dbo.aspnet_Membership(ApplicationID, UserID, Password, PasswordFormat, PasswordSalt, Email, LoweredEmail, IsApproved, IsLockedOut, CreateDate, LastLoginDate, LastPasswordChangedDate, LastLockoutDate, FailedPasswordAttemptCount, FailedPasswordAttemptWindowStart, FailedPasswordAnswerAttemptCount, FailedPasswordAnswerAttemptWindowStart)
   VALUES(@ApplicationID, @AspNetUserID, 'aMoPu/jMK8Yc4dxEEtAWm+RvKkFRjT38n/c1ORi3HgGWXJI15kNozQ==', 2, 'ub/Nej8BunZL3H6o+Z7+sg==', 'f.burgess@daikynguyenvn.com', 'f.burgess@daikynguyenvn.com', 1, 0, '2019-06-07 05:28:54', '2019-06-07 05:28:54', '2019-06-07 05:28:54', '1754-01-01 00:00:00.000', 0, '1754-01-01 00:00:00.000', 0, '1754-01-01 00:00:00.000')
   INSERT INTO dbo.dnn_UserPortals(UserID, PortalID, CreatedDate, Authorised, IsDeleted, RefreshRoles)
   VALUES(@UserID, @PortalID, '2019-06-07 05:28:54', 1, 0, 0)
   INSERT INTO dbo.dnn_UserRoles(UserID, RoleID, IsTrialUsed, CreatedByUserID, CreatedOnDate, LastModifiedByUserID, LastModifiedOnDate, [Status], IsOwner)
   VALUES(@UserId, @MaleRole, 0, 1, '2019-06-07 05:28:54', 1, '2019-06-07 05:28:54', 1, 0)
   INSERT INTO dbo.dnn_Users(Username, FirstName, LastName, Email, DisplayName, UpdatePassword, LastIPAddress, IsDeleted, CreatedByUserID, CreatedOnDate, LastModifiedByUserID, LastModifiedOnDate, PasswordResetToken, PasswordResetExpiration)
   VALUES('reeses@scribd.com', 'Stewart', 'Reese', 'reeses@scribd.com', 'Stewart Reese', 0, '', 0, 1, '2019-06-07 05:28:54', 1, '2019-06-07 05:28:54', NULL, NULL)
   SELECT @UserID = SCOPE_IDENTITY()
   INSERT INTO dbo.aspnet_Users(ApplicationID, UserName, LoweredUserName, IsAnonymous, LastActivityDate)
   VALUES(@ApplicationId, 'reeses@scribd.com', 'reeses@scribd.com', 0, '2019-06-07 05:28:54')
   SELECT @AspNetUserID = UserId FROM aspnet_Users WHERE Username = 'reeses@scribd.com'
   INSERT INTO dbo.aspnet_Membership(ApplicationID, UserID, Password, PasswordFormat, PasswordSalt, Email, LoweredEmail, IsApproved, IsLockedOut, CreateDate, LastLoginDate, LastPasswordChangedDate, LastLockoutDate, FailedPasswordAttemptCount, FailedPasswordAttemptWindowStart, FailedPasswordAnswerAttemptCount, FailedPasswordAnswerAttemptWindowStart)
   VALUES(@ApplicationID, @AspNetUserID, 'aMoPu/jMK8Yc4dxEEtAWm+RvKkFRjT38n/c1ORi3HgGWXJI15kNozQ==', 2, 'ub/Nej8BunZL3H6o+Z7+sg==', 'reeses@scribd.com', 'reeses@scribd.com', 1, 0, '2019-06-07 05:28:54', '2019-06-07 05:28:54', '2019-06-07 05:28:54', '1754-01-01 00:00:00.000', 0, '1754-01-01 00:00:00.000', 0, '1754-01-01 00:00:00.000')
   INSERT INTO dbo.dnn_UserPortals(UserID, PortalID, CreatedDate, Authorised, IsDeleted, RefreshRoles)
   VALUES(@UserID, @PortalID, '2019-06-07 05:28:54', 1, 0, 0)
   INSERT INTO dbo.dnn_UserRoles(UserID, RoleID, IsTrialUsed, CreatedByUserID, CreatedOnDate, LastModifiedByUserID, LastModifiedOnDate, [Status], IsOwner)
   VALUES(@UserId, @MaleRole, 0, 1, '2019-06-07 05:28:54', 1, '2019-06-07 05:28:54', 1, 0)
   INSERT INTO dbo.dnn_Users(Username, FirstName, LastName, Email, DisplayName, UpdatePassword, LastIPAddress, IsDeleted, CreatedByUserID, CreatedOnDate, LastModifiedByUserID, LastModifiedOnDate, PasswordResetToken, PasswordResetExpiration)
   VALUES('doyle.walton@themeforest.net', 'Doyle', 'Walton', 'doyle.walton@themeforest.net', 'Doyle Walton', 0, '', 0, 1, '2019-06-07 05:28:54', 1, '2019-06-07 05:28:54', NULL, NULL)
   SELECT @UserID = SCOPE_IDENTITY()
   INSERT INTO dbo.aspnet_Users(ApplicationID, UserName, LoweredUserName, IsAnonymous, LastActivityDate)
   VALUES(@ApplicationId, 'doyle.walton@themeforest.net', 'doyle.walton@themeforest.net', 0, '2019-06-07 05:28:54')
   SELECT @AspNetUserID = UserId FROM aspnet_Users WHERE Username = 'doyle.walton@themeforest.net'
   INSERT INTO dbo.aspnet_Membership(ApplicationID, UserID, Password, PasswordFormat, PasswordSalt, Email, LoweredEmail, IsApproved, IsLockedOut, CreateDate, LastLoginDate, LastPasswordChangedDate, LastLockoutDate, FailedPasswordAttemptCount, FailedPasswordAttemptWindowStart, FailedPasswordAnswerAttemptCount, FailedPasswordAnswerAttemptWindowStart)
   VALUES(@ApplicationID, @AspNetUserID, 'aMoPu/jMK8Yc4dxEEtAWm+RvKkFRjT38n/c1ORi3HgGWXJI15kNozQ==', 2, 'ub/Nej8BunZL3H6o+Z7+sg==', 'doyle.walton@themeforest.net', 'doyle.walton@themeforest.net', 1, 0, '2019-06-07 05:28:54', '2019-06-07 05:28:54', '2019-06-07 05:28:54', '1754-01-01 00:00:00.000', 0, '1754-01-01 00:00:00.000', 0, '1754-01-01 00:00:00.000')
   INSERT INTO dbo.dnn_UserPortals(UserID, PortalID, CreatedDate, Authorised, IsDeleted, RefreshRoles)
   VALUES(@UserID, @PortalID, '2019-06-07 05:28:54', 1, 0, 0)
   INSERT INTO dbo.dnn_UserRoles(UserID, RoleID, IsTrialUsed, CreatedByUserID, CreatedOnDate, LastModifiedByUserID, LastModifiedOnDate, [Status], IsOwner)
   VALUES(@UserId, @MaleRole, 0, 1, '2019-06-07 05:28:54', 1, '2019-06-07 05:28:54', 1, 0)
   INSERT INTO dbo.dnn_Users(Username, FirstName, LastName, Email, DisplayName, UpdatePassword, LastIPAddress, IsDeleted, CreatedByUserID, CreatedOnDate, LastModifiedByUserID, LastModifiedOnDate, PasswordResetToken, PasswordResetExpiration)
   VALUES('d.blake@lifebuzz.com', 'Darrel', 'Blake', 'd.blake@lifebuzz.com', 'Darrel Blake', 0, '', 0, 1, '2019-06-07 05:28:54', 1, '2019-06-07 05:28:54', NULL, NULL)
   SELECT @UserID = SCOPE_IDENTITY()
   INSERT INTO dbo.aspnet_Users(ApplicationID, UserName, LoweredUserName, IsAnonymous, LastActivityDate)
   VALUES(@ApplicationId, 'd.blake@lifebuzz.com', 'd.blake@lifebuzz.com', 0, '2019-06-07 05:28:54')
   SELECT @AspNetUserID = UserId FROM aspnet_Users WHERE Username = 'd.blake@lifebuzz.com'
   INSERT INTO dbo.aspnet_Membership(ApplicationID, UserID, Password, PasswordFormat, PasswordSalt, Email, LoweredEmail, IsApproved, IsLockedOut, CreateDate, LastLoginDate, LastPasswordChangedDate, LastLockoutDate, FailedPasswordAttemptCount, FailedPasswordAttemptWindowStart, FailedPasswordAnswerAttemptCount, FailedPasswordAnswerAttemptWindowStart)
   VALUES(@ApplicationID, @AspNetUserID, 'aMoPu/jMK8Yc4dxEEtAWm+RvKkFRjT38n/c1ORi3HgGWXJI15kNozQ==', 2, 'ub/Nej8BunZL3H6o+Z7+sg==', 'd.blake@lifebuzz.com', 'd.blake@lifebuzz.com', 1, 0, '2019-06-07 05:28:54', '2019-06-07 05:28:54', '2019-06-07 05:28:54', '1754-01-01 00:00:00.000', 0, '1754-01-01 00:00:00.000', 0, '1754-01-01 00:00:00.000')
   INSERT INTO dbo.dnn_UserPortals(UserID, PortalID, CreatedDate, Authorised, IsDeleted, RefreshRoles)
   VALUES(@UserID, @PortalID, '2019-06-07 05:28:54', 1, 0, 0)
   INSERT INTO dbo.dnn_UserRoles(UserID, RoleID, IsTrialUsed, CreatedByUserID, CreatedOnDate, LastModifiedByUserID, LastModifiedOnDate, [Status], IsOwner)
   VALUES(@UserId, @MaleRole, 0, 1, '2019-06-07 05:28:54', 1, '2019-06-07 05:28:54', 1, 0)
   INSERT INTO dbo.dnn_Users(Username, FirstName, LastName, Email, DisplayName, UpdatePassword, LastIPAddress, IsDeleted, CreatedByUserID, CreatedOnDate, LastModifiedByUserID, LastModifiedOnDate, PasswordResetToken, PasswordResetExpiration)
   VALUES('trujillor@acfun.tv', 'Rogelio', 'Trujillo', 'trujillor@acfun.tv', 'Rogelio Trujillo', 0, '', 0, 1, '2019-06-07 05:28:54', 1, '2019-06-07 05:28:54', NULL, NULL)
   SELECT @UserID = SCOPE_IDENTITY()
   INSERT INTO dbo.aspnet_Users(ApplicationID, UserName, LoweredUserName, IsAnonymous, LastActivityDate)
   VALUES(@ApplicationId, 'trujillor@acfun.tv', 'trujillor@acfun.tv', 0, '2019-06-07 05:28:54')
   SELECT @AspNetUserID = UserId FROM aspnet_Users WHERE Username = 'trujillor@acfun.tv'
   INSERT INTO dbo.aspnet_Membership(ApplicationID, UserID, Password, PasswordFormat, PasswordSalt, Email, LoweredEmail, IsApproved, IsLockedOut, CreateDate, LastLoginDate, LastPasswordChangedDate, LastLockoutDate, FailedPasswordAttemptCount, FailedPasswordAttemptWindowStart, FailedPasswordAnswerAttemptCount, FailedPasswordAnswerAttemptWindowStart)
   VALUES(@ApplicationID, @AspNetUserID, 'aMoPu/jMK8Yc4dxEEtAWm+RvKkFRjT38n/c1ORi3HgGWXJI15kNozQ==', 2, 'ub/Nej8BunZL3H6o+Z7+sg==', 'trujillor@acfun.tv', 'trujillor@acfun.tv', 1, 0, '2019-06-07 05:28:54', '2019-06-07 05:28:54', '2019-06-07 05:28:54', '1754-01-01 00:00:00.000', 0, '1754-01-01 00:00:00.000', 0, '1754-01-01 00:00:00.000')
   INSERT INTO dbo.dnn_UserPortals(UserID, PortalID, CreatedDate, Authorised, IsDeleted, RefreshRoles)
   VALUES(@UserID, @PortalID, '2019-06-07 05:28:54', 1, 0, 0)
   INSERT INTO dbo.dnn_UserRoles(UserID, RoleID, IsTrialUsed, CreatedByUserID, CreatedOnDate, LastModifiedByUserID, LastModifiedOnDate, [Status], IsOwner)
   VALUES(@UserId, @MaleRole, 0, 1, '2019-06-07 05:28:54', 1, '2019-06-07 05:28:54', 1, 0)
   INSERT INTO dbo.dnn_UserRoles(UserID, RoleID, IsTrialUsed, CreatedByUserID, CreatedOnDate, LastModifiedByUserID, LastModifiedOnDate, [Status], IsOwner)
   VALUES(@UserId, @ManagerRole, 0, 1, '2019-06-07 05:28:54', 1, '2019-06-07 05:28:54', 1, 0)
   INSERT INTO dbo.dnn_Users(Username, FirstName, LastName, Email, DisplayName, UpdatePassword, LastIPAddress, IsDeleted, CreatedByUserID, CreatedOnDate, LastModifiedByUserID, LastModifiedOnDate, PasswordResetToken, PasswordResetExpiration)
   VALUES('terence.adkins@box.com', 'Terence', 'Adkins', 'terence.adkins@box.com', 'Terence Adkins', 0, '', 0, 1, '2019-06-07 05:28:54', 1, '2019-06-07 05:28:54', NULL, NULL)
   SELECT @UserID = SCOPE_IDENTITY()
   INSERT INTO dbo.aspnet_Users(ApplicationID, UserName, LoweredUserName, IsAnonymous, LastActivityDate)
   VALUES(@ApplicationId, 'terence.adkins@box.com', 'terence.adkins@box.com', 0, '2019-06-07 05:28:54')
   SELECT @AspNetUserID = UserId FROM aspnet_Users WHERE Username = 'terence.adkins@box.com'
   INSERT INTO dbo.aspnet_Membership(ApplicationID, UserID, Password, PasswordFormat, PasswordSalt, Email, LoweredEmail, IsApproved, IsLockedOut, CreateDate, LastLoginDate, LastPasswordChangedDate, LastLockoutDate, FailedPasswordAttemptCount, FailedPasswordAttemptWindowStart, FailedPasswordAnswerAttemptCount, FailedPasswordAnswerAttemptWindowStart)
   VALUES(@ApplicationID, @AspNetUserID, 'aMoPu/jMK8Yc4dxEEtAWm+RvKkFRjT38n/c1ORi3HgGWXJI15kNozQ==', 2, 'ub/Nej8BunZL3H6o+Z7+sg==', 'terence.adkins@box.com', 'terence.adkins@box.com', 1, 0, '2019-06-07 05:28:54', '2019-06-07 05:28:54', '2019-06-07 05:28:54', '1754-01-01 00:00:00.000', 0, '1754-01-01 00:00:00.000', 0, '1754-01-01 00:00:00.000')
   INSERT INTO dbo.dnn_UserPortals(UserID, PortalID, CreatedDate, Authorised, IsDeleted, RefreshRoles)
   VALUES(@UserID, @PortalID, '2019-06-07 05:28:54', 1, 0, 0)
   INSERT INTO dbo.dnn_UserRoles(UserID, RoleID, IsTrialUsed, CreatedByUserID, CreatedOnDate, LastModifiedByUserID, LastModifiedOnDate, [Status], IsOwner)
   VALUES(@UserId, @MaleRole, 0, 1, '2019-06-07 05:28:54', 1, '2019-06-07 05:28:54', 1, 0)
   INSERT INTO dbo.dnn_Users(Username, FirstName, LastName, Email, DisplayName, UpdatePassword, LastIPAddress, IsDeleted, CreatedByUserID, CreatedOnDate, LastModifiedByUserID, LastModifiedOnDate, PasswordResetToken, PasswordResetExpiration)
   VALUES('s.brady@newegg.com', 'Santiago', 'Brady', 's.brady@newegg.com', 'Santiago Brady', 0, '', 0, 1, '2019-06-07 05:28:54', 1, '2019-06-07 05:28:54', NULL, NULL)
   SELECT @UserID = SCOPE_IDENTITY()
   INSERT INTO dbo.aspnet_Users(ApplicationID, UserName, LoweredUserName, IsAnonymous, LastActivityDate)
   VALUES(@ApplicationId, 's.brady@newegg.com', 's.brady@newegg.com', 0, '2019-06-07 05:28:54')
   SELECT @AspNetUserID = UserId FROM aspnet_Users WHERE Username = 's.brady@newegg.com'
   INSERT INTO dbo.aspnet_Membership(ApplicationID, UserID, Password, PasswordFormat, PasswordSalt, Email, LoweredEmail, IsApproved, IsLockedOut, CreateDate, LastLoginDate, LastPasswordChangedDate, LastLockoutDate, FailedPasswordAttemptCount, FailedPasswordAttemptWindowStart, FailedPasswordAnswerAttemptCount, FailedPasswordAnswerAttemptWindowStart)
   VALUES(@ApplicationID, @AspNetUserID, 'aMoPu/jMK8Yc4dxEEtAWm+RvKkFRjT38n/c1ORi3HgGWXJI15kNozQ==', 2, 'ub/Nej8BunZL3H6o+Z7+sg==', 's.brady@newegg.com', 's.brady@newegg.com', 1, 0, '2019-06-07 05:28:54', '2019-06-07 05:28:54', '2019-06-07 05:28:54', '1754-01-01 00:00:00.000', 0, '1754-01-01 00:00:00.000', 0, '1754-01-01 00:00:00.000')
   INSERT INTO dbo.dnn_UserPortals(UserID, PortalID, CreatedDate, Authorised, IsDeleted, RefreshRoles)
   VALUES(@UserID, @PortalID, '2019-06-07 05:28:54', 1, 0, 0)
   INSERT INTO dbo.dnn_UserRoles(UserID, RoleID, IsTrialUsed, CreatedByUserID, CreatedOnDate, LastModifiedByUserID, LastModifiedOnDate, [Status], IsOwner)
   VALUES(@UserId, @MaleRole, 0, 1, '2019-06-07 05:28:54', 1, '2019-06-07 05:28:54', 1, 0)
   INSERT INTO dbo.dnn_Users(Username, FirstName, LastName, Email, DisplayName, UpdatePassword, LastIPAddress, IsDeleted, CreatedByUserID, CreatedOnDate, LastModifiedByUserID, LastModifiedOnDate, PasswordResetToken, PasswordResetExpiration)
   VALUES('goodmana@nbcnews.com', 'Alonzo', 'Goodman', 'goodmana@nbcnews.com', 'Alonzo Goodman', 0, '', 0, 1, '2019-06-07 05:28:54', 1, '2019-06-07 05:28:54', NULL, NULL)
   SELECT @UserID = SCOPE_IDENTITY()
   INSERT INTO dbo.aspnet_Users(ApplicationID, UserName, LoweredUserName, IsAnonymous, LastActivityDate)
   VALUES(@ApplicationId, 'goodmana@nbcnews.com', 'goodmana@nbcnews.com', 0, '2019-06-07 05:28:54')
   SELECT @AspNetUserID = UserId FROM aspnet_Users WHERE Username = 'goodmana@nbcnews.com'
   INSERT INTO dbo.aspnet_Membership(ApplicationID, UserID, Password, PasswordFormat, PasswordSalt, Email, LoweredEmail, IsApproved, IsLockedOut, CreateDate, LastLoginDate, LastPasswordChangedDate, LastLockoutDate, FailedPasswordAttemptCount, FailedPasswordAttemptWindowStart, FailedPasswordAnswerAttemptCount, FailedPasswordAnswerAttemptWindowStart)
   VALUES(@ApplicationID, @AspNetUserID, 'aMoPu/jMK8Yc4dxEEtAWm+RvKkFRjT38n/c1ORi3HgGWXJI15kNozQ==', 2, 'ub/Nej8BunZL3H6o+Z7+sg==', 'goodmana@nbcnews.com', 'goodmana@nbcnews.com', 1, 0, '2019-06-07 05:28:54', '2019-06-07 05:28:54', '2019-06-07 05:28:54', '1754-01-01 00:00:00.000', 0, '1754-01-01 00:00:00.000', 0, '1754-01-01 00:00:00.000')
   INSERT INTO dbo.dnn_UserPortals(UserID, PortalID, CreatedDate, Authorised, IsDeleted, RefreshRoles)
   VALUES(@UserID, @PortalID, '2019-06-07 05:28:54', 1, 0, 0)
   INSERT INTO dbo.dnn_UserRoles(UserID, RoleID, IsTrialUsed, CreatedByUserID, CreatedOnDate, LastModifiedByUserID, LastModifiedOnDate, [Status], IsOwner)
   VALUES(@UserId, @MaleRole, 0, 1, '2019-06-07 05:28:54', 1, '2019-06-07 05:28:54', 1, 0)
   INSERT INTO dbo.dnn_Users(Username, FirstName, LastName, Email, DisplayName, UpdatePassword, LastIPAddress, IsDeleted, CreatedByUserID, CreatedOnDate, LastModifiedByUserID, LastModifiedOnDate, PasswordResetToken, PasswordResetExpiration)
   VALUES('elias.roman@rutracker.org', 'Elias', 'Roman', 'elias.roman@rutracker.org', 'Elias Roman', 0, '', 0, 1, '2019-06-07 05:28:54', 1, '2019-06-07 05:28:54', NULL, NULL)
   SELECT @UserID = SCOPE_IDENTITY()
   INSERT INTO dbo.aspnet_Users(ApplicationID, UserName, LoweredUserName, IsAnonymous, LastActivityDate)
   VALUES(@ApplicationId, 'elias.roman@rutracker.org', 'elias.roman@rutracker.org', 0, '2019-06-07 05:28:54')
   SELECT @AspNetUserID = UserId FROM aspnet_Users WHERE Username = 'elias.roman@rutracker.org'
   INSERT INTO dbo.aspnet_Membership(ApplicationID, UserID, Password, PasswordFormat, PasswordSalt, Email, LoweredEmail, IsApproved, IsLockedOut, CreateDate, LastLoginDate, LastPasswordChangedDate, LastLockoutDate, FailedPasswordAttemptCount, FailedPasswordAttemptWindowStart, FailedPasswordAnswerAttemptCount, FailedPasswordAnswerAttemptWindowStart)
   VALUES(@ApplicationID, @AspNetUserID, 'aMoPu/jMK8Yc4dxEEtAWm+RvKkFRjT38n/c1ORi3HgGWXJI15kNozQ==', 2, 'ub/Nej8BunZL3H6o+Z7+sg==', 'elias.roman@rutracker.org', 'elias.roman@rutracker.org', 1, 0, '2019-06-07 05:28:54', '2019-06-07 05:28:54', '2019-06-07 05:28:54', '1754-01-01 00:00:00.000', 0, '1754-01-01 00:00:00.000', 0, '1754-01-01 00:00:00.000')
   INSERT INTO dbo.dnn_UserPortals(UserID, PortalID, CreatedDate, Authorised, IsDeleted, RefreshRoles)
   VALUES(@UserID, @PortalID, '2019-06-07 05:28:54', 1, 0, 0)
   INSERT INTO dbo.dnn_UserRoles(UserID, RoleID, IsTrialUsed, CreatedByUserID, CreatedOnDate, LastModifiedByUserID, LastModifiedOnDate, [Status], IsOwner)
   VALUES(@UserId, @MaleRole, 0, 1, '2019-06-07 05:28:54', 1, '2019-06-07 05:28:54', 1, 0)
   INSERT INTO dbo.dnn_Users(Username, FirstName, LastName, Email, DisplayName, UpdatePassword, LastIPAddress, IsDeleted, CreatedByUserID, CreatedOnDate, LastModifiedByUserID, LastModifiedOnDate, PasswordResetToken, PasswordResetExpiration)
   VALUES('b.webster@freepik.com', 'Bert', 'Webster', 'b.webster@freepik.com', 'Bert Webster', 0, '', 0, 1, '2019-06-07 05:28:54', 1, '2019-06-07 05:28:54', NULL, NULL)
   SELECT @UserID = SCOPE_IDENTITY()
   INSERT INTO dbo.aspnet_Users(ApplicationID, UserName, LoweredUserName, IsAnonymous, LastActivityDate)
   VALUES(@ApplicationId, 'b.webster@freepik.com', 'b.webster@freepik.com', 0, '2019-06-07 05:28:54')
   SELECT @AspNetUserID = UserId FROM aspnet_Users WHERE Username = 'b.webster@freepik.com'
   INSERT INTO dbo.aspnet_Membership(ApplicationID, UserID, Password, PasswordFormat, PasswordSalt, Email, LoweredEmail, IsApproved, IsLockedOut, CreateDate, LastLoginDate, LastPasswordChangedDate, LastLockoutDate, FailedPasswordAttemptCount, FailedPasswordAttemptWindowStart, FailedPasswordAnswerAttemptCount, FailedPasswordAnswerAttemptWindowStart)
   VALUES(@ApplicationID, @AspNetUserID, 'aMoPu/jMK8Yc4dxEEtAWm+RvKkFRjT38n/c1ORi3HgGWXJI15kNozQ==', 2, 'ub/Nej8BunZL3H6o+Z7+sg==', 'b.webster@freepik.com', 'b.webster@freepik.com', 1, 0, '2019-06-07 05:28:54', '2019-06-07 05:28:54', '2019-06-07 05:28:54', '1754-01-01 00:00:00.000', 0, '1754-01-01 00:00:00.000', 0, '1754-01-01 00:00:00.000')
   INSERT INTO dbo.dnn_UserPortals(UserID, PortalID, CreatedDate, Authorised, IsDeleted, RefreshRoles)
   VALUES(@UserID, @PortalID, '2019-06-07 05:28:54', 1, 0, 0)
   INSERT INTO dbo.dnn_UserRoles(UserID, RoleID, IsTrialUsed, CreatedByUserID, CreatedOnDate, LastModifiedByUserID, LastModifiedOnDate, [Status], IsOwner)
   VALUES(@UserId, @MaleRole, 0, 1, '2019-06-07 05:28:54', 1, '2019-06-07 05:28:54', 1, 0)
   INSERT INTO dbo.dnn_UserRoles(UserID, RoleID, IsTrialUsed, CreatedByUserID, CreatedOnDate, LastModifiedByUserID, LastModifiedOnDate, [Status], IsOwner)
   VALUES(@UserId, @AcademicRole, 0, 1, '2019-06-07 05:28:54', 1, '2019-06-07 05:28:54', 1, 0)
   INSERT INTO dbo.dnn_Users(Username, FirstName, LastName, Email, DisplayName, UpdatePassword, LastIPAddress, IsDeleted, CreatedByUserID, CreatedOnDate, LastModifiedByUserID, LastModifiedOnDate, PasswordResetToken, PasswordResetExpiration)
   VALUES('goodwine@telegram.org', 'Elbert', 'Goodwin', 'goodwine@telegram.org', 'Elbert Goodwin', 0, '', 0, 1, '2019-06-07 05:28:54', 1, '2019-06-07 05:28:54', NULL, NULL)
   SELECT @UserID = SCOPE_IDENTITY()
   INSERT INTO dbo.aspnet_Users(ApplicationID, UserName, LoweredUserName, IsAnonymous, LastActivityDate)
   VALUES(@ApplicationId, 'goodwine@telegram.org', 'goodwine@telegram.org', 0, '2019-06-07 05:28:54')
   SELECT @AspNetUserID = UserId FROM aspnet_Users WHERE Username = 'goodwine@telegram.org'
   INSERT INTO dbo.aspnet_Membership(ApplicationID, UserID, Password, PasswordFormat, PasswordSalt, Email, LoweredEmail, IsApproved, IsLockedOut, CreateDate, LastLoginDate, LastPasswordChangedDate, LastLockoutDate, FailedPasswordAttemptCount, FailedPasswordAttemptWindowStart, FailedPasswordAnswerAttemptCount, FailedPasswordAnswerAttemptWindowStart)
   VALUES(@ApplicationID, @AspNetUserID, 'aMoPu/jMK8Yc4dxEEtAWm+RvKkFRjT38n/c1ORi3HgGWXJI15kNozQ==', 2, 'ub/Nej8BunZL3H6o+Z7+sg==', 'goodwine@telegram.org', 'goodwine@telegram.org', 1, 0, '2019-06-07 05:28:54', '2019-06-07 05:28:54', '2019-06-07 05:28:54', '1754-01-01 00:00:00.000', 0, '1754-01-01 00:00:00.000', 0, '1754-01-01 00:00:00.000')
   INSERT INTO dbo.dnn_UserPortals(UserID, PortalID, CreatedDate, Authorised, IsDeleted, RefreshRoles)
   VALUES(@UserID, @PortalID, '2019-06-07 05:28:54', 1, 0, 0)
   INSERT INTO dbo.dnn_UserRoles(UserID, RoleID, IsTrialUsed, CreatedByUserID, CreatedOnDate, LastModifiedByUserID, LastModifiedOnDate, [Status], IsOwner)
   VALUES(@UserId, @MaleRole, 0, 1, '2019-06-07 05:28:54', 1, '2019-06-07 05:28:54', 1, 0)
   INSERT INTO dbo.dnn_Users(Username, FirstName, LastName, Email, DisplayName, UpdatePassword, LastIPAddress, IsDeleted, CreatedByUserID, CreatedOnDate, LastModifiedByUserID, LastModifiedOnDate, PasswordResetToken, PasswordResetExpiration)
   VALUES('ramiro.fischer@kapanlagi.com', 'Ramiro', 'Fischer', 'ramiro.fischer@kapanlagi.com', 'Ramiro Fischer', 0, '', 0, 1, '2019-06-07 05:28:54', 1, '2019-06-07 05:28:54', NULL, NULL)
   SELECT @UserID = SCOPE_IDENTITY()
   INSERT INTO dbo.aspnet_Users(ApplicationID, UserName, LoweredUserName, IsAnonymous, LastActivityDate)
   VALUES(@ApplicationId, 'ramiro.fischer@kapanlagi.com', 'ramiro.fischer@kapanlagi.com', 0, '2019-06-07 05:28:54')
   SELECT @AspNetUserID = UserId FROM aspnet_Users WHERE Username = 'ramiro.fischer@kapanlagi.com'
   INSERT INTO dbo.aspnet_Membership(ApplicationID, UserID, Password, PasswordFormat, PasswordSalt, Email, LoweredEmail, IsApproved, IsLockedOut, CreateDate, LastLoginDate, LastPasswordChangedDate, LastLockoutDate, FailedPasswordAttemptCount, FailedPasswordAttemptWindowStart, FailedPasswordAnswerAttemptCount, FailedPasswordAnswerAttemptWindowStart)
   VALUES(@ApplicationID, @AspNetUserID, 'aMoPu/jMK8Yc4dxEEtAWm+RvKkFRjT38n/c1ORi3HgGWXJI15kNozQ==', 2, 'ub/Nej8BunZL3H6o+Z7+sg==', 'ramiro.fischer@kapanlagi.com', 'ramiro.fischer@kapanlagi.com', 1, 0, '2019-06-07 05:28:54', '2019-06-07 05:28:54', '2019-06-07 05:28:54', '1754-01-01 00:00:00.000', 0, '1754-01-01 00:00:00.000', 0, '1754-01-01 00:00:00.000')
   INSERT INTO dbo.dnn_UserPortals(UserID, PortalID, CreatedDate, Authorised, IsDeleted, RefreshRoles)
   VALUES(@UserID, @PortalID, '2019-06-07 05:28:54', 1, 0, 0)
   INSERT INTO dbo.dnn_UserRoles(UserID, RoleID, IsTrialUsed, CreatedByUserID, CreatedOnDate, LastModifiedByUserID, LastModifiedOnDate, [Status], IsOwner)
   VALUES(@UserId, @MaleRole, 0, 1, '2019-06-07 05:28:54', 1, '2019-06-07 05:28:54', 1, 0)
   INSERT INTO dbo.dnn_Users(Username, FirstName, LastName, Email, DisplayName, UpdatePassword, LastIPAddress, IsDeleted, CreatedByUserID, CreatedOnDate, LastModifiedByUserID, LastModifiedOnDate, PasswordResetToken, PasswordResetExpiration)
   VALUES('c.huang@goal.com', 'Conrad', 'Huang', 'c.huang@goal.com', 'Conrad Huang', 0, '', 0, 1, '2019-06-07 05:28:54', 1, '2019-06-07 05:28:54', NULL, NULL)
   SELECT @UserID = SCOPE_IDENTITY()
   INSERT INTO dbo.aspnet_Users(ApplicationID, UserName, LoweredUserName, IsAnonymous, LastActivityDate)
   VALUES(@ApplicationId, 'c.huang@goal.com', 'c.huang@goal.com', 0, '2019-06-07 05:28:54')
   SELECT @AspNetUserID = UserId FROM aspnet_Users WHERE Username = 'c.huang@goal.com'
   INSERT INTO dbo.aspnet_Membership(ApplicationID, UserID, Password, PasswordFormat, PasswordSalt, Email, LoweredEmail, IsApproved, IsLockedOut, CreateDate, LastLoginDate, LastPasswordChangedDate, LastLockoutDate, FailedPasswordAttemptCount, FailedPasswordAttemptWindowStart, FailedPasswordAnswerAttemptCount, FailedPasswordAnswerAttemptWindowStart)
   VALUES(@ApplicationID, @AspNetUserID, 'aMoPu/jMK8Yc4dxEEtAWm+RvKkFRjT38n/c1ORi3HgGWXJI15kNozQ==', 2, 'ub/Nej8BunZL3H6o+Z7+sg==', 'c.huang@goal.com', 'c.huang@goal.com', 1, 0, '2019-06-07 05:28:54', '2019-06-07 05:28:54', '2019-06-07 05:28:54', '1754-01-01 00:00:00.000', 0, '1754-01-01 00:00:00.000', 0, '1754-01-01 00:00:00.000')
   INSERT INTO dbo.dnn_UserPortals(UserID, PortalID, CreatedDate, Authorised, IsDeleted, RefreshRoles)
   VALUES(@UserID, @PortalID, '2019-06-07 05:28:54', 1, 0, 0)
   INSERT INTO dbo.dnn_UserRoles(UserID, RoleID, IsTrialUsed, CreatedByUserID, CreatedOnDate, LastModifiedByUserID, LastModifiedOnDate, [Status], IsOwner)
   VALUES(@UserId, @MaleRole, 0, 1, '2019-06-07 05:28:54', 1, '2019-06-07 05:28:54', 1, 0)
   INSERT INTO dbo.dnn_Users(Username, FirstName, LastName, Email, DisplayName, UpdatePassword, LastIPAddress, IsDeleted, CreatedByUserID, CreatedOnDate, LastModifiedByUserID, LastModifiedOnDate, PasswordResetToken, PasswordResetExpiration)
   VALUES('potterp@blogfa.com', 'Pat', 'Potter', 'potterp@blogfa.com', 'Pat Potter', 0, '', 0, 1, '2019-06-07 05:28:54', 1, '2019-06-07 05:28:54', NULL, NULL)
   SELECT @UserID = SCOPE_IDENTITY()
   INSERT INTO dbo.aspnet_Users(ApplicationID, UserName, LoweredUserName, IsAnonymous, LastActivityDate)
   VALUES(@ApplicationId, 'potterp@blogfa.com', 'potterp@blogfa.com', 0, '2019-06-07 05:28:54')
   SELECT @AspNetUserID = UserId FROM aspnet_Users WHERE Username = 'potterp@blogfa.com'
   INSERT INTO dbo.aspnet_Membership(ApplicationID, UserID, Password, PasswordFormat, PasswordSalt, Email, LoweredEmail, IsApproved, IsLockedOut, CreateDate, LastLoginDate, LastPasswordChangedDate, LastLockoutDate, FailedPasswordAttemptCount, FailedPasswordAttemptWindowStart, FailedPasswordAnswerAttemptCount, FailedPasswordAnswerAttemptWindowStart)
   VALUES(@ApplicationID, @AspNetUserID, 'aMoPu/jMK8Yc4dxEEtAWm+RvKkFRjT38n/c1ORi3HgGWXJI15kNozQ==', 2, 'ub/Nej8BunZL3H6o+Z7+sg==', 'potterp@blogfa.com', 'potterp@blogfa.com', 1, 0, '2019-06-07 05:28:54', '2019-06-07 05:28:54', '2019-06-07 05:28:54', '1754-01-01 00:00:00.000', 0, '1754-01-01 00:00:00.000', 0, '1754-01-01 00:00:00.000')
   INSERT INTO dbo.dnn_UserPortals(UserID, PortalID, CreatedDate, Authorised, IsDeleted, RefreshRoles)
   VALUES(@UserID, @PortalID, '2019-06-07 05:28:54', 1, 0, 0)
   INSERT INTO dbo.dnn_UserRoles(UserID, RoleID, IsTrialUsed, CreatedByUserID, CreatedOnDate, LastModifiedByUserID, LastModifiedOnDate, [Status], IsOwner)
   VALUES(@UserId, @MaleRole, 0, 1, '2019-06-07 05:28:54', 1, '2019-06-07 05:28:54', 1, 0)
   INSERT INTO dbo.dnn_Users(Username, FirstName, LastName, Email, DisplayName, UpdatePassword, LastIPAddress, IsDeleted, CreatedByUserID, CreatedOnDate, LastModifiedByUserID, LastModifiedOnDate, PasswordResetToken, PasswordResetExpiration)
   VALUES('noah.delacruz@southwest.com', 'Noah', 'Delacruz', 'noah.delacruz@southwest.com', 'Noah Delacruz', 0, '', 0, 1, '2019-06-07 05:28:54', 1, '2019-06-07 05:28:54', NULL, NULL)
   SELECT @UserID = SCOPE_IDENTITY()
   INSERT INTO dbo.aspnet_Users(ApplicationID, UserName, LoweredUserName, IsAnonymous, LastActivityDate)
   VALUES(@ApplicationId, 'noah.delacruz@southwest.com', 'noah.delacruz@southwest.com', 0, '2019-06-07 05:28:54')
   SELECT @AspNetUserID = UserId FROM aspnet_Users WHERE Username = 'noah.delacruz@southwest.com'
   INSERT INTO dbo.aspnet_Membership(ApplicationID, UserID, Password, PasswordFormat, PasswordSalt, Email, LoweredEmail, IsApproved, IsLockedOut, CreateDate, LastLoginDate, LastPasswordChangedDate, LastLockoutDate, FailedPasswordAttemptCount, FailedPasswordAttemptWindowStart, FailedPasswordAnswerAttemptCount, FailedPasswordAnswerAttemptWindowStart)
   VALUES(@ApplicationID, @AspNetUserID, 'aMoPu/jMK8Yc4dxEEtAWm+RvKkFRjT38n/c1ORi3HgGWXJI15kNozQ==', 2, 'ub/Nej8BunZL3H6o+Z7+sg==', 'noah.delacruz@southwest.com', 'noah.delacruz@southwest.com', 1, 0, '2019-06-07 05:28:54', '2019-06-07 05:28:54', '2019-06-07 05:28:54', '1754-01-01 00:00:00.000', 0, '1754-01-01 00:00:00.000', 0, '1754-01-01 00:00:00.000')
   INSERT INTO dbo.dnn_UserPortals(UserID, PortalID, CreatedDate, Authorised, IsDeleted, RefreshRoles)
   VALUES(@UserID, @PortalID, '2019-06-07 05:28:54', 1, 0, 0)
   INSERT INTO dbo.dnn_UserRoles(UserID, RoleID, IsTrialUsed, CreatedByUserID, CreatedOnDate, LastModifiedByUserID, LastModifiedOnDate, [Status], IsOwner)
   VALUES(@UserId, @MaleRole, 0, 1, '2019-06-07 05:28:54', 1, '2019-06-07 05:28:54', 1, 0)
   INSERT INTO dbo.dnn_UserRoles(UserID, RoleID, IsTrialUsed, CreatedByUserID, CreatedOnDate, LastModifiedByUserID, LastModifiedOnDate, [Status], IsOwner)
   VALUES(@UserId, @ManagerRole, 0, 1, '2019-06-07 05:28:54', 1, '2019-06-07 05:28:54', 1, 0)
   INSERT INTO dbo.dnn_Users(Username, FirstName, LastName, Email, DisplayName, UpdatePassword, LastIPAddress, IsDeleted, CreatedByUserID, CreatedOnDate, LastModifiedByUserID, LastModifiedOnDate, PasswordResetToken, PasswordResetExpiration)
   VALUES('g.montoya@openload.co', 'Grady', 'Montoya', 'g.montoya@openload.co', 'Grady Montoya', 0, '', 0, 1, '2019-06-07 05:28:54', 1, '2019-06-07 05:28:54', NULL, NULL)
   SELECT @UserID = SCOPE_IDENTITY()
   INSERT INTO dbo.aspnet_Users(ApplicationID, UserName, LoweredUserName, IsAnonymous, LastActivityDate)
   VALUES(@ApplicationId, 'g.montoya@openload.co', 'g.montoya@openload.co', 0, '2019-06-07 05:28:54')
   SELECT @AspNetUserID = UserId FROM aspnet_Users WHERE Username = 'g.montoya@openload.co'
   INSERT INTO dbo.aspnet_Membership(ApplicationID, UserID, Password, PasswordFormat, PasswordSalt, Email, LoweredEmail, IsApproved, IsLockedOut, CreateDate, LastLoginDate, LastPasswordChangedDate, LastLockoutDate, FailedPasswordAttemptCount, FailedPasswordAttemptWindowStart, FailedPasswordAnswerAttemptCount, FailedPasswordAnswerAttemptWindowStart)
   VALUES(@ApplicationID, @AspNetUserID, 'aMoPu/jMK8Yc4dxEEtAWm+RvKkFRjT38n/c1ORi3HgGWXJI15kNozQ==', 2, 'ub/Nej8BunZL3H6o+Z7+sg==', 'g.montoya@openload.co', 'g.montoya@openload.co', 1, 0, '2019-06-07 05:28:54', '2019-06-07 05:28:54', '2019-06-07 05:28:54', '1754-01-01 00:00:00.000', 0, '1754-01-01 00:00:00.000', 0, '1754-01-01 00:00:00.000')
   INSERT INTO dbo.dnn_UserPortals(UserID, PortalID, CreatedDate, Authorised, IsDeleted, RefreshRoles)
   VALUES(@UserID, @PortalID, '2019-06-07 05:28:54', 1, 0, 0)
   INSERT INTO dbo.dnn_UserRoles(UserID, RoleID, IsTrialUsed, CreatedByUserID, CreatedOnDate, LastModifiedByUserID, LastModifiedOnDate, [Status], IsOwner)
   VALUES(@UserId, @MaleRole, 0, 1, '2019-06-07 05:28:54', 1, '2019-06-07 05:28:54', 1, 0)
   INSERT INTO dbo.dnn_Users(Username, FirstName, LastName, Email, DisplayName, UpdatePassword, LastIPAddress, IsDeleted, CreatedByUserID, CreatedOnDate, LastModifiedByUserID, LastModifiedOnDate, PasswordResetToken, PasswordResetExpiration)
   VALUES('toddp@hm.com', 'Phil', 'Todd', 'toddp@hm.com', 'Phil Todd', 0, '', 0, 1, '2019-06-07 05:28:54', 1, '2019-06-07 05:28:54', NULL, NULL)
   SELECT @UserID = SCOPE_IDENTITY()
   INSERT INTO dbo.aspnet_Users(ApplicationID, UserName, LoweredUserName, IsAnonymous, LastActivityDate)
   VALUES(@ApplicationId, 'toddp@hm.com', 'toddp@hm.com', 0, '2019-06-07 05:28:54')
   SELECT @AspNetUserID = UserId FROM aspnet_Users WHERE Username = 'toddp@hm.com'
   INSERT INTO dbo.aspnet_Membership(ApplicationID, UserID, Password, PasswordFormat, PasswordSalt, Email, LoweredEmail, IsApproved, IsLockedOut, CreateDate, LastLoginDate, LastPasswordChangedDate, LastLockoutDate, FailedPasswordAttemptCount, FailedPasswordAttemptWindowStart, FailedPasswordAnswerAttemptCount, FailedPasswordAnswerAttemptWindowStart)
   VALUES(@ApplicationID, @AspNetUserID, 'aMoPu/jMK8Yc4dxEEtAWm+RvKkFRjT38n/c1ORi3HgGWXJI15kNozQ==', 2, 'ub/Nej8BunZL3H6o+Z7+sg==', 'toddp@hm.com', 'toddp@hm.com', 1, 0, '2019-06-07 05:28:54', '2019-06-07 05:28:54', '2019-06-07 05:28:54', '1754-01-01 00:00:00.000', 0, '1754-01-01 00:00:00.000', 0, '1754-01-01 00:00:00.000')
   INSERT INTO dbo.dnn_UserPortals(UserID, PortalID, CreatedDate, Authorised, IsDeleted, RefreshRoles)
   VALUES(@UserID, @PortalID, '2019-06-07 05:28:54', 1, 0, 0)
   INSERT INTO dbo.dnn_UserRoles(UserID, RoleID, IsTrialUsed, CreatedByUserID, CreatedOnDate, LastModifiedByUserID, LastModifiedOnDate, [Status], IsOwner)
   VALUES(@UserId, @MaleRole, 0, 1, '2019-06-07 05:28:54', 1, '2019-06-07 05:28:54', 1, 0)
   INSERT INTO dbo.dnn_Users(Username, FirstName, LastName, Email, DisplayName, UpdatePassword, LastIPAddress, IsDeleted, CreatedByUserID, CreatedOnDate, LastModifiedByUserID, LastModifiedOnDate, PasswordResetToken, PasswordResetExpiration)
   VALUES('cornelius.wu@kickstarter.com', 'Cornelius', 'Wu', 'cornelius.wu@kickstarter.com', 'Cornelius Wu', 0, '', 0, 1, '2019-06-07 05:28:54', 1, '2019-06-07 05:28:54', NULL, NULL)
   SELECT @UserID = SCOPE_IDENTITY()
   INSERT INTO dbo.aspnet_Users(ApplicationID, UserName, LoweredUserName, IsAnonymous, LastActivityDate)
   VALUES(@ApplicationId, 'cornelius.wu@kickstarter.com', 'cornelius.wu@kickstarter.com', 0, '2019-06-07 05:28:54')
   SELECT @AspNetUserID = UserId FROM aspnet_Users WHERE Username = 'cornelius.wu@kickstarter.com'
   INSERT INTO dbo.aspnet_Membership(ApplicationID, UserID, Password, PasswordFormat, PasswordSalt, Email, LoweredEmail, IsApproved, IsLockedOut, CreateDate, LastLoginDate, LastPasswordChangedDate, LastLockoutDate, FailedPasswordAttemptCount, FailedPasswordAttemptWindowStart, FailedPasswordAnswerAttemptCount, FailedPasswordAnswerAttemptWindowStart)
   VALUES(@ApplicationID, @AspNetUserID, 'aMoPu/jMK8Yc4dxEEtAWm+RvKkFRjT38n/c1ORi3HgGWXJI15kNozQ==', 2, 'ub/Nej8BunZL3H6o+Z7+sg==', 'cornelius.wu@kickstarter.com', 'cornelius.wu@kickstarter.com', 1, 0, '2019-06-07 05:28:54', '2019-06-07 05:28:54', '2019-06-07 05:28:54', '1754-01-01 00:00:00.000', 0, '1754-01-01 00:00:00.000', 0, '1754-01-01 00:00:00.000')
   INSERT INTO dbo.dnn_UserPortals(UserID, PortalID, CreatedDate, Authorised, IsDeleted, RefreshRoles)
   VALUES(@UserID, @PortalID, '2019-06-07 05:28:54', 1, 0, 0)
   INSERT INTO dbo.dnn_UserRoles(UserID, RoleID, IsTrialUsed, CreatedByUserID, CreatedOnDate, LastModifiedByUserID, LastModifiedOnDate, [Status], IsOwner)
   VALUES(@UserId, @MaleRole, 0, 1, '2019-06-07 05:28:54', 1, '2019-06-07 05:28:54', 1, 0)
   INSERT INTO dbo.dnn_Users(Username, FirstName, LastName, Email, DisplayName, UpdatePassword, LastIPAddress, IsDeleted, CreatedByUserID, CreatedOnDate, LastModifiedByUserID, LastModifiedOnDate, PasswordResetToken, PasswordResetExpiration)
   VALUES('l.hines@cloudfront.net', 'Lamar', 'Hines', 'l.hines@cloudfront.net', 'Lamar Hines', 0, '', 0, 1, '2019-06-07 05:28:54', 1, '2019-06-07 05:28:54', NULL, NULL)
   SELECT @UserID = SCOPE_IDENTITY()
   INSERT INTO dbo.aspnet_Users(ApplicationID, UserName, LoweredUserName, IsAnonymous, LastActivityDate)
   VALUES(@ApplicationId, 'l.hines@cloudfront.net', 'l.hines@cloudfront.net', 0, '2019-06-07 05:28:54')
   SELECT @AspNetUserID = UserId FROM aspnet_Users WHERE Username = 'l.hines@cloudfront.net'
   INSERT INTO dbo.aspnet_Membership(ApplicationID, UserID, Password, PasswordFormat, PasswordSalt, Email, LoweredEmail, IsApproved, IsLockedOut, CreateDate, LastLoginDate, LastPasswordChangedDate, LastLockoutDate, FailedPasswordAttemptCount, FailedPasswordAttemptWindowStart, FailedPasswordAnswerAttemptCount, FailedPasswordAnswerAttemptWindowStart)
   VALUES(@ApplicationID, @AspNetUserID, 'aMoPu/jMK8Yc4dxEEtAWm+RvKkFRjT38n/c1ORi3HgGWXJI15kNozQ==', 2, 'ub/Nej8BunZL3H6o+Z7+sg==', 'l.hines@cloudfront.net', 'l.hines@cloudfront.net', 1, 0, '2019-06-07 05:28:54', '2019-06-07 05:28:54', '2019-06-07 05:28:54', '1754-01-01 00:00:00.000', 0, '1754-01-01 00:00:00.000', 0, '1754-01-01 00:00:00.000')
   INSERT INTO dbo.dnn_UserPortals(UserID, PortalID, CreatedDate, Authorised, IsDeleted, RefreshRoles)
   VALUES(@UserID, @PortalID, '2019-06-07 05:28:54', 1, 0, 0)
   INSERT INTO dbo.dnn_UserRoles(UserID, RoleID, IsTrialUsed, CreatedByUserID, CreatedOnDate, LastModifiedByUserID, LastModifiedOnDate, [Status], IsOwner)
   VALUES(@UserId, @MaleRole, 0, 1, '2019-06-07 05:28:54', 1, '2019-06-07 05:28:54', 1, 0)
   INSERT INTO dbo.dnn_Users(Username, FirstName, LastName, Email, DisplayName, UpdatePassword, LastIPAddress, IsDeleted, CreatedByUserID, CreatedOnDate, LastModifiedByUserID, LastModifiedOnDate, PasswordResetToken, PasswordResetExpiration)
   VALUES('mullinsr@thesportbible.com', 'Rolando', 'Mullins', 'mullinsr@thesportbible.com', 'Rolando Mullins', 0, '', 0, 1, '2019-06-07 05:28:54', 1, '2019-06-07 05:28:54', NULL, NULL)
   SELECT @UserID = SCOPE_IDENTITY()
   INSERT INTO dbo.aspnet_Users(ApplicationID, UserName, LoweredUserName, IsAnonymous, LastActivityDate)
   VALUES(@ApplicationId, 'mullinsr@thesportbible.com', 'mullinsr@thesportbible.com', 0, '2019-06-07 05:28:54')
   SELECT @AspNetUserID = UserId FROM aspnet_Users WHERE Username = 'mullinsr@thesportbible.com'
   INSERT INTO dbo.aspnet_Membership(ApplicationID, UserID, Password, PasswordFormat, PasswordSalt, Email, LoweredEmail, IsApproved, IsLockedOut, CreateDate, LastLoginDate, LastPasswordChangedDate, LastLockoutDate, FailedPasswordAttemptCount, FailedPasswordAttemptWindowStart, FailedPasswordAnswerAttemptCount, FailedPasswordAnswerAttemptWindowStart)
   VALUES(@ApplicationID, @AspNetUserID, 'aMoPu/jMK8Yc4dxEEtAWm+RvKkFRjT38n/c1ORi3HgGWXJI15kNozQ==', 2, 'ub/Nej8BunZL3H6o+Z7+sg==', 'mullinsr@thesportbible.com', 'mullinsr@thesportbible.com', 1, 0, '2019-06-07 05:28:54', '2019-06-07 05:28:54', '2019-06-07 05:28:54', '1754-01-01 00:00:00.000', 0, '1754-01-01 00:00:00.000', 0, '1754-01-01 00:00:00.000')
   INSERT INTO dbo.dnn_UserPortals(UserID, PortalID, CreatedDate, Authorised, IsDeleted, RefreshRoles)
   VALUES(@UserID, @PortalID, '2019-06-07 05:28:54', 1, 0, 0)
   INSERT INTO dbo.dnn_UserRoles(UserID, RoleID, IsTrialUsed, CreatedByUserID, CreatedOnDate, LastModifiedByUserID, LastModifiedOnDate, [Status], IsOwner)
   VALUES(@UserId, @MaleRole, 0, 1, '2019-06-07 05:28:54', 1, '2019-06-07 05:28:54', 1, 0)
   INSERT INTO dbo.dnn_Users(Username, FirstName, LastName, Email, DisplayName, UpdatePassword, LastIPAddress, IsDeleted, CreatedByUserID, CreatedOnDate, LastModifiedByUserID, LastModifiedOnDate, PasswordResetToken, PasswordResetExpiration)
   VALUES('clay.castaneda@engadget.com', 'Clay', 'Castaneda', 'clay.castaneda@engadget.com', 'Clay Castaneda', 0, '', 0, 1, '2019-06-07 05:28:54', 1, '2019-06-07 05:28:54', NULL, NULL)
   SELECT @UserID = SCOPE_IDENTITY()
   INSERT INTO dbo.aspnet_Users(ApplicationID, UserName, LoweredUserName, IsAnonymous, LastActivityDate)
   VALUES(@ApplicationId, 'clay.castaneda@engadget.com', 'clay.castaneda@engadget.com', 0, '2019-06-07 05:28:54')
   SELECT @AspNetUserID = UserId FROM aspnet_Users WHERE Username = 'clay.castaneda@engadget.com'
   INSERT INTO dbo.aspnet_Membership(ApplicationID, UserID, Password, PasswordFormat, PasswordSalt, Email, LoweredEmail, IsApproved, IsLockedOut, CreateDate, LastLoginDate, LastPasswordChangedDate, LastLockoutDate, FailedPasswordAttemptCount, FailedPasswordAttemptWindowStart, FailedPasswordAnswerAttemptCount, FailedPasswordAnswerAttemptWindowStart)
   VALUES(@ApplicationID, @AspNetUserID, 'aMoPu/jMK8Yc4dxEEtAWm+RvKkFRjT38n/c1ORi3HgGWXJI15kNozQ==', 2, 'ub/Nej8BunZL3H6o+Z7+sg==', 'clay.castaneda@engadget.com', 'clay.castaneda@engadget.com', 1, 0, '2019-06-07 05:28:54', '2019-06-07 05:28:54', '2019-06-07 05:28:54', '1754-01-01 00:00:00.000', 0, '1754-01-01 00:00:00.000', 0, '1754-01-01 00:00:00.000')
   INSERT INTO dbo.dnn_UserPortals(UserID, PortalID, CreatedDate, Authorised, IsDeleted, RefreshRoles)
   VALUES(@UserID, @PortalID, '2019-06-07 05:28:54', 1, 0, 0)
   INSERT INTO dbo.dnn_UserRoles(UserID, RoleID, IsTrialUsed, CreatedByUserID, CreatedOnDate, LastModifiedByUserID, LastModifiedOnDate, [Status], IsOwner)
   VALUES(@UserId, @MaleRole, 0, 1, '2019-06-07 05:28:54', 1, '2019-06-07 05:28:54', 1, 0)
   INSERT INTO dbo.dnn_Users(Username, FirstName, LastName, Email, DisplayName, UpdatePassword, LastIPAddress, IsDeleted, CreatedByUserID, CreatedOnDate, LastModifiedByUserID, LastModifiedOnDate, PasswordResetToken, PasswordResetExpiration)
   VALUES('p.malone@impress.co.jp', 'Percy', 'Malone', 'p.malone@impress.co.jp', 'Percy Malone', 0, '', 0, 1, '2019-06-07 05:28:54', 1, '2019-06-07 05:28:54', NULL, NULL)
   SELECT @UserID = SCOPE_IDENTITY()
   INSERT INTO dbo.aspnet_Users(ApplicationID, UserName, LoweredUserName, IsAnonymous, LastActivityDate)
   VALUES(@ApplicationId, 'p.malone@impress.co.jp', 'p.malone@impress.co.jp', 0, '2019-06-07 05:28:54')
   SELECT @AspNetUserID = UserId FROM aspnet_Users WHERE Username = 'p.malone@impress.co.jp'
   INSERT INTO dbo.aspnet_Membership(ApplicationID, UserID, Password, PasswordFormat, PasswordSalt, Email, LoweredEmail, IsApproved, IsLockedOut, CreateDate, LastLoginDate, LastPasswordChangedDate, LastLockoutDate, FailedPasswordAttemptCount, FailedPasswordAttemptWindowStart, FailedPasswordAnswerAttemptCount, FailedPasswordAnswerAttemptWindowStart)
   VALUES(@ApplicationID, @AspNetUserID, 'aMoPu/jMK8Yc4dxEEtAWm+RvKkFRjT38n/c1ORi3HgGWXJI15kNozQ==', 2, 'ub/Nej8BunZL3H6o+Z7+sg==', 'p.malone@impress.co.jp', 'p.malone@impress.co.jp', 1, 0, '2019-06-07 05:28:54', '2019-06-07 05:28:54', '2019-06-07 05:28:54', '1754-01-01 00:00:00.000', 0, '1754-01-01 00:00:00.000', 0, '1754-01-01 00:00:00.000')
   INSERT INTO dbo.dnn_UserPortals(UserID, PortalID, CreatedDate, Authorised, IsDeleted, RefreshRoles)
   VALUES(@UserID, @PortalID, '2019-06-07 05:28:54', 1, 0, 0)
   INSERT INTO dbo.dnn_UserRoles(UserID, RoleID, IsTrialUsed, CreatedByUserID, CreatedOnDate, LastModifiedByUserID, LastModifiedOnDate, [Status], IsOwner)
   VALUES(@UserId, @MaleRole, 0, 1, '2019-06-07 05:28:54', 1, '2019-06-07 05:28:54', 1, 0)
   INSERT INTO dbo.dnn_Users(Username, FirstName, LastName, Email, DisplayName, UpdatePassword, LastIPAddress, IsDeleted, CreatedByUserID, CreatedOnDate, LastModifiedByUserID, LastModifiedOnDate, PasswordResetToken, PasswordResetExpiration)
   VALUES('cannond@kohls.com', 'Dexter', 'Cannon', 'cannond@kohls.com', 'Dexter Cannon', 0, '', 0, 1, '2019-06-07 05:28:54', 1, '2019-06-07 05:28:54', NULL, NULL)
   SELECT @UserID = SCOPE_IDENTITY()
   INSERT INTO dbo.aspnet_Users(ApplicationID, UserName, LoweredUserName, IsAnonymous, LastActivityDate)
   VALUES(@ApplicationId, 'cannond@kohls.com', 'cannond@kohls.com', 0, '2019-06-07 05:28:54')
   SELECT @AspNetUserID = UserId FROM aspnet_Users WHERE Username = 'cannond@kohls.com'
   INSERT INTO dbo.aspnet_Membership(ApplicationID, UserID, Password, PasswordFormat, PasswordSalt, Email, LoweredEmail, IsApproved, IsLockedOut, CreateDate, LastLoginDate, LastPasswordChangedDate, LastLockoutDate, FailedPasswordAttemptCount, FailedPasswordAttemptWindowStart, FailedPasswordAnswerAttemptCount, FailedPasswordAnswerAttemptWindowStart)
   VALUES(@ApplicationID, @AspNetUserID, 'aMoPu/jMK8Yc4dxEEtAWm+RvKkFRjT38n/c1ORi3HgGWXJI15kNozQ==', 2, 'ub/Nej8BunZL3H6o+Z7+sg==', 'cannond@kohls.com', 'cannond@kohls.com', 1, 0, '2019-06-07 05:28:54', '2019-06-07 05:28:54', '2019-06-07 05:28:54', '1754-01-01 00:00:00.000', 0, '1754-01-01 00:00:00.000', 0, '1754-01-01 00:00:00.000')
   INSERT INTO dbo.dnn_UserPortals(UserID, PortalID, CreatedDate, Authorised, IsDeleted, RefreshRoles)
   VALUES(@UserID, @PortalID, '2019-06-07 05:28:54', 1, 0, 0)
   INSERT INTO dbo.dnn_UserRoles(UserID, RoleID, IsTrialUsed, CreatedByUserID, CreatedOnDate, LastModifiedByUserID, LastModifiedOnDate, [Status], IsOwner)
   VALUES(@UserId, @MaleRole, 0, 1, '2019-06-07 05:28:54', 1, '2019-06-07 05:28:54', 1, 0)
   INSERT INTO dbo.dnn_UserRoles(UserID, RoleID, IsTrialUsed, CreatedByUserID, CreatedOnDate, LastModifiedByUserID, LastModifiedOnDate, [Status], IsOwner)
   VALUES(@UserId, @AcademicRole, 0, 1, '2019-06-07 05:28:54', 1, '2019-06-07 05:28:54', 1, 0)
   INSERT INTO dbo.dnn_Users(Username, FirstName, LastName, Email, DisplayName, UpdatePassword, LastIPAddress, IsDeleted, CreatedByUserID, CreatedOnDate, LastModifiedByUserID, LastModifiedOnDate, PasswordResetToken, PasswordResetExpiration)
   VALUES('bradford.tate@playstation.com', 'Bradford', 'Tate', 'bradford.tate@playstation.com', 'Bradford Tate', 0, '', 0, 1, '2019-06-07 05:28:54', 1, '2019-06-07 05:28:54', NULL, NULL)
   SELECT @UserID = SCOPE_IDENTITY()
   INSERT INTO dbo.aspnet_Users(ApplicationID, UserName, LoweredUserName, IsAnonymous, LastActivityDate)
   VALUES(@ApplicationId, 'bradford.tate@playstation.com', 'bradford.tate@playstation.com', 0, '2019-06-07 05:28:54')
   SELECT @AspNetUserID = UserId FROM aspnet_Users WHERE Username = 'bradford.tate@playstation.com'
   INSERT INTO dbo.aspnet_Membership(ApplicationID, UserID, Password, PasswordFormat, PasswordSalt, Email, LoweredEmail, IsApproved, IsLockedOut, CreateDate, LastLoginDate, LastPasswordChangedDate, LastLockoutDate, FailedPasswordAttemptCount, FailedPasswordAttemptWindowStart, FailedPasswordAnswerAttemptCount, FailedPasswordAnswerAttemptWindowStart)
   VALUES(@ApplicationID, @AspNetUserID, 'aMoPu/jMK8Yc4dxEEtAWm+RvKkFRjT38n/c1ORi3HgGWXJI15kNozQ==', 2, 'ub/Nej8BunZL3H6o+Z7+sg==', 'bradford.tate@playstation.com', 'bradford.tate@playstation.com', 1, 0, '2019-06-07 05:28:54', '2019-06-07 05:28:54', '2019-06-07 05:28:54', '1754-01-01 00:00:00.000', 0, '1754-01-01 00:00:00.000', 0, '1754-01-01 00:00:00.000')
   INSERT INTO dbo.dnn_UserPortals(UserID, PortalID, CreatedDate, Authorised, IsDeleted, RefreshRoles)
   VALUES(@UserID, @PortalID, '2019-06-07 05:28:54', 1, 0, 0)
   INSERT INTO dbo.dnn_UserRoles(UserID, RoleID, IsTrialUsed, CreatedByUserID, CreatedOnDate, LastModifiedByUserID, LastModifiedOnDate, [Status], IsOwner)
   VALUES(@UserId, @MaleRole, 0, 1, '2019-06-07 05:28:54', 1, '2019-06-07 05:28:54', 1, 0)
   INSERT INTO dbo.dnn_Users(Username, FirstName, LastName, Email, DisplayName, UpdatePassword, LastIPAddress, IsDeleted, CreatedByUserID, CreatedOnDate, LastModifiedByUserID, LastModifiedOnDate, PasswordResetToken, PasswordResetExpiration)
   VALUES('m.mack@clickadu.com', 'Merle', 'Mack', 'm.mack@clickadu.com', 'Merle Mack', 0, '', 0, 1, '2019-06-07 05:28:54', 1, '2019-06-07 05:28:54', NULL, NULL)
   SELECT @UserID = SCOPE_IDENTITY()
   INSERT INTO dbo.aspnet_Users(ApplicationID, UserName, LoweredUserName, IsAnonymous, LastActivityDate)
   VALUES(@ApplicationId, 'm.mack@clickadu.com', 'm.mack@clickadu.com', 0, '2019-06-07 05:28:54')
   SELECT @AspNetUserID = UserId FROM aspnet_Users WHERE Username = 'm.mack@clickadu.com'
   INSERT INTO dbo.aspnet_Membership(ApplicationID, UserID, Password, PasswordFormat, PasswordSalt, Email, LoweredEmail, IsApproved, IsLockedOut, CreateDate, LastLoginDate, LastPasswordChangedDate, LastLockoutDate, FailedPasswordAttemptCount, FailedPasswordAttemptWindowStart, FailedPasswordAnswerAttemptCount, FailedPasswordAnswerAttemptWindowStart)
   VALUES(@ApplicationID, @AspNetUserID, 'aMoPu/jMK8Yc4dxEEtAWm+RvKkFRjT38n/c1ORi3HgGWXJI15kNozQ==', 2, 'ub/Nej8BunZL3H6o+Z7+sg==', 'm.mack@clickadu.com', 'm.mack@clickadu.com', 1, 0, '2019-06-07 05:28:54', '2019-06-07 05:28:54', '2019-06-07 05:28:54', '1754-01-01 00:00:00.000', 0, '1754-01-01 00:00:00.000', 0, '1754-01-01 00:00:00.000')
   INSERT INTO dbo.dnn_UserPortals(UserID, PortalID, CreatedDate, Authorised, IsDeleted, RefreshRoles)
   VALUES(@UserID, @PortalID, '2019-06-07 05:28:54', 1, 0, 0)
   INSERT INTO dbo.dnn_UserRoles(UserID, RoleID, IsTrialUsed, CreatedByUserID, CreatedOnDate, LastModifiedByUserID, LastModifiedOnDate, [Status], IsOwner)
   VALUES(@UserId, @MaleRole, 0, 1, '2019-06-07 05:28:54', 1, '2019-06-07 05:28:54', 1, 0)
   INSERT INTO dbo.dnn_UserRoles(UserID, RoleID, IsTrialUsed, CreatedByUserID, CreatedOnDate, LastModifiedByUserID, LastModifiedOnDate, [Status], IsOwner)
   VALUES(@UserId, @ManagerRole, 0, 1, '2019-06-07 05:28:54', 1, '2019-06-07 05:28:54', 1, 0)
   INSERT INTO dbo.dnn_Users(Username, FirstName, LastName, Email, DisplayName, UpdatePassword, LastIPAddress, IsDeleted, CreatedByUserID, CreatedOnDate, LastModifiedByUserID, LastModifiedOnDate, PasswordResetToken, PasswordResetExpiration)
   VALUES('shermand@shopify.com', 'Darin', 'Sherman', 'shermand@shopify.com', 'Darin Sherman', 0, '', 0, 1, '2019-06-07 05:28:54', 1, '2019-06-07 05:28:54', NULL, NULL)
   SELECT @UserID = SCOPE_IDENTITY()
   INSERT INTO dbo.aspnet_Users(ApplicationID, UserName, LoweredUserName, IsAnonymous, LastActivityDate)
   VALUES(@ApplicationId, 'shermand@shopify.com', 'shermand@shopify.com', 0, '2019-06-07 05:28:54')
   SELECT @AspNetUserID = UserId FROM aspnet_Users WHERE Username = 'shermand@shopify.com'
   INSERT INTO dbo.aspnet_Membership(ApplicationID, UserID, Password, PasswordFormat, PasswordSalt, Email, LoweredEmail, IsApproved, IsLockedOut, CreateDate, LastLoginDate, LastPasswordChangedDate, LastLockoutDate, FailedPasswordAttemptCount, FailedPasswordAttemptWindowStart, FailedPasswordAnswerAttemptCount, FailedPasswordAnswerAttemptWindowStart)
   VALUES(@ApplicationID, @AspNetUserID, 'aMoPu/jMK8Yc4dxEEtAWm+RvKkFRjT38n/c1ORi3HgGWXJI15kNozQ==', 2, 'ub/Nej8BunZL3H6o+Z7+sg==', 'shermand@shopify.com', 'shermand@shopify.com', 1, 0, '2019-06-07 05:28:54', '2019-06-07 05:28:54', '2019-06-07 05:28:54', '1754-01-01 00:00:00.000', 0, '1754-01-01 00:00:00.000', 0, '1754-01-01 00:00:00.000')
   INSERT INTO dbo.dnn_UserPortals(UserID, PortalID, CreatedDate, Authorised, IsDeleted, RefreshRoles)
   VALUES(@UserID, @PortalID, '2019-06-07 05:28:54', 1, 0, 0)
   INSERT INTO dbo.dnn_UserRoles(UserID, RoleID, IsTrialUsed, CreatedByUserID, CreatedOnDate, LastModifiedByUserID, LastModifiedOnDate, [Status], IsOwner)
   VALUES(@UserId, @MaleRole, 0, 1, '2019-06-07 05:28:54', 1, '2019-06-07 05:28:54', 1, 0)
   INSERT INTO dbo.dnn_Users(Username, FirstName, LastName, Email, DisplayName, UpdatePassword, LastIPAddress, IsDeleted, CreatedByUserID, CreatedOnDate, LastModifiedByUserID, LastModifiedOnDate, PasswordResetToken, PasswordResetExpiration)
   VALUES('amos.hubbard@tabelog.com', 'Amos', 'Hubbard', 'amos.hubbard@tabelog.com', 'Amos Hubbard', 0, '', 0, 1, '2019-06-07 05:28:54', 1, '2019-06-07 05:28:54', NULL, NULL)
   SELECT @UserID = SCOPE_IDENTITY()
   INSERT INTO dbo.aspnet_Users(ApplicationID, UserName, LoweredUserName, IsAnonymous, LastActivityDate)
   VALUES(@ApplicationId, 'amos.hubbard@tabelog.com', 'amos.hubbard@tabelog.com', 0, '2019-06-07 05:28:54')
   SELECT @AspNetUserID = UserId FROM aspnet_Users WHERE Username = 'amos.hubbard@tabelog.com'
   INSERT INTO dbo.aspnet_Membership(ApplicationID, UserID, Password, PasswordFormat, PasswordSalt, Email, LoweredEmail, IsApproved, IsLockedOut, CreateDate, LastLoginDate, LastPasswordChangedDate, LastLockoutDate, FailedPasswordAttemptCount, FailedPasswordAttemptWindowStart, FailedPasswordAnswerAttemptCount, FailedPasswordAnswerAttemptWindowStart)
   VALUES(@ApplicationID, @AspNetUserID, 'aMoPu/jMK8Yc4dxEEtAWm+RvKkFRjT38n/c1ORi3HgGWXJI15kNozQ==', 2, 'ub/Nej8BunZL3H6o+Z7+sg==', 'amos.hubbard@tabelog.com', 'amos.hubbard@tabelog.com', 1, 0, '2019-06-07 05:28:54', '2019-06-07 05:28:54', '2019-06-07 05:28:54', '1754-01-01 00:00:00.000', 0, '1754-01-01 00:00:00.000', 0, '1754-01-01 00:00:00.000')
   INSERT INTO dbo.dnn_UserPortals(UserID, PortalID, CreatedDate, Authorised, IsDeleted, RefreshRoles)
   VALUES(@UserID, @PortalID, '2019-06-07 05:28:54', 1, 0, 0)
   INSERT INTO dbo.dnn_UserRoles(UserID, RoleID, IsTrialUsed, CreatedByUserID, CreatedOnDate, LastModifiedByUserID, LastModifiedOnDate, [Status], IsOwner)
   VALUES(@UserId, @MaleRole, 0, 1, '2019-06-07 05:28:54', 1, '2019-06-07 05:28:54', 1, 0)
   INSERT INTO dbo.dnn_Users(Username, FirstName, LastName, Email, DisplayName, UpdatePassword, LastIPAddress, IsDeleted, CreatedByUserID, CreatedOnDate, LastModifiedByUserID, LastModifiedOnDate, PasswordResetToken, PasswordResetExpiration)
   VALUES('t.hodges@mashable.com', 'Terrell', 'Hodges', 't.hodges@mashable.com', 'Terrell Hodges', 0, '', 0, 1, '2019-06-07 05:28:54', 1, '2019-06-07 05:28:54', NULL, NULL)
   SELECT @UserID = SCOPE_IDENTITY()
   INSERT INTO dbo.aspnet_Users(ApplicationID, UserName, LoweredUserName, IsAnonymous, LastActivityDate)
   VALUES(@ApplicationId, 't.hodges@mashable.com', 't.hodges@mashable.com', 0, '2019-06-07 05:28:54')
   SELECT @AspNetUserID = UserId FROM aspnet_Users WHERE Username = 't.hodges@mashable.com'
   INSERT INTO dbo.aspnet_Membership(ApplicationID, UserID, Password, PasswordFormat, PasswordSalt, Email, LoweredEmail, IsApproved, IsLockedOut, CreateDate, LastLoginDate, LastPasswordChangedDate, LastLockoutDate, FailedPasswordAttemptCount, FailedPasswordAttemptWindowStart, FailedPasswordAnswerAttemptCount, FailedPasswordAnswerAttemptWindowStart)
   VALUES(@ApplicationID, @AspNetUserID, 'aMoPu/jMK8Yc4dxEEtAWm+RvKkFRjT38n/c1ORi3HgGWXJI15kNozQ==', 2, 'ub/Nej8BunZL3H6o+Z7+sg==', 't.hodges@mashable.com', 't.hodges@mashable.com', 1, 0, '2019-06-07 05:28:54', '2019-06-07 05:28:54', '2019-06-07 05:28:54', '1754-01-01 00:00:00.000', 0, '1754-01-01 00:00:00.000', 0, '1754-01-01 00:00:00.000')
   INSERT INTO dbo.dnn_UserPortals(UserID, PortalID, CreatedDate, Authorised, IsDeleted, RefreshRoles)
   VALUES(@UserID, @PortalID, '2019-06-07 05:28:54', 1, 0, 0)
   INSERT INTO dbo.dnn_UserRoles(UserID, RoleID, IsTrialUsed, CreatedByUserID, CreatedOnDate, LastModifiedByUserID, LastModifiedOnDate, [Status], IsOwner)
   VALUES(@UserId, @MaleRole, 0, 1, '2019-06-07 05:28:54', 1, '2019-06-07 05:28:54', 1, 0)
   INSERT INTO dbo.dnn_Users(Username, FirstName, LastName, Email, DisplayName, UpdatePassword, LastIPAddress, IsDeleted, CreatedByUserID, CreatedOnDate, LastModifiedByUserID, LastModifiedOnDate, PasswordResetToken, PasswordResetExpiration)
   VALUES('zhangm@upwork.com', 'Moses', 'Zhang', 'zhangm@upwork.com', 'Moses Zhang', 0, '', 0, 1, '2019-06-07 05:28:54', 1, '2019-06-07 05:28:54', NULL, NULL)
   SELECT @UserID = SCOPE_IDENTITY()
   INSERT INTO dbo.aspnet_Users(ApplicationID, UserName, LoweredUserName, IsAnonymous, LastActivityDate)
   VALUES(@ApplicationId, 'zhangm@upwork.com', 'zhangm@upwork.com', 0, '2019-06-07 05:28:54')
   SELECT @AspNetUserID = UserId FROM aspnet_Users WHERE Username = 'zhangm@upwork.com'
   INSERT INTO dbo.aspnet_Membership(ApplicationID, UserID, Password, PasswordFormat, PasswordSalt, Email, LoweredEmail, IsApproved, IsLockedOut, CreateDate, LastLoginDate, LastPasswordChangedDate, LastLockoutDate, FailedPasswordAttemptCount, FailedPasswordAttemptWindowStart, FailedPasswordAnswerAttemptCount, FailedPasswordAnswerAttemptWindowStart)
   VALUES(@ApplicationID, @AspNetUserID, 'aMoPu/jMK8Yc4dxEEtAWm+RvKkFRjT38n/c1ORi3HgGWXJI15kNozQ==', 2, 'ub/Nej8BunZL3H6o+Z7+sg==', 'zhangm@upwork.com', 'zhangm@upwork.com', 1, 0, '2019-06-07 05:28:54', '2019-06-07 05:28:54', '2019-06-07 05:28:54', '1754-01-01 00:00:00.000', 0, '1754-01-01 00:00:00.000', 0, '1754-01-01 00:00:00.000')
   INSERT INTO dbo.dnn_UserPortals(UserID, PortalID, CreatedDate, Authorised, IsDeleted, RefreshRoles)
   VALUES(@UserID, @PortalID, '2019-06-07 05:28:54', 1, 0, 0)
   INSERT INTO dbo.dnn_UserRoles(UserID, RoleID, IsTrialUsed, CreatedByUserID, CreatedOnDate, LastModifiedByUserID, LastModifiedOnDate, [Status], IsOwner)
   VALUES(@UserId, @MaleRole, 0, 1, '2019-06-07 05:28:54', 1, '2019-06-07 05:28:54', 1, 0)
   INSERT INTO dbo.dnn_Users(Username, FirstName, LastName, Email, DisplayName, UpdatePassword, LastIPAddress, IsDeleted, CreatedByUserID, CreatedOnDate, LastModifiedByUserID, LastModifiedOnDate, PasswordResetToken, PasswordResetExpiration)
   VALUES('irvin.guerra@espncricinfo.com', 'Irvin', 'Guerra', 'irvin.guerra@espncricinfo.com', 'Irvin Guerra', 0, '', 0, 1, '2019-06-07 05:28:54', 1, '2019-06-07 05:28:54', NULL, NULL)
   SELECT @UserID = SCOPE_IDENTITY()
   INSERT INTO dbo.aspnet_Users(ApplicationID, UserName, LoweredUserName, IsAnonymous, LastActivityDate)
   VALUES(@ApplicationId, 'irvin.guerra@espncricinfo.com', 'irvin.guerra@espncricinfo.com', 0, '2019-06-07 05:28:54')
   SELECT @AspNetUserID = UserId FROM aspnet_Users WHERE Username = 'irvin.guerra@espncricinfo.com'
   INSERT INTO dbo.aspnet_Membership(ApplicationID, UserID, Password, PasswordFormat, PasswordSalt, Email, LoweredEmail, IsApproved, IsLockedOut, CreateDate, LastLoginDate, LastPasswordChangedDate, LastLockoutDate, FailedPasswordAttemptCount, FailedPasswordAttemptWindowStart, FailedPasswordAnswerAttemptCount, FailedPasswordAnswerAttemptWindowStart)
   VALUES(@ApplicationID, @AspNetUserID, 'aMoPu/jMK8Yc4dxEEtAWm+RvKkFRjT38n/c1ORi3HgGWXJI15kNozQ==', 2, 'ub/Nej8BunZL3H6o+Z7+sg==', 'irvin.guerra@espncricinfo.com', 'irvin.guerra@espncricinfo.com', 1, 0, '2019-06-07 05:28:54', '2019-06-07 05:28:54', '2019-06-07 05:28:54', '1754-01-01 00:00:00.000', 0, '1754-01-01 00:00:00.000', 0, '1754-01-01 00:00:00.000')
   INSERT INTO dbo.dnn_UserPortals(UserID, PortalID, CreatedDate, Authorised, IsDeleted, RefreshRoles)
   VALUES(@UserID, @PortalID, '2019-06-07 05:28:54', 1, 0, 0)
   INSERT INTO dbo.dnn_UserRoles(UserID, RoleID, IsTrialUsed, CreatedByUserID, CreatedOnDate, LastModifiedByUserID, LastModifiedOnDate, [Status], IsOwner)
   VALUES(@UserId, @MaleRole, 0, 1, '2019-06-07 05:28:54', 1, '2019-06-07 05:28:54', 1, 0)
   INSERT INTO dbo.dnn_Users(Username, FirstName, LastName, Email, DisplayName, UpdatePassword, LastIPAddress, IsDeleted, CreatedByUserID, CreatedOnDate, LastModifiedByUserID, LastModifiedOnDate, PasswordResetToken, PasswordResetExpiration)
   VALUES('s.wolf@conservativetribune.com', 'Saul', 'Wolf', 's.wolf@conservativetribune.com', 'Saul Wolf', 0, '', 0, 1, '2019-06-07 05:28:54', 1, '2019-06-07 05:28:54', NULL, NULL)
   SELECT @UserID = SCOPE_IDENTITY()
   INSERT INTO dbo.aspnet_Users(ApplicationID, UserName, LoweredUserName, IsAnonymous, LastActivityDate)
   VALUES(@ApplicationId, 's.wolf@conservativetribune.com', 's.wolf@conservativetribune.com', 0, '2019-06-07 05:28:54')
   SELECT @AspNetUserID = UserId FROM aspnet_Users WHERE Username = 's.wolf@conservativetribune.com'
   INSERT INTO dbo.aspnet_Membership(ApplicationID, UserID, Password, PasswordFormat, PasswordSalt, Email, LoweredEmail, IsApproved, IsLockedOut, CreateDate, LastLoginDate, LastPasswordChangedDate, LastLockoutDate, FailedPasswordAttemptCount, FailedPasswordAttemptWindowStart, FailedPasswordAnswerAttemptCount, FailedPasswordAnswerAttemptWindowStart)
   VALUES(@ApplicationID, @AspNetUserID, 'aMoPu/jMK8Yc4dxEEtAWm+RvKkFRjT38n/c1ORi3HgGWXJI15kNozQ==', 2, 'ub/Nej8BunZL3H6o+Z7+sg==', 's.wolf@conservativetribune.com', 's.wolf@conservativetribune.com', 1, 0, '2019-06-07 05:28:54', '2019-06-07 05:28:54', '2019-06-07 05:28:54', '1754-01-01 00:00:00.000', 0, '1754-01-01 00:00:00.000', 0, '1754-01-01 00:00:00.000')
   INSERT INTO dbo.dnn_UserPortals(UserID, PortalID, CreatedDate, Authorised, IsDeleted, RefreshRoles)
   VALUES(@UserID, @PortalID, '2019-06-07 05:28:54', 1, 0, 0)
   INSERT INTO dbo.dnn_UserRoles(UserID, RoleID, IsTrialUsed, CreatedByUserID, CreatedOnDate, LastModifiedByUserID, LastModifiedOnDate, [Status], IsOwner)
   VALUES(@UserId, @MaleRole, 0, 1, '2019-06-07 05:28:54', 1, '2019-06-07 05:28:54', 1, 0)
   INSERT INTO dbo.dnn_Users(Username, FirstName, LastName, Email, DisplayName, UpdatePassword, LastIPAddress, IsDeleted, CreatedByUserID, CreatedOnDate, LastModifiedByUserID, LastModifiedOnDate, PasswordResetToken, PasswordResetExpiration)
   VALUES('valenciar@siteadvisor.com', 'Roman', 'Valencia', 'valenciar@siteadvisor.com', 'Roman Valencia', 0, '', 0, 1, '2019-06-07 05:28:54', 1, '2019-06-07 05:28:54', NULL, NULL)
   SELECT @UserID = SCOPE_IDENTITY()
   INSERT INTO dbo.aspnet_Users(ApplicationID, UserName, LoweredUserName, IsAnonymous, LastActivityDate)
   VALUES(@ApplicationId, 'valenciar@siteadvisor.com', 'valenciar@siteadvisor.com', 0, '2019-06-07 05:28:54')
   SELECT @AspNetUserID = UserId FROM aspnet_Users WHERE Username = 'valenciar@siteadvisor.com'
   INSERT INTO dbo.aspnet_Membership(ApplicationID, UserID, Password, PasswordFormat, PasswordSalt, Email, LoweredEmail, IsApproved, IsLockedOut, CreateDate, LastLoginDate, LastPasswordChangedDate, LastLockoutDate, FailedPasswordAttemptCount, FailedPasswordAttemptWindowStart, FailedPasswordAnswerAttemptCount, FailedPasswordAnswerAttemptWindowStart)
   VALUES(@ApplicationID, @AspNetUserID, 'aMoPu/jMK8Yc4dxEEtAWm+RvKkFRjT38n/c1ORi3HgGWXJI15kNozQ==', 2, 'ub/Nej8BunZL3H6o+Z7+sg==', 'valenciar@siteadvisor.com', 'valenciar@siteadvisor.com', 1, 0, '2019-06-07 05:28:54', '2019-06-07 05:28:54', '2019-06-07 05:28:54', '1754-01-01 00:00:00.000', 0, '1754-01-01 00:00:00.000', 0, '1754-01-01 00:00:00.000')
   INSERT INTO dbo.dnn_UserPortals(UserID, PortalID, CreatedDate, Authorised, IsDeleted, RefreshRoles)
   VALUES(@UserID, @PortalID, '2019-06-07 05:28:54', 1, 0, 0)
   INSERT INTO dbo.dnn_UserRoles(UserID, RoleID, IsTrialUsed, CreatedByUserID, CreatedOnDate, LastModifiedByUserID, LastModifiedOnDate, [Status], IsOwner)
   VALUES(@UserId, @MaleRole, 0, 1, '2019-06-07 05:28:54', 1, '2019-06-07 05:28:54', 1, 0)
   INSERT INTO dbo.dnn_Users(Username, FirstName, LastName, Email, DisplayName, UpdatePassword, LastIPAddress, IsDeleted, CreatedByUserID, CreatedOnDate, LastModifiedByUserID, LastModifiedOnDate, PasswordResetToken, PasswordResetExpiration)
   VALUES('darnell.franco@realtor.com', 'Darnell', 'Franco', 'darnell.franco@realtor.com', 'Darnell Franco', 0, '', 0, 1, '2019-06-07 05:28:54', 1, '2019-06-07 05:28:54', NULL, NULL)
   SELECT @UserID = SCOPE_IDENTITY()
   INSERT INTO dbo.aspnet_Users(ApplicationID, UserName, LoweredUserName, IsAnonymous, LastActivityDate)
   VALUES(@ApplicationId, 'darnell.franco@realtor.com', 'darnell.franco@realtor.com', 0, '2019-06-07 05:28:54')
   SELECT @AspNetUserID = UserId FROM aspnet_Users WHERE Username = 'darnell.franco@realtor.com'
   INSERT INTO dbo.aspnet_Membership(ApplicationID, UserID, Password, PasswordFormat, PasswordSalt, Email, LoweredEmail, IsApproved, IsLockedOut, CreateDate, LastLoginDate, LastPasswordChangedDate, LastLockoutDate, FailedPasswordAttemptCount, FailedPasswordAttemptWindowStart, FailedPasswordAnswerAttemptCount, FailedPasswordAnswerAttemptWindowStart)
   VALUES(@ApplicationID, @AspNetUserID, 'aMoPu/jMK8Yc4dxEEtAWm+RvKkFRjT38n/c1ORi3HgGWXJI15kNozQ==', 2, 'ub/Nej8BunZL3H6o+Z7+sg==', 'darnell.franco@realtor.com', 'darnell.franco@realtor.com', 1, 0, '2019-06-07 05:28:54', '2019-06-07 05:28:54', '2019-06-07 05:28:54', '1754-01-01 00:00:00.000', 0, '1754-01-01 00:00:00.000', 0, '1754-01-01 00:00:00.000')
   INSERT INTO dbo.dnn_UserPortals(UserID, PortalID, CreatedDate, Authorised, IsDeleted, RefreshRoles)
   VALUES(@UserID, @PortalID, '2019-06-07 05:28:54', 1, 0, 0)
   INSERT INTO dbo.dnn_UserRoles(UserID, RoleID, IsTrialUsed, CreatedByUserID, CreatedOnDate, LastModifiedByUserID, LastModifiedOnDate, [Status], IsOwner)
   VALUES(@UserId, @MaleRole, 0, 1, '2019-06-07 05:28:54', 1, '2019-06-07 05:28:54', 1, 0)
   INSERT INTO dbo.dnn_Users(Username, FirstName, LastName, Email, DisplayName, UpdatePassword, LastIPAddress, IsDeleted, CreatedByUserID, CreatedOnDate, LastModifiedByUserID, LastModifiedOnDate, PasswordResetToken, PasswordResetExpiration)
   VALUES('r.saunders@asos.com', 'Randal', 'Saunders', 'r.saunders@asos.com', 'Randal Saunders', 0, '', 0, 1, '2019-06-07 05:28:54', 1, '2019-06-07 05:28:54', NULL, NULL)
   SELECT @UserID = SCOPE_IDENTITY()
   INSERT INTO dbo.aspnet_Users(ApplicationID, UserName, LoweredUserName, IsAnonymous, LastActivityDate)
   VALUES(@ApplicationId, 'r.saunders@asos.com', 'r.saunders@asos.com', 0, '2019-06-07 05:28:54')
   SELECT @AspNetUserID = UserId FROM aspnet_Users WHERE Username = 'r.saunders@asos.com'
   INSERT INTO dbo.aspnet_Membership(ApplicationID, UserID, Password, PasswordFormat, PasswordSalt, Email, LoweredEmail, IsApproved, IsLockedOut, CreateDate, LastLoginDate, LastPasswordChangedDate, LastLockoutDate, FailedPasswordAttemptCount, FailedPasswordAttemptWindowStart, FailedPasswordAnswerAttemptCount, FailedPasswordAnswerAttemptWindowStart)
   VALUES(@ApplicationID, @AspNetUserID, 'aMoPu/jMK8Yc4dxEEtAWm+RvKkFRjT38n/c1ORi3HgGWXJI15kNozQ==', 2, 'ub/Nej8BunZL3H6o+Z7+sg==', 'r.saunders@asos.com', 'r.saunders@asos.com', 1, 0, '2019-06-07 05:28:54', '2019-06-07 05:28:54', '2019-06-07 05:28:54', '1754-01-01 00:00:00.000', 0, '1754-01-01 00:00:00.000', 0, '1754-01-01 00:00:00.000')
   INSERT INTO dbo.dnn_UserPortals(UserID, PortalID, CreatedDate, Authorised, IsDeleted, RefreshRoles)
   VALUES(@UserID, @PortalID, '2019-06-07 05:28:54', 1, 0, 0)
   INSERT INTO dbo.dnn_UserRoles(UserID, RoleID, IsTrialUsed, CreatedByUserID, CreatedOnDate, LastModifiedByUserID, LastModifiedOnDate, [Status], IsOwner)
   VALUES(@UserId, @MaleRole, 0, 1, '2019-06-07 05:28:54', 1, '2019-06-07 05:28:54', 1, 0)
   INSERT INTO dbo.dnn_Users(Username, FirstName, LastName, Email, DisplayName, UpdatePassword, LastIPAddress, IsDeleted, CreatedByUserID, CreatedOnDate, LastModifiedByUserID, LastModifiedOnDate, PasswordResetToken, PasswordResetExpiration)
   VALUES('rowet@ci123.com', 'Tommie', 'Rowe', 'rowet@ci123.com', 'Tommie Rowe', 0, '', 0, 1, '2019-06-07 05:28:54', 1, '2019-06-07 05:28:54', NULL, NULL)
   SELECT @UserID = SCOPE_IDENTITY()
   INSERT INTO dbo.aspnet_Users(ApplicationID, UserName, LoweredUserName, IsAnonymous, LastActivityDate)
   VALUES(@ApplicationId, 'rowet@ci123.com', 'rowet@ci123.com', 0, '2019-06-07 05:28:54')
   SELECT @AspNetUserID = UserId FROM aspnet_Users WHERE Username = 'rowet@ci123.com'
   INSERT INTO dbo.aspnet_Membership(ApplicationID, UserID, Password, PasswordFormat, PasswordSalt, Email, LoweredEmail, IsApproved, IsLockedOut, CreateDate, LastLoginDate, LastPasswordChangedDate, LastLockoutDate, FailedPasswordAttemptCount, FailedPasswordAttemptWindowStart, FailedPasswordAnswerAttemptCount, FailedPasswordAnswerAttemptWindowStart)
   VALUES(@ApplicationID, @AspNetUserID, 'aMoPu/jMK8Yc4dxEEtAWm+RvKkFRjT38n/c1ORi3HgGWXJI15kNozQ==', 2, 'ub/Nej8BunZL3H6o+Z7+sg==', 'rowet@ci123.com', 'rowet@ci123.com', 1, 0, '2019-06-07 05:28:54', '2019-06-07 05:28:54', '2019-06-07 05:28:54', '1754-01-01 00:00:00.000', 0, '1754-01-01 00:00:00.000', 0, '1754-01-01 00:00:00.000')
   INSERT INTO dbo.dnn_UserPortals(UserID, PortalID, CreatedDate, Authorised, IsDeleted, RefreshRoles)
   VALUES(@UserID, @PortalID, '2019-06-07 05:28:54', 1, 0, 0)
   INSERT INTO dbo.dnn_UserRoles(UserID, RoleID, IsTrialUsed, CreatedByUserID, CreatedOnDate, LastModifiedByUserID, LastModifiedOnDate, [Status], IsOwner)
   VALUES(@UserId, @MaleRole, 0, 1, '2019-06-07 05:28:54', 1, '2019-06-07 05:28:54', 1, 0)
   INSERT INTO dbo.dnn_UserRoles(UserID, RoleID, IsTrialUsed, CreatedByUserID, CreatedOnDate, LastModifiedByUserID, LastModifiedOnDate, [Status], IsOwner)
   VALUES(@UserId, @ManagerRole, 0, 1, '2019-06-07 05:28:54', 1, '2019-06-07 05:28:54', 1, 0)
   INSERT INTO dbo.dnn_Users(Username, FirstName, LastName, Email, DisplayName, UpdatePassword, LastIPAddress, IsDeleted, CreatedByUserID, CreatedOnDate, LastModifiedByUserID, LastModifiedOnDate, PasswordResetToken, PasswordResetExpiration)
   VALUES('timmy.gallagher@hatena.ne.jp', 'Timmy', 'Gallagher', 'timmy.gallagher@hatena.ne.jp', 'Timmy Gallagher', 0, '', 0, 1, '2019-06-07 05:28:54', 1, '2019-06-07 05:28:54', NULL, NULL)
   SELECT @UserID = SCOPE_IDENTITY()
   INSERT INTO dbo.aspnet_Users(ApplicationID, UserName, LoweredUserName, IsAnonymous, LastActivityDate)
   VALUES(@ApplicationId, 'timmy.gallagher@hatena.ne.jp', 'timmy.gallagher@hatena.ne.jp', 0, '2019-06-07 05:28:54')
   SELECT @AspNetUserID = UserId FROM aspnet_Users WHERE Username = 'timmy.gallagher@hatena.ne.jp'
   INSERT INTO dbo.aspnet_Membership(ApplicationID, UserID, Password, PasswordFormat, PasswordSalt, Email, LoweredEmail, IsApproved, IsLockedOut, CreateDate, LastLoginDate, LastPasswordChangedDate, LastLockoutDate, FailedPasswordAttemptCount, FailedPasswordAttemptWindowStart, FailedPasswordAnswerAttemptCount, FailedPasswordAnswerAttemptWindowStart)
   VALUES(@ApplicationID, @AspNetUserID, 'aMoPu/jMK8Yc4dxEEtAWm+RvKkFRjT38n/c1ORi3HgGWXJI15kNozQ==', 2, 'ub/Nej8BunZL3H6o+Z7+sg==', 'timmy.gallagher@hatena.ne.jp', 'timmy.gallagher@hatena.ne.jp', 1, 0, '2019-06-07 05:28:54', '2019-06-07 05:28:54', '2019-06-07 05:28:54', '1754-01-01 00:00:00.000', 0, '1754-01-01 00:00:00.000', 0, '1754-01-01 00:00:00.000')
   INSERT INTO dbo.dnn_UserPortals(UserID, PortalID, CreatedDate, Authorised, IsDeleted, RefreshRoles)
   VALUES(@UserID, @PortalID, '2019-06-07 05:28:54', 1, 0, 0)
   INSERT INTO dbo.dnn_UserRoles(UserID, RoleID, IsTrialUsed, CreatedByUserID, CreatedOnDate, LastModifiedByUserID, LastModifiedOnDate, [Status], IsOwner)
   VALUES(@UserId, @MaleRole, 0, 1, '2019-06-07 05:28:54', 1, '2019-06-07 05:28:54', 1, 0)
   INSERT INTO dbo.dnn_UserRoles(UserID, RoleID, IsTrialUsed, CreatedByUserID, CreatedOnDate, LastModifiedByUserID, LastModifiedOnDate, [Status], IsOwner)
   VALUES(@UserId, @AcademicRole, 0, 1, '2019-06-07 05:28:54', 1, '2019-06-07 05:28:54', 1, 0)
   INSERT INTO dbo.dnn_Users(Username, FirstName, LastName, Email, DisplayName, UpdatePassword, LastIPAddress, IsDeleted, CreatedByUserID, CreatedOnDate, LastModifiedByUserID, LastModifiedOnDate, PasswordResetToken, PasswordResetExpiration)
   VALUES('d.farmer@usaa.com', 'Darrin', 'Farmer', 'd.farmer@usaa.com', 'Darrin Farmer', 0, '', 0, 1, '2019-06-07 05:28:54', 1, '2019-06-07 05:28:54', NULL, NULL)
   SELECT @UserID = SCOPE_IDENTITY()
   INSERT INTO dbo.aspnet_Users(ApplicationID, UserName, LoweredUserName, IsAnonymous, LastActivityDate)
   VALUES(@ApplicationId, 'd.farmer@usaa.com', 'd.farmer@usaa.com', 0, '2019-06-07 05:28:54')
   SELECT @AspNetUserID = UserId FROM aspnet_Users WHERE Username = 'd.farmer@usaa.com'
   INSERT INTO dbo.aspnet_Membership(ApplicationID, UserID, Password, PasswordFormat, PasswordSalt, Email, LoweredEmail, IsApproved, IsLockedOut, CreateDate, LastLoginDate, LastPasswordChangedDate, LastLockoutDate, FailedPasswordAttemptCount, FailedPasswordAttemptWindowStart, FailedPasswordAnswerAttemptCount, FailedPasswordAnswerAttemptWindowStart)
   VALUES(@ApplicationID, @AspNetUserID, 'aMoPu/jMK8Yc4dxEEtAWm+RvKkFRjT38n/c1ORi3HgGWXJI15kNozQ==', 2, 'ub/Nej8BunZL3H6o+Z7+sg==', 'd.farmer@usaa.com', 'd.farmer@usaa.com', 1, 0, '2019-06-07 05:28:54', '2019-06-07 05:28:54', '2019-06-07 05:28:54', '1754-01-01 00:00:00.000', 0, '1754-01-01 00:00:00.000', 0, '1754-01-01 00:00:00.000')
   INSERT INTO dbo.dnn_UserPortals(UserID, PortalID, CreatedDate, Authorised, IsDeleted, RefreshRoles)
   VALUES(@UserID, @PortalID, '2019-06-07 05:28:54', 1, 0, 0)
   INSERT INTO dbo.dnn_UserRoles(UserID, RoleID, IsTrialUsed, CreatedByUserID, CreatedOnDate, LastModifiedByUserID, LastModifiedOnDate, [Status], IsOwner)
   VALUES(@UserId, @MaleRole, 0, 1, '2019-06-07 05:28:54', 1, '2019-06-07 05:28:54', 1, 0)
   INSERT INTO dbo.dnn_Users(Username, FirstName, LastName, Email, DisplayName, UpdatePassword, LastIPAddress, IsDeleted, CreatedByUserID, CreatedOnDate, LastModifiedByUserID, LastModifiedOnDate, PasswordResetToken, PasswordResetExpiration)
   VALUES('hammondw@xe.com', 'Winston', 'Hammond', 'hammondw@xe.com', 'Winston Hammond', 0, '', 0, 1, '2019-06-07 05:28:54', 1, '2019-06-07 05:28:54', NULL, NULL)
   SELECT @UserID = SCOPE_IDENTITY()
   INSERT INTO dbo.aspnet_Users(ApplicationID, UserName, LoweredUserName, IsAnonymous, LastActivityDate)
   VALUES(@ApplicationId, 'hammondw@xe.com', 'hammondw@xe.com', 0, '2019-06-07 05:28:54')
   SELECT @AspNetUserID = UserId FROM aspnet_Users WHERE Username = 'hammondw@xe.com'
   INSERT INTO dbo.aspnet_Membership(ApplicationID, UserID, Password, PasswordFormat, PasswordSalt, Email, LoweredEmail, IsApproved, IsLockedOut, CreateDate, LastLoginDate, LastPasswordChangedDate, LastLockoutDate, FailedPasswordAttemptCount, FailedPasswordAttemptWindowStart, FailedPasswordAnswerAttemptCount, FailedPasswordAnswerAttemptWindowStart)
   VALUES(@ApplicationID, @AspNetUserID, 'aMoPu/jMK8Yc4dxEEtAWm+RvKkFRjT38n/c1ORi3HgGWXJI15kNozQ==', 2, 'ub/Nej8BunZL3H6o+Z7+sg==', 'hammondw@xe.com', 'hammondw@xe.com', 1, 0, '2019-06-07 05:28:54', '2019-06-07 05:28:54', '2019-06-07 05:28:54', '1754-01-01 00:00:00.000', 0, '1754-01-01 00:00:00.000', 0, '1754-01-01 00:00:00.000')
   INSERT INTO dbo.dnn_UserPortals(UserID, PortalID, CreatedDate, Authorised, IsDeleted, RefreshRoles)
   VALUES(@UserID, @PortalID, '2019-06-07 05:28:54', 1, 0, 0)
   INSERT INTO dbo.dnn_UserRoles(UserID, RoleID, IsTrialUsed, CreatedByUserID, CreatedOnDate, LastModifiedByUserID, LastModifiedOnDate, [Status], IsOwner)
   VALUES(@UserId, @MaleRole, 0, 1, '2019-06-07 05:28:54', 1, '2019-06-07 05:28:54', 1, 0)
   INSERT INTO dbo.dnn_Users(Username, FirstName, LastName, Email, DisplayName, UpdatePassword, LastIPAddress, IsDeleted, CreatedByUserID, CreatedOnDate, LastModifiedByUserID, LastModifiedOnDate, PasswordResetToken, PasswordResetExpiration)
   VALUES('brendan.hampton@olx.pl', 'Brendan', 'Hampton', 'brendan.hampton@olx.pl', 'Brendan Hampton', 0, '', 0, 1, '2019-06-07 05:28:54', 1, '2019-06-07 05:28:54', NULL, NULL)
   SELECT @UserID = SCOPE_IDENTITY()
   INSERT INTO dbo.aspnet_Users(ApplicationID, UserName, LoweredUserName, IsAnonymous, LastActivityDate)
   VALUES(@ApplicationId, 'brendan.hampton@olx.pl', 'brendan.hampton@olx.pl', 0, '2019-06-07 05:28:54')
   SELECT @AspNetUserID = UserId FROM aspnet_Users WHERE Username = 'brendan.hampton@olx.pl'
   INSERT INTO dbo.aspnet_Membership(ApplicationID, UserID, Password, PasswordFormat, PasswordSalt, Email, LoweredEmail, IsApproved, IsLockedOut, CreateDate, LastLoginDate, LastPasswordChangedDate, LastLockoutDate, FailedPasswordAttemptCount, FailedPasswordAttemptWindowStart, FailedPasswordAnswerAttemptCount, FailedPasswordAnswerAttemptWindowStart)
   VALUES(@ApplicationID, @AspNetUserID, 'aMoPu/jMK8Yc4dxEEtAWm+RvKkFRjT38n/c1ORi3HgGWXJI15kNozQ==', 2, 'ub/Nej8BunZL3H6o+Z7+sg==', 'brendan.hampton@olx.pl', 'brendan.hampton@olx.pl', 1, 0, '2019-06-07 05:28:54', '2019-06-07 05:28:54', '2019-06-07 05:28:54', '1754-01-01 00:00:00.000', 0, '1754-01-01 00:00:00.000', 0, '1754-01-01 00:00:00.000')
   INSERT INTO dbo.dnn_UserPortals(UserID, PortalID, CreatedDate, Authorised, IsDeleted, RefreshRoles)
   VALUES(@UserID, @PortalID, '2019-06-07 05:28:54', 1, 0, 0)
   INSERT INTO dbo.dnn_UserRoles(UserID, RoleID, IsTrialUsed, CreatedByUserID, CreatedOnDate, LastModifiedByUserID, LastModifiedOnDate, [Status], IsOwner)
   VALUES(@UserId, @MaleRole, 0, 1, '2019-06-07 05:28:54', 1, '2019-06-07 05:28:54', 1, 0)
   INSERT INTO dbo.dnn_Users(Username, FirstName, LastName, Email, DisplayName, UpdatePassword, LastIPAddress, IsDeleted, CreatedByUserID, CreatedOnDate, LastModifiedByUserID, LastModifiedOnDate, PasswordResetToken, PasswordResetExpiration)
   VALUES('t.townsend@videomega.tv', 'Toby', 'Townsend', 't.townsend@videomega.tv', 'Toby Townsend', 0, '', 0, 1, '2019-06-07 05:28:54', 1, '2019-06-07 05:28:54', NULL, NULL)
   SELECT @UserID = SCOPE_IDENTITY()
   INSERT INTO dbo.aspnet_Users(ApplicationID, UserName, LoweredUserName, IsAnonymous, LastActivityDate)
   VALUES(@ApplicationId, 't.townsend@videomega.tv', 't.townsend@videomega.tv', 0, '2019-06-07 05:28:54')
   SELECT @AspNetUserID = UserId FROM aspnet_Users WHERE Username = 't.townsend@videomega.tv'
   INSERT INTO dbo.aspnet_Membership(ApplicationID, UserID, Password, PasswordFormat, PasswordSalt, Email, LoweredEmail, IsApproved, IsLockedOut, CreateDate, LastLoginDate, LastPasswordChangedDate, LastLockoutDate, FailedPasswordAttemptCount, FailedPasswordAttemptWindowStart, FailedPasswordAnswerAttemptCount, FailedPasswordAnswerAttemptWindowStart)
   VALUES(@ApplicationID, @AspNetUserID, 'aMoPu/jMK8Yc4dxEEtAWm+RvKkFRjT38n/c1ORi3HgGWXJI15kNozQ==', 2, 'ub/Nej8BunZL3H6o+Z7+sg==', 't.townsend@videomega.tv', 't.townsend@videomega.tv', 1, 0, '2019-06-07 05:28:54', '2019-06-07 05:28:54', '2019-06-07 05:28:54', '1754-01-01 00:00:00.000', 0, '1754-01-01 00:00:00.000', 0, '1754-01-01 00:00:00.000')
   INSERT INTO dbo.dnn_UserPortals(UserID, PortalID, CreatedDate, Authorised, IsDeleted, RefreshRoles)
   VALUES(@UserID, @PortalID, '2019-06-07 05:28:54', 1, 0, 0)
   INSERT INTO dbo.dnn_UserRoles(UserID, RoleID, IsTrialUsed, CreatedByUserID, CreatedOnDate, LastModifiedByUserID, LastModifiedOnDate, [Status], IsOwner)
   VALUES(@UserId, @MaleRole, 0, 1, '2019-06-07 05:28:54', 1, '2019-06-07 05:28:54', 1, 0)
   INSERT INTO dbo.dnn_Users(Username, FirstName, LastName, Email, DisplayName, UpdatePassword, LastIPAddress, IsDeleted, CreatedByUserID, CreatedOnDate, LastModifiedByUserID, LastModifiedOnDate, PasswordResetToken, PasswordResetExpiration)
   VALUES('ingramv@ameba.jp', 'Van', 'Ingram', 'ingramv@ameba.jp', 'Van Ingram', 0, '', 0, 1, '2019-06-07 05:28:54', 1, '2019-06-07 05:28:54', NULL, NULL)
   SELECT @UserID = SCOPE_IDENTITY()
   INSERT INTO dbo.aspnet_Users(ApplicationID, UserName, LoweredUserName, IsAnonymous, LastActivityDate)
   VALUES(@ApplicationId, 'ingramv@ameba.jp', 'ingramv@ameba.jp', 0, '2019-06-07 05:28:54')
   SELECT @AspNetUserID = UserId FROM aspnet_Users WHERE Username = 'ingramv@ameba.jp'
   INSERT INTO dbo.aspnet_Membership(ApplicationID, UserID, Password, PasswordFormat, PasswordSalt, Email, LoweredEmail, IsApproved, IsLockedOut, CreateDate, LastLoginDate, LastPasswordChangedDate, LastLockoutDate, FailedPasswordAttemptCount, FailedPasswordAttemptWindowStart, FailedPasswordAnswerAttemptCount, FailedPasswordAnswerAttemptWindowStart)
   VALUES(@ApplicationID, @AspNetUserID, 'aMoPu/jMK8Yc4dxEEtAWm+RvKkFRjT38n/c1ORi3HgGWXJI15kNozQ==', 2, 'ub/Nej8BunZL3H6o+Z7+sg==', 'ingramv@ameba.jp', 'ingramv@ameba.jp', 1, 0, '2019-06-07 05:28:54', '2019-06-07 05:28:54', '2019-06-07 05:28:54', '1754-01-01 00:00:00.000', 0, '1754-01-01 00:00:00.000', 0, '1754-01-01 00:00:00.000')
   INSERT INTO dbo.dnn_UserPortals(UserID, PortalID, CreatedDate, Authorised, IsDeleted, RefreshRoles)
   VALUES(@UserID, @PortalID, '2019-06-07 05:28:54', 1, 0, 0)
   INSERT INTO dbo.dnn_UserRoles(UserID, RoleID, IsTrialUsed, CreatedByUserID, CreatedOnDate, LastModifiedByUserID, LastModifiedOnDate, [Status], IsOwner)
   VALUES(@UserId, @MaleRole, 0, 1, '2019-06-07 05:28:54', 1, '2019-06-07 05:28:54', 1, 0)
   INSERT INTO dbo.dnn_Users(Username, FirstName, LastName, Email, DisplayName, UpdatePassword, LastIPAddress, IsDeleted, CreatedByUserID, CreatedOnDate, LastModifiedByUserID, LastModifiedOnDate, PasswordResetToken, PasswordResetExpiration)
   VALUES('abel.wise@atlassian.net', 'Abel', 'Wise', 'abel.wise@atlassian.net', 'Abel Wise', 0, '', 0, 1, '2019-06-07 05:28:54', 1, '2019-06-07 05:28:54', NULL, NULL)
   SELECT @UserID = SCOPE_IDENTITY()
   INSERT INTO dbo.aspnet_Users(ApplicationID, UserName, LoweredUserName, IsAnonymous, LastActivityDate)
   VALUES(@ApplicationId, 'abel.wise@atlassian.net', 'abel.wise@atlassian.net', 0, '2019-06-07 05:28:54')
   SELECT @AspNetUserID = UserId FROM aspnet_Users WHERE Username = 'abel.wise@atlassian.net'
   INSERT INTO dbo.aspnet_Membership(ApplicationID, UserID, Password, PasswordFormat, PasswordSalt, Email, LoweredEmail, IsApproved, IsLockedOut, CreateDate, LastLoginDate, LastPasswordChangedDate, LastLockoutDate, FailedPasswordAttemptCount, FailedPasswordAttemptWindowStart, FailedPasswordAnswerAttemptCount, FailedPasswordAnswerAttemptWindowStart)
   VALUES(@ApplicationID, @AspNetUserID, 'aMoPu/jMK8Yc4dxEEtAWm+RvKkFRjT38n/c1ORi3HgGWXJI15kNozQ==', 2, 'ub/Nej8BunZL3H6o+Z7+sg==', 'abel.wise@atlassian.net', 'abel.wise@atlassian.net', 1, 0, '2019-06-07 05:28:54', '2019-06-07 05:28:54', '2019-06-07 05:28:54', '1754-01-01 00:00:00.000', 0, '1754-01-01 00:00:00.000', 0, '1754-01-01 00:00:00.000')
   INSERT INTO dbo.dnn_UserPortals(UserID, PortalID, CreatedDate, Authorised, IsDeleted, RefreshRoles)
   VALUES(@UserID, @PortalID, '2019-06-07 05:28:54', 1, 0, 0)
   INSERT INTO dbo.dnn_UserRoles(UserID, RoleID, IsTrialUsed, CreatedByUserID, CreatedOnDate, LastModifiedByUserID, LastModifiedOnDate, [Status], IsOwner)
   VALUES(@UserId, @MaleRole, 0, 1, '2019-06-07 05:28:54', 1, '2019-06-07 05:28:54', 1, 0)
   INSERT INTO dbo.dnn_Users(Username, FirstName, LastName, Email, DisplayName, UpdatePassword, LastIPAddress, IsDeleted, CreatedByUserID, CreatedOnDate, LastModifiedByUserID, LastModifiedOnDate, PasswordResetToken, PasswordResetExpiration)
   VALUES('d.gallegos@sh.st', 'Dominick', 'Gallegos', 'd.gallegos@sh.st', 'Dominick Gallegos', 0, '', 0, 1, '2019-06-07 05:28:54', 1, '2019-06-07 05:28:54', NULL, NULL)
   SELECT @UserID = SCOPE_IDENTITY()
   INSERT INTO dbo.aspnet_Users(ApplicationID, UserName, LoweredUserName, IsAnonymous, LastActivityDate)
   VALUES(@ApplicationId, 'd.gallegos@sh.st', 'd.gallegos@sh.st', 0, '2019-06-07 05:28:54')
   SELECT @AspNetUserID = UserId FROM aspnet_Users WHERE Username = 'd.gallegos@sh.st'
   INSERT INTO dbo.aspnet_Membership(ApplicationID, UserID, Password, PasswordFormat, PasswordSalt, Email, LoweredEmail, IsApproved, IsLockedOut, CreateDate, LastLoginDate, LastPasswordChangedDate, LastLockoutDate, FailedPasswordAttemptCount, FailedPasswordAttemptWindowStart, FailedPasswordAnswerAttemptCount, FailedPasswordAnswerAttemptWindowStart)
   VALUES(@ApplicationID, @AspNetUserID, 'aMoPu/jMK8Yc4dxEEtAWm+RvKkFRjT38n/c1ORi3HgGWXJI15kNozQ==', 2, 'ub/Nej8BunZL3H6o+Z7+sg==', 'd.gallegos@sh.st', 'd.gallegos@sh.st', 1, 0, '2019-06-07 05:28:54', '2019-06-07 05:28:54', '2019-06-07 05:28:54', '1754-01-01 00:00:00.000', 0, '1754-01-01 00:00:00.000', 0, '1754-01-01 00:00:00.000')
   INSERT INTO dbo.dnn_UserPortals(UserID, PortalID, CreatedDate, Authorised, IsDeleted, RefreshRoles)
   VALUES(@UserID, @PortalID, '2019-06-07 05:28:54', 1, 0, 0)
   INSERT INTO dbo.dnn_UserRoles(UserID, RoleID, IsTrialUsed, CreatedByUserID, CreatedOnDate, LastModifiedByUserID, LastModifiedOnDate, [Status], IsOwner)
   VALUES(@UserId, @MaleRole, 0, 1, '2019-06-07 05:28:54', 1, '2019-06-07 05:28:54', 1, 0)
   INSERT INTO dbo.dnn_Users(Username, FirstName, LastName, Email, DisplayName, UpdatePassword, LastIPAddress, IsDeleted, CreatedByUserID, CreatedOnDate, LastModifiedByUserID, LastModifiedOnDate, PasswordResetToken, PasswordResetExpiration)
   VALUES('clarkeb@ebay.it', 'Boyd', 'Clarke', 'clarkeb@ebay.it', 'Boyd Clarke', 0, '', 0, 1, '2019-06-07 05:28:54', 1, '2019-06-07 05:28:54', NULL, NULL)
   SELECT @UserID = SCOPE_IDENTITY()
   INSERT INTO dbo.aspnet_Users(ApplicationID, UserName, LoweredUserName, IsAnonymous, LastActivityDate)
   VALUES(@ApplicationId, 'clarkeb@ebay.it', 'clarkeb@ebay.it', 0, '2019-06-07 05:28:54')
   SELECT @AspNetUserID = UserId FROM aspnet_Users WHERE Username = 'clarkeb@ebay.it'
   INSERT INTO dbo.aspnet_Membership(ApplicationID, UserID, Password, PasswordFormat, PasswordSalt, Email, LoweredEmail, IsApproved, IsLockedOut, CreateDate, LastLoginDate, LastPasswordChangedDate, LastLockoutDate, FailedPasswordAttemptCount, FailedPasswordAttemptWindowStart, FailedPasswordAnswerAttemptCount, FailedPasswordAnswerAttemptWindowStart)
   VALUES(@ApplicationID, @AspNetUserID, 'aMoPu/jMK8Yc4dxEEtAWm+RvKkFRjT38n/c1ORi3HgGWXJI15kNozQ==', 2, 'ub/Nej8BunZL3H6o+Z7+sg==', 'clarkeb@ebay.it', 'clarkeb@ebay.it', 1, 0, '2019-06-07 05:28:54', '2019-06-07 05:28:54', '2019-06-07 05:28:54', '1754-01-01 00:00:00.000', 0, '1754-01-01 00:00:00.000', 0, '1754-01-01 00:00:00.000')
   INSERT INTO dbo.dnn_UserPortals(UserID, PortalID, CreatedDate, Authorised, IsDeleted, RefreshRoles)
   VALUES(@UserID, @PortalID, '2019-06-07 05:28:54', 1, 0, 0)
   INSERT INTO dbo.dnn_UserRoles(UserID, RoleID, IsTrialUsed, CreatedByUserID, CreatedOnDate, LastModifiedByUserID, LastModifiedOnDate, [Status], IsOwner)
   VALUES(@UserId, @MaleRole, 0, 1, '2019-06-07 05:28:54', 1, '2019-06-07 05:28:54', 1, 0)
   INSERT INTO dbo.dnn_Users(Username, FirstName, LastName, Email, DisplayName, UpdatePassword, LastIPAddress, IsDeleted, CreatedByUserID, CreatedOnDate, LastModifiedByUserID, LastModifiedOnDate, PasswordResetToken, PasswordResetExpiration)
   VALUES('courtney.barton@doublepimp.com', 'Courtney', 'Barton', 'courtney.barton@doublepimp.com', 'Courtney Barton', 0, '', 0, 1, '2019-06-07 05:28:54', 1, '2019-06-07 05:28:54', NULL, NULL)
   SELECT @UserID = SCOPE_IDENTITY()
   INSERT INTO dbo.aspnet_Users(ApplicationID, UserName, LoweredUserName, IsAnonymous, LastActivityDate)
   VALUES(@ApplicationId, 'courtney.barton@doublepimp.com', 'courtney.barton@doublepimp.com', 0, '2019-06-07 05:28:54')
   SELECT @AspNetUserID = UserId FROM aspnet_Users WHERE Username = 'courtney.barton@doublepimp.com'
   INSERT INTO dbo.aspnet_Membership(ApplicationID, UserID, Password, PasswordFormat, PasswordSalt, Email, LoweredEmail, IsApproved, IsLockedOut, CreateDate, LastLoginDate, LastPasswordChangedDate, LastLockoutDate, FailedPasswordAttemptCount, FailedPasswordAttemptWindowStart, FailedPasswordAnswerAttemptCount, FailedPasswordAnswerAttemptWindowStart)
   VALUES(@ApplicationID, @AspNetUserID, 'aMoPu/jMK8Yc4dxEEtAWm+RvKkFRjT38n/c1ORi3HgGWXJI15kNozQ==', 2, 'ub/Nej8BunZL3H6o+Z7+sg==', 'courtney.barton@doublepimp.com', 'courtney.barton@doublepimp.com', 1, 0, '2019-06-07 05:28:54', '2019-06-07 05:28:54', '2019-06-07 05:28:54', '1754-01-01 00:00:00.000', 0, '1754-01-01 00:00:00.000', 0, '1754-01-01 00:00:00.000')
   INSERT INTO dbo.dnn_UserPortals(UserID, PortalID, CreatedDate, Authorised, IsDeleted, RefreshRoles)
   VALUES(@UserID, @PortalID, '2019-06-07 05:28:54', 1, 0, 0)
   INSERT INTO dbo.dnn_UserRoles(UserID, RoleID, IsTrialUsed, CreatedByUserID, CreatedOnDate, LastModifiedByUserID, LastModifiedOnDate, [Status], IsOwner)
   VALUES(@UserId, @MaleRole, 0, 1, '2019-06-07 05:28:54', 1, '2019-06-07 05:28:54', 1, 0)
   INSERT INTO dbo.dnn_UserRoles(UserID, RoleID, IsTrialUsed, CreatedByUserID, CreatedOnDate, LastModifiedByUserID, LastModifiedOnDate, [Status], IsOwner)
   VALUES(@UserId, @ManagerRole, 0, 1, '2019-06-07 05:28:54', 1, '2019-06-07 05:28:54', 1, 0)
   INSERT INTO dbo.dnn_Users(Username, FirstName, LastName, Email, DisplayName, UpdatePassword, LastIPAddress, IsDeleted, CreatedByUserID, CreatedOnDate, LastModifiedByUserID, LastModifiedOnDate, PasswordResetToken, PasswordResetExpiration)
   VALUES('j.schroeder@costco.com', 'Jan', 'Schroeder', 'j.schroeder@costco.com', 'Jan Schroeder', 0, '', 0, 1, '2019-06-07 05:28:54', 1, '2019-06-07 05:28:54', NULL, NULL)
   SELECT @UserID = SCOPE_IDENTITY()
   INSERT INTO dbo.aspnet_Users(ApplicationID, UserName, LoweredUserName, IsAnonymous, LastActivityDate)
   VALUES(@ApplicationId, 'j.schroeder@costco.com', 'j.schroeder@costco.com', 0, '2019-06-07 05:28:54')
   SELECT @AspNetUserID = UserId FROM aspnet_Users WHERE Username = 'j.schroeder@costco.com'
   INSERT INTO dbo.aspnet_Membership(ApplicationID, UserID, Password, PasswordFormat, PasswordSalt, Email, LoweredEmail, IsApproved, IsLockedOut, CreateDate, LastLoginDate, LastPasswordChangedDate, LastLockoutDate, FailedPasswordAttemptCount, FailedPasswordAttemptWindowStart, FailedPasswordAnswerAttemptCount, FailedPasswordAnswerAttemptWindowStart)
   VALUES(@ApplicationID, @AspNetUserID, 'aMoPu/jMK8Yc4dxEEtAWm+RvKkFRjT38n/c1ORi3HgGWXJI15kNozQ==', 2, 'ub/Nej8BunZL3H6o+Z7+sg==', 'j.schroeder@costco.com', 'j.schroeder@costco.com', 1, 0, '2019-06-07 05:28:54', '2019-06-07 05:28:54', '2019-06-07 05:28:54', '1754-01-01 00:00:00.000', 0, '1754-01-01 00:00:00.000', 0, '1754-01-01 00:00:00.000')
   INSERT INTO dbo.dnn_UserPortals(UserID, PortalID, CreatedDate, Authorised, IsDeleted, RefreshRoles)
   VALUES(@UserID, @PortalID, '2019-06-07 05:28:54', 1, 0, 0)
   INSERT INTO dbo.dnn_UserRoles(UserID, RoleID, IsTrialUsed, CreatedByUserID, CreatedOnDate, LastModifiedByUserID, LastModifiedOnDate, [Status], IsOwner)
   VALUES(@UserId, @MaleRole, 0, 1, '2019-06-07 05:28:54', 1, '2019-06-07 05:28:54', 1, 0)
   INSERT INTO dbo.dnn_Users(Username, FirstName, LastName, Email, DisplayName, UpdatePassword, LastIPAddress, IsDeleted, CreatedByUserID, CreatedOnDate, LastModifiedByUserID, LastModifiedOnDate, PasswordResetToken, PasswordResetExpiration)
   VALUES('maxwelle@albawabhnews.com', 'Emilio', 'Maxwell', 'maxwelle@albawabhnews.com', 'Emilio Maxwell', 0, '', 0, 1, '2019-06-07 05:28:54', 1, '2019-06-07 05:28:54', NULL, NULL)
   SELECT @UserID = SCOPE_IDENTITY()
   INSERT INTO dbo.aspnet_Users(ApplicationID, UserName, LoweredUserName, IsAnonymous, LastActivityDate)
   VALUES(@ApplicationId, 'maxwelle@albawabhnews.com', 'maxwelle@albawabhnews.com', 0, '2019-06-07 05:28:54')
   SELECT @AspNetUserID = UserId FROM aspnet_Users WHERE Username = 'maxwelle@albawabhnews.com'
   INSERT INTO dbo.aspnet_Membership(ApplicationID, UserID, Password, PasswordFormat, PasswordSalt, Email, LoweredEmail, IsApproved, IsLockedOut, CreateDate, LastLoginDate, LastPasswordChangedDate, LastLockoutDate, FailedPasswordAttemptCount, FailedPasswordAttemptWindowStart, FailedPasswordAnswerAttemptCount, FailedPasswordAnswerAttemptWindowStart)
   VALUES(@ApplicationID, @AspNetUserID, 'aMoPu/jMK8Yc4dxEEtAWm+RvKkFRjT38n/c1ORi3HgGWXJI15kNozQ==', 2, 'ub/Nej8BunZL3H6o+Z7+sg==', 'maxwelle@albawabhnews.com', 'maxwelle@albawabhnews.com', 1, 0, '2019-06-07 05:28:54', '2019-06-07 05:28:54', '2019-06-07 05:28:54', '1754-01-01 00:00:00.000', 0, '1754-01-01 00:00:00.000', 0, '1754-01-01 00:00:00.000')
   INSERT INTO dbo.dnn_UserPortals(UserID, PortalID, CreatedDate, Authorised, IsDeleted, RefreshRoles)
   VALUES(@UserID, @PortalID, '2019-06-07 05:28:54', 1, 0, 0)
   INSERT INTO dbo.dnn_UserRoles(UserID, RoleID, IsTrialUsed, CreatedByUserID, CreatedOnDate, LastModifiedByUserID, LastModifiedOnDate, [Status], IsOwner)
   VALUES(@UserId, @MaleRole, 0, 1, '2019-06-07 05:28:54', 1, '2019-06-07 05:28:54', 1, 0)
   INSERT INTO dbo.dnn_Users(Username, FirstName, LastName, Email, DisplayName, UpdatePassword, LastIPAddress, IsDeleted, CreatedByUserID, CreatedOnDate, LastModifiedByUserID, LastModifiedOnDate, PasswordResetToken, PasswordResetExpiration)
   VALUES('elijah.waters@hatenablog.com', 'Elijah', 'Waters', 'elijah.waters@hatenablog.com', 'Elijah Waters', 0, '', 0, 1, '2019-06-07 05:28:54', 1, '2019-06-07 05:28:54', NULL, NULL)
   SELECT @UserID = SCOPE_IDENTITY()
   INSERT INTO dbo.aspnet_Users(ApplicationID, UserName, LoweredUserName, IsAnonymous, LastActivityDate)
   VALUES(@ApplicationId, 'elijah.waters@hatenablog.com', 'elijah.waters@hatenablog.com', 0, '2019-06-07 05:28:54')
   SELECT @AspNetUserID = UserId FROM aspnet_Users WHERE Username = 'elijah.waters@hatenablog.com'
   INSERT INTO dbo.aspnet_Membership(ApplicationID, UserID, Password, PasswordFormat, PasswordSalt, Email, LoweredEmail, IsApproved, IsLockedOut, CreateDate, LastLoginDate, LastPasswordChangedDate, LastLockoutDate, FailedPasswordAttemptCount, FailedPasswordAttemptWindowStart, FailedPasswordAnswerAttemptCount, FailedPasswordAnswerAttemptWindowStart)
   VALUES(@ApplicationID, @AspNetUserID, 'aMoPu/jMK8Yc4dxEEtAWm+RvKkFRjT38n/c1ORi3HgGWXJI15kNozQ==', 2, 'ub/Nej8BunZL3H6o+Z7+sg==', 'elijah.waters@hatenablog.com', 'elijah.waters@hatenablog.com', 1, 0, '2019-06-07 05:28:54', '2019-06-07 05:28:54', '2019-06-07 05:28:54', '1754-01-01 00:00:00.000', 0, '1754-01-01 00:00:00.000', 0, '1754-01-01 00:00:00.000')
   INSERT INTO dbo.dnn_UserPortals(UserID, PortalID, CreatedDate, Authorised, IsDeleted, RefreshRoles)
   VALUES(@UserID, @PortalID, '2019-06-07 05:28:54', 1, 0, 0)
   INSERT INTO dbo.dnn_UserRoles(UserID, RoleID, IsTrialUsed, CreatedByUserID, CreatedOnDate, LastModifiedByUserID, LastModifiedOnDate, [Status], IsOwner)
   VALUES(@UserId, @MaleRole, 0, 1, '2019-06-07 05:28:54', 1, '2019-06-07 05:28:54', 1, 0)
   INSERT INTO dbo.dnn_Users(Username, FirstName, LastName, Email, DisplayName, UpdatePassword, LastIPAddress, IsDeleted, CreatedByUserID, CreatedOnDate, LastModifiedByUserID, LastModifiedOnDate, PasswordResetToken, PasswordResetExpiration)
   VALUES('c.logan@gismeteo.ru', 'Cary', 'Logan', 'c.logan@gismeteo.ru', 'Cary Logan', 0, '', 0, 1, '2019-06-07 05:28:54', 1, '2019-06-07 05:28:54', NULL, NULL)
   SELECT @UserID = SCOPE_IDENTITY()
   INSERT INTO dbo.aspnet_Users(ApplicationID, UserName, LoweredUserName, IsAnonymous, LastActivityDate)
   VALUES(@ApplicationId, 'c.logan@gismeteo.ru', 'c.logan@gismeteo.ru', 0, '2019-06-07 05:28:54')
   SELECT @AspNetUserID = UserId FROM aspnet_Users WHERE Username = 'c.logan@gismeteo.ru'
   INSERT INTO dbo.aspnet_Membership(ApplicationID, UserID, Password, PasswordFormat, PasswordSalt, Email, LoweredEmail, IsApproved, IsLockedOut, CreateDate, LastLoginDate, LastPasswordChangedDate, LastLockoutDate, FailedPasswordAttemptCount, FailedPasswordAttemptWindowStart, FailedPasswordAnswerAttemptCount, FailedPasswordAnswerAttemptWindowStart)
   VALUES(@ApplicationID, @AspNetUserID, 'aMoPu/jMK8Yc4dxEEtAWm+RvKkFRjT38n/c1ORi3HgGWXJI15kNozQ==', 2, 'ub/Nej8BunZL3H6o+Z7+sg==', 'c.logan@gismeteo.ru', 'c.logan@gismeteo.ru', 1, 0, '2019-06-07 05:28:54', '2019-06-07 05:28:54', '2019-06-07 05:28:54', '1754-01-01 00:00:00.000', 0, '1754-01-01 00:00:00.000', 0, '1754-01-01 00:00:00.000')
   INSERT INTO dbo.dnn_UserPortals(UserID, PortalID, CreatedDate, Authorised, IsDeleted, RefreshRoles)
   VALUES(@UserID, @PortalID, '2019-06-07 05:28:54', 1, 0, 0)
   INSERT INTO dbo.dnn_UserRoles(UserID, RoleID, IsTrialUsed, CreatedByUserID, CreatedOnDate, LastModifiedByUserID, LastModifiedOnDate, [Status], IsOwner)
   VALUES(@UserId, @MaleRole, 0, 1, '2019-06-07 05:28:54', 1, '2019-06-07 05:28:54', 1, 0)
   INSERT INTO dbo.dnn_UserRoles(UserID, RoleID, IsTrialUsed, CreatedByUserID, CreatedOnDate, LastModifiedByUserID, LastModifiedOnDate, [Status], IsOwner)
   VALUES(@UserId, @AcademicRole, 0, 1, '2019-06-07 05:28:54', 1, '2019-06-07 05:28:54', 1, 0)
   INSERT INTO dbo.dnn_Users(Username, FirstName, LastName, Email, DisplayName, UpdatePassword, LastIPAddress, IsDeleted, CreatedByUserID, CreatedOnDate, LastModifiedByUserID, LastModifiedOnDate, PasswordResetToken, PasswordResetExpiration)
   VALUES('camachod@souq.com', 'Domingo', 'Camacho', 'camachod@souq.com', 'Domingo Camacho', 0, '', 0, 1, '2019-06-07 05:28:54', 1, '2019-06-07 05:28:54', NULL, NULL)
   SELECT @UserID = SCOPE_IDENTITY()
   INSERT INTO dbo.aspnet_Users(ApplicationID, UserName, LoweredUserName, IsAnonymous, LastActivityDate)
   VALUES(@ApplicationId, 'camachod@souq.com', 'camachod@souq.com', 0, '2019-06-07 05:28:54')
   SELECT @AspNetUserID = UserId FROM aspnet_Users WHERE Username = 'camachod@souq.com'
   INSERT INTO dbo.aspnet_Membership(ApplicationID, UserID, Password, PasswordFormat, PasswordSalt, Email, LoweredEmail, IsApproved, IsLockedOut, CreateDate, LastLoginDate, LastPasswordChangedDate, LastLockoutDate, FailedPasswordAttemptCount, FailedPasswordAttemptWindowStart, FailedPasswordAnswerAttemptCount, FailedPasswordAnswerAttemptWindowStart)
   VALUES(@ApplicationID, @AspNetUserID, 'aMoPu/jMK8Yc4dxEEtAWm+RvKkFRjT38n/c1ORi3HgGWXJI15kNozQ==', 2, 'ub/Nej8BunZL3H6o+Z7+sg==', 'camachod@souq.com', 'camachod@souq.com', 1, 0, '2019-06-07 05:28:54', '2019-06-07 05:28:54', '2019-06-07 05:28:54', '1754-01-01 00:00:00.000', 0, '1754-01-01 00:00:00.000', 0, '1754-01-01 00:00:00.000')
   INSERT INTO dbo.dnn_UserPortals(UserID, PortalID, CreatedDate, Authorised, IsDeleted, RefreshRoles)
   VALUES(@UserID, @PortalID, '2019-06-07 05:28:54', 1, 0, 0)
   INSERT INTO dbo.dnn_UserRoles(UserID, RoleID, IsTrialUsed, CreatedByUserID, CreatedOnDate, LastModifiedByUserID, LastModifiedOnDate, [Status], IsOwner)
   VALUES(@UserId, @MaleRole, 0, 1, '2019-06-07 05:28:54', 1, '2019-06-07 05:28:54', 1, 0)
   INSERT INTO dbo.dnn_Users(Username, FirstName, LastName, Email, DisplayName, UpdatePassword, LastIPAddress, IsDeleted, CreatedByUserID, CreatedOnDate, LastModifiedByUserID, LastModifiedOnDate, PasswordResetToken, PasswordResetExpiration)
   VALUES('santos.strickland@google.by', 'Santos', 'Strickland', 'santos.strickland@google.by', 'Santos Strickland', 0, '', 0, 1, '2019-06-07 05:28:54', 1, '2019-06-07 05:28:54', NULL, NULL)
   SELECT @UserID = SCOPE_IDENTITY()
   INSERT INTO dbo.aspnet_Users(ApplicationID, UserName, LoweredUserName, IsAnonymous, LastActivityDate)
   VALUES(@ApplicationId, 'santos.strickland@google.by', 'santos.strickland@google.by', 0, '2019-06-07 05:28:54')
   SELECT @AspNetUserID = UserId FROM aspnet_Users WHERE Username = 'santos.strickland@google.by'
   INSERT INTO dbo.aspnet_Membership(ApplicationID, UserID, Password, PasswordFormat, PasswordSalt, Email, LoweredEmail, IsApproved, IsLockedOut, CreateDate, LastLoginDate, LastPasswordChangedDate, LastLockoutDate, FailedPasswordAttemptCount, FailedPasswordAttemptWindowStart, FailedPasswordAnswerAttemptCount, FailedPasswordAnswerAttemptWindowStart)
   VALUES(@ApplicationID, @AspNetUserID, 'aMoPu/jMK8Yc4dxEEtAWm+RvKkFRjT38n/c1ORi3HgGWXJI15kNozQ==', 2, 'ub/Nej8BunZL3H6o+Z7+sg==', 'santos.strickland@google.by', 'santos.strickland@google.by', 1, 0, '2019-06-07 05:28:54', '2019-06-07 05:28:54', '2019-06-07 05:28:54', '1754-01-01 00:00:00.000', 0, '1754-01-01 00:00:00.000', 0, '1754-01-01 00:00:00.000')
   INSERT INTO dbo.dnn_UserPortals(UserID, PortalID, CreatedDate, Authorised, IsDeleted, RefreshRoles)
   VALUES(@UserID, @PortalID, '2019-06-07 05:28:54', 1, 0, 0)
   INSERT INTO dbo.dnn_UserRoles(UserID, RoleID, IsTrialUsed, CreatedByUserID, CreatedOnDate, LastModifiedByUserID, LastModifiedOnDate, [Status], IsOwner)
   VALUES(@UserId, @MaleRole, 0, 1, '2019-06-07 05:28:54', 1, '2019-06-07 05:28:54', 1, 0)
   INSERT INTO dbo.dnn_Users(Username, FirstName, LastName, Email, DisplayName, UpdatePassword, LastIPAddress, IsDeleted, CreatedByUserID, CreatedOnDate, LastModifiedByUserID, LastModifiedOnDate, PasswordResetToken, PasswordResetExpiration)
   VALUES('a.norman@extratorrent.cc', 'Aubrey', 'Norman', 'a.norman@extratorrent.cc', 'Aubrey Norman', 0, '', 0, 1, '2019-06-07 05:28:54', 1, '2019-06-07 05:28:54', NULL, NULL)
   SELECT @UserID = SCOPE_IDENTITY()
   INSERT INTO dbo.aspnet_Users(ApplicationID, UserName, LoweredUserName, IsAnonymous, LastActivityDate)
   VALUES(@ApplicationId, 'a.norman@extratorrent.cc', 'a.norman@extratorrent.cc', 0, '2019-06-07 05:28:54')
   SELECT @AspNetUserID = UserId FROM aspnet_Users WHERE Username = 'a.norman@extratorrent.cc'
   INSERT INTO dbo.aspnet_Membership(ApplicationID, UserID, Password, PasswordFormat, PasswordSalt, Email, LoweredEmail, IsApproved, IsLockedOut, CreateDate, LastLoginDate, LastPasswordChangedDate, LastLockoutDate, FailedPasswordAttemptCount, FailedPasswordAttemptWindowStart, FailedPasswordAnswerAttemptCount, FailedPasswordAnswerAttemptWindowStart)
   VALUES(@ApplicationID, @AspNetUserID, 'aMoPu/jMK8Yc4dxEEtAWm+RvKkFRjT38n/c1ORi3HgGWXJI15kNozQ==', 2, 'ub/Nej8BunZL3H6o+Z7+sg==', 'a.norman@extratorrent.cc', 'a.norman@extratorrent.cc', 1, 0, '2019-06-07 05:28:54', '2019-06-07 05:28:54', '2019-06-07 05:28:54', '1754-01-01 00:00:00.000', 0, '1754-01-01 00:00:00.000', 0, '1754-01-01 00:00:00.000')
   INSERT INTO dbo.dnn_UserPortals(UserID, PortalID, CreatedDate, Authorised, IsDeleted, RefreshRoles)
   VALUES(@UserID, @PortalID, '2019-06-07 05:28:54', 1, 0, 0)
   INSERT INTO dbo.dnn_UserRoles(UserID, RoleID, IsTrialUsed, CreatedByUserID, CreatedOnDate, LastModifiedByUserID, LastModifiedOnDate, [Status], IsOwner)
   VALUES(@UserId, @MaleRole, 0, 1, '2019-06-07 05:28:54', 1, '2019-06-07 05:28:54', 1, 0)
   INSERT INTO dbo.dnn_Users(Username, FirstName, LastName, Email, DisplayName, UpdatePassword, LastIPAddress, IsDeleted, CreatedByUserID, CreatedOnDate, LastModifiedByUserID, LastModifiedOnDate, PasswordResetToken, PasswordResetExpiration)
   VALUES('persone@yallakora.com', 'Emmett', 'Person', 'persone@yallakora.com', 'Emmett Person', 0, '', 0, 1, '2019-06-07 05:28:54', 1, '2019-06-07 05:28:54', NULL, NULL)
   SELECT @UserID = SCOPE_IDENTITY()
   INSERT INTO dbo.aspnet_Users(ApplicationID, UserName, LoweredUserName, IsAnonymous, LastActivityDate)
   VALUES(@ApplicationId, 'persone@yallakora.com', 'persone@yallakora.com', 0, '2019-06-07 05:28:54')
   SELECT @AspNetUserID = UserId FROM aspnet_Users WHERE Username = 'persone@yallakora.com'
   INSERT INTO dbo.aspnet_Membership(ApplicationID, UserID, Password, PasswordFormat, PasswordSalt, Email, LoweredEmail, IsApproved, IsLockedOut, CreateDate, LastLoginDate, LastPasswordChangedDate, LastLockoutDate, FailedPasswordAttemptCount, FailedPasswordAttemptWindowStart, FailedPasswordAnswerAttemptCount, FailedPasswordAnswerAttemptWindowStart)
   VALUES(@ApplicationID, @AspNetUserID, 'aMoPu/jMK8Yc4dxEEtAWm+RvKkFRjT38n/c1ORi3HgGWXJI15kNozQ==', 2, 'ub/Nej8BunZL3H6o+Z7+sg==', 'persone@yallakora.com', 'persone@yallakora.com', 1, 0, '2019-06-07 05:28:54', '2019-06-07 05:28:54', '2019-06-07 05:28:54', '1754-01-01 00:00:00.000', 0, '1754-01-01 00:00:00.000', 0, '1754-01-01 00:00:00.000')
   INSERT INTO dbo.dnn_UserPortals(UserID, PortalID, CreatedDate, Authorised, IsDeleted, RefreshRoles)
   VALUES(@UserID, @PortalID, '2019-06-07 05:28:54', 1, 0, 0)
   INSERT INTO dbo.dnn_UserRoles(UserID, RoleID, IsTrialUsed, CreatedByUserID, CreatedOnDate, LastModifiedByUserID, LastModifiedOnDate, [Status], IsOwner)
   VALUES(@UserId, @MaleRole, 0, 1, '2019-06-07 05:28:54', 1, '2019-06-07 05:28:54', 1, 0)
   INSERT INTO dbo.dnn_Users(Username, FirstName, LastName, Email, DisplayName, UpdatePassword, LastIPAddress, IsDeleted, CreatedByUserID, CreatedOnDate, LastModifiedByUserID, LastModifiedOnDate, PasswordResetToken, PasswordResetExpiration)
   VALUES('marlon.colon@abcnews.go.com', 'Marlon', 'Colon', 'marlon.colon@abcnews.go.com', 'Marlon Colon', 0, '', 0, 1, '2019-06-07 05:28:54', 1, '2019-06-07 05:28:54', NULL, NULL)
   SELECT @UserID = SCOPE_IDENTITY()
   INSERT INTO dbo.aspnet_Users(ApplicationID, UserName, LoweredUserName, IsAnonymous, LastActivityDate)
   VALUES(@ApplicationId, 'marlon.colon@abcnews.go.com', 'marlon.colon@abcnews.go.com', 0, '2019-06-07 05:28:54')
   SELECT @AspNetUserID = UserId FROM aspnet_Users WHERE Username = 'marlon.colon@abcnews.go.com'
   INSERT INTO dbo.aspnet_Membership(ApplicationID, UserID, Password, PasswordFormat, PasswordSalt, Email, LoweredEmail, IsApproved, IsLockedOut, CreateDate, LastLoginDate, LastPasswordChangedDate, LastLockoutDate, FailedPasswordAttemptCount, FailedPasswordAttemptWindowStart, FailedPasswordAnswerAttemptCount, FailedPasswordAnswerAttemptWindowStart)
   VALUES(@ApplicationID, @AspNetUserID, 'aMoPu/jMK8Yc4dxEEtAWm+RvKkFRjT38n/c1ORi3HgGWXJI15kNozQ==', 2, 'ub/Nej8BunZL3H6o+Z7+sg==', 'marlon.colon@abcnews.go.com', 'marlon.colon@abcnews.go.com', 1, 0, '2019-06-07 05:28:54', '2019-06-07 05:28:54', '2019-06-07 05:28:54', '1754-01-01 00:00:00.000', 0, '1754-01-01 00:00:00.000', 0, '1754-01-01 00:00:00.000')
   INSERT INTO dbo.dnn_UserPortals(UserID, PortalID, CreatedDate, Authorised, IsDeleted, RefreshRoles)
   VALUES(@UserID, @PortalID, '2019-06-07 05:28:54', 1, 0, 0)
   INSERT INTO dbo.dnn_UserRoles(UserID, RoleID, IsTrialUsed, CreatedByUserID, CreatedOnDate, LastModifiedByUserID, LastModifiedOnDate, [Status], IsOwner)
   VALUES(@UserId, @MaleRole, 0, 1, '2019-06-07 05:28:54', 1, '2019-06-07 05:28:54', 1, 0)
   INSERT INTO dbo.dnn_Users(Username, FirstName, LastName, Email, DisplayName, UpdatePassword, LastIPAddress, IsDeleted, CreatedByUserID, CreatedOnDate, LastModifiedByUserID, LastModifiedOnDate, PasswordResetToken, PasswordResetExpiration)
   VALUES('e.parsons@baike.com', 'Emanuel', 'Parsons', 'e.parsons@baike.com', 'Emanuel Parsons', 0, '', 0, 1, '2019-06-07 05:28:54', 1, '2019-06-07 05:28:54', NULL, NULL)
   SELECT @UserID = SCOPE_IDENTITY()
   INSERT INTO dbo.aspnet_Users(ApplicationID, UserName, LoweredUserName, IsAnonymous, LastActivityDate)
   VALUES(@ApplicationId, 'e.parsons@baike.com', 'e.parsons@baike.com', 0, '2019-06-07 05:28:54')
   SELECT @AspNetUserID = UserId FROM aspnet_Users WHERE Username = 'e.parsons@baike.com'
   INSERT INTO dbo.aspnet_Membership(ApplicationID, UserID, Password, PasswordFormat, PasswordSalt, Email, LoweredEmail, IsApproved, IsLockedOut, CreateDate, LastLoginDate, LastPasswordChangedDate, LastLockoutDate, FailedPasswordAttemptCount, FailedPasswordAttemptWindowStart, FailedPasswordAnswerAttemptCount, FailedPasswordAnswerAttemptWindowStart)
   VALUES(@ApplicationID, @AspNetUserID, 'aMoPu/jMK8Yc4dxEEtAWm+RvKkFRjT38n/c1ORi3HgGWXJI15kNozQ==', 2, 'ub/Nej8BunZL3H6o+Z7+sg==', 'e.parsons@baike.com', 'e.parsons@baike.com', 1, 0, '2019-06-07 05:28:54', '2019-06-07 05:28:54', '2019-06-07 05:28:54', '1754-01-01 00:00:00.000', 0, '1754-01-01 00:00:00.000', 0, '1754-01-01 00:00:00.000')
   INSERT INTO dbo.dnn_UserPortals(UserID, PortalID, CreatedDate, Authorised, IsDeleted, RefreshRoles)
   VALUES(@UserID, @PortalID, '2019-06-07 05:28:54', 1, 0, 0)
   INSERT INTO dbo.dnn_UserRoles(UserID, RoleID, IsTrialUsed, CreatedByUserID, CreatedOnDate, LastModifiedByUserID, LastModifiedOnDate, [Status], IsOwner)
   VALUES(@UserId, @MaleRole, 0, 1, '2019-06-07 05:28:54', 1, '2019-06-07 05:28:54', 1, 0)
   INSERT INTO dbo.dnn_UserRoles(UserID, RoleID, IsTrialUsed, CreatedByUserID, CreatedOnDate, LastModifiedByUserID, LastModifiedOnDate, [Status], IsOwner)
   VALUES(@UserId, @ManagerRole, 0, 1, '2019-06-07 05:28:54', 1, '2019-06-07 05:28:54', 1, 0)
   INSERT INTO dbo.dnn_Users(Username, FirstName, LastName, Email, DisplayName, UpdatePassword, LastIPAddress, IsDeleted, CreatedByUserID, CreatedOnDate, LastModifiedByUserID, LastModifiedOnDate, PasswordResetToken, PasswordResetExpiration)
   VALUES('frankj@moneycontrol.com', 'Jerald', 'Frank', 'frankj@moneycontrol.com', 'Jerald Frank', 0, '', 0, 1, '2019-06-07 05:28:54', 1, '2019-06-07 05:28:54', NULL, NULL)
   SELECT @UserID = SCOPE_IDENTITY()
   INSERT INTO dbo.aspnet_Users(ApplicationID, UserName, LoweredUserName, IsAnonymous, LastActivityDate)
   VALUES(@ApplicationId, 'frankj@moneycontrol.com', 'frankj@moneycontrol.com', 0, '2019-06-07 05:28:54')
   SELECT @AspNetUserID = UserId FROM aspnet_Users WHERE Username = 'frankj@moneycontrol.com'
   INSERT INTO dbo.aspnet_Membership(ApplicationID, UserID, Password, PasswordFormat, PasswordSalt, Email, LoweredEmail, IsApproved, IsLockedOut, CreateDate, LastLoginDate, LastPasswordChangedDate, LastLockoutDate, FailedPasswordAttemptCount, FailedPasswordAttemptWindowStart, FailedPasswordAnswerAttemptCount, FailedPasswordAnswerAttemptWindowStart)
   VALUES(@ApplicationID, @AspNetUserID, 'aMoPu/jMK8Yc4dxEEtAWm+RvKkFRjT38n/c1ORi3HgGWXJI15kNozQ==', 2, 'ub/Nej8BunZL3H6o+Z7+sg==', 'frankj@moneycontrol.com', 'frankj@moneycontrol.com', 1, 0, '2019-06-07 05:28:54', '2019-06-07 05:28:54', '2019-06-07 05:28:54', '1754-01-01 00:00:00.000', 0, '1754-01-01 00:00:00.000', 0, '1754-01-01 00:00:00.000')
   INSERT INTO dbo.dnn_UserPortals(UserID, PortalID, CreatedDate, Authorised, IsDeleted, RefreshRoles)
   VALUES(@UserID, @PortalID, '2019-06-07 05:28:54', 1, 0, 0)
   INSERT INTO dbo.dnn_UserRoles(UserID, RoleID, IsTrialUsed, CreatedByUserID, CreatedOnDate, LastModifiedByUserID, LastModifiedOnDate, [Status], IsOwner)
   VALUES(@UserId, @MaleRole, 0, 1, '2019-06-07 05:28:54', 1, '2019-06-07 05:28:54', 1, 0)
   INSERT INTO dbo.dnn_Users(Username, FirstName, LastName, Email, DisplayName, UpdatePassword, LastIPAddress, IsDeleted, CreatedByUserID, CreatedOnDate, LastModifiedByUserID, LastModifiedOnDate, PasswordResetToken, PasswordResetExpiration)
   VALUES('edmond.harrington@lifehacker.com', 'Edmond', 'Harrington', 'edmond.harrington@lifehacker.com', 'Edmond Harrington', 0, '', 0, 1, '2019-06-07 05:28:54', 1, '2019-06-07 05:28:54', NULL, NULL)
   SELECT @UserID = SCOPE_IDENTITY()
   INSERT INTO dbo.aspnet_Users(ApplicationID, UserName, LoweredUserName, IsAnonymous, LastActivityDate)
   VALUES(@ApplicationId, 'edmond.harrington@lifehacker.com', 'edmond.harrington@lifehacker.com', 0, '2019-06-07 05:28:54')
   SELECT @AspNetUserID = UserId FROM aspnet_Users WHERE Username = 'edmond.harrington@lifehacker.com'
   INSERT INTO dbo.aspnet_Membership(ApplicationID, UserID, Password, PasswordFormat, PasswordSalt, Email, LoweredEmail, IsApproved, IsLockedOut, CreateDate, LastLoginDate, LastPasswordChangedDate, LastLockoutDate, FailedPasswordAttemptCount, FailedPasswordAttemptWindowStart, FailedPasswordAnswerAttemptCount, FailedPasswordAnswerAttemptWindowStart)
   VALUES(@ApplicationID, @AspNetUserID, 'aMoPu/jMK8Yc4dxEEtAWm+RvKkFRjT38n/c1ORi3HgGWXJI15kNozQ==', 2, 'ub/Nej8BunZL3H6o+Z7+sg==', 'edmond.harrington@lifehacker.com', 'edmond.harrington@lifehacker.com', 1, 0, '2019-06-07 05:28:54', '2019-06-07 05:28:54', '2019-06-07 05:28:54', '1754-01-01 00:00:00.000', 0, '1754-01-01 00:00:00.000', 0, '1754-01-01 00:00:00.000')
   INSERT INTO dbo.dnn_UserPortals(UserID, PortalID, CreatedDate, Authorised, IsDeleted, RefreshRoles)
   VALUES(@UserID, @PortalID, '2019-06-07 05:28:54', 1, 0, 0)
   INSERT INTO dbo.dnn_UserRoles(UserID, RoleID, IsTrialUsed, CreatedByUserID, CreatedOnDate, LastModifiedByUserID, LastModifiedOnDate, [Status], IsOwner)
   VALUES(@UserId, @MaleRole, 0, 1, '2019-06-07 05:28:54', 1, '2019-06-07 05:28:54', 1, 0)
   INSERT INTO dbo.dnn_Users(Username, FirstName, LastName, Email, DisplayName, UpdatePassword, LastIPAddress, IsDeleted, CreatedByUserID, CreatedOnDate, LastModifiedByUserID, LastModifiedOnDate, PasswordResetToken, PasswordResetExpiration)
   VALUES('m.glover@wunderground.com', 'Mary', 'Glover', 'm.glover@wunderground.com', 'Mary Glover', 0, '', 0, 1, '2019-06-07 05:28:54', 1, '2019-06-07 05:28:54', NULL, NULL)
   SELECT @UserID = SCOPE_IDENTITY()
   INSERT INTO dbo.aspnet_Users(ApplicationID, UserName, LoweredUserName, IsAnonymous, LastActivityDate)
   VALUES(@ApplicationId, 'm.glover@wunderground.com', 'm.glover@wunderground.com', 0, '2019-06-07 05:28:54')
   SELECT @AspNetUserID = UserId FROM aspnet_Users WHERE Username = 'm.glover@wunderground.com'
   INSERT INTO dbo.aspnet_Membership(ApplicationID, UserID, Password, PasswordFormat, PasswordSalt, Email, LoweredEmail, IsApproved, IsLockedOut, CreateDate, LastLoginDate, LastPasswordChangedDate, LastLockoutDate, FailedPasswordAttemptCount, FailedPasswordAttemptWindowStart, FailedPasswordAnswerAttemptCount, FailedPasswordAnswerAttemptWindowStart)
   VALUES(@ApplicationID, @AspNetUserID, 'aMoPu/jMK8Yc4dxEEtAWm+RvKkFRjT38n/c1ORi3HgGWXJI15kNozQ==', 2, 'ub/Nej8BunZL3H6o+Z7+sg==', 'm.glover@wunderground.com', 'm.glover@wunderground.com', 1, 0, '2019-06-07 05:28:54', '2019-06-07 05:28:54', '2019-06-07 05:28:54', '1754-01-01 00:00:00.000', 0, '1754-01-01 00:00:00.000', 0, '1754-01-01 00:00:00.000')
   INSERT INTO dbo.dnn_UserPortals(UserID, PortalID, CreatedDate, Authorised, IsDeleted, RefreshRoles)
   VALUES(@UserID, @PortalID, '2019-06-07 05:28:54', 1, 0, 0)
   INSERT INTO dbo.dnn_UserRoles(UserID, RoleID, IsTrialUsed, CreatedByUserID, CreatedOnDate, LastModifiedByUserID, LastModifiedOnDate, [Status], IsOwner)
   VALUES(@UserId, @FemaleRole, 0, 1, '2019-06-07 05:28:54', 1, '2019-06-07 05:28:54', 1, 0)
   INSERT INTO dbo.dnn_Users(Username, FirstName, LastName, Email, DisplayName, UpdatePassword, LastIPAddress, IsDeleted, CreatedByUserID, CreatedOnDate, LastModifiedByUserID, LastModifiedOnDate, PasswordResetToken, PasswordResetExpiration)
   VALUES('osbornep@hotels.com', 'Patricia', 'Osborne', 'osbornep@hotels.com', 'Patricia Osborne', 0, '', 0, 1, '2019-06-07 05:28:54', 1, '2019-06-07 05:28:54', NULL, NULL)
   SELECT @UserID = SCOPE_IDENTITY()
   INSERT INTO dbo.aspnet_Users(ApplicationID, UserName, LoweredUserName, IsAnonymous, LastActivityDate)
   VALUES(@ApplicationId, 'osbornep@hotels.com', 'osbornep@hotels.com', 0, '2019-06-07 05:28:54')
   SELECT @AspNetUserID = UserId FROM aspnet_Users WHERE Username = 'osbornep@hotels.com'
   INSERT INTO dbo.aspnet_Membership(ApplicationID, UserID, Password, PasswordFormat, PasswordSalt, Email, LoweredEmail, IsApproved, IsLockedOut, CreateDate, LastLoginDate, LastPasswordChangedDate, LastLockoutDate, FailedPasswordAttemptCount, FailedPasswordAttemptWindowStart, FailedPasswordAnswerAttemptCount, FailedPasswordAnswerAttemptWindowStart)
   VALUES(@ApplicationID, @AspNetUserID, 'aMoPu/jMK8Yc4dxEEtAWm+RvKkFRjT38n/c1ORi3HgGWXJI15kNozQ==', 2, 'ub/Nej8BunZL3H6o+Z7+sg==', 'osbornep@hotels.com', 'osbornep@hotels.com', 1, 0, '2019-06-07 05:28:54', '2019-06-07 05:28:54', '2019-06-07 05:28:54', '1754-01-01 00:00:00.000', 0, '1754-01-01 00:00:00.000', 0, '1754-01-01 00:00:00.000')
   INSERT INTO dbo.dnn_UserPortals(UserID, PortalID, CreatedDate, Authorised, IsDeleted, RefreshRoles)
   VALUES(@UserID, @PortalID, '2019-06-07 05:28:54', 1, 0, 0)
   INSERT INTO dbo.dnn_UserRoles(UserID, RoleID, IsTrialUsed, CreatedByUserID, CreatedOnDate, LastModifiedByUserID, LastModifiedOnDate, [Status], IsOwner)
   VALUES(@UserId, @FemaleRole, 0, 1, '2019-06-07 05:28:54', 1, '2019-06-07 05:28:54', 1, 0)
   INSERT INTO dbo.dnn_UserRoles(UserID, RoleID, IsTrialUsed, CreatedByUserID, CreatedOnDate, LastModifiedByUserID, LastModifiedOnDate, [Status], IsOwner)
   VALUES(@UserId, @AcademicRole, 0, 1, '2019-06-07 05:28:54', 1, '2019-06-07 05:28:54', 1, 0)
   INSERT INTO dbo.dnn_Users(Username, FirstName, LastName, Email, DisplayName, UpdatePassword, LastIPAddress, IsDeleted, CreatedByUserID, CreatedOnDate, LastModifiedByUserID, LastModifiedOnDate, PasswordResetToken, PasswordResetExpiration)
   VALUES('linda.buchanan@zippyshare.com', 'Linda', 'Buchanan', 'linda.buchanan@zippyshare.com', 'Linda Buchanan', 0, '', 0, 1, '2019-06-07 05:28:54', 1, '2019-06-07 05:28:54', NULL, NULL)
   SELECT @UserID = SCOPE_IDENTITY()
   INSERT INTO dbo.aspnet_Users(ApplicationID, UserName, LoweredUserName, IsAnonymous, LastActivityDate)
   VALUES(@ApplicationId, 'linda.buchanan@zippyshare.com', 'linda.buchanan@zippyshare.com', 0, '2019-06-07 05:28:54')
   SELECT @AspNetUserID = UserId FROM aspnet_Users WHERE Username = 'linda.buchanan@zippyshare.com'
   INSERT INTO dbo.aspnet_Membership(ApplicationID, UserID, Password, PasswordFormat, PasswordSalt, Email, LoweredEmail, IsApproved, IsLockedOut, CreateDate, LastLoginDate, LastPasswordChangedDate, LastLockoutDate, FailedPasswordAttemptCount, FailedPasswordAttemptWindowStart, FailedPasswordAnswerAttemptCount, FailedPasswordAnswerAttemptWindowStart)
   VALUES(@ApplicationID, @AspNetUserID, 'aMoPu/jMK8Yc4dxEEtAWm+RvKkFRjT38n/c1ORi3HgGWXJI15kNozQ==', 2, 'ub/Nej8BunZL3H6o+Z7+sg==', 'linda.buchanan@zippyshare.com', 'linda.buchanan@zippyshare.com', 1, 0, '2019-06-07 05:28:54', '2019-06-07 05:28:54', '2019-06-07 05:28:54', '1754-01-01 00:00:00.000', 0, '1754-01-01 00:00:00.000', 0, '1754-01-01 00:00:00.000')
   INSERT INTO dbo.dnn_UserPortals(UserID, PortalID, CreatedDate, Authorised, IsDeleted, RefreshRoles)
   VALUES(@UserID, @PortalID, '2019-06-07 05:28:54', 1, 0, 0)
   INSERT INTO dbo.dnn_UserRoles(UserID, RoleID, IsTrialUsed, CreatedByUserID, CreatedOnDate, LastModifiedByUserID, LastModifiedOnDate, [Status], IsOwner)
   VALUES(@UserId, @FemaleRole, 0, 1, '2019-06-07 05:28:54', 1, '2019-06-07 05:28:54', 1, 0)
   INSERT INTO dbo.dnn_Users(Username, FirstName, LastName, Email, DisplayName, UpdatePassword, LastIPAddress, IsDeleted, CreatedByUserID, CreatedOnDate, LastModifiedByUserID, LastModifiedOnDate, PasswordResetToken, PasswordResetExpiration)
   VALUES('b.casey@zoho.com', 'Barbara', 'Casey', 'b.casey@zoho.com', 'Barbara Casey', 0, '', 0, 1, '2019-06-07 05:28:54', 1, '2019-06-07 05:28:54', NULL, NULL)
   SELECT @UserID = SCOPE_IDENTITY()
   INSERT INTO dbo.aspnet_Users(ApplicationID, UserName, LoweredUserName, IsAnonymous, LastActivityDate)
   VALUES(@ApplicationId, 'b.casey@zoho.com', 'b.casey@zoho.com', 0, '2019-06-07 05:28:54')
   SELECT @AspNetUserID = UserId FROM aspnet_Users WHERE Username = 'b.casey@zoho.com'
   INSERT INTO dbo.aspnet_Membership(ApplicationID, UserID, Password, PasswordFormat, PasswordSalt, Email, LoweredEmail, IsApproved, IsLockedOut, CreateDate, LastLoginDate, LastPasswordChangedDate, LastLockoutDate, FailedPasswordAttemptCount, FailedPasswordAttemptWindowStart, FailedPasswordAnswerAttemptCount, FailedPasswordAnswerAttemptWindowStart)
   VALUES(@ApplicationID, @AspNetUserID, 'aMoPu/jMK8Yc4dxEEtAWm+RvKkFRjT38n/c1ORi3HgGWXJI15kNozQ==', 2, 'ub/Nej8BunZL3H6o+Z7+sg==', 'b.casey@zoho.com', 'b.casey@zoho.com', 1, 0, '2019-06-07 05:28:54', '2019-06-07 05:28:54', '2019-06-07 05:28:54', '1754-01-01 00:00:00.000', 0, '1754-01-01 00:00:00.000', 0, '1754-01-01 00:00:00.000')
   INSERT INTO dbo.dnn_UserPortals(UserID, PortalID, CreatedDate, Authorised, IsDeleted, RefreshRoles)
   VALUES(@UserID, @PortalID, '2019-06-07 05:28:54', 1, 0, 0)
   INSERT INTO dbo.dnn_UserRoles(UserID, RoleID, IsTrialUsed, CreatedByUserID, CreatedOnDate, LastModifiedByUserID, LastModifiedOnDate, [Status], IsOwner)
   VALUES(@UserId, @FemaleRole, 0, 1, '2019-06-07 05:28:54', 1, '2019-06-07 05:28:54', 1, 0)
   INSERT INTO dbo.dnn_Users(Username, FirstName, LastName, Email, DisplayName, UpdatePassword, LastIPAddress, IsDeleted, CreatedByUserID, CreatedOnDate, LastModifiedByUserID, LastModifiedOnDate, PasswordResetToken, PasswordResetExpiration)
   VALUES('floyde@discovercard.com', 'Elizabeth', 'Floyd', 'floyde@discovercard.com', 'Elizabeth Floyd', 0, '', 0, 1, '2019-06-07 05:28:54', 1, '2019-06-07 05:28:54', NULL, NULL)
   SELECT @UserID = SCOPE_IDENTITY()
   INSERT INTO dbo.aspnet_Users(ApplicationID, UserName, LoweredUserName, IsAnonymous, LastActivityDate)
   VALUES(@ApplicationId, 'floyde@discovercard.com', 'floyde@discovercard.com', 0, '2019-06-07 05:28:54')
   SELECT @AspNetUserID = UserId FROM aspnet_Users WHERE Username = 'floyde@discovercard.com'
   INSERT INTO dbo.aspnet_Membership(ApplicationID, UserID, Password, PasswordFormat, PasswordSalt, Email, LoweredEmail, IsApproved, IsLockedOut, CreateDate, LastLoginDate, LastPasswordChangedDate, LastLockoutDate, FailedPasswordAttemptCount, FailedPasswordAttemptWindowStart, FailedPasswordAnswerAttemptCount, FailedPasswordAnswerAttemptWindowStart)
   VALUES(@ApplicationID, @AspNetUserID, 'aMoPu/jMK8Yc4dxEEtAWm+RvKkFRjT38n/c1ORi3HgGWXJI15kNozQ==', 2, 'ub/Nej8BunZL3H6o+Z7+sg==', 'floyde@discovercard.com', 'floyde@discovercard.com', 1, 0, '2019-06-07 05:28:54', '2019-06-07 05:28:54', '2019-06-07 05:28:54', '1754-01-01 00:00:00.000', 0, '1754-01-01 00:00:00.000', 0, '1754-01-01 00:00:00.000')
   INSERT INTO dbo.dnn_UserPortals(UserID, PortalID, CreatedDate, Authorised, IsDeleted, RefreshRoles)
   VALUES(@UserID, @PortalID, '2019-06-07 05:28:54', 1, 0, 0)
   INSERT INTO dbo.dnn_UserRoles(UserID, RoleID, IsTrialUsed, CreatedByUserID, CreatedOnDate, LastModifiedByUserID, LastModifiedOnDate, [Status], IsOwner)
   VALUES(@UserId, @FemaleRole, 0, 1, '2019-06-07 05:28:54', 1, '2019-06-07 05:28:54', 1, 0)
   INSERT INTO dbo.dnn_Users(Username, FirstName, LastName, Email, DisplayName, UpdatePassword, LastIPAddress, IsDeleted, CreatedByUserID, CreatedOnDate, LastModifiedByUserID, LastModifiedOnDate, PasswordResetToken, PasswordResetExpiration)
   VALUES('jennifer.patton@fidelity.com', 'Jennifer', 'Patton', 'jennifer.patton@fidelity.com', 'Jennifer Patton', 0, '', 0, 1, '2019-06-07 05:28:54', 1, '2019-06-07 05:28:54', NULL, NULL)
   SELECT @UserID = SCOPE_IDENTITY()
   INSERT INTO dbo.aspnet_Users(ApplicationID, UserName, LoweredUserName, IsAnonymous, LastActivityDate)
   VALUES(@ApplicationId, 'jennifer.patton@fidelity.com', 'jennifer.patton@fidelity.com', 0, '2019-06-07 05:28:54')
   SELECT @AspNetUserID = UserId FROM aspnet_Users WHERE Username = 'jennifer.patton@fidelity.com'
   INSERT INTO dbo.aspnet_Membership(ApplicationID, UserID, Password, PasswordFormat, PasswordSalt, Email, LoweredEmail, IsApproved, IsLockedOut, CreateDate, LastLoginDate, LastPasswordChangedDate, LastLockoutDate, FailedPasswordAttemptCount, FailedPasswordAttemptWindowStart, FailedPasswordAnswerAttemptCount, FailedPasswordAnswerAttemptWindowStart)
   VALUES(@ApplicationID, @AspNetUserID, 'aMoPu/jMK8Yc4dxEEtAWm+RvKkFRjT38n/c1ORi3HgGWXJI15kNozQ==', 2, 'ub/Nej8BunZL3H6o+Z7+sg==', 'jennifer.patton@fidelity.com', 'jennifer.patton@fidelity.com', 1, 0, '2019-06-07 05:28:54', '2019-06-07 05:28:54', '2019-06-07 05:28:54', '1754-01-01 00:00:00.000', 0, '1754-01-01 00:00:00.000', 0, '1754-01-01 00:00:00.000')
   INSERT INTO dbo.dnn_UserPortals(UserID, PortalID, CreatedDate, Authorised, IsDeleted, RefreshRoles)
   VALUES(@UserID, @PortalID, '2019-06-07 05:28:54', 1, 0, 0)
   INSERT INTO dbo.dnn_UserRoles(UserID, RoleID, IsTrialUsed, CreatedByUserID, CreatedOnDate, LastModifiedByUserID, LastModifiedOnDate, [Status], IsOwner)
   VALUES(@UserId, @FemaleRole, 0, 1, '2019-06-07 05:28:54', 1, '2019-06-07 05:28:54', 1, 0)
   INSERT INTO dbo.dnn_Users(Username, FirstName, LastName, Email, DisplayName, UpdatePassword, LastIPAddress, IsDeleted, CreatedByUserID, CreatedOnDate, LastModifiedByUserID, LastModifiedOnDate, PasswordResetToken, PasswordResetExpiration)
   VALUES('m.ibarra@cnblogs.com', 'Maria', 'Ibarra', 'm.ibarra@cnblogs.com', 'Maria Ibarra', 0, '', 0, 1, '2019-06-07 05:28:54', 1, '2019-06-07 05:28:54', NULL, NULL)
   SELECT @UserID = SCOPE_IDENTITY()
   INSERT INTO dbo.aspnet_Users(ApplicationID, UserName, LoweredUserName, IsAnonymous, LastActivityDate)
   VALUES(@ApplicationId, 'm.ibarra@cnblogs.com', 'm.ibarra@cnblogs.com', 0, '2019-06-07 05:28:54')
   SELECT @AspNetUserID = UserId FROM aspnet_Users WHERE Username = 'm.ibarra@cnblogs.com'
   INSERT INTO dbo.aspnet_Membership(ApplicationID, UserID, Password, PasswordFormat, PasswordSalt, Email, LoweredEmail, IsApproved, IsLockedOut, CreateDate, LastLoginDate, LastPasswordChangedDate, LastLockoutDate, FailedPasswordAttemptCount, FailedPasswordAttemptWindowStart, FailedPasswordAnswerAttemptCount, FailedPasswordAnswerAttemptWindowStart)
   VALUES(@ApplicationID, @AspNetUserID, 'aMoPu/jMK8Yc4dxEEtAWm+RvKkFRjT38n/c1ORi3HgGWXJI15kNozQ==', 2, 'ub/Nej8BunZL3H6o+Z7+sg==', 'm.ibarra@cnblogs.com', 'm.ibarra@cnblogs.com', 1, 0, '2019-06-07 05:28:54', '2019-06-07 05:28:54', '2019-06-07 05:28:54', '1754-01-01 00:00:00.000', 0, '1754-01-01 00:00:00.000', 0, '1754-01-01 00:00:00.000')
   INSERT INTO dbo.dnn_UserPortals(UserID, PortalID, CreatedDate, Authorised, IsDeleted, RefreshRoles)
   VALUES(@UserID, @PortalID, '2019-06-07 05:28:54', 1, 0, 0)
   INSERT INTO dbo.dnn_UserRoles(UserID, RoleID, IsTrialUsed, CreatedByUserID, CreatedOnDate, LastModifiedByUserID, LastModifiedOnDate, [Status], IsOwner)
   VALUES(@UserId, @FemaleRole, 0, 1, '2019-06-07 05:28:54', 1, '2019-06-07 05:28:54', 1, 0)
   INSERT INTO dbo.dnn_Users(Username, FirstName, LastName, Email, DisplayName, UpdatePassword, LastIPAddress, IsDeleted, CreatedByUserID, CreatedOnDate, LastModifiedByUserID, LastModifiedOnDate, PasswordResetToken, PasswordResetExpiration)
   VALUES('balls@zomato.com', 'Susan', 'Ball', 'balls@zomato.com', 'Susan Ball', 0, '', 0, 1, '2019-06-07 05:28:54', 1, '2019-06-07 05:28:54', NULL, NULL)
   SELECT @UserID = SCOPE_IDENTITY()
   INSERT INTO dbo.aspnet_Users(ApplicationID, UserName, LoweredUserName, IsAnonymous, LastActivityDate)
   VALUES(@ApplicationId, 'balls@zomato.com', 'balls@zomato.com', 0, '2019-06-07 05:28:54')
   SELECT @AspNetUserID = UserId FROM aspnet_Users WHERE Username = 'balls@zomato.com'
   INSERT INTO dbo.aspnet_Membership(ApplicationID, UserID, Password, PasswordFormat, PasswordSalt, Email, LoweredEmail, IsApproved, IsLockedOut, CreateDate, LastLoginDate, LastPasswordChangedDate, LastLockoutDate, FailedPasswordAttemptCount, FailedPasswordAttemptWindowStart, FailedPasswordAnswerAttemptCount, FailedPasswordAnswerAttemptWindowStart)
   VALUES(@ApplicationID, @AspNetUserID, 'aMoPu/jMK8Yc4dxEEtAWm+RvKkFRjT38n/c1ORi3HgGWXJI15kNozQ==', 2, 'ub/Nej8BunZL3H6o+Z7+sg==', 'balls@zomato.com', 'balls@zomato.com', 1, 0, '2019-06-07 05:28:54', '2019-06-07 05:28:54', '2019-06-07 05:28:54', '1754-01-01 00:00:00.000', 0, '1754-01-01 00:00:00.000', 0, '1754-01-01 00:00:00.000')
   INSERT INTO dbo.dnn_UserPortals(UserID, PortalID, CreatedDate, Authorised, IsDeleted, RefreshRoles)
   VALUES(@UserID, @PortalID, '2019-06-07 05:28:54', 1, 0, 0)
   INSERT INTO dbo.dnn_UserRoles(UserID, RoleID, IsTrialUsed, CreatedByUserID, CreatedOnDate, LastModifiedByUserID, LastModifiedOnDate, [Status], IsOwner)
   VALUES(@UserId, @FemaleRole, 0, 1, '2019-06-07 05:28:54', 1, '2019-06-07 05:28:54', 1, 0)
   INSERT INTO dbo.dnn_Users(Username, FirstName, LastName, Email, DisplayName, UpdatePassword, LastIPAddress, IsDeleted, CreatedByUserID, CreatedOnDate, LastModifiedByUserID, LastModifiedOnDate, PasswordResetToken, PasswordResetExpiration)
   VALUES('margaret.tyler@jabong.com', 'Margaret', 'Tyler', 'margaret.tyler@jabong.com', 'Margaret Tyler', 0, '', 0, 1, '2019-06-07 05:28:54', 1, '2019-06-07 05:28:54', NULL, NULL)
   SELECT @UserID = SCOPE_IDENTITY()
   INSERT INTO dbo.aspnet_Users(ApplicationID, UserName, LoweredUserName, IsAnonymous, LastActivityDate)
   VALUES(@ApplicationId, 'margaret.tyler@jabong.com', 'margaret.tyler@jabong.com', 0, '2019-06-07 05:28:54')
   SELECT @AspNetUserID = UserId FROM aspnet_Users WHERE Username = 'margaret.tyler@jabong.com'
   INSERT INTO dbo.aspnet_Membership(ApplicationID, UserID, Password, PasswordFormat, PasswordSalt, Email, LoweredEmail, IsApproved, IsLockedOut, CreateDate, LastLoginDate, LastPasswordChangedDate, LastLockoutDate, FailedPasswordAttemptCount, FailedPasswordAttemptWindowStart, FailedPasswordAnswerAttemptCount, FailedPasswordAnswerAttemptWindowStart)
   VALUES(@ApplicationID, @AspNetUserID, 'aMoPu/jMK8Yc4dxEEtAWm+RvKkFRjT38n/c1ORi3HgGWXJI15kNozQ==', 2, 'ub/Nej8BunZL3H6o+Z7+sg==', 'margaret.tyler@jabong.com', 'margaret.tyler@jabong.com', 1, 0, '2019-06-07 05:28:54', '2019-06-07 05:28:54', '2019-06-07 05:28:54', '1754-01-01 00:00:00.000', 0, '1754-01-01 00:00:00.000', 0, '1754-01-01 00:00:00.000')
   INSERT INTO dbo.dnn_UserPortals(UserID, PortalID, CreatedDate, Authorised, IsDeleted, RefreshRoles)
   VALUES(@UserID, @PortalID, '2019-06-07 05:28:54', 1, 0, 0)
   INSERT INTO dbo.dnn_UserRoles(UserID, RoleID, IsTrialUsed, CreatedByUserID, CreatedOnDate, LastModifiedByUserID, LastModifiedOnDate, [Status], IsOwner)
   VALUES(@UserId, @FemaleRole, 0, 1, '2019-06-07 05:28:54', 1, '2019-06-07 05:28:54', 1, 0)
   INSERT INTO dbo.dnn_Users(Username, FirstName, LastName, Email, DisplayName, UpdatePassword, LastIPAddress, IsDeleted, CreatedByUserID, CreatedOnDate, LastModifiedByUserID, LastModifiedOnDate, PasswordResetToken, PasswordResetExpiration)
   VALUES('d.suarez@blogimg.jp', 'Dorothy', 'Suarez', 'd.suarez@blogimg.jp', 'Dorothy Suarez', 0, '', 0, 1, '2019-06-07 05:28:54', 1, '2019-06-07 05:28:54', NULL, NULL)
   SELECT @UserID = SCOPE_IDENTITY()
   INSERT INTO dbo.aspnet_Users(ApplicationID, UserName, LoweredUserName, IsAnonymous, LastActivityDate)
   VALUES(@ApplicationId, 'd.suarez@blogimg.jp', 'd.suarez@blogimg.jp', 0, '2019-06-07 05:28:54')
   SELECT @AspNetUserID = UserId FROM aspnet_Users WHERE Username = 'd.suarez@blogimg.jp'
   INSERT INTO dbo.aspnet_Membership(ApplicationID, UserID, Password, PasswordFormat, PasswordSalt, Email, LoweredEmail, IsApproved, IsLockedOut, CreateDate, LastLoginDate, LastPasswordChangedDate, LastLockoutDate, FailedPasswordAttemptCount, FailedPasswordAttemptWindowStart, FailedPasswordAnswerAttemptCount, FailedPasswordAnswerAttemptWindowStart)
   VALUES(@ApplicationID, @AspNetUserID, 'aMoPu/jMK8Yc4dxEEtAWm+RvKkFRjT38n/c1ORi3HgGWXJI15kNozQ==', 2, 'ub/Nej8BunZL3H6o+Z7+sg==', 'd.suarez@blogimg.jp', 'd.suarez@blogimg.jp', 1, 0, '2019-06-07 05:28:54', '2019-06-07 05:28:54', '2019-06-07 05:28:54', '1754-01-01 00:00:00.000', 0, '1754-01-01 00:00:00.000', 0, '1754-01-01 00:00:00.000')
   INSERT INTO dbo.dnn_UserPortals(UserID, PortalID, CreatedDate, Authorised, IsDeleted, RefreshRoles)
   VALUES(@UserID, @PortalID, '2019-06-07 05:28:54', 1, 0, 0)
   INSERT INTO dbo.dnn_UserRoles(UserID, RoleID, IsTrialUsed, CreatedByUserID, CreatedOnDate, LastModifiedByUserID, LastModifiedOnDate, [Status], IsOwner)
   VALUES(@UserId, @FemaleRole, 0, 1, '2019-06-07 05:28:54', 1, '2019-06-07 05:28:54', 1, 0)
   INSERT INTO dbo.dnn_Users(Username, FirstName, LastName, Email, DisplayName, UpdatePassword, LastIPAddress, IsDeleted, CreatedByUserID, CreatedOnDate, LastModifiedByUserID, LastModifiedOnDate, PasswordResetToken, PasswordResetExpiration)
   VALUES('bowersl@nikkei.com', 'Lisa', 'Bowers', 'bowersl@nikkei.com', 'Lisa Bowers', 0, '', 0, 1, '2019-06-07 05:28:54', 1, '2019-06-07 05:28:54', NULL, NULL)
   SELECT @UserID = SCOPE_IDENTITY()
   INSERT INTO dbo.aspnet_Users(ApplicationID, UserName, LoweredUserName, IsAnonymous, LastActivityDate)
   VALUES(@ApplicationId, 'bowersl@nikkei.com', 'bowersl@nikkei.com', 0, '2019-06-07 05:28:54')
   SELECT @AspNetUserID = UserId FROM aspnet_Users WHERE Username = 'bowersl@nikkei.com'
   INSERT INTO dbo.aspnet_Membership(ApplicationID, UserID, Password, PasswordFormat, PasswordSalt, Email, LoweredEmail, IsApproved, IsLockedOut, CreateDate, LastLoginDate, LastPasswordChangedDate, LastLockoutDate, FailedPasswordAttemptCount, FailedPasswordAttemptWindowStart, FailedPasswordAnswerAttemptCount, FailedPasswordAnswerAttemptWindowStart)
   VALUES(@ApplicationID, @AspNetUserID, 'aMoPu/jMK8Yc4dxEEtAWm+RvKkFRjT38n/c1ORi3HgGWXJI15kNozQ==', 2, 'ub/Nej8BunZL3H6o+Z7+sg==', 'bowersl@nikkei.com', 'bowersl@nikkei.com', 1, 0, '2019-06-07 05:28:54', '2019-06-07 05:28:54', '2019-06-07 05:28:54', '1754-01-01 00:00:00.000', 0, '1754-01-01 00:00:00.000', 0, '1754-01-01 00:00:00.000')
   INSERT INTO dbo.dnn_UserPortals(UserID, PortalID, CreatedDate, Authorised, IsDeleted, RefreshRoles)
   VALUES(@UserID, @PortalID, '2019-06-07 05:28:54', 1, 0, 0)
   INSERT INTO dbo.dnn_UserRoles(UserID, RoleID, IsTrialUsed, CreatedByUserID, CreatedOnDate, LastModifiedByUserID, LastModifiedOnDate, [Status], IsOwner)
   VALUES(@UserId, @FemaleRole, 0, 1, '2019-06-07 05:28:54', 1, '2019-06-07 05:28:54', 1, 0)
   INSERT INTO dbo.dnn_Users(Username, FirstName, LastName, Email, DisplayName, UpdatePassword, LastIPAddress, IsDeleted, CreatedByUserID, CreatedOnDate, LastModifiedByUserID, LastModifiedOnDate, PasswordResetToken, PasswordResetExpiration)
   VALUES('nancy.orozco@4shared.com', 'Nancy', 'Orozco', 'nancy.orozco@4shared.com', 'Nancy Orozco', 0, '', 0, 1, '2019-06-07 05:28:54', 1, '2019-06-07 05:28:54', NULL, NULL)
   SELECT @UserID = SCOPE_IDENTITY()
   INSERT INTO dbo.aspnet_Users(ApplicationID, UserName, LoweredUserName, IsAnonymous, LastActivityDate)
   VALUES(@ApplicationId, 'nancy.orozco@4shared.com', 'nancy.orozco@4shared.com', 0, '2019-06-07 05:28:54')
   SELECT @AspNetUserID = UserId FROM aspnet_Users WHERE Username = 'nancy.orozco@4shared.com'
   INSERT INTO dbo.aspnet_Membership(ApplicationID, UserID, Password, PasswordFormat, PasswordSalt, Email, LoweredEmail, IsApproved, IsLockedOut, CreateDate, LastLoginDate, LastPasswordChangedDate, LastLockoutDate, FailedPasswordAttemptCount, FailedPasswordAttemptWindowStart, FailedPasswordAnswerAttemptCount, FailedPasswordAnswerAttemptWindowStart)
   VALUES(@ApplicationID, @AspNetUserID, 'aMoPu/jMK8Yc4dxEEtAWm+RvKkFRjT38n/c1ORi3HgGWXJI15kNozQ==', 2, 'ub/Nej8BunZL3H6o+Z7+sg==', 'nancy.orozco@4shared.com', 'nancy.orozco@4shared.com', 1, 0, '2019-06-07 05:28:54', '2019-06-07 05:28:54', '2019-06-07 05:28:54', '1754-01-01 00:00:00.000', 0, '1754-01-01 00:00:00.000', 0, '1754-01-01 00:00:00.000')
   INSERT INTO dbo.dnn_UserPortals(UserID, PortalID, CreatedDate, Authorised, IsDeleted, RefreshRoles)
   VALUES(@UserID, @PortalID, '2019-06-07 05:28:54', 1, 0, 0)
   INSERT INTO dbo.dnn_UserRoles(UserID, RoleID, IsTrialUsed, CreatedByUserID, CreatedOnDate, LastModifiedByUserID, LastModifiedOnDate, [Status], IsOwner)
   VALUES(@UserId, @FemaleRole, 0, 1, '2019-06-07 05:28:54', 1, '2019-06-07 05:28:54', 1, 0)
   INSERT INTO dbo.dnn_Users(Username, FirstName, LastName, Email, DisplayName, UpdatePassword, LastIPAddress, IsDeleted, CreatedByUserID, CreatedOnDate, LastModifiedByUserID, LastModifiedOnDate, PasswordResetToken, PasswordResetExpiration)
   VALUES('k.salas@offerhaus.link', 'Karen', 'Salas', 'k.salas@offerhaus.link', 'Karen Salas', 0, '', 0, 1, '2019-06-07 05:28:54', 1, '2019-06-07 05:28:54', NULL, NULL)
   SELECT @UserID = SCOPE_IDENTITY()
   INSERT INTO dbo.aspnet_Users(ApplicationID, UserName, LoweredUserName, IsAnonymous, LastActivityDate)
   VALUES(@ApplicationId, 'k.salas@offerhaus.link', 'k.salas@offerhaus.link', 0, '2019-06-07 05:28:54')
   SELECT @AspNetUserID = UserId FROM aspnet_Users WHERE Username = 'k.salas@offerhaus.link'
   INSERT INTO dbo.aspnet_Membership(ApplicationID, UserID, Password, PasswordFormat, PasswordSalt, Email, LoweredEmail, IsApproved, IsLockedOut, CreateDate, LastLoginDate, LastPasswordChangedDate, LastLockoutDate, FailedPasswordAttemptCount, FailedPasswordAttemptWindowStart, FailedPasswordAnswerAttemptCount, FailedPasswordAnswerAttemptWindowStart)
   VALUES(@ApplicationID, @AspNetUserID, 'aMoPu/jMK8Yc4dxEEtAWm+RvKkFRjT38n/c1ORi3HgGWXJI15kNozQ==', 2, 'ub/Nej8BunZL3H6o+Z7+sg==', 'k.salas@offerhaus.link', 'k.salas@offerhaus.link', 1, 0, '2019-06-07 05:28:54', '2019-06-07 05:28:54', '2019-06-07 05:28:54', '1754-01-01 00:00:00.000', 0, '1754-01-01 00:00:00.000', 0, '1754-01-01 00:00:00.000')
   INSERT INTO dbo.dnn_UserPortals(UserID, PortalID, CreatedDate, Authorised, IsDeleted, RefreshRoles)
   VALUES(@UserID, @PortalID, '2019-06-07 05:28:54', 1, 0, 0)
   INSERT INTO dbo.dnn_UserRoles(UserID, RoleID, IsTrialUsed, CreatedByUserID, CreatedOnDate, LastModifiedByUserID, LastModifiedOnDate, [Status], IsOwner)
   VALUES(@UserId, @FemaleRole, 0, 1, '2019-06-07 05:28:54', 1, '2019-06-07 05:28:54', 1, 0)
   INSERT INTO dbo.dnn_Users(Username, FirstName, LastName, Email, DisplayName, UpdatePassword, LastIPAddress, IsDeleted, CreatedByUserID, CreatedOnDate, LastModifiedByUserID, LastModifiedOnDate, PasswordResetToken, PasswordResetExpiration)
   VALUES('cobbb@hespress.com', 'Betty', 'Cobb', 'cobbb@hespress.com', 'Betty Cobb', 0, '', 0, 1, '2019-06-07 05:28:54', 1, '2019-06-07 05:28:54', NULL, NULL)
   SELECT @UserID = SCOPE_IDENTITY()
   INSERT INTO dbo.aspnet_Users(ApplicationID, UserName, LoweredUserName, IsAnonymous, LastActivityDate)
   VALUES(@ApplicationId, 'cobbb@hespress.com', 'cobbb@hespress.com', 0, '2019-06-07 05:28:54')
   SELECT @AspNetUserID = UserId FROM aspnet_Users WHERE Username = 'cobbb@hespress.com'
   INSERT INTO dbo.aspnet_Membership(ApplicationID, UserID, Password, PasswordFormat, PasswordSalt, Email, LoweredEmail, IsApproved, IsLockedOut, CreateDate, LastLoginDate, LastPasswordChangedDate, LastLockoutDate, FailedPasswordAttemptCount, FailedPasswordAttemptWindowStart, FailedPasswordAnswerAttemptCount, FailedPasswordAnswerAttemptWindowStart)
   VALUES(@ApplicationID, @AspNetUserID, 'aMoPu/jMK8Yc4dxEEtAWm+RvKkFRjT38n/c1ORi3HgGWXJI15kNozQ==', 2, 'ub/Nej8BunZL3H6o+Z7+sg==', 'cobbb@hespress.com', 'cobbb@hespress.com', 1, 0, '2019-06-07 05:28:54', '2019-06-07 05:28:54', '2019-06-07 05:28:54', '1754-01-01 00:00:00.000', 0, '1754-01-01 00:00:00.000', 0, '1754-01-01 00:00:00.000')
   INSERT INTO dbo.dnn_UserPortals(UserID, PortalID, CreatedDate, Authorised, IsDeleted, RefreshRoles)
   VALUES(@UserID, @PortalID, '2019-06-07 05:28:54', 1, 0, 0)
   INSERT INTO dbo.dnn_UserRoles(UserID, RoleID, IsTrialUsed, CreatedByUserID, CreatedOnDate, LastModifiedByUserID, LastModifiedOnDate, [Status], IsOwner)
   VALUES(@UserId, @FemaleRole, 0, 1, '2019-06-07 05:28:54', 1, '2019-06-07 05:28:54', 1, 0)
   INSERT INTO dbo.dnn_Users(Username, FirstName, LastName, Email, DisplayName, UpdatePassword, LastIPAddress, IsDeleted, CreatedByUserID, CreatedOnDate, LastModifiedByUserID, LastModifiedOnDate, PasswordResetToken, PasswordResetExpiration)
   VALUES('helen.gibbs@theverge.com', 'Helen', 'Gibbs', 'helen.gibbs@theverge.com', 'Helen Gibbs', 0, '', 0, 1, '2019-06-07 05:28:54', 1, '2019-06-07 05:28:54', NULL, NULL)
   SELECT @UserID = SCOPE_IDENTITY()
   INSERT INTO dbo.aspnet_Users(ApplicationID, UserName, LoweredUserName, IsAnonymous, LastActivityDate)
   VALUES(@ApplicationId, 'helen.gibbs@theverge.com', 'helen.gibbs@theverge.com', 0, '2019-06-07 05:28:54')
   SELECT @AspNetUserID = UserId FROM aspnet_Users WHERE Username = 'helen.gibbs@theverge.com'
   INSERT INTO dbo.aspnet_Membership(ApplicationID, UserID, Password, PasswordFormat, PasswordSalt, Email, LoweredEmail, IsApproved, IsLockedOut, CreateDate, LastLoginDate, LastPasswordChangedDate, LastLockoutDate, FailedPasswordAttemptCount, FailedPasswordAttemptWindowStart, FailedPasswordAnswerAttemptCount, FailedPasswordAnswerAttemptWindowStart)
   VALUES(@ApplicationID, @AspNetUserID, 'aMoPu/jMK8Yc4dxEEtAWm+RvKkFRjT38n/c1ORi3HgGWXJI15kNozQ==', 2, 'ub/Nej8BunZL3H6o+Z7+sg==', 'helen.gibbs@theverge.com', 'helen.gibbs@theverge.com', 1, 0, '2019-06-07 05:28:54', '2019-06-07 05:28:54', '2019-06-07 05:28:54', '1754-01-01 00:00:00.000', 0, '1754-01-01 00:00:00.000', 0, '1754-01-01 00:00:00.000')
   INSERT INTO dbo.dnn_UserPortals(UserID, PortalID, CreatedDate, Authorised, IsDeleted, RefreshRoles)
   VALUES(@UserID, @PortalID, '2019-06-07 05:28:54', 1, 0, 0)
   INSERT INTO dbo.dnn_UserRoles(UserID, RoleID, IsTrialUsed, CreatedByUserID, CreatedOnDate, LastModifiedByUserID, LastModifiedOnDate, [Status], IsOwner)
   VALUES(@UserId, @FemaleRole, 0, 1, '2019-06-07 05:28:54', 1, '2019-06-07 05:28:54', 1, 0)
   INSERT INTO dbo.dnn_Users(Username, FirstName, LastName, Email, DisplayName, UpdatePassword, LastIPAddress, IsDeleted, CreatedByUserID, CreatedOnDate, LastModifiedByUserID, LastModifiedOnDate, PasswordResetToken, PasswordResetExpiration)
   VALUES('s.andrade@exoclick.com', 'Sandra', 'Andrade', 's.andrade@exoclick.com', 'Sandra Andrade', 0, '', 0, 1, '2019-06-07 05:28:54', 1, '2019-06-07 05:28:54', NULL, NULL)
   SELECT @UserID = SCOPE_IDENTITY()
   INSERT INTO dbo.aspnet_Users(ApplicationID, UserName, LoweredUserName, IsAnonymous, LastActivityDate)
   VALUES(@ApplicationId, 's.andrade@exoclick.com', 's.andrade@exoclick.com', 0, '2019-06-07 05:28:54')
   SELECT @AspNetUserID = UserId FROM aspnet_Users WHERE Username = 's.andrade@exoclick.com'
   INSERT INTO dbo.aspnet_Membership(ApplicationID, UserID, Password, PasswordFormat, PasswordSalt, Email, LoweredEmail, IsApproved, IsLockedOut, CreateDate, LastLoginDate, LastPasswordChangedDate, LastLockoutDate, FailedPasswordAttemptCount, FailedPasswordAttemptWindowStart, FailedPasswordAnswerAttemptCount, FailedPasswordAnswerAttemptWindowStart)
   VALUES(@ApplicationID, @AspNetUserID, 'aMoPu/jMK8Yc4dxEEtAWm+RvKkFRjT38n/c1ORi3HgGWXJI15kNozQ==', 2, 'ub/Nej8BunZL3H6o+Z7+sg==', 's.andrade@exoclick.com', 's.andrade@exoclick.com', 1, 0, '2019-06-07 05:28:54', '2019-06-07 05:28:54', '2019-06-07 05:28:54', '1754-01-01 00:00:00.000', 0, '1754-01-01 00:00:00.000', 0, '1754-01-01 00:00:00.000')
   INSERT INTO dbo.dnn_UserPortals(UserID, PortalID, CreatedDate, Authorised, IsDeleted, RefreshRoles)
   VALUES(@UserID, @PortalID, '2019-06-07 05:28:54', 1, 0, 0)
   INSERT INTO dbo.dnn_UserRoles(UserID, RoleID, IsTrialUsed, CreatedByUserID, CreatedOnDate, LastModifiedByUserID, LastModifiedOnDate, [Status], IsOwner)
   VALUES(@UserId, @FemaleRole, 0, 1, '2019-06-07 05:28:54', 1, '2019-06-07 05:28:54', 1, 0)
   INSERT INTO dbo.dnn_Users(Username, FirstName, LastName, Email, DisplayName, UpdatePassword, LastIPAddress, IsDeleted, CreatedByUserID, CreatedOnDate, LastModifiedByUserID, LastModifiedOnDate, PasswordResetToken, PasswordResetExpiration)
   VALUES('bauerd@bhaskar.com', 'Donna', 'Bauer', 'bauerd@bhaskar.com', 'Donna Bauer', 0, '', 0, 1, '2019-06-07 05:28:54', 1, '2019-06-07 05:28:54', NULL, NULL)
   SELECT @UserID = SCOPE_IDENTITY()
   INSERT INTO dbo.aspnet_Users(ApplicationID, UserName, LoweredUserName, IsAnonymous, LastActivityDate)
   VALUES(@ApplicationId, 'bauerd@bhaskar.com', 'bauerd@bhaskar.com', 0, '2019-06-07 05:28:54')
   SELECT @AspNetUserID = UserId FROM aspnet_Users WHERE Username = 'bauerd@bhaskar.com'
   INSERT INTO dbo.aspnet_Membership(ApplicationID, UserID, Password, PasswordFormat, PasswordSalt, Email, LoweredEmail, IsApproved, IsLockedOut, CreateDate, LastLoginDate, LastPasswordChangedDate, LastLockoutDate, FailedPasswordAttemptCount, FailedPasswordAttemptWindowStart, FailedPasswordAnswerAttemptCount, FailedPasswordAnswerAttemptWindowStart)
   VALUES(@ApplicationID, @AspNetUserID, 'aMoPu/jMK8Yc4dxEEtAWm+RvKkFRjT38n/c1ORi3HgGWXJI15kNozQ==', 2, 'ub/Nej8BunZL3H6o+Z7+sg==', 'bauerd@bhaskar.com', 'bauerd@bhaskar.com', 1, 0, '2019-06-07 05:28:54', '2019-06-07 05:28:54', '2019-06-07 05:28:54', '1754-01-01 00:00:00.000', 0, '1754-01-01 00:00:00.000', 0, '1754-01-01 00:00:00.000')
   INSERT INTO dbo.dnn_UserPortals(UserID, PortalID, CreatedDate, Authorised, IsDeleted, RefreshRoles)
   VALUES(@UserID, @PortalID, '2019-06-07 05:28:54', 1, 0, 0)
   INSERT INTO dbo.dnn_UserRoles(UserID, RoleID, IsTrialUsed, CreatedByUserID, CreatedOnDate, LastModifiedByUserID, LastModifiedOnDate, [Status], IsOwner)
   VALUES(@UserId, @FemaleRole, 0, 1, '2019-06-07 05:28:54', 1, '2019-06-07 05:28:54', 1, 0)
   INSERT INTO dbo.dnn_Users(Username, FirstName, LastName, Email, DisplayName, UpdatePassword, LastIPAddress, IsDeleted, CreatedByUserID, CreatedOnDate, LastModifiedByUserID, LastModifiedOnDate, PasswordResetToken, PasswordResetExpiration)
   VALUES('carol.conner@gamer.com.tw', 'Carol', 'Conner', 'carol.conner@gamer.com.tw', 'Carol Conner', 0, '', 0, 1, '2019-06-07 05:28:54', 1, '2019-06-07 05:28:54', NULL, NULL)
   SELECT @UserID = SCOPE_IDENTITY()
   INSERT INTO dbo.aspnet_Users(ApplicationID, UserName, LoweredUserName, IsAnonymous, LastActivityDate)
   VALUES(@ApplicationId, 'carol.conner@gamer.com.tw', 'carol.conner@gamer.com.tw', 0, '2019-06-07 05:28:54')
   SELECT @AspNetUserID = UserId FROM aspnet_Users WHERE Username = 'carol.conner@gamer.com.tw'
   INSERT INTO dbo.aspnet_Membership(ApplicationID, UserID, Password, PasswordFormat, PasswordSalt, Email, LoweredEmail, IsApproved, IsLockedOut, CreateDate, LastLoginDate, LastPasswordChangedDate, LastLockoutDate, FailedPasswordAttemptCount, FailedPasswordAttemptWindowStart, FailedPasswordAnswerAttemptCount, FailedPasswordAnswerAttemptWindowStart)
   VALUES(@ApplicationID, @AspNetUserID, 'aMoPu/jMK8Yc4dxEEtAWm+RvKkFRjT38n/c1ORi3HgGWXJI15kNozQ==', 2, 'ub/Nej8BunZL3H6o+Z7+sg==', 'carol.conner@gamer.com.tw', 'carol.conner@gamer.com.tw', 1, 0, '2019-06-07 05:28:54', '2019-06-07 05:28:54', '2019-06-07 05:28:54', '1754-01-01 00:00:00.000', 0, '1754-01-01 00:00:00.000', 0, '1754-01-01 00:00:00.000')
   INSERT INTO dbo.dnn_UserPortals(UserID, PortalID, CreatedDate, Authorised, IsDeleted, RefreshRoles)
   VALUES(@UserID, @PortalID, '2019-06-07 05:28:54', 1, 0, 0)
   INSERT INTO dbo.dnn_UserRoles(UserID, RoleID, IsTrialUsed, CreatedByUserID, CreatedOnDate, LastModifiedByUserID, LastModifiedOnDate, [Status], IsOwner)
   VALUES(@UserId, @FemaleRole, 0, 1, '2019-06-07 05:28:54', 1, '2019-06-07 05:28:54', 1, 0)
   INSERT INTO dbo.dnn_Users(Username, FirstName, LastName, Email, DisplayName, UpdatePassword, LastIPAddress, IsDeleted, CreatedByUserID, CreatedOnDate, LastModifiedByUserID, LastModifiedOnDate, PasswordResetToken, PasswordResetExpiration)
   VALUES('r.moody@webex.com', 'Ruth', 'Moody', 'r.moody@webex.com', 'Ruth Moody', 0, '', 0, 1, '2019-06-07 05:28:54', 1, '2019-06-07 05:28:54', NULL, NULL)
   SELECT @UserID = SCOPE_IDENTITY()
   INSERT INTO dbo.aspnet_Users(ApplicationID, UserName, LoweredUserName, IsAnonymous, LastActivityDate)
   VALUES(@ApplicationId, 'r.moody@webex.com', 'r.moody@webex.com', 0, '2019-06-07 05:28:54')
   SELECT @AspNetUserID = UserId FROM aspnet_Users WHERE Username = 'r.moody@webex.com'
   INSERT INTO dbo.aspnet_Membership(ApplicationID, UserID, Password, PasswordFormat, PasswordSalt, Email, LoweredEmail, IsApproved, IsLockedOut, CreateDate, LastLoginDate, LastPasswordChangedDate, LastLockoutDate, FailedPasswordAttemptCount, FailedPasswordAttemptWindowStart, FailedPasswordAnswerAttemptCount, FailedPasswordAnswerAttemptWindowStart)
   VALUES(@ApplicationID, @AspNetUserID, 'aMoPu/jMK8Yc4dxEEtAWm+RvKkFRjT38n/c1ORi3HgGWXJI15kNozQ==', 2, 'ub/Nej8BunZL3H6o+Z7+sg==', 'r.moody@webex.com', 'r.moody@webex.com', 1, 0, '2019-06-07 05:28:54', '2019-06-07 05:28:54', '2019-06-07 05:28:54', '1754-01-01 00:00:00.000', 0, '1754-01-01 00:00:00.000', 0, '1754-01-01 00:00:00.000')
   INSERT INTO dbo.dnn_UserPortals(UserID, PortalID, CreatedDate, Authorised, IsDeleted, RefreshRoles)
   VALUES(@UserID, @PortalID, '2019-06-07 05:28:54', 1, 0, 0)
   INSERT INTO dbo.dnn_UserRoles(UserID, RoleID, IsTrialUsed, CreatedByUserID, CreatedOnDate, LastModifiedByUserID, LastModifiedOnDate, [Status], IsOwner)
   VALUES(@UserId, @FemaleRole, 0, 1, '2019-06-07 05:28:54', 1, '2019-06-07 05:28:54', 1, 0)
   INSERT INTO dbo.dnn_Users(Username, FirstName, LastName, Email, DisplayName, UpdatePassword, LastIPAddress, IsDeleted, CreatedByUserID, CreatedOnDate, LastModifiedByUserID, LastModifiedOnDate, PasswordResetToken, PasswordResetExpiration)
   VALUES('escobars@17ok.com', 'Sharon', 'Escobar', 'escobars@17ok.com', 'Sharon Escobar', 0, '', 0, 1, '2019-06-07 05:28:54', 1, '2019-06-07 05:28:54', NULL, NULL)
   SELECT @UserID = SCOPE_IDENTITY()
   INSERT INTO dbo.aspnet_Users(ApplicationID, UserName, LoweredUserName, IsAnonymous, LastActivityDate)
   VALUES(@ApplicationId, 'escobars@17ok.com', 'escobars@17ok.com', 0, '2019-06-07 05:28:54')
   SELECT @AspNetUserID = UserId FROM aspnet_Users WHERE Username = 'escobars@17ok.com'
   INSERT INTO dbo.aspnet_Membership(ApplicationID, UserID, Password, PasswordFormat, PasswordSalt, Email, LoweredEmail, IsApproved, IsLockedOut, CreateDate, LastLoginDate, LastPasswordChangedDate, LastLockoutDate, FailedPasswordAttemptCount, FailedPasswordAttemptWindowStart, FailedPasswordAnswerAttemptCount, FailedPasswordAnswerAttemptWindowStart)
   VALUES(@ApplicationID, @AspNetUserID, 'aMoPu/jMK8Yc4dxEEtAWm+RvKkFRjT38n/c1ORi3HgGWXJI15kNozQ==', 2, 'ub/Nej8BunZL3H6o+Z7+sg==', 'escobars@17ok.com', 'escobars@17ok.com', 1, 0, '2019-06-07 05:28:54', '2019-06-07 05:28:54', '2019-06-07 05:28:54', '1754-01-01 00:00:00.000', 0, '1754-01-01 00:00:00.000', 0, '1754-01-01 00:00:00.000')
   INSERT INTO dbo.dnn_UserPortals(UserID, PortalID, CreatedDate, Authorised, IsDeleted, RefreshRoles)
   VALUES(@UserID, @PortalID, '2019-06-07 05:28:54', 1, 0, 0)
   INSERT INTO dbo.dnn_UserRoles(UserID, RoleID, IsTrialUsed, CreatedByUserID, CreatedOnDate, LastModifiedByUserID, LastModifiedOnDate, [Status], IsOwner)
   VALUES(@UserId, @FemaleRole, 0, 1, '2019-06-07 05:28:54', 1, '2019-06-07 05:28:54', 1, 0)
   INSERT INTO dbo.dnn_Users(Username, FirstName, LastName, Email, DisplayName, UpdatePassword, LastIPAddress, IsDeleted, CreatedByUserID, CreatedOnDate, LastModifiedByUserID, LastModifiedOnDate, PasswordResetToken, PasswordResetExpiration)
   VALUES('michelle.mcguire@elmogaz.com', 'Michelle', 'Mcguire', 'michelle.mcguire@elmogaz.com', 'Michelle Mcguire', 0, '', 0, 1, '2019-06-07 05:28:54', 1, '2019-06-07 05:28:54', NULL, NULL)
   SELECT @UserID = SCOPE_IDENTITY()
   INSERT INTO dbo.aspnet_Users(ApplicationID, UserName, LoweredUserName, IsAnonymous, LastActivityDate)
   VALUES(@ApplicationId, 'michelle.mcguire@elmogaz.com', 'michelle.mcguire@elmogaz.com', 0, '2019-06-07 05:28:54')
   SELECT @AspNetUserID = UserId FROM aspnet_Users WHERE Username = 'michelle.mcguire@elmogaz.com'
   INSERT INTO dbo.aspnet_Membership(ApplicationID, UserID, Password, PasswordFormat, PasswordSalt, Email, LoweredEmail, IsApproved, IsLockedOut, CreateDate, LastLoginDate, LastPasswordChangedDate, LastLockoutDate, FailedPasswordAttemptCount, FailedPasswordAttemptWindowStart, FailedPasswordAnswerAttemptCount, FailedPasswordAnswerAttemptWindowStart)
   VALUES(@ApplicationID, @AspNetUserID, 'aMoPu/jMK8Yc4dxEEtAWm+RvKkFRjT38n/c1ORi3HgGWXJI15kNozQ==', 2, 'ub/Nej8BunZL3H6o+Z7+sg==', 'michelle.mcguire@elmogaz.com', 'michelle.mcguire@elmogaz.com', 1, 0, '2019-06-07 05:28:54', '2019-06-07 05:28:54', '2019-06-07 05:28:54', '1754-01-01 00:00:00.000', 0, '1754-01-01 00:00:00.000', 0, '1754-01-01 00:00:00.000')
   INSERT INTO dbo.dnn_UserPortals(UserID, PortalID, CreatedDate, Authorised, IsDeleted, RefreshRoles)
   VALUES(@UserID, @PortalID, '2019-06-07 05:28:54', 1, 0, 0)
   INSERT INTO dbo.dnn_UserRoles(UserID, RoleID, IsTrialUsed, CreatedByUserID, CreatedOnDate, LastModifiedByUserID, LastModifiedOnDate, [Status], IsOwner)
   VALUES(@UserId, @FemaleRole, 0, 1, '2019-06-07 05:28:54', 1, '2019-06-07 05:28:54', 1, 0)
   INSERT INTO dbo.dnn_Users(Username, FirstName, LastName, Email, DisplayName, UpdatePassword, LastIPAddress, IsDeleted, CreatedByUserID, CreatedOnDate, LastModifiedByUserID, LastModifiedOnDate, PasswordResetToken, PasswordResetExpiration)
   VALUES('l.lloyd@gap.com', 'Laura', 'Lloyd', 'l.lloyd@gap.com', 'Laura Lloyd', 0, '', 0, 1, '2019-06-07 05:28:54', 1, '2019-06-07 05:28:54', NULL, NULL)
   SELECT @UserID = SCOPE_IDENTITY()
   INSERT INTO dbo.aspnet_Users(ApplicationID, UserName, LoweredUserName, IsAnonymous, LastActivityDate)
   VALUES(@ApplicationId, 'l.lloyd@gap.com', 'l.lloyd@gap.com', 0, '2019-06-07 05:28:54')
   SELECT @AspNetUserID = UserId FROM aspnet_Users WHERE Username = 'l.lloyd@gap.com'
   INSERT INTO dbo.aspnet_Membership(ApplicationID, UserID, Password, PasswordFormat, PasswordSalt, Email, LoweredEmail, IsApproved, IsLockedOut, CreateDate, LastLoginDate, LastPasswordChangedDate, LastLockoutDate, FailedPasswordAttemptCount, FailedPasswordAttemptWindowStart, FailedPasswordAnswerAttemptCount, FailedPasswordAnswerAttemptWindowStart)
   VALUES(@ApplicationID, @AspNetUserID, 'aMoPu/jMK8Yc4dxEEtAWm+RvKkFRjT38n/c1ORi3HgGWXJI15kNozQ==', 2, 'ub/Nej8BunZL3H6o+Z7+sg==', 'l.lloyd@gap.com', 'l.lloyd@gap.com', 1, 0, '2019-06-07 05:28:54', '2019-06-07 05:28:54', '2019-06-07 05:28:54', '1754-01-01 00:00:00.000', 0, '1754-01-01 00:00:00.000', 0, '1754-01-01 00:00:00.000')
   INSERT INTO dbo.dnn_UserPortals(UserID, PortalID, CreatedDate, Authorised, IsDeleted, RefreshRoles)
   VALUES(@UserID, @PortalID, '2019-06-07 05:28:54', 1, 0, 0)
   INSERT INTO dbo.dnn_UserRoles(UserID, RoleID, IsTrialUsed, CreatedByUserID, CreatedOnDate, LastModifiedByUserID, LastModifiedOnDate, [Status], IsOwner)
   VALUES(@UserId, @FemaleRole, 0, 1, '2019-06-07 05:28:54', 1, '2019-06-07 05:28:54', 1, 0)
   INSERT INTO dbo.dnn_Users(Username, FirstName, LastName, Email, DisplayName, UpdatePassword, LastIPAddress, IsDeleted, CreatedByUserID, CreatedOnDate, LastModifiedByUserID, LastModifiedOnDate, PasswordResetToken, PasswordResetExpiration)
   VALUES('muellers@gamepedia.com', 'Sarah', 'Mueller', 'muellers@gamepedia.com', 'Sarah Mueller', 0, '', 0, 1, '2019-06-07 05:28:54', 1, '2019-06-07 05:28:54', NULL, NULL)
   SELECT @UserID = SCOPE_IDENTITY()
   INSERT INTO dbo.aspnet_Users(ApplicationID, UserName, LoweredUserName, IsAnonymous, LastActivityDate)
   VALUES(@ApplicationId, 'muellers@gamepedia.com', 'muellers@gamepedia.com', 0, '2019-06-07 05:28:54')
   SELECT @AspNetUserID = UserId FROM aspnet_Users WHERE Username = 'muellers@gamepedia.com'
   INSERT INTO dbo.aspnet_Membership(ApplicationID, UserID, Password, PasswordFormat, PasswordSalt, Email, LoweredEmail, IsApproved, IsLockedOut, CreateDate, LastLoginDate, LastPasswordChangedDate, LastLockoutDate, FailedPasswordAttemptCount, FailedPasswordAttemptWindowStart, FailedPasswordAnswerAttemptCount, FailedPasswordAnswerAttemptWindowStart)
   VALUES(@ApplicationID, @AspNetUserID, 'aMoPu/jMK8Yc4dxEEtAWm+RvKkFRjT38n/c1ORi3HgGWXJI15kNozQ==', 2, 'ub/Nej8BunZL3H6o+Z7+sg==', 'muellers@gamepedia.com', 'muellers@gamepedia.com', 1, 0, '2019-06-07 05:28:54', '2019-06-07 05:28:54', '2019-06-07 05:28:54', '1754-01-01 00:00:00.000', 0, '1754-01-01 00:00:00.000', 0, '1754-01-01 00:00:00.000')
   INSERT INTO dbo.dnn_UserPortals(UserID, PortalID, CreatedDate, Authorised, IsDeleted, RefreshRoles)
   VALUES(@UserID, @PortalID, '2019-06-07 05:28:54', 1, 0, 0)
   INSERT INTO dbo.dnn_UserRoles(UserID, RoleID, IsTrialUsed, CreatedByUserID, CreatedOnDate, LastModifiedByUserID, LastModifiedOnDate, [Status], IsOwner)
   VALUES(@UserId, @FemaleRole, 0, 1, '2019-06-07 05:28:54', 1, '2019-06-07 05:28:54', 1, 0)
   INSERT INTO dbo.dnn_UserRoles(UserID, RoleID, IsTrialUsed, CreatedByUserID, CreatedOnDate, LastModifiedByUserID, LastModifiedOnDate, [Status], IsOwner)
   VALUES(@UserId, @ManagerRole, 0, 1, '2019-06-07 05:28:54', 1, '2019-06-07 05:28:54', 1, 0)
   INSERT INTO dbo.dnn_UserRoles(UserID, RoleID, IsTrialUsed, CreatedByUserID, CreatedOnDate, LastModifiedByUserID, LastModifiedOnDate, [Status], IsOwner)
   VALUES(@UserId, @AcademicRole, 0, 1, '2019-06-07 05:28:54', 1, '2019-06-07 05:28:54', 1, 0)
   INSERT INTO dbo.dnn_Users(Username, FirstName, LastName, Email, DisplayName, UpdatePassword, LastIPAddress, IsDeleted, CreatedByUserID, CreatedOnDate, LastModifiedByUserID, LastModifiedOnDate, PasswordResetToken, PasswordResetExpiration)
   VALUES('kimberly.hartman@gamersky.com', 'Kimberly', 'Hartman', 'kimberly.hartman@gamersky.com', 'Kimberly Hartman', 0, '', 0, 1, '2019-06-07 05:28:54', 1, '2019-06-07 05:28:54', NULL, NULL)
   SELECT @UserID = SCOPE_IDENTITY()
   INSERT INTO dbo.aspnet_Users(ApplicationID, UserName, LoweredUserName, IsAnonymous, LastActivityDate)
   VALUES(@ApplicationId, 'kimberly.hartman@gamersky.com', 'kimberly.hartman@gamersky.com', 0, '2019-06-07 05:28:54')
   SELECT @AspNetUserID = UserId FROM aspnet_Users WHERE Username = 'kimberly.hartman@gamersky.com'
   INSERT INTO dbo.aspnet_Membership(ApplicationID, UserID, Password, PasswordFormat, PasswordSalt, Email, LoweredEmail, IsApproved, IsLockedOut, CreateDate, LastLoginDate, LastPasswordChangedDate, LastLockoutDate, FailedPasswordAttemptCount, FailedPasswordAttemptWindowStart, FailedPasswordAnswerAttemptCount, FailedPasswordAnswerAttemptWindowStart)
   VALUES(@ApplicationID, @AspNetUserID, 'aMoPu/jMK8Yc4dxEEtAWm+RvKkFRjT38n/c1ORi3HgGWXJI15kNozQ==', 2, 'ub/Nej8BunZL3H6o+Z7+sg==', 'kimberly.hartman@gamersky.com', 'kimberly.hartman@gamersky.com', 1, 0, '2019-06-07 05:28:54', '2019-06-07 05:28:54', '2019-06-07 05:28:54', '1754-01-01 00:00:00.000', 0, '1754-01-01 00:00:00.000', 0, '1754-01-01 00:00:00.000')
   INSERT INTO dbo.dnn_UserPortals(UserID, PortalID, CreatedDate, Authorised, IsDeleted, RefreshRoles)
   VALUES(@UserID, @PortalID, '2019-06-07 05:28:54', 1, 0, 0)
   INSERT INTO dbo.dnn_UserRoles(UserID, RoleID, IsTrialUsed, CreatedByUserID, CreatedOnDate, LastModifiedByUserID, LastModifiedOnDate, [Status], IsOwner)
   VALUES(@UserId, @FemaleRole, 0, 1, '2019-06-07 05:28:54', 1, '2019-06-07 05:28:54', 1, 0)
   INSERT INTO dbo.dnn_Users(Username, FirstName, LastName, Email, DisplayName, UpdatePassword, LastIPAddress, IsDeleted, CreatedByUserID, CreatedOnDate, LastModifiedByUserID, LastModifiedOnDate, PasswordResetToken, PasswordResetExpiration)
   VALUES('d.french@okezone.com', 'Deborah', 'French', 'd.french@okezone.com', 'Deborah French', 0, '', 0, 1, '2019-06-07 05:28:54', 1, '2019-06-07 05:28:54', NULL, NULL)
   SELECT @UserID = SCOPE_IDENTITY()
   INSERT INTO dbo.aspnet_Users(ApplicationID, UserName, LoweredUserName, IsAnonymous, LastActivityDate)
   VALUES(@ApplicationId, 'd.french@okezone.com', 'd.french@okezone.com', 0, '2019-06-07 05:28:54')
   SELECT @AspNetUserID = UserId FROM aspnet_Users WHERE Username = 'd.french@okezone.com'
   INSERT INTO dbo.aspnet_Membership(ApplicationID, UserID, Password, PasswordFormat, PasswordSalt, Email, LoweredEmail, IsApproved, IsLockedOut, CreateDate, LastLoginDate, LastPasswordChangedDate, LastLockoutDate, FailedPasswordAttemptCount, FailedPasswordAttemptWindowStart, FailedPasswordAnswerAttemptCount, FailedPasswordAnswerAttemptWindowStart)
   VALUES(@ApplicationID, @AspNetUserID, 'aMoPu/jMK8Yc4dxEEtAWm+RvKkFRjT38n/c1ORi3HgGWXJI15kNozQ==', 2, 'ub/Nej8BunZL3H6o+Z7+sg==', 'd.french@okezone.com', 'd.french@okezone.com', 1, 0, '2019-06-07 05:28:54', '2019-06-07 05:28:54', '2019-06-07 05:28:54', '1754-01-01 00:00:00.000', 0, '1754-01-01 00:00:00.000', 0, '1754-01-01 00:00:00.000')
   INSERT INTO dbo.dnn_UserPortals(UserID, PortalID, CreatedDate, Authorised, IsDeleted, RefreshRoles)
   VALUES(@UserID, @PortalID, '2019-06-07 05:28:54', 1, 0, 0)
   INSERT INTO dbo.dnn_UserRoles(UserID, RoleID, IsTrialUsed, CreatedByUserID, CreatedOnDate, LastModifiedByUserID, LastModifiedOnDate, [Status], IsOwner)
   VALUES(@UserId, @FemaleRole, 0, 1, '2019-06-07 05:28:54', 1, '2019-06-07 05:28:54', 1, 0)
   INSERT INTO dbo.dnn_Users(Username, FirstName, LastName, Email, DisplayName, UpdatePassword, LastIPAddress, IsDeleted, CreatedByUserID, CreatedOnDate, LastModifiedByUserID, LastModifiedOnDate, PasswordResetToken, PasswordResetExpiration)
   VALUES('kramerj@gamefaqs.com', 'Jessica', 'Kramer', 'kramerj@gamefaqs.com', 'Jessica Kramer', 0, '', 0, 1, '2019-06-07 05:28:54', 1, '2019-06-07 05:28:54', NULL, NULL)
   SELECT @UserID = SCOPE_IDENTITY()
   INSERT INTO dbo.aspnet_Users(ApplicationID, UserName, LoweredUserName, IsAnonymous, LastActivityDate)
   VALUES(@ApplicationId, 'kramerj@gamefaqs.com', 'kramerj@gamefaqs.com', 0, '2019-06-07 05:28:54')
   SELECT @AspNetUserID = UserId FROM aspnet_Users WHERE Username = 'kramerj@gamefaqs.com'
   INSERT INTO dbo.aspnet_Membership(ApplicationID, UserID, Password, PasswordFormat, PasswordSalt, Email, LoweredEmail, IsApproved, IsLockedOut, CreateDate, LastLoginDate, LastPasswordChangedDate, LastLockoutDate, FailedPasswordAttemptCount, FailedPasswordAttemptWindowStart, FailedPasswordAnswerAttemptCount, FailedPasswordAnswerAttemptWindowStart)
   VALUES(@ApplicationID, @AspNetUserID, 'aMoPu/jMK8Yc4dxEEtAWm+RvKkFRjT38n/c1ORi3HgGWXJI15kNozQ==', 2, 'ub/Nej8BunZL3H6o+Z7+sg==', 'kramerj@gamefaqs.com', 'kramerj@gamefaqs.com', 1, 0, '2019-06-07 05:28:54', '2019-06-07 05:28:54', '2019-06-07 05:28:54', '1754-01-01 00:00:00.000', 0, '1754-01-01 00:00:00.000', 0, '1754-01-01 00:00:00.000')
   INSERT INTO dbo.dnn_UserPortals(UserID, PortalID, CreatedDate, Authorised, IsDeleted, RefreshRoles)
   VALUES(@UserID, @PortalID, '2019-06-07 05:28:54', 1, 0, 0)
   INSERT INTO dbo.dnn_UserRoles(UserID, RoleID, IsTrialUsed, CreatedByUserID, CreatedOnDate, LastModifiedByUserID, LastModifiedOnDate, [Status], IsOwner)
   VALUES(@UserId, @FemaleRole, 0, 1, '2019-06-07 05:28:54', 1, '2019-06-07 05:28:54', 1, 0)
   INSERT INTO dbo.dnn_Users(Username, FirstName, LastName, Email, DisplayName, UpdatePassword, LastIPAddress, IsDeleted, CreatedByUserID, CreatedOnDate, LastModifiedByUserID, LastModifiedOnDate, PasswordResetToken, PasswordResetExpiration)
   VALUES('shirley.mcbride@infusionsoft.com', 'Shirley', 'Mcbride', 'shirley.mcbride@infusionsoft.com', 'Shirley Mcbride', 0, '', 0, 1, '2019-06-07 05:28:54', 1, '2019-06-07 05:28:54', NULL, NULL)
   SELECT @UserID = SCOPE_IDENTITY()
   INSERT INTO dbo.aspnet_Users(ApplicationID, UserName, LoweredUserName, IsAnonymous, LastActivityDate)
   VALUES(@ApplicationId, 'shirley.mcbride@infusionsoft.com', 'shirley.mcbride@infusionsoft.com', 0, '2019-06-07 05:28:54')
   SELECT @AspNetUserID = UserId FROM aspnet_Users WHERE Username = 'shirley.mcbride@infusionsoft.com'
   INSERT INTO dbo.aspnet_Membership(ApplicationID, UserID, Password, PasswordFormat, PasswordSalt, Email, LoweredEmail, IsApproved, IsLockedOut, CreateDate, LastLoginDate, LastPasswordChangedDate, LastLockoutDate, FailedPasswordAttemptCount, FailedPasswordAttemptWindowStart, FailedPasswordAnswerAttemptCount, FailedPasswordAnswerAttemptWindowStart)
   VALUES(@ApplicationID, @AspNetUserID, 'aMoPu/jMK8Yc4dxEEtAWm+RvKkFRjT38n/c1ORi3HgGWXJI15kNozQ==', 2, 'ub/Nej8BunZL3H6o+Z7+sg==', 'shirley.mcbride@infusionsoft.com', 'shirley.mcbride@infusionsoft.com', 1, 0, '2019-06-07 05:28:54', '2019-06-07 05:28:54', '2019-06-07 05:28:54', '1754-01-01 00:00:00.000', 0, '1754-01-01 00:00:00.000', 0, '1754-01-01 00:00:00.000')
   INSERT INTO dbo.dnn_UserPortals(UserID, PortalID, CreatedDate, Authorised, IsDeleted, RefreshRoles)
   VALUES(@UserID, @PortalID, '2019-06-07 05:28:54', 1, 0, 0)
   INSERT INTO dbo.dnn_UserRoles(UserID, RoleID, IsTrialUsed, CreatedByUserID, CreatedOnDate, LastModifiedByUserID, LastModifiedOnDate, [Status], IsOwner)
   VALUES(@UserId, @FemaleRole, 0, 1, '2019-06-07 05:28:54', 1, '2019-06-07 05:28:54', 1, 0)
   INSERT INTO dbo.dnn_Users(Username, FirstName, LastName, Email, DisplayName, UpdatePassword, LastIPAddress, IsDeleted, CreatedByUserID, CreatedOnDate, LastModifiedByUserID, LastModifiedOnDate, PasswordResetToken, PasswordResetExpiration)
   VALUES('c.pope@ebay.com.au', 'Cynthia', 'Pope', 'c.pope@ebay.com.au', 'Cynthia Pope', 0, '', 0, 1, '2019-06-07 05:28:54', 1, '2019-06-07 05:28:54', NULL, NULL)
   SELECT @UserID = SCOPE_IDENTITY()
   INSERT INTO dbo.aspnet_Users(ApplicationID, UserName, LoweredUserName, IsAnonymous, LastActivityDate)
   VALUES(@ApplicationId, 'c.pope@ebay.com.au', 'c.pope@ebay.com.au', 0, '2019-06-07 05:28:54')
   SELECT @AspNetUserID = UserId FROM aspnet_Users WHERE Username = 'c.pope@ebay.com.au'
   INSERT INTO dbo.aspnet_Membership(ApplicationID, UserID, Password, PasswordFormat, PasswordSalt, Email, LoweredEmail, IsApproved, IsLockedOut, CreateDate, LastLoginDate, LastPasswordChangedDate, LastLockoutDate, FailedPasswordAttemptCount, FailedPasswordAttemptWindowStart, FailedPasswordAnswerAttemptCount, FailedPasswordAnswerAttemptWindowStart)
   VALUES(@ApplicationID, @AspNetUserID, 'aMoPu/jMK8Yc4dxEEtAWm+RvKkFRjT38n/c1ORi3HgGWXJI15kNozQ==', 2, 'ub/Nej8BunZL3H6o+Z7+sg==', 'c.pope@ebay.com.au', 'c.pope@ebay.com.au', 1, 0, '2019-06-07 05:28:54', '2019-06-07 05:28:54', '2019-06-07 05:28:54', '1754-01-01 00:00:00.000', 0, '1754-01-01 00:00:00.000', 0, '1754-01-01 00:00:00.000')
   INSERT INTO dbo.dnn_UserPortals(UserID, PortalID, CreatedDate, Authorised, IsDeleted, RefreshRoles)
   VALUES(@UserID, @PortalID, '2019-06-07 05:28:54', 1, 0, 0)
   INSERT INTO dbo.dnn_UserRoles(UserID, RoleID, IsTrialUsed, CreatedByUserID, CreatedOnDate, LastModifiedByUserID, LastModifiedOnDate, [Status], IsOwner)
   VALUES(@UserId, @FemaleRole, 0, 1, '2019-06-07 05:28:54', 1, '2019-06-07 05:28:54', 1, 0)
   INSERT INTO dbo.dnn_Users(Username, FirstName, LastName, Email, DisplayName, UpdatePassword, LastIPAddress, IsDeleted, CreatedByUserID, CreatedOnDate, LastModifiedByUserID, LastModifiedOnDate, PasswordResetToken, PasswordResetExpiration)
   VALUES('lindseya@clipconverter.cc', 'Angela', 'Lindsey', 'lindseya@clipconverter.cc', 'Angela Lindsey', 0, '', 0, 1, '2019-06-07 05:28:54', 1, '2019-06-07 05:28:54', NULL, NULL)
   SELECT @UserID = SCOPE_IDENTITY()
   INSERT INTO dbo.aspnet_Users(ApplicationID, UserName, LoweredUserName, IsAnonymous, LastActivityDate)
   VALUES(@ApplicationId, 'lindseya@clipconverter.cc', 'lindseya@clipconverter.cc', 0, '2019-06-07 05:28:54')
   SELECT @AspNetUserID = UserId FROM aspnet_Users WHERE Username = 'lindseya@clipconverter.cc'
   INSERT INTO dbo.aspnet_Membership(ApplicationID, UserID, Password, PasswordFormat, PasswordSalt, Email, LoweredEmail, IsApproved, IsLockedOut, CreateDate, LastLoginDate, LastPasswordChangedDate, LastLockoutDate, FailedPasswordAttemptCount, FailedPasswordAttemptWindowStart, FailedPasswordAnswerAttemptCount, FailedPasswordAnswerAttemptWindowStart)
   VALUES(@ApplicationID, @AspNetUserID, 'aMoPu/jMK8Yc4dxEEtAWm+RvKkFRjT38n/c1ORi3HgGWXJI15kNozQ==', 2, 'ub/Nej8BunZL3H6o+Z7+sg==', 'lindseya@clipconverter.cc', 'lindseya@clipconverter.cc', 1, 0, '2019-06-07 05:28:54', '2019-06-07 05:28:54', '2019-06-07 05:28:54', '1754-01-01 00:00:00.000', 0, '1754-01-01 00:00:00.000', 0, '1754-01-01 00:00:00.000')
   INSERT INTO dbo.dnn_UserPortals(UserID, PortalID, CreatedDate, Authorised, IsDeleted, RefreshRoles)
   VALUES(@UserID, @PortalID, '2019-06-07 05:28:54', 1, 0, 0)
   INSERT INTO dbo.dnn_UserRoles(UserID, RoleID, IsTrialUsed, CreatedByUserID, CreatedOnDate, LastModifiedByUserID, LastModifiedOnDate, [Status], IsOwner)
   VALUES(@UserId, @FemaleRole, 0, 1, '2019-06-07 05:28:54', 1, '2019-06-07 05:28:54', 1, 0)
   INSERT INTO dbo.dnn_Users(Username, FirstName, LastName, Email, DisplayName, UpdatePassword, LastIPAddress, IsDeleted, CreatedByUserID, CreatedOnDate, LastModifiedByUserID, LastModifiedOnDate, PasswordResetToken, PasswordResetExpiration)
   VALUES('melissa.velazquez@umblr.com', 'Melissa', 'Velazquez', 'melissa.velazquez@umblr.com', 'Melissa Velazquez', 0, '', 0, 1, '2019-06-07 05:28:54', 1, '2019-06-07 05:28:54', NULL, NULL)
   SELECT @UserID = SCOPE_IDENTITY()
   INSERT INTO dbo.aspnet_Users(ApplicationID, UserName, LoweredUserName, IsAnonymous, LastActivityDate)
   VALUES(@ApplicationId, 'melissa.velazquez@umblr.com', 'melissa.velazquez@umblr.com', 0, '2019-06-07 05:28:54')
   SELECT @AspNetUserID = UserId FROM aspnet_Users WHERE Username = 'melissa.velazquez@umblr.com'
   INSERT INTO dbo.aspnet_Membership(ApplicationID, UserID, Password, PasswordFormat, PasswordSalt, Email, LoweredEmail, IsApproved, IsLockedOut, CreateDate, LastLoginDate, LastPasswordChangedDate, LastLockoutDate, FailedPasswordAttemptCount, FailedPasswordAttemptWindowStart, FailedPasswordAnswerAttemptCount, FailedPasswordAnswerAttemptWindowStart)
   VALUES(@ApplicationID, @AspNetUserID, 'aMoPu/jMK8Yc4dxEEtAWm+RvKkFRjT38n/c1ORi3HgGWXJI15kNozQ==', 2, 'ub/Nej8BunZL3H6o+Z7+sg==', 'melissa.velazquez@umblr.com', 'melissa.velazquez@umblr.com', 1, 0, '2019-06-07 05:28:54', '2019-06-07 05:28:54', '2019-06-07 05:28:54', '1754-01-01 00:00:00.000', 0, '1754-01-01 00:00:00.000', 0, '1754-01-01 00:00:00.000')
   INSERT INTO dbo.dnn_UserPortals(UserID, PortalID, CreatedDate, Authorised, IsDeleted, RefreshRoles)
   VALUES(@UserID, @PortalID, '2019-06-07 05:28:54', 1, 0, 0)
   INSERT INTO dbo.dnn_UserRoles(UserID, RoleID, IsTrialUsed, CreatedByUserID, CreatedOnDate, LastModifiedByUserID, LastModifiedOnDate, [Status], IsOwner)
   VALUES(@UserId, @FemaleRole, 0, 1, '2019-06-07 05:28:54', 1, '2019-06-07 05:28:54', 1, 0)
   INSERT INTO dbo.dnn_Users(Username, FirstName, LastName, Email, DisplayName, UpdatePassword, LastIPAddress, IsDeleted, CreatedByUserID, CreatedOnDate, LastModifiedByUserID, LastModifiedOnDate, PasswordResetToken, PasswordResetExpiration)
   VALUES('b.norton@ibm.com', 'Brenda', 'Norton', 'b.norton@ibm.com', 'Brenda Norton', 0, '', 0, 1, '2019-06-07 05:28:54', 1, '2019-06-07 05:28:54', NULL, NULL)
   SELECT @UserID = SCOPE_IDENTITY()
   INSERT INTO dbo.aspnet_Users(ApplicationID, UserName, LoweredUserName, IsAnonymous, LastActivityDate)
   VALUES(@ApplicationId, 'b.norton@ibm.com', 'b.norton@ibm.com', 0, '2019-06-07 05:28:54')
   SELECT @AspNetUserID = UserId FROM aspnet_Users WHERE Username = 'b.norton@ibm.com'
   INSERT INTO dbo.aspnet_Membership(ApplicationID, UserID, Password, PasswordFormat, PasswordSalt, Email, LoweredEmail, IsApproved, IsLockedOut, CreateDate, LastLoginDate, LastPasswordChangedDate, LastLockoutDate, FailedPasswordAttemptCount, FailedPasswordAttemptWindowStart, FailedPasswordAnswerAttemptCount, FailedPasswordAnswerAttemptWindowStart)
   VALUES(@ApplicationID, @AspNetUserID, 'aMoPu/jMK8Yc4dxEEtAWm+RvKkFRjT38n/c1ORi3HgGWXJI15kNozQ==', 2, 'ub/Nej8BunZL3H6o+Z7+sg==', 'b.norton@ibm.com', 'b.norton@ibm.com', 1, 0, '2019-06-07 05:28:54', '2019-06-07 05:28:54', '2019-06-07 05:28:54', '1754-01-01 00:00:00.000', 0, '1754-01-01 00:00:00.000', 0, '1754-01-01 00:00:00.000')
   INSERT INTO dbo.dnn_UserPortals(UserID, PortalID, CreatedDate, Authorised, IsDeleted, RefreshRoles)
   VALUES(@UserID, @PortalID, '2019-06-07 05:28:54', 1, 0, 0)
   INSERT INTO dbo.dnn_UserRoles(UserID, RoleID, IsTrialUsed, CreatedByUserID, CreatedOnDate, LastModifiedByUserID, LastModifiedOnDate, [Status], IsOwner)
   VALUES(@UserId, @FemaleRole, 0, 1, '2019-06-07 05:28:54', 1, '2019-06-07 05:28:54', 1, 0)
   INSERT INTO dbo.dnn_Users(Username, FirstName, LastName, Email, DisplayName, UpdatePassword, LastIPAddress, IsDeleted, CreatedByUserID, CreatedOnDate, LastModifiedByUserID, LastModifiedOnDate, PasswordResetToken, PasswordResetExpiration)
   VALUES('mccormicka@ticketmaster.com', 'Amy', 'Mccormick', 'mccormicka@ticketmaster.com', 'Amy Mccormick', 0, '', 0, 1, '2019-06-07 05:28:54', 1, '2019-06-07 05:28:54', NULL, NULL)
   SELECT @UserID = SCOPE_IDENTITY()
   INSERT INTO dbo.aspnet_Users(ApplicationID, UserName, LoweredUserName, IsAnonymous, LastActivityDate)
   VALUES(@ApplicationId, 'mccormicka@ticketmaster.com', 'mccormicka@ticketmaster.com', 0, '2019-06-07 05:28:54')
   SELECT @AspNetUserID = UserId FROM aspnet_Users WHERE Username = 'mccormicka@ticketmaster.com'
   INSERT INTO dbo.aspnet_Membership(ApplicationID, UserID, Password, PasswordFormat, PasswordSalt, Email, LoweredEmail, IsApproved, IsLockedOut, CreateDate, LastLoginDate, LastPasswordChangedDate, LastLockoutDate, FailedPasswordAttemptCount, FailedPasswordAttemptWindowStart, FailedPasswordAnswerAttemptCount, FailedPasswordAnswerAttemptWindowStart)
   VALUES(@ApplicationID, @AspNetUserID, 'aMoPu/jMK8Yc4dxEEtAWm+RvKkFRjT38n/c1ORi3HgGWXJI15kNozQ==', 2, 'ub/Nej8BunZL3H6o+Z7+sg==', 'mccormicka@ticketmaster.com', 'mccormicka@ticketmaster.com', 1, 0, '2019-06-07 05:28:54', '2019-06-07 05:28:54', '2019-06-07 05:28:54', '1754-01-01 00:00:00.000', 0, '1754-01-01 00:00:00.000', 0, '1754-01-01 00:00:00.000')
   INSERT INTO dbo.dnn_UserPortals(UserID, PortalID, CreatedDate, Authorised, IsDeleted, RefreshRoles)
   VALUES(@UserID, @PortalID, '2019-06-07 05:28:54', 1, 0, 0)
   INSERT INTO dbo.dnn_UserRoles(UserID, RoleID, IsTrialUsed, CreatedByUserID, CreatedOnDate, LastModifiedByUserID, LastModifiedOnDate, [Status], IsOwner)
   VALUES(@UserId, @FemaleRole, 0, 1, '2019-06-07 05:28:54', 1, '2019-06-07 05:28:54', 1, 0)
   INSERT INTO dbo.dnn_Users(Username, FirstName, LastName, Email, DisplayName, UpdatePassword, LastIPAddress, IsDeleted, CreatedByUserID, CreatedOnDate, LastModifiedByUserID, LastModifiedOnDate, PasswordResetToken, PasswordResetExpiration)
   VALUES('anna.sparks@mercadolibre.com.ar', 'Anna', 'Sparks', 'anna.sparks@mercadolibre.com.ar', 'Anna Sparks', 0, '', 0, 1, '2019-06-07 05:28:54', 1, '2019-06-07 05:28:54', NULL, NULL)
   SELECT @UserID = SCOPE_IDENTITY()
   INSERT INTO dbo.aspnet_Users(ApplicationID, UserName, LoweredUserName, IsAnonymous, LastActivityDate)
   VALUES(@ApplicationId, 'anna.sparks@mercadolibre.com.ar', 'anna.sparks@mercadolibre.com.ar', 0, '2019-06-07 05:28:54')
   SELECT @AspNetUserID = UserId FROM aspnet_Users WHERE Username = 'anna.sparks@mercadolibre.com.ar'
   INSERT INTO dbo.aspnet_Membership(ApplicationID, UserID, Password, PasswordFormat, PasswordSalt, Email, LoweredEmail, IsApproved, IsLockedOut, CreateDate, LastLoginDate, LastPasswordChangedDate, LastLockoutDate, FailedPasswordAttemptCount, FailedPasswordAttemptWindowStart, FailedPasswordAnswerAttemptCount, FailedPasswordAnswerAttemptWindowStart)
   VALUES(@ApplicationID, @AspNetUserID, 'aMoPu/jMK8Yc4dxEEtAWm+RvKkFRjT38n/c1ORi3HgGWXJI15kNozQ==', 2, 'ub/Nej8BunZL3H6o+Z7+sg==', 'anna.sparks@mercadolibre.com.ar', 'anna.sparks@mercadolibre.com.ar', 1, 0, '2019-06-07 05:28:54', '2019-06-07 05:28:54', '2019-06-07 05:28:54', '1754-01-01 00:00:00.000', 0, '1754-01-01 00:00:00.000', 0, '1754-01-01 00:00:00.000')
   INSERT INTO dbo.dnn_UserPortals(UserID, PortalID, CreatedDate, Authorised, IsDeleted, RefreshRoles)
   VALUES(@UserID, @PortalID, '2019-06-07 05:28:54', 1, 0, 0)
   INSERT INTO dbo.dnn_UserRoles(UserID, RoleID, IsTrialUsed, CreatedByUserID, CreatedOnDate, LastModifiedByUserID, LastModifiedOnDate, [Status], IsOwner)
   VALUES(@UserId, @FemaleRole, 0, 1, '2019-06-07 05:28:54', 1, '2019-06-07 05:28:54', 1, 0)
   INSERT INTO dbo.dnn_Users(Username, FirstName, LastName, Email, DisplayName, UpdatePassword, LastIPAddress, IsDeleted, CreatedByUserID, CreatedOnDate, LastModifiedByUserID, LastModifiedOnDate, PasswordResetToken, PasswordResetExpiration)
   VALUES('r.flynn@beeg.com', 'Rebecca', 'Flynn', 'r.flynn@beeg.com', 'Rebecca Flynn', 0, '', 0, 1, '2019-06-07 05:28:54', 1, '2019-06-07 05:28:54', NULL, NULL)
   SELECT @UserID = SCOPE_IDENTITY()
   INSERT INTO dbo.aspnet_Users(ApplicationID, UserName, LoweredUserName, IsAnonymous, LastActivityDate)
   VALUES(@ApplicationId, 'r.flynn@beeg.com', 'r.flynn@beeg.com', 0, '2019-06-07 05:28:54')
   SELECT @AspNetUserID = UserId FROM aspnet_Users WHERE Username = 'r.flynn@beeg.com'
   INSERT INTO dbo.aspnet_Membership(ApplicationID, UserID, Password, PasswordFormat, PasswordSalt, Email, LoweredEmail, IsApproved, IsLockedOut, CreateDate, LastLoginDate, LastPasswordChangedDate, LastLockoutDate, FailedPasswordAttemptCount, FailedPasswordAttemptWindowStart, FailedPasswordAnswerAttemptCount, FailedPasswordAnswerAttemptWindowStart)
   VALUES(@ApplicationID, @AspNetUserID, 'aMoPu/jMK8Yc4dxEEtAWm+RvKkFRjT38n/c1ORi3HgGWXJI15kNozQ==', 2, 'ub/Nej8BunZL3H6o+Z7+sg==', 'r.flynn@beeg.com', 'r.flynn@beeg.com', 1, 0, '2019-06-07 05:28:54', '2019-06-07 05:28:54', '2019-06-07 05:28:54', '1754-01-01 00:00:00.000', 0, '1754-01-01 00:00:00.000', 0, '1754-01-01 00:00:00.000')
   INSERT INTO dbo.dnn_UserPortals(UserID, PortalID, CreatedDate, Authorised, IsDeleted, RefreshRoles)
   VALUES(@UserID, @PortalID, '2019-06-07 05:28:54', 1, 0, 0)
   INSERT INTO dbo.dnn_UserRoles(UserID, RoleID, IsTrialUsed, CreatedByUserID, CreatedOnDate, LastModifiedByUserID, LastModifiedOnDate, [Status], IsOwner)
   VALUES(@UserId, @FemaleRole, 0, 1, '2019-06-07 05:28:54', 1, '2019-06-07 05:28:54', 1, 0)
   INSERT INTO dbo.dnn_Users(Username, FirstName, LastName, Email, DisplayName, UpdatePassword, LastIPAddress, IsDeleted, CreatedByUserID, CreatedOnDate, LastModifiedByUserID, LastModifiedOnDate, PasswordResetToken, PasswordResetExpiration)
   VALUES('yatesv@behance.net', 'Virginia', 'Yates', 'yatesv@behance.net', 'Virginia Yates', 0, '', 0, 1, '2019-06-07 05:28:54', 1, '2019-06-07 05:28:54', NULL, NULL)
   SELECT @UserID = SCOPE_IDENTITY()
   INSERT INTO dbo.aspnet_Users(ApplicationID, UserName, LoweredUserName, IsAnonymous, LastActivityDate)
   VALUES(@ApplicationId, 'yatesv@behance.net', 'yatesv@behance.net', 0, '2019-06-07 05:28:54')
   SELECT @AspNetUserID = UserId FROM aspnet_Users WHERE Username = 'yatesv@behance.net'
   INSERT INTO dbo.aspnet_Membership(ApplicationID, UserID, Password, PasswordFormat, PasswordSalt, Email, LoweredEmail, IsApproved, IsLockedOut, CreateDate, LastLoginDate, LastPasswordChangedDate, LastLockoutDate, FailedPasswordAttemptCount, FailedPasswordAttemptWindowStart, FailedPasswordAnswerAttemptCount, FailedPasswordAnswerAttemptWindowStart)
   VALUES(@ApplicationID, @AspNetUserID, 'aMoPu/jMK8Yc4dxEEtAWm+RvKkFRjT38n/c1ORi3HgGWXJI15kNozQ==', 2, 'ub/Nej8BunZL3H6o+Z7+sg==', 'yatesv@behance.net', 'yatesv@behance.net', 1, 0, '2019-06-07 05:28:54', '2019-06-07 05:28:54', '2019-06-07 05:28:54', '1754-01-01 00:00:00.000', 0, '1754-01-01 00:00:00.000', 0, '1754-01-01 00:00:00.000')
   INSERT INTO dbo.dnn_UserPortals(UserID, PortalID, CreatedDate, Authorised, IsDeleted, RefreshRoles)
   VALUES(@UserID, @PortalID, '2019-06-07 05:28:54', 1, 0, 0)
   INSERT INTO dbo.dnn_UserRoles(UserID, RoleID, IsTrialUsed, CreatedByUserID, CreatedOnDate, LastModifiedByUserID, LastModifiedOnDate, [Status], IsOwner)
   VALUES(@UserId, @FemaleRole, 0, 1, '2019-06-07 05:28:54', 1, '2019-06-07 05:28:54', 1, 0)
   INSERT INTO dbo.dnn_Users(Username, FirstName, LastName, Email, DisplayName, UpdatePassword, LastIPAddress, IsDeleted, CreatedByUserID, CreatedOnDate, LastModifiedByUserID, LastModifiedOnDate, PasswordResetToken, PasswordResetExpiration)
   VALUES('kathleen.hogan@surveymonkey.com', 'Kathleen', 'Hogan', 'kathleen.hogan@surveymonkey.com', 'Kathleen Hogan', 0, '', 0, 1, '2019-06-07 05:28:54', 1, '2019-06-07 05:28:54', NULL, NULL)
   SELECT @UserID = SCOPE_IDENTITY()
   INSERT INTO dbo.aspnet_Users(ApplicationID, UserName, LoweredUserName, IsAnonymous, LastActivityDate)
   VALUES(@ApplicationId, 'kathleen.hogan@surveymonkey.com', 'kathleen.hogan@surveymonkey.com', 0, '2019-06-07 05:28:54')
   SELECT @AspNetUserID = UserId FROM aspnet_Users WHERE Username = 'kathleen.hogan@surveymonkey.com'
   INSERT INTO dbo.aspnet_Membership(ApplicationID, UserID, Password, PasswordFormat, PasswordSalt, Email, LoweredEmail, IsApproved, IsLockedOut, CreateDate, LastLoginDate, LastPasswordChangedDate, LastLockoutDate, FailedPasswordAttemptCount, FailedPasswordAttemptWindowStart, FailedPasswordAnswerAttemptCount, FailedPasswordAnswerAttemptWindowStart)
   VALUES(@ApplicationID, @AspNetUserID, 'aMoPu/jMK8Yc4dxEEtAWm+RvKkFRjT38n/c1ORi3HgGWXJI15kNozQ==', 2, 'ub/Nej8BunZL3H6o+Z7+sg==', 'kathleen.hogan@surveymonkey.com', 'kathleen.hogan@surveymonkey.com', 1, 0, '2019-06-07 05:28:54', '2019-06-07 05:28:54', '2019-06-07 05:28:54', '1754-01-01 00:00:00.000', 0, '1754-01-01 00:00:00.000', 0, '1754-01-01 00:00:00.000')
   INSERT INTO dbo.dnn_UserPortals(UserID, PortalID, CreatedDate, Authorised, IsDeleted, RefreshRoles)
   VALUES(@UserID, @PortalID, '2019-06-07 05:28:54', 1, 0, 0)
   INSERT INTO dbo.dnn_UserRoles(UserID, RoleID, IsTrialUsed, CreatedByUserID, CreatedOnDate, LastModifiedByUserID, LastModifiedOnDate, [Status], IsOwner)
   VALUES(@UserId, @FemaleRole, 0, 1, '2019-06-07 05:28:54', 1, '2019-06-07 05:28:54', 1, 0)
   INSERT INTO dbo.dnn_Users(Username, FirstName, LastName, Email, DisplayName, UpdatePassword, LastIPAddress, IsDeleted, CreatedByUserID, CreatedOnDate, LastModifiedByUserID, LastModifiedOnDate, PasswordResetToken, PasswordResetExpiration)
   VALUES('p.marsh@rbc.ru', 'Pamela', 'Marsh', 'p.marsh@rbc.ru', 'Pamela Marsh', 0, '', 0, 1, '2019-06-07 05:28:54', 1, '2019-06-07 05:28:54', NULL, NULL)
   SELECT @UserID = SCOPE_IDENTITY()
   INSERT INTO dbo.aspnet_Users(ApplicationID, UserName, LoweredUserName, IsAnonymous, LastActivityDate)
   VALUES(@ApplicationId, 'p.marsh@rbc.ru', 'p.marsh@rbc.ru', 0, '2019-06-07 05:28:54')
   SELECT @AspNetUserID = UserId FROM aspnet_Users WHERE Username = 'p.marsh@rbc.ru'
   INSERT INTO dbo.aspnet_Membership(ApplicationID, UserID, Password, PasswordFormat, PasswordSalt, Email, LoweredEmail, IsApproved, IsLockedOut, CreateDate, LastLoginDate, LastPasswordChangedDate, LastLockoutDate, FailedPasswordAttemptCount, FailedPasswordAttemptWindowStart, FailedPasswordAnswerAttemptCount, FailedPasswordAnswerAttemptWindowStart)
   VALUES(@ApplicationID, @AspNetUserID, 'aMoPu/jMK8Yc4dxEEtAWm+RvKkFRjT38n/c1ORi3HgGWXJI15kNozQ==', 2, 'ub/Nej8BunZL3H6o+Z7+sg==', 'p.marsh@rbc.ru', 'p.marsh@rbc.ru', 1, 0, '2019-06-07 05:28:54', '2019-06-07 05:28:54', '2019-06-07 05:28:54', '1754-01-01 00:00:00.000', 0, '1754-01-01 00:00:00.000', 0, '1754-01-01 00:00:00.000')
   INSERT INTO dbo.dnn_UserPortals(UserID, PortalID, CreatedDate, Authorised, IsDeleted, RefreshRoles)
   VALUES(@UserID, @PortalID, '2019-06-07 05:28:54', 1, 0, 0)
   INSERT INTO dbo.dnn_UserRoles(UserID, RoleID, IsTrialUsed, CreatedByUserID, CreatedOnDate, LastModifiedByUserID, LastModifiedOnDate, [Status], IsOwner)
   VALUES(@UserId, @FemaleRole, 0, 1, '2019-06-07 05:28:54', 1, '2019-06-07 05:28:54', 1, 0)
   INSERT INTO dbo.dnn_Users(Username, FirstName, LastName, Email, DisplayName, UpdatePassword, LastIPAddress, IsDeleted, CreatedByUserID, CreatedOnDate, LastModifiedByUserID, LastModifiedOnDate, PasswordResetToken, PasswordResetExpiration)
   VALUES('maciasm@rednet.cn', 'Martha', 'Macias', 'maciasm@rednet.cn', 'Martha Macias', 0, '', 0, 1, '2019-06-07 05:28:54', 1, '2019-06-07 05:28:54', NULL, NULL)
   SELECT @UserID = SCOPE_IDENTITY()
   INSERT INTO dbo.aspnet_Users(ApplicationID, UserName, LoweredUserName, IsAnonymous, LastActivityDate)
   VALUES(@ApplicationId, 'maciasm@rednet.cn', 'maciasm@rednet.cn', 0, '2019-06-07 05:28:54')
   SELECT @AspNetUserID = UserId FROM aspnet_Users WHERE Username = 'maciasm@rednet.cn'
   INSERT INTO dbo.aspnet_Membership(ApplicationID, UserID, Password, PasswordFormat, PasswordSalt, Email, LoweredEmail, IsApproved, IsLockedOut, CreateDate, LastLoginDate, LastPasswordChangedDate, LastLockoutDate, FailedPasswordAttemptCount, FailedPasswordAttemptWindowStart, FailedPasswordAnswerAttemptCount, FailedPasswordAnswerAttemptWindowStart)
   VALUES(@ApplicationID, @AspNetUserID, 'aMoPu/jMK8Yc4dxEEtAWm+RvKkFRjT38n/c1ORi3HgGWXJI15kNozQ==', 2, 'ub/Nej8BunZL3H6o+Z7+sg==', 'maciasm@rednet.cn', 'maciasm@rednet.cn', 1, 0, '2019-06-07 05:28:54', '2019-06-07 05:28:54', '2019-06-07 05:28:54', '1754-01-01 00:00:00.000', 0, '1754-01-01 00:00:00.000', 0, '1754-01-01 00:00:00.000')
   INSERT INTO dbo.dnn_UserPortals(UserID, PortalID, CreatedDate, Authorised, IsDeleted, RefreshRoles)
   VALUES(@UserID, @PortalID, '2019-06-07 05:28:54', 1, 0, 0)
   INSERT INTO dbo.dnn_UserRoles(UserID, RoleID, IsTrialUsed, CreatedByUserID, CreatedOnDate, LastModifiedByUserID, LastModifiedOnDate, [Status], IsOwner)
   VALUES(@UserId, @FemaleRole, 0, 1, '2019-06-07 05:28:54', 1, '2019-06-07 05:28:54', 1, 0)
   INSERT INTO dbo.dnn_Users(Username, FirstName, LastName, Email, DisplayName, UpdatePassword, LastIPAddress, IsDeleted, CreatedByUserID, CreatedOnDate, LastModifiedByUserID, LastModifiedOnDate, PasswordResetToken, PasswordResetExpiration)
   VALUES('debra.villanueva@ca.gov', 'Debra', 'Villanueva', 'debra.villanueva@ca.gov', 'Debra Villanueva', 0, '', 0, 1, '2019-06-07 05:28:54', 1, '2019-06-07 05:28:54', NULL, NULL)
   SELECT @UserID = SCOPE_IDENTITY()
   INSERT INTO dbo.aspnet_Users(ApplicationID, UserName, LoweredUserName, IsAnonymous, LastActivityDate)
   VALUES(@ApplicationId, 'debra.villanueva@ca.gov', 'debra.villanueva@ca.gov', 0, '2019-06-07 05:28:54')
   SELECT @AspNetUserID = UserId FROM aspnet_Users WHERE Username = 'debra.villanueva@ca.gov'
   INSERT INTO dbo.aspnet_Membership(ApplicationID, UserID, Password, PasswordFormat, PasswordSalt, Email, LoweredEmail, IsApproved, IsLockedOut, CreateDate, LastLoginDate, LastPasswordChangedDate, LastLockoutDate, FailedPasswordAttemptCount, FailedPasswordAttemptWindowStart, FailedPasswordAnswerAttemptCount, FailedPasswordAnswerAttemptWindowStart)
   VALUES(@ApplicationID, @AspNetUserID, 'aMoPu/jMK8Yc4dxEEtAWm+RvKkFRjT38n/c1ORi3HgGWXJI15kNozQ==', 2, 'ub/Nej8BunZL3H6o+Z7+sg==', 'debra.villanueva@ca.gov', 'debra.villanueva@ca.gov', 1, 0, '2019-06-07 05:28:54', '2019-06-07 05:28:54', '2019-06-07 05:28:54', '1754-01-01 00:00:00.000', 0, '1754-01-01 00:00:00.000', 0, '1754-01-01 00:00:00.000')
   INSERT INTO dbo.dnn_UserPortals(UserID, PortalID, CreatedDate, Authorised, IsDeleted, RefreshRoles)
   VALUES(@UserID, @PortalID, '2019-06-07 05:28:54', 1, 0, 0)
   INSERT INTO dbo.dnn_UserRoles(UserID, RoleID, IsTrialUsed, CreatedByUserID, CreatedOnDate, LastModifiedByUserID, LastModifiedOnDate, [Status], IsOwner)
   VALUES(@UserId, @FemaleRole, 0, 1, '2019-06-07 05:28:54', 1, '2019-06-07 05:28:54', 1, 0)
   INSERT INTO dbo.dnn_Users(Username, FirstName, LastName, Email, DisplayName, UpdatePassword, LastIPAddress, IsDeleted, CreatedByUserID, CreatedOnDate, LastModifiedByUserID, LastModifiedOnDate, PasswordResetToken, PasswordResetExpiration)
   VALUES('a.zamora@trulia.com', 'Amanda', 'Zamora', 'a.zamora@trulia.com', 'Amanda Zamora', 0, '', 0, 1, '2019-06-07 05:28:54', 1, '2019-06-07 05:28:54', NULL, NULL)
   SELECT @UserID = SCOPE_IDENTITY()
   INSERT INTO dbo.aspnet_Users(ApplicationID, UserName, LoweredUserName, IsAnonymous, LastActivityDate)
   VALUES(@ApplicationId, 'a.zamora@trulia.com', 'a.zamora@trulia.com', 0, '2019-06-07 05:28:54')
   SELECT @AspNetUserID = UserId FROM aspnet_Users WHERE Username = 'a.zamora@trulia.com'
   INSERT INTO dbo.aspnet_Membership(ApplicationID, UserID, Password, PasswordFormat, PasswordSalt, Email, LoweredEmail, IsApproved, IsLockedOut, CreateDate, LastLoginDate, LastPasswordChangedDate, LastLockoutDate, FailedPasswordAttemptCount, FailedPasswordAttemptWindowStart, FailedPasswordAnswerAttemptCount, FailedPasswordAnswerAttemptWindowStart)
   VALUES(@ApplicationID, @AspNetUserID, 'aMoPu/jMK8Yc4dxEEtAWm+RvKkFRjT38n/c1ORi3HgGWXJI15kNozQ==', 2, 'ub/Nej8BunZL3H6o+Z7+sg==', 'a.zamora@trulia.com', 'a.zamora@trulia.com', 1, 0, '2019-06-07 05:28:54', '2019-06-07 05:28:54', '2019-06-07 05:28:54', '1754-01-01 00:00:00.000', 0, '1754-01-01 00:00:00.000', 0, '1754-01-01 00:00:00.000')
   INSERT INTO dbo.dnn_UserPortals(UserID, PortalID, CreatedDate, Authorised, IsDeleted, RefreshRoles)
   VALUES(@UserID, @PortalID, '2019-06-07 05:28:54', 1, 0, 0)
   INSERT INTO dbo.dnn_UserRoles(UserID, RoleID, IsTrialUsed, CreatedByUserID, CreatedOnDate, LastModifiedByUserID, LastModifiedOnDate, [Status], IsOwner)
   VALUES(@UserId, @FemaleRole, 0, 1, '2019-06-07 05:28:54', 1, '2019-06-07 05:28:54', 1, 0)
   INSERT INTO dbo.dnn_Users(Username, FirstName, LastName, Email, DisplayName, UpdatePassword, LastIPAddress, IsDeleted, CreatedByUserID, CreatedOnDate, LastModifiedByUserID, LastModifiedOnDate, PasswordResetToken, PasswordResetExpiration)
   VALUES('pratts@zing.vn', 'Stephanie', 'Pratt', 'pratts@zing.vn', 'Stephanie Pratt', 0, '', 0, 1, '2019-06-07 05:28:54', 1, '2019-06-07 05:28:54', NULL, NULL)
   SELECT @UserID = SCOPE_IDENTITY()
   INSERT INTO dbo.aspnet_Users(ApplicationID, UserName, LoweredUserName, IsAnonymous, LastActivityDate)
   VALUES(@ApplicationId, 'pratts@zing.vn', 'pratts@zing.vn', 0, '2019-06-07 05:28:54')
   SELECT @AspNetUserID = UserId FROM aspnet_Users WHERE Username = 'pratts@zing.vn'
   INSERT INTO dbo.aspnet_Membership(ApplicationID, UserID, Password, PasswordFormat, PasswordSalt, Email, LoweredEmail, IsApproved, IsLockedOut, CreateDate, LastLoginDate, LastPasswordChangedDate, LastLockoutDate, FailedPasswordAttemptCount, FailedPasswordAttemptWindowStart, FailedPasswordAnswerAttemptCount, FailedPasswordAnswerAttemptWindowStart)
   VALUES(@ApplicationID, @AspNetUserID, 'aMoPu/jMK8Yc4dxEEtAWm+RvKkFRjT38n/c1ORi3HgGWXJI15kNozQ==', 2, 'ub/Nej8BunZL3H6o+Z7+sg==', 'pratts@zing.vn', 'pratts@zing.vn', 1, 0, '2019-06-07 05:28:54', '2019-06-07 05:28:54', '2019-06-07 05:28:54', '1754-01-01 00:00:00.000', 0, '1754-01-01 00:00:00.000', 0, '1754-01-01 00:00:00.000')
   INSERT INTO dbo.dnn_UserPortals(UserID, PortalID, CreatedDate, Authorised, IsDeleted, RefreshRoles)
   VALUES(@UserID, @PortalID, '2019-06-07 05:28:54', 1, 0, 0)
   INSERT INTO dbo.dnn_UserRoles(UserID, RoleID, IsTrialUsed, CreatedByUserID, CreatedOnDate, LastModifiedByUserID, LastModifiedOnDate, [Status], IsOwner)
   VALUES(@UserId, @FemaleRole, 0, 1, '2019-06-07 05:28:54', 1, '2019-06-07 05:28:54', 1, 0)
   INSERT INTO dbo.dnn_Users(Username, FirstName, LastName, Email, DisplayName, UpdatePassword, LastIPAddress, IsDeleted, CreatedByUserID, CreatedOnDate, LastModifiedByUserID, LastModifiedOnDate, PasswordResetToken, PasswordResetExpiration)
   VALUES('carolyn.stokes@elmundo.es', 'Carolyn', 'Stokes', 'carolyn.stokes@elmundo.es', 'Carolyn Stokes', 0, '', 0, 1, '2019-06-07 05:28:54', 1, '2019-06-07 05:28:54', NULL, NULL)
   SELECT @UserID = SCOPE_IDENTITY()
   INSERT INTO dbo.aspnet_Users(ApplicationID, UserName, LoweredUserName, IsAnonymous, LastActivityDate)
   VALUES(@ApplicationId, 'carolyn.stokes@elmundo.es', 'carolyn.stokes@elmundo.es', 0, '2019-06-07 05:28:54')
   SELECT @AspNetUserID = UserId FROM aspnet_Users WHERE Username = 'carolyn.stokes@elmundo.es'
   INSERT INTO dbo.aspnet_Membership(ApplicationID, UserID, Password, PasswordFormat, PasswordSalt, Email, LoweredEmail, IsApproved, IsLockedOut, CreateDate, LastLoginDate, LastPasswordChangedDate, LastLockoutDate, FailedPasswordAttemptCount, FailedPasswordAttemptWindowStart, FailedPasswordAnswerAttemptCount, FailedPasswordAnswerAttemptWindowStart)
   VALUES(@ApplicationID, @AspNetUserID, 'aMoPu/jMK8Yc4dxEEtAWm+RvKkFRjT38n/c1ORi3HgGWXJI15kNozQ==', 2, 'ub/Nej8BunZL3H6o+Z7+sg==', 'carolyn.stokes@elmundo.es', 'carolyn.stokes@elmundo.es', 1, 0, '2019-06-07 05:28:54', '2019-06-07 05:28:54', '2019-06-07 05:28:54', '1754-01-01 00:00:00.000', 0, '1754-01-01 00:00:00.000', 0, '1754-01-01 00:00:00.000')
   INSERT INTO dbo.dnn_UserPortals(UserID, PortalID, CreatedDate, Authorised, IsDeleted, RefreshRoles)
   VALUES(@UserID, @PortalID, '2019-06-07 05:28:54', 1, 0, 0)
   INSERT INTO dbo.dnn_UserRoles(UserID, RoleID, IsTrialUsed, CreatedByUserID, CreatedOnDate, LastModifiedByUserID, LastModifiedOnDate, [Status], IsOwner)
   VALUES(@UserId, @FemaleRole, 0, 1, '2019-06-07 05:28:54', 1, '2019-06-07 05:28:54', 1, 0)
   INSERT INTO dbo.dnn_Users(Username, FirstName, LastName, Email, DisplayName, UpdatePassword, LastIPAddress, IsDeleted, CreatedByUserID, CreatedOnDate, LastModifiedByUserID, LastModifiedOnDate, PasswordResetToken, PasswordResetExpiration)
   VALUES('c.owen@mi.com', 'Christine', 'Owen', 'c.owen@mi.com', 'Christine Owen', 0, '', 0, 1, '2019-06-07 05:28:54', 1, '2019-06-07 05:28:54', NULL, NULL)
   SELECT @UserID = SCOPE_IDENTITY()
   INSERT INTO dbo.aspnet_Users(ApplicationID, UserName, LoweredUserName, IsAnonymous, LastActivityDate)
   VALUES(@ApplicationId, 'c.owen@mi.com', 'c.owen@mi.com', 0, '2019-06-07 05:28:54')
   SELECT @AspNetUserID = UserId FROM aspnet_Users WHERE Username = 'c.owen@mi.com'
   INSERT INTO dbo.aspnet_Membership(ApplicationID, UserID, Password, PasswordFormat, PasswordSalt, Email, LoweredEmail, IsApproved, IsLockedOut, CreateDate, LastLoginDate, LastPasswordChangedDate, LastLockoutDate, FailedPasswordAttemptCount, FailedPasswordAttemptWindowStart, FailedPasswordAnswerAttemptCount, FailedPasswordAnswerAttemptWindowStart)
   VALUES(@ApplicationID, @AspNetUserID, 'aMoPu/jMK8Yc4dxEEtAWm+RvKkFRjT38n/c1ORi3HgGWXJI15kNozQ==', 2, 'ub/Nej8BunZL3H6o+Z7+sg==', 'c.owen@mi.com', 'c.owen@mi.com', 1, 0, '2019-06-07 05:28:54', '2019-06-07 05:28:54', '2019-06-07 05:28:54', '1754-01-01 00:00:00.000', 0, '1754-01-01 00:00:00.000', 0, '1754-01-01 00:00:00.000')
   INSERT INTO dbo.dnn_UserPortals(UserID, PortalID, CreatedDate, Authorised, IsDeleted, RefreshRoles)
   VALUES(@UserID, @PortalID, '2019-06-07 05:28:54', 1, 0, 0)
   INSERT INTO dbo.dnn_UserRoles(UserID, RoleID, IsTrialUsed, CreatedByUserID, CreatedOnDate, LastModifiedByUserID, LastModifiedOnDate, [Status], IsOwner)
   VALUES(@UserId, @FemaleRole, 0, 1, '2019-06-07 05:28:54', 1, '2019-06-07 05:28:54', 1, 0)
   INSERT INTO dbo.dnn_Users(Username, FirstName, LastName, Email, DisplayName, UpdatePassword, LastIPAddress, IsDeleted, CreatedByUserID, CreatedOnDate, LastModifiedByUserID, LastModifiedOnDate, PasswordResetToken, PasswordResetExpiration)
   VALUES('ballardm@aparat.com', 'Marie', 'Ballard', 'ballardm@aparat.com', 'Marie Ballard', 0, '', 0, 1, '2019-06-07 05:28:54', 1, '2019-06-07 05:28:54', NULL, NULL)
   SELECT @UserID = SCOPE_IDENTITY()
   INSERT INTO dbo.aspnet_Users(ApplicationID, UserName, LoweredUserName, IsAnonymous, LastActivityDate)
   VALUES(@ApplicationId, 'ballardm@aparat.com', 'ballardm@aparat.com', 0, '2019-06-07 05:28:54')
   SELECT @AspNetUserID = UserId FROM aspnet_Users WHERE Username = 'ballardm@aparat.com'
   INSERT INTO dbo.aspnet_Membership(ApplicationID, UserID, Password, PasswordFormat, PasswordSalt, Email, LoweredEmail, IsApproved, IsLockedOut, CreateDate, LastLoginDate, LastPasswordChangedDate, LastLockoutDate, FailedPasswordAttemptCount, FailedPasswordAttemptWindowStart, FailedPasswordAnswerAttemptCount, FailedPasswordAnswerAttemptWindowStart)
   VALUES(@ApplicationID, @AspNetUserID, 'aMoPu/jMK8Yc4dxEEtAWm+RvKkFRjT38n/c1ORi3HgGWXJI15kNozQ==', 2, 'ub/Nej8BunZL3H6o+Z7+sg==', 'ballardm@aparat.com', 'ballardm@aparat.com', 1, 0, '2019-06-07 05:28:54', '2019-06-07 05:28:54', '2019-06-07 05:28:54', '1754-01-01 00:00:00.000', 0, '1754-01-01 00:00:00.000', 0, '1754-01-01 00:00:00.000')
   INSERT INTO dbo.dnn_UserPortals(UserID, PortalID, CreatedDate, Authorised, IsDeleted, RefreshRoles)
   VALUES(@UserID, @PortalID, '2019-06-07 05:28:54', 1, 0, 0)
   INSERT INTO dbo.dnn_UserRoles(UserID, RoleID, IsTrialUsed, CreatedByUserID, CreatedOnDate, LastModifiedByUserID, LastModifiedOnDate, [Status], IsOwner)
   VALUES(@UserId, @FemaleRole, 0, 1, '2019-06-07 05:28:54', 1, '2019-06-07 05:28:54', 1, 0)
   INSERT INTO dbo.dnn_UserRoles(UserID, RoleID, IsTrialUsed, CreatedByUserID, CreatedOnDate, LastModifiedByUserID, LastModifiedOnDate, [Status], IsOwner)
   VALUES(@UserId, @AcademicRole, 0, 1, '2019-06-07 05:28:54', 1, '2019-06-07 05:28:54', 1, 0)
   INSERT INTO dbo.dnn_Users(Username, FirstName, LastName, Email, DisplayName, UpdatePassword, LastIPAddress, IsDeleted, CreatedByUserID, CreatedOnDate, LastModifiedByUserID, LastModifiedOnDate, PasswordResetToken, PasswordResetExpiration)
   VALUES('janet.lang@free.fr', 'Janet', 'Lang', 'janet.lang@free.fr', 'Janet Lang', 0, '', 0, 1, '2019-06-07 05:28:54', 1, '2019-06-07 05:28:54', NULL, NULL)
   SELECT @UserID = SCOPE_IDENTITY()
   INSERT INTO dbo.aspnet_Users(ApplicationID, UserName, LoweredUserName, IsAnonymous, LastActivityDate)
   VALUES(@ApplicationId, 'janet.lang@free.fr', 'janet.lang@free.fr', 0, '2019-06-07 05:28:54')
   SELECT @AspNetUserID = UserId FROM aspnet_Users WHERE Username = 'janet.lang@free.fr'
   INSERT INTO dbo.aspnet_Membership(ApplicationID, UserID, Password, PasswordFormat, PasswordSalt, Email, LoweredEmail, IsApproved, IsLockedOut, CreateDate, LastLoginDate, LastPasswordChangedDate, LastLockoutDate, FailedPasswordAttemptCount, FailedPasswordAttemptWindowStart, FailedPasswordAnswerAttemptCount, FailedPasswordAnswerAttemptWindowStart)
   VALUES(@ApplicationID, @AspNetUserID, 'aMoPu/jMK8Yc4dxEEtAWm+RvKkFRjT38n/c1ORi3HgGWXJI15kNozQ==', 2, 'ub/Nej8BunZL3H6o+Z7+sg==', 'janet.lang@free.fr', 'janet.lang@free.fr', 1, 0, '2019-06-07 05:28:54', '2019-06-07 05:28:54', '2019-06-07 05:28:54', '1754-01-01 00:00:00.000', 0, '1754-01-01 00:00:00.000', 0, '1754-01-01 00:00:00.000')
   INSERT INTO dbo.dnn_UserPortals(UserID, PortalID, CreatedDate, Authorised, IsDeleted, RefreshRoles)
   VALUES(@UserID, @PortalID, '2019-06-07 05:28:54', 1, 0, 0)
   INSERT INTO dbo.dnn_UserRoles(UserID, RoleID, IsTrialUsed, CreatedByUserID, CreatedOnDate, LastModifiedByUserID, LastModifiedOnDate, [Status], IsOwner)
   VALUES(@UserId, @FemaleRole, 0, 1, '2019-06-07 05:28:54', 1, '2019-06-07 05:28:54', 1, 0)
   INSERT INTO dbo.dnn_Users(Username, FirstName, LastName, Email, DisplayName, UpdatePassword, LastIPAddress, IsDeleted, CreatedByUserID, CreatedOnDate, LastModifiedByUserID, LastModifiedOnDate, PasswordResetToken, PasswordResetExpiration)
   VALUES('c.brock@airtel.in', 'Catherine', 'Brock', 'c.brock@airtel.in', 'Catherine Brock', 0, '', 0, 1, '2019-06-07 05:28:54', 1, '2019-06-07 05:28:54', NULL, NULL)
   SELECT @UserID = SCOPE_IDENTITY()
   INSERT INTO dbo.aspnet_Users(ApplicationID, UserName, LoweredUserName, IsAnonymous, LastActivityDate)
   VALUES(@ApplicationId, 'c.brock@airtel.in', 'c.brock@airtel.in', 0, '2019-06-07 05:28:54')
   SELECT @AspNetUserID = UserId FROM aspnet_Users WHERE Username = 'c.brock@airtel.in'
   INSERT INTO dbo.aspnet_Membership(ApplicationID, UserID, Password, PasswordFormat, PasswordSalt, Email, LoweredEmail, IsApproved, IsLockedOut, CreateDate, LastLoginDate, LastPasswordChangedDate, LastLockoutDate, FailedPasswordAttemptCount, FailedPasswordAttemptWindowStart, FailedPasswordAnswerAttemptCount, FailedPasswordAnswerAttemptWindowStart)
   VALUES(@ApplicationID, @AspNetUserID, 'aMoPu/jMK8Yc4dxEEtAWm+RvKkFRjT38n/c1ORi3HgGWXJI15kNozQ==', 2, 'ub/Nej8BunZL3H6o+Z7+sg==', 'c.brock@airtel.in', 'c.brock@airtel.in', 1, 0, '2019-06-07 05:28:54', '2019-06-07 05:28:54', '2019-06-07 05:28:54', '1754-01-01 00:00:00.000', 0, '1754-01-01 00:00:00.000', 0, '1754-01-01 00:00:00.000')
   INSERT INTO dbo.dnn_UserPortals(UserID, PortalID, CreatedDate, Authorised, IsDeleted, RefreshRoles)
   VALUES(@UserID, @PortalID, '2019-06-07 05:28:54', 1, 0, 0)
   INSERT INTO dbo.dnn_UserRoles(UserID, RoleID, IsTrialUsed, CreatedByUserID, CreatedOnDate, LastModifiedByUserID, LastModifiedOnDate, [Status], IsOwner)
   VALUES(@UserId, @FemaleRole, 0, 1, '2019-06-07 05:28:54', 1, '2019-06-07 05:28:54', 1, 0)
   INSERT INTO dbo.dnn_Users(Username, FirstName, LastName, Email, DisplayName, UpdatePassword, LastIPAddress, IsDeleted, CreatedByUserID, CreatedOnDate, LastModifiedByUserID, LastModifiedOnDate, PasswordResetToken, PasswordResetExpiration)
   VALUES('villarrealf@blackboard.com', 'Frances', 'Villarreal', 'villarrealf@blackboard.com', 'Frances Villarreal', 0, '', 0, 1, '2019-06-07 05:28:54', 1, '2019-06-07 05:28:54', NULL, NULL)
   SELECT @UserID = SCOPE_IDENTITY()
   INSERT INTO dbo.aspnet_Users(ApplicationID, UserName, LoweredUserName, IsAnonymous, LastActivityDate)
   VALUES(@ApplicationId, 'villarrealf@blackboard.com', 'villarrealf@blackboard.com', 0, '2019-06-07 05:28:54')
   SELECT @AspNetUserID = UserId FROM aspnet_Users WHERE Username = 'villarrealf@blackboard.com'
   INSERT INTO dbo.aspnet_Membership(ApplicationID, UserID, Password, PasswordFormat, PasswordSalt, Email, LoweredEmail, IsApproved, IsLockedOut, CreateDate, LastLoginDate, LastPasswordChangedDate, LastLockoutDate, FailedPasswordAttemptCount, FailedPasswordAttemptWindowStart, FailedPasswordAnswerAttemptCount, FailedPasswordAnswerAttemptWindowStart)
   VALUES(@ApplicationID, @AspNetUserID, 'aMoPu/jMK8Yc4dxEEtAWm+RvKkFRjT38n/c1ORi3HgGWXJI15kNozQ==', 2, 'ub/Nej8BunZL3H6o+Z7+sg==', 'villarrealf@blackboard.com', 'villarrealf@blackboard.com', 1, 0, '2019-06-07 05:28:54', '2019-06-07 05:28:54', '2019-06-07 05:28:54', '1754-01-01 00:00:00.000', 0, '1754-01-01 00:00:00.000', 0, '1754-01-01 00:00:00.000')
   INSERT INTO dbo.dnn_UserPortals(UserID, PortalID, CreatedDate, Authorised, IsDeleted, RefreshRoles)
   VALUES(@UserID, @PortalID, '2019-06-07 05:28:54', 1, 0, 0)
   INSERT INTO dbo.dnn_UserRoles(UserID, RoleID, IsTrialUsed, CreatedByUserID, CreatedOnDate, LastModifiedByUserID, LastModifiedOnDate, [Status], IsOwner)
   VALUES(@UserId, @FemaleRole, 0, 1, '2019-06-07 05:28:54', 1, '2019-06-07 05:28:54', 1, 0)
   INSERT INTO dbo.dnn_Users(Username, FirstName, LastName, Email, DisplayName, UpdatePassword, LastIPAddress, IsDeleted, CreatedByUserID, CreatedOnDate, LastModifiedByUserID, LastModifiedOnDate, PasswordResetToken, PasswordResetExpiration)
   VALUES('ann.charles@meetup.com', 'Ann', 'Charles', 'ann.charles@meetup.com', 'Ann Charles', 0, '', 0, 1, '2019-06-07 05:28:54', 1, '2019-06-07 05:28:54', NULL, NULL)
   SELECT @UserID = SCOPE_IDENTITY()
   INSERT INTO dbo.aspnet_Users(ApplicationID, UserName, LoweredUserName, IsAnonymous, LastActivityDate)
   VALUES(@ApplicationId, 'ann.charles@meetup.com', 'ann.charles@meetup.com', 0, '2019-06-07 05:28:54')
   SELECT @AspNetUserID = UserId FROM aspnet_Users WHERE Username = 'ann.charles@meetup.com'
   INSERT INTO dbo.aspnet_Membership(ApplicationID, UserID, Password, PasswordFormat, PasswordSalt, Email, LoweredEmail, IsApproved, IsLockedOut, CreateDate, LastLoginDate, LastPasswordChangedDate, LastLockoutDate, FailedPasswordAttemptCount, FailedPasswordAttemptWindowStart, FailedPasswordAnswerAttemptCount, FailedPasswordAnswerAttemptWindowStart)
   VALUES(@ApplicationID, @AspNetUserID, 'aMoPu/jMK8Yc4dxEEtAWm+RvKkFRjT38n/c1ORi3HgGWXJI15kNozQ==', 2, 'ub/Nej8BunZL3H6o+Z7+sg==', 'ann.charles@meetup.com', 'ann.charles@meetup.com', 1, 0, '2019-06-07 05:28:54', '2019-06-07 05:28:54', '2019-06-07 05:28:54', '1754-01-01 00:00:00.000', 0, '1754-01-01 00:00:00.000', 0, '1754-01-01 00:00:00.000')
   INSERT INTO dbo.dnn_UserPortals(UserID, PortalID, CreatedDate, Authorised, IsDeleted, RefreshRoles)
   VALUES(@UserID, @PortalID, '2019-06-07 05:28:54', 1, 0, 0)
   INSERT INTO dbo.dnn_UserRoles(UserID, RoleID, IsTrialUsed, CreatedByUserID, CreatedOnDate, LastModifiedByUserID, LastModifiedOnDate, [Status], IsOwner)
   VALUES(@UserId, @FemaleRole, 0, 1, '2019-06-07 05:28:54', 1, '2019-06-07 05:28:54', 1, 0)
   INSERT INTO dbo.dnn_UserRoles(UserID, RoleID, IsTrialUsed, CreatedByUserID, CreatedOnDate, LastModifiedByUserID, LastModifiedOnDate, [Status], IsOwner)
   VALUES(@UserId, @ManagerRole, 0, 1, '2019-06-07 05:28:54', 1, '2019-06-07 05:28:54', 1, 0)
   INSERT INTO dbo.dnn_Users(Username, FirstName, LastName, Email, DisplayName, UpdatePassword, LastIPAddress, IsDeleted, CreatedByUserID, CreatedOnDate, LastModifiedByUserID, LastModifiedOnDate, PasswordResetToken, PasswordResetExpiration)
   VALUES('j.drake@trackingclick.net', 'Joyce', 'Drake', 'j.drake@trackingclick.net', 'Joyce Drake', 0, '', 0, 1, '2019-06-07 05:28:54', 1, '2019-06-07 05:28:54', NULL, NULL)
   SELECT @UserID = SCOPE_IDENTITY()
   INSERT INTO dbo.aspnet_Users(ApplicationID, UserName, LoweredUserName, IsAnonymous, LastActivityDate)
   VALUES(@ApplicationId, 'j.drake@trackingclick.net', 'j.drake@trackingclick.net', 0, '2019-06-07 05:28:54')
   SELECT @AspNetUserID = UserId FROM aspnet_Users WHERE Username = 'j.drake@trackingclick.net'
   INSERT INTO dbo.aspnet_Membership(ApplicationID, UserID, Password, PasswordFormat, PasswordSalt, Email, LoweredEmail, IsApproved, IsLockedOut, CreateDate, LastLoginDate, LastPasswordChangedDate, LastLockoutDate, FailedPasswordAttemptCount, FailedPasswordAttemptWindowStart, FailedPasswordAnswerAttemptCount, FailedPasswordAnswerAttemptWindowStart)
   VALUES(@ApplicationID, @AspNetUserID, 'aMoPu/jMK8Yc4dxEEtAWm+RvKkFRjT38n/c1ORi3HgGWXJI15kNozQ==', 2, 'ub/Nej8BunZL3H6o+Z7+sg==', 'j.drake@trackingclick.net', 'j.drake@trackingclick.net', 1, 0, '2019-06-07 05:28:54', '2019-06-07 05:28:54', '2019-06-07 05:28:54', '1754-01-01 00:00:00.000', 0, '1754-01-01 00:00:00.000', 0, '1754-01-01 00:00:00.000')
   INSERT INTO dbo.dnn_UserPortals(UserID, PortalID, CreatedDate, Authorised, IsDeleted, RefreshRoles)
   VALUES(@UserID, @PortalID, '2019-06-07 05:28:54', 1, 0, 0)
   INSERT INTO dbo.dnn_UserRoles(UserID, RoleID, IsTrialUsed, CreatedByUserID, CreatedOnDate, LastModifiedByUserID, LastModifiedOnDate, [Status], IsOwner)
   VALUES(@UserId, @FemaleRole, 0, 1, '2019-06-07 05:28:54', 1, '2019-06-07 05:28:54', 1, 0)
   INSERT INTO dbo.dnn_Users(Username, FirstName, LastName, Email, DisplayName, UpdatePassword, LastIPAddress, IsDeleted, CreatedByUserID, CreatedOnDate, LastModifiedByUserID, LastModifiedOnDate, PasswordResetToken, PasswordResetExpiration)
   VALUES('barrerad@google.bg', 'Diane', 'Barrera', 'barrerad@google.bg', 'Diane Barrera', 0, '', 0, 1, '2019-06-07 05:28:54', 1, '2019-06-07 05:28:54', NULL, NULL)
   SELECT @UserID = SCOPE_IDENTITY()
   INSERT INTO dbo.aspnet_Users(ApplicationID, UserName, LoweredUserName, IsAnonymous, LastActivityDate)
   VALUES(@ApplicationId, 'barrerad@google.bg', 'barrerad@google.bg', 0, '2019-06-07 05:28:54')
   SELECT @AspNetUserID = UserId FROM aspnet_Users WHERE Username = 'barrerad@google.bg'
   INSERT INTO dbo.aspnet_Membership(ApplicationID, UserID, Password, PasswordFormat, PasswordSalt, Email, LoweredEmail, IsApproved, IsLockedOut, CreateDate, LastLoginDate, LastPasswordChangedDate, LastLockoutDate, FailedPasswordAttemptCount, FailedPasswordAttemptWindowStart, FailedPasswordAnswerAttemptCount, FailedPasswordAnswerAttemptWindowStart)
   VALUES(@ApplicationID, @AspNetUserID, 'aMoPu/jMK8Yc4dxEEtAWm+RvKkFRjT38n/c1ORi3HgGWXJI15kNozQ==', 2, 'ub/Nej8BunZL3H6o+Z7+sg==', 'barrerad@google.bg', 'barrerad@google.bg', 1, 0, '2019-06-07 05:28:54', '2019-06-07 05:28:54', '2019-06-07 05:28:54', '1754-01-01 00:00:00.000', 0, '1754-01-01 00:00:00.000', 0, '1754-01-01 00:00:00.000')
   INSERT INTO dbo.dnn_UserPortals(UserID, PortalID, CreatedDate, Authorised, IsDeleted, RefreshRoles)
   VALUES(@UserID, @PortalID, '2019-06-07 05:28:54', 1, 0, 0)
   INSERT INTO dbo.dnn_UserRoles(UserID, RoleID, IsTrialUsed, CreatedByUserID, CreatedOnDate, LastModifiedByUserID, LastModifiedOnDate, [Status], IsOwner)
   VALUES(@UserId, @FemaleRole, 0, 1, '2019-06-07 05:28:54', 1, '2019-06-07 05:28:54', 1, 0)
   INSERT INTO dbo.dnn_Users(Username, FirstName, LastName, Email, DisplayName, UpdatePassword, LastIPAddress, IsDeleted, CreatedByUserID, CreatedOnDate, LastModifiedByUserID, LastModifiedOnDate, PasswordResetToken, PasswordResetExpiration)
   VALUES('alice.cain@google.lk', 'Alice', 'Cain', 'alice.cain@google.lk', 'Alice Cain', 0, '', 0, 1, '2019-06-07 05:28:54', 1, '2019-06-07 05:28:54', NULL, NULL)
   SELECT @UserID = SCOPE_IDENTITY()
   INSERT INTO dbo.aspnet_Users(ApplicationID, UserName, LoweredUserName, IsAnonymous, LastActivityDate)
   VALUES(@ApplicationId, 'alice.cain@google.lk', 'alice.cain@google.lk', 0, '2019-06-07 05:28:54')
   SELECT @AspNetUserID = UserId FROM aspnet_Users WHERE Username = 'alice.cain@google.lk'
   INSERT INTO dbo.aspnet_Membership(ApplicationID, UserID, Password, PasswordFormat, PasswordSalt, Email, LoweredEmail, IsApproved, IsLockedOut, CreateDate, LastLoginDate, LastPasswordChangedDate, LastLockoutDate, FailedPasswordAttemptCount, FailedPasswordAttemptWindowStart, FailedPasswordAnswerAttemptCount, FailedPasswordAnswerAttemptWindowStart)
   VALUES(@ApplicationID, @AspNetUserID, 'aMoPu/jMK8Yc4dxEEtAWm+RvKkFRjT38n/c1ORi3HgGWXJI15kNozQ==', 2, 'ub/Nej8BunZL3H6o+Z7+sg==', 'alice.cain@google.lk', 'alice.cain@google.lk', 1, 0, '2019-06-07 05:28:54', '2019-06-07 05:28:54', '2019-06-07 05:28:54', '1754-01-01 00:00:00.000', 0, '1754-01-01 00:00:00.000', 0, '1754-01-01 00:00:00.000')
   INSERT INTO dbo.dnn_UserPortals(UserID, PortalID, CreatedDate, Authorised, IsDeleted, RefreshRoles)
   VALUES(@UserID, @PortalID, '2019-06-07 05:28:54', 1, 0, 0)
   INSERT INTO dbo.dnn_UserRoles(UserID, RoleID, IsTrialUsed, CreatedByUserID, CreatedOnDate, LastModifiedByUserID, LastModifiedOnDate, [Status], IsOwner)
   VALUES(@UserId, @FemaleRole, 0, 1, '2019-06-07 05:28:54', 1, '2019-06-07 05:28:54', 1, 0)
   INSERT INTO dbo.dnn_Users(Username, FirstName, LastName, Email, DisplayName, UpdatePassword, LastIPAddress, IsDeleted, CreatedByUserID, CreatedOnDate, LastModifiedByUserID, LastModifiedOnDate, PasswordResetToken, PasswordResetExpiration)
   VALUES('j.patrick@adidas.tmall.com', 'Julie', 'Patrick', 'j.patrick@adidas.tmall.com', 'Julie Patrick', 0, '', 0, 1, '2019-06-07 05:28:54', 1, '2019-06-07 05:28:54', NULL, NULL)
   SELECT @UserID = SCOPE_IDENTITY()
   INSERT INTO dbo.aspnet_Users(ApplicationID, UserName, LoweredUserName, IsAnonymous, LastActivityDate)
   VALUES(@ApplicationId, 'j.patrick@adidas.tmall.com', 'j.patrick@adidas.tmall.com', 0, '2019-06-07 05:28:54')
   SELECT @AspNetUserID = UserId FROM aspnet_Users WHERE Username = 'j.patrick@adidas.tmall.com'
   INSERT INTO dbo.aspnet_Membership(ApplicationID, UserID, Password, PasswordFormat, PasswordSalt, Email, LoweredEmail, IsApproved, IsLockedOut, CreateDate, LastLoginDate, LastPasswordChangedDate, LastLockoutDate, FailedPasswordAttemptCount, FailedPasswordAttemptWindowStart, FailedPasswordAnswerAttemptCount, FailedPasswordAnswerAttemptWindowStart)
   VALUES(@ApplicationID, @AspNetUserID, 'aMoPu/jMK8Yc4dxEEtAWm+RvKkFRjT38n/c1ORi3HgGWXJI15kNozQ==', 2, 'ub/Nej8BunZL3H6o+Z7+sg==', 'j.patrick@adidas.tmall.com', 'j.patrick@adidas.tmall.com', 1, 0, '2019-06-07 05:28:54', '2019-06-07 05:28:54', '2019-06-07 05:28:54', '1754-01-01 00:00:00.000', 0, '1754-01-01 00:00:00.000', 0, '1754-01-01 00:00:00.000')
   INSERT INTO dbo.dnn_UserPortals(UserID, PortalID, CreatedDate, Authorised, IsDeleted, RefreshRoles)
   VALUES(@UserID, @PortalID, '2019-06-07 05:28:54', 1, 0, 0)
   INSERT INTO dbo.dnn_UserRoles(UserID, RoleID, IsTrialUsed, CreatedByUserID, CreatedOnDate, LastModifiedByUserID, LastModifiedOnDate, [Status], IsOwner)
   VALUES(@UserId, @FemaleRole, 0, 1, '2019-06-07 05:28:54', 1, '2019-06-07 05:28:54', 1, 0)
   INSERT INTO dbo.dnn_Users(Username, FirstName, LastName, Email, DisplayName, UpdatePassword, LastIPAddress, IsDeleted, CreatedByUserID, CreatedOnDate, LastModifiedByUserID, LastModifiedOnDate, PasswordResetToken, PasswordResetExpiration)
   VALUES('pinedah@nordstrom.com', 'Heather', 'Pineda', 'pinedah@nordstrom.com', 'Heather Pineda', 0, '', 0, 1, '2019-06-07 05:28:54', 1, '2019-06-07 05:28:54', NULL, NULL)
   SELECT @UserID = SCOPE_IDENTITY()
   INSERT INTO dbo.aspnet_Users(ApplicationID, UserName, LoweredUserName, IsAnonymous, LastActivityDate)
   VALUES(@ApplicationId, 'pinedah@nordstrom.com', 'pinedah@nordstrom.com', 0, '2019-06-07 05:28:54')
   SELECT @AspNetUserID = UserId FROM aspnet_Users WHERE Username = 'pinedah@nordstrom.com'
   INSERT INTO dbo.aspnet_Membership(ApplicationID, UserID, Password, PasswordFormat, PasswordSalt, Email, LoweredEmail, IsApproved, IsLockedOut, CreateDate, LastLoginDate, LastPasswordChangedDate, LastLockoutDate, FailedPasswordAttemptCount, FailedPasswordAttemptWindowStart, FailedPasswordAnswerAttemptCount, FailedPasswordAnswerAttemptWindowStart)
   VALUES(@ApplicationID, @AspNetUserID, 'aMoPu/jMK8Yc4dxEEtAWm+RvKkFRjT38n/c1ORi3HgGWXJI15kNozQ==', 2, 'ub/Nej8BunZL3H6o+Z7+sg==', 'pinedah@nordstrom.com', 'pinedah@nordstrom.com', 1, 0, '2019-06-07 05:28:54', '2019-06-07 05:28:54', '2019-06-07 05:28:54', '1754-01-01 00:00:00.000', 0, '1754-01-01 00:00:00.000', 0, '1754-01-01 00:00:00.000')
   INSERT INTO dbo.dnn_UserPortals(UserID, PortalID, CreatedDate, Authorised, IsDeleted, RefreshRoles)
   VALUES(@UserID, @PortalID, '2019-06-07 05:28:54', 1, 0, 0)
   INSERT INTO dbo.dnn_UserRoles(UserID, RoleID, IsTrialUsed, CreatedByUserID, CreatedOnDate, LastModifiedByUserID, LastModifiedOnDate, [Status], IsOwner)
   VALUES(@UserId, @FemaleRole, 0, 1, '2019-06-07 05:28:54', 1, '2019-06-07 05:28:54', 1, 0)
   INSERT INTO dbo.dnn_Users(Username, FirstName, LastName, Email, DisplayName, UpdatePassword, LastIPAddress, IsDeleted, CreatedByUserID, CreatedOnDate, LastModifiedByUserID, LastModifiedOnDate, PasswordResetToken, PasswordResetExpiration)
   VALUES('teresa.burnett@merdeka.com', 'Teresa', 'Burnett', 'teresa.burnett@merdeka.com', 'Teresa Burnett', 0, '', 0, 1, '2019-06-07 05:28:54', 1, '2019-06-07 05:28:54', NULL, NULL)
   SELECT @UserID = SCOPE_IDENTITY()
   INSERT INTO dbo.aspnet_Users(ApplicationID, UserName, LoweredUserName, IsAnonymous, LastActivityDate)
   VALUES(@ApplicationId, 'teresa.burnett@merdeka.com', 'teresa.burnett@merdeka.com', 0, '2019-06-07 05:28:54')
   SELECT @AspNetUserID = UserId FROM aspnet_Users WHERE Username = 'teresa.burnett@merdeka.com'
   INSERT INTO dbo.aspnet_Membership(ApplicationID, UserID, Password, PasswordFormat, PasswordSalt, Email, LoweredEmail, IsApproved, IsLockedOut, CreateDate, LastLoginDate, LastPasswordChangedDate, LastLockoutDate, FailedPasswordAttemptCount, FailedPasswordAttemptWindowStart, FailedPasswordAnswerAttemptCount, FailedPasswordAnswerAttemptWindowStart)
   VALUES(@ApplicationID, @AspNetUserID, 'aMoPu/jMK8Yc4dxEEtAWm+RvKkFRjT38n/c1ORi3HgGWXJI15kNozQ==', 2, 'ub/Nej8BunZL3H6o+Z7+sg==', 'teresa.burnett@merdeka.com', 'teresa.burnett@merdeka.com', 1, 0, '2019-06-07 05:28:54', '2019-06-07 05:28:54', '2019-06-07 05:28:54', '1754-01-01 00:00:00.000', 0, '1754-01-01 00:00:00.000', 0, '1754-01-01 00:00:00.000')
   INSERT INTO dbo.dnn_UserPortals(UserID, PortalID, CreatedDate, Authorised, IsDeleted, RefreshRoles)
   VALUES(@UserID, @PortalID, '2019-06-07 05:28:54', 1, 0, 0)
   INSERT INTO dbo.dnn_UserRoles(UserID, RoleID, IsTrialUsed, CreatedByUserID, CreatedOnDate, LastModifiedByUserID, LastModifiedOnDate, [Status], IsOwner)
   VALUES(@UserId, @FemaleRole, 0, 1, '2019-06-07 05:28:54', 1, '2019-06-07 05:28:54', 1, 0)
   INSERT INTO dbo.dnn_Users(Username, FirstName, LastName, Email, DisplayName, UpdatePassword, LastIPAddress, IsDeleted, CreatedByUserID, CreatedOnDate, LastModifiedByUserID, LastModifiedOnDate, PasswordResetToken, PasswordResetExpiration)
   VALUES('d.mercado@list-manage.com', 'Doris', 'Mercado', 'd.mercado@list-manage.com', 'Doris Mercado', 0, '', 0, 1, '2019-06-07 05:28:54', 1, '2019-06-07 05:28:54', NULL, NULL)
   SELECT @UserID = SCOPE_IDENTITY()
   INSERT INTO dbo.aspnet_Users(ApplicationID, UserName, LoweredUserName, IsAnonymous, LastActivityDate)
   VALUES(@ApplicationId, 'd.mercado@list-manage.com', 'd.mercado@list-manage.com', 0, '2019-06-07 05:28:54')
   SELECT @AspNetUserID = UserId FROM aspnet_Users WHERE Username = 'd.mercado@list-manage.com'
   INSERT INTO dbo.aspnet_Membership(ApplicationID, UserID, Password, PasswordFormat, PasswordSalt, Email, LoweredEmail, IsApproved, IsLockedOut, CreateDate, LastLoginDate, LastPasswordChangedDate, LastLockoutDate, FailedPasswordAttemptCount, FailedPasswordAttemptWindowStart, FailedPasswordAnswerAttemptCount, FailedPasswordAnswerAttemptWindowStart)
   VALUES(@ApplicationID, @AspNetUserID, 'aMoPu/jMK8Yc4dxEEtAWm+RvKkFRjT38n/c1ORi3HgGWXJI15kNozQ==', 2, 'ub/Nej8BunZL3H6o+Z7+sg==', 'd.mercado@list-manage.com', 'd.mercado@list-manage.com', 1, 0, '2019-06-07 05:28:54', '2019-06-07 05:28:54', '2019-06-07 05:28:54', '1754-01-01 00:00:00.000', 0, '1754-01-01 00:00:00.000', 0, '1754-01-01 00:00:00.000')
   INSERT INTO dbo.dnn_UserPortals(UserID, PortalID, CreatedDate, Authorised, IsDeleted, RefreshRoles)
   VALUES(@UserID, @PortalID, '2019-06-07 05:28:54', 1, 0, 0)
   INSERT INTO dbo.dnn_UserRoles(UserID, RoleID, IsTrialUsed, CreatedByUserID, CreatedOnDate, LastModifiedByUserID, LastModifiedOnDate, [Status], IsOwner)
   VALUES(@UserId, @FemaleRole, 0, 1, '2019-06-07 05:28:54', 1, '2019-06-07 05:28:54', 1, 0)
   INSERT INTO dbo.dnn_Users(Username, FirstName, LastName, Email, DisplayName, UpdatePassword, LastIPAddress, IsDeleted, CreatedByUserID, CreatedOnDate, LastModifiedByUserID, LastModifiedOnDate, PasswordResetToken, PasswordResetExpiration)
   VALUES('santanag@nike.com', 'Gloria', 'Santana', 'santanag@nike.com', 'Gloria Santana', 0, '', 0, 1, '2019-06-07 05:28:54', 1, '2019-06-07 05:28:54', NULL, NULL)
   SELECT @UserID = SCOPE_IDENTITY()
   INSERT INTO dbo.aspnet_Users(ApplicationID, UserName, LoweredUserName, IsAnonymous, LastActivityDate)
   VALUES(@ApplicationId, 'santanag@nike.com', 'santanag@nike.com', 0, '2019-06-07 05:28:54')
   SELECT @AspNetUserID = UserId FROM aspnet_Users WHERE Username = 'santanag@nike.com'
   INSERT INTO dbo.aspnet_Membership(ApplicationID, UserID, Password, PasswordFormat, PasswordSalt, Email, LoweredEmail, IsApproved, IsLockedOut, CreateDate, LastLoginDate, LastPasswordChangedDate, LastLockoutDate, FailedPasswordAttemptCount, FailedPasswordAttemptWindowStart, FailedPasswordAnswerAttemptCount, FailedPasswordAnswerAttemptWindowStart)
   VALUES(@ApplicationID, @AspNetUserID, 'aMoPu/jMK8Yc4dxEEtAWm+RvKkFRjT38n/c1ORi3HgGWXJI15kNozQ==', 2, 'ub/Nej8BunZL3H6o+Z7+sg==', 'santanag@nike.com', 'santanag@nike.com', 1, 0, '2019-06-07 05:28:54', '2019-06-07 05:28:54', '2019-06-07 05:28:54', '1754-01-01 00:00:00.000', 0, '1754-01-01 00:00:00.000', 0, '1754-01-01 00:00:00.000')
   INSERT INTO dbo.dnn_UserPortals(UserID, PortalID, CreatedDate, Authorised, IsDeleted, RefreshRoles)
   VALUES(@UserID, @PortalID, '2019-06-07 05:28:54', 1, 0, 0)
   INSERT INTO dbo.dnn_UserRoles(UserID, RoleID, IsTrialUsed, CreatedByUserID, CreatedOnDate, LastModifiedByUserID, LastModifiedOnDate, [Status], IsOwner)
   VALUES(@UserId, @FemaleRole, 0, 1, '2019-06-07 05:28:54', 1, '2019-06-07 05:28:54', 1, 0)
   INSERT INTO dbo.dnn_Users(Username, FirstName, LastName, Email, DisplayName, UpdatePassword, LastIPAddress, IsDeleted, CreatedByUserID, CreatedOnDate, LastModifiedByUserID, LastModifiedOnDate, PasswordResetToken, PasswordResetExpiration)
   VALUES('evelyn.shepherd@list.tmall.com', 'Evelyn', 'Shepherd', 'evelyn.shepherd@list.tmall.com', 'Evelyn Shepherd', 0, '', 0, 1, '2019-06-07 05:28:54', 1, '2019-06-07 05:28:54', NULL, NULL)
   SELECT @UserID = SCOPE_IDENTITY()
   INSERT INTO dbo.aspnet_Users(ApplicationID, UserName, LoweredUserName, IsAnonymous, LastActivityDate)
   VALUES(@ApplicationId, 'evelyn.shepherd@list.tmall.com', 'evelyn.shepherd@list.tmall.com', 0, '2019-06-07 05:28:54')
   SELECT @AspNetUserID = UserId FROM aspnet_Users WHERE Username = 'evelyn.shepherd@list.tmall.com'
   INSERT INTO dbo.aspnet_Membership(ApplicationID, UserID, Password, PasswordFormat, PasswordSalt, Email, LoweredEmail, IsApproved, IsLockedOut, CreateDate, LastLoginDate, LastPasswordChangedDate, LastLockoutDate, FailedPasswordAttemptCount, FailedPasswordAttemptWindowStart, FailedPasswordAnswerAttemptCount, FailedPasswordAnswerAttemptWindowStart)
   VALUES(@ApplicationID, @AspNetUserID, 'aMoPu/jMK8Yc4dxEEtAWm+RvKkFRjT38n/c1ORi3HgGWXJI15kNozQ==', 2, 'ub/Nej8BunZL3H6o+Z7+sg==', 'evelyn.shepherd@list.tmall.com', 'evelyn.shepherd@list.tmall.com', 1, 0, '2019-06-07 05:28:54', '2019-06-07 05:28:54', '2019-06-07 05:28:54', '1754-01-01 00:00:00.000', 0, '1754-01-01 00:00:00.000', 0, '1754-01-01 00:00:00.000')
   INSERT INTO dbo.dnn_UserPortals(UserID, PortalID, CreatedDate, Authorised, IsDeleted, RefreshRoles)
   VALUES(@UserID, @PortalID, '2019-06-07 05:28:54', 1, 0, 0)
   INSERT INTO dbo.dnn_UserRoles(UserID, RoleID, IsTrialUsed, CreatedByUserID, CreatedOnDate, LastModifiedByUserID, LastModifiedOnDate, [Status], IsOwner)
   VALUES(@UserId, @FemaleRole, 0, 1, '2019-06-07 05:28:54', 1, '2019-06-07 05:28:54', 1, 0)
   INSERT INTO dbo.dnn_Users(Username, FirstName, LastName, Email, DisplayName, UpdatePassword, LastIPAddress, IsDeleted, CreatedByUserID, CreatedOnDate, LastModifiedByUserID, LastModifiedOnDate, PasswordResetToken, PasswordResetExpiration)
   VALUES('j.bautista@seesaa.net', 'Jean', 'Bautista', 'j.bautista@seesaa.net', 'Jean Bautista', 0, '', 0, 1, '2019-06-07 05:28:54', 1, '2019-06-07 05:28:54', NULL, NULL)
   SELECT @UserID = SCOPE_IDENTITY()
   INSERT INTO dbo.aspnet_Users(ApplicationID, UserName, LoweredUserName, IsAnonymous, LastActivityDate)
   VALUES(@ApplicationId, 'j.bautista@seesaa.net', 'j.bautista@seesaa.net', 0, '2019-06-07 05:28:54')
   SELECT @AspNetUserID = UserId FROM aspnet_Users WHERE Username = 'j.bautista@seesaa.net'
   INSERT INTO dbo.aspnet_Membership(ApplicationID, UserID, Password, PasswordFormat, PasswordSalt, Email, LoweredEmail, IsApproved, IsLockedOut, CreateDate, LastLoginDate, LastPasswordChangedDate, LastLockoutDate, FailedPasswordAttemptCount, FailedPasswordAttemptWindowStart, FailedPasswordAnswerAttemptCount, FailedPasswordAnswerAttemptWindowStart)
   VALUES(@ApplicationID, @AspNetUserID, 'aMoPu/jMK8Yc4dxEEtAWm+RvKkFRjT38n/c1ORi3HgGWXJI15kNozQ==', 2, 'ub/Nej8BunZL3H6o+Z7+sg==', 'j.bautista@seesaa.net', 'j.bautista@seesaa.net', 1, 0, '2019-06-07 05:28:54', '2019-06-07 05:28:54', '2019-06-07 05:28:54', '1754-01-01 00:00:00.000', 0, '1754-01-01 00:00:00.000', 0, '1754-01-01 00:00:00.000')
   INSERT INTO dbo.dnn_UserPortals(UserID, PortalID, CreatedDate, Authorised, IsDeleted, RefreshRoles)
   VALUES(@UserID, @PortalID, '2019-06-07 05:28:54', 1, 0, 0)
   INSERT INTO dbo.dnn_UserRoles(UserID, RoleID, IsTrialUsed, CreatedByUserID, CreatedOnDate, LastModifiedByUserID, LastModifiedOnDate, [Status], IsOwner)
   VALUES(@UserId, @FemaleRole, 0, 1, '2019-06-07 05:28:54', 1, '2019-06-07 05:28:54', 1, 0)
   INSERT INTO dbo.dnn_Users(Username, FirstName, LastName, Email, DisplayName, UpdatePassword, LastIPAddress, IsDeleted, CreatedByUserID, CreatedOnDate, LastModifiedByUserID, LastModifiedOnDate, PasswordResetToken, PasswordResetExpiration)
   VALUES('alic@blogspot.jp', 'Cheryl', 'Ali', 'alic@blogspot.jp', 'Cheryl Ali', 0, '', 0, 1, '2019-06-07 05:28:54', 1, '2019-06-07 05:28:54', NULL, NULL)
   SELECT @UserID = SCOPE_IDENTITY()
   INSERT INTO dbo.aspnet_Users(ApplicationID, UserName, LoweredUserName, IsAnonymous, LastActivityDate)
   VALUES(@ApplicationId, 'alic@blogspot.jp', 'alic@blogspot.jp', 0, '2019-06-07 05:28:54')
   SELECT @AspNetUserID = UserId FROM aspnet_Users WHERE Username = 'alic@blogspot.jp'
   INSERT INTO dbo.aspnet_Membership(ApplicationID, UserID, Password, PasswordFormat, PasswordSalt, Email, LoweredEmail, IsApproved, IsLockedOut, CreateDate, LastLoginDate, LastPasswordChangedDate, LastLockoutDate, FailedPasswordAttemptCount, FailedPasswordAttemptWindowStart, FailedPasswordAnswerAttemptCount, FailedPasswordAnswerAttemptWindowStart)
   VALUES(@ApplicationID, @AspNetUserID, 'aMoPu/jMK8Yc4dxEEtAWm+RvKkFRjT38n/c1ORi3HgGWXJI15kNozQ==', 2, 'ub/Nej8BunZL3H6o+Z7+sg==', 'alic@blogspot.jp', 'alic@blogspot.jp', 1, 0, '2019-06-07 05:28:54', '2019-06-07 05:28:54', '2019-06-07 05:28:54', '1754-01-01 00:00:00.000', 0, '1754-01-01 00:00:00.000', 0, '1754-01-01 00:00:00.000')
   INSERT INTO dbo.dnn_UserPortals(UserID, PortalID, CreatedDate, Authorised, IsDeleted, RefreshRoles)
   VALUES(@UserID, @PortalID, '2019-06-07 05:28:54', 1, 0, 0)
   INSERT INTO dbo.dnn_UserRoles(UserID, RoleID, IsTrialUsed, CreatedByUserID, CreatedOnDate, LastModifiedByUserID, LastModifiedOnDate, [Status], IsOwner)
   VALUES(@UserId, @FemaleRole, 0, 1, '2019-06-07 05:28:54', 1, '2019-06-07 05:28:54', 1, 0)
   INSERT INTO dbo.dnn_Users(Username, FirstName, LastName, Email, DisplayName, UpdatePassword, LastIPAddress, IsDeleted, CreatedByUserID, CreatedOnDate, LastModifiedByUserID, LastModifiedOnDate, PasswordResetToken, PasswordResetExpiration)
   VALUES('mildred.shaffer@allrecipes.com', 'Mildred', 'Shaffer', 'mildred.shaffer@allrecipes.com', 'Mildred Shaffer', 0, '', 0, 1, '2019-06-07 05:28:54', 1, '2019-06-07 05:28:54', NULL, NULL)
   SELECT @UserID = SCOPE_IDENTITY()
   INSERT INTO dbo.aspnet_Users(ApplicationID, UserName, LoweredUserName, IsAnonymous, LastActivityDate)
   VALUES(@ApplicationId, 'mildred.shaffer@allrecipes.com', 'mildred.shaffer@allrecipes.com', 0, '2019-06-07 05:28:54')
   SELECT @AspNetUserID = UserId FROM aspnet_Users WHERE Username = 'mildred.shaffer@allrecipes.com'
   INSERT INTO dbo.aspnet_Membership(ApplicationID, UserID, Password, PasswordFormat, PasswordSalt, Email, LoweredEmail, IsApproved, IsLockedOut, CreateDate, LastLoginDate, LastPasswordChangedDate, LastLockoutDate, FailedPasswordAttemptCount, FailedPasswordAttemptWindowStart, FailedPasswordAnswerAttemptCount, FailedPasswordAnswerAttemptWindowStart)
   VALUES(@ApplicationID, @AspNetUserID, 'aMoPu/jMK8Yc4dxEEtAWm+RvKkFRjT38n/c1ORi3HgGWXJI15kNozQ==', 2, 'ub/Nej8BunZL3H6o+Z7+sg==', 'mildred.shaffer@allrecipes.com', 'mildred.shaffer@allrecipes.com', 1, 0, '2019-06-07 05:28:54', '2019-06-07 05:28:54', '2019-06-07 05:28:54', '1754-01-01 00:00:00.000', 0, '1754-01-01 00:00:00.000', 0, '1754-01-01 00:00:00.000')
   INSERT INTO dbo.dnn_UserPortals(UserID, PortalID, CreatedDate, Authorised, IsDeleted, RefreshRoles)
   VALUES(@UserID, @PortalID, '2019-06-07 05:28:54', 1, 0, 0)
   INSERT INTO dbo.dnn_UserRoles(UserID, RoleID, IsTrialUsed, CreatedByUserID, CreatedOnDate, LastModifiedByUserID, LastModifiedOnDate, [Status], IsOwner)
   VALUES(@UserId, @FemaleRole, 0, 1, '2019-06-07 05:28:54', 1, '2019-06-07 05:28:54', 1, 0)
   INSERT INTO dbo.dnn_Users(Username, FirstName, LastName, Email, DisplayName, UpdatePassword, LastIPAddress, IsDeleted, CreatedByUserID, CreatedOnDate, LastModifiedByUserID, LastModifiedOnDate, PasswordResetToken, PasswordResetExpiration)
   VALUES('k.lamb@google.kz', 'Katherine', 'Lamb', 'k.lamb@google.kz', 'Katherine Lamb', 0, '', 0, 1, '2019-06-07 05:28:54', 1, '2019-06-07 05:28:54', NULL, NULL)
   SELECT @UserID = SCOPE_IDENTITY()
   INSERT INTO dbo.aspnet_Users(ApplicationID, UserName, LoweredUserName, IsAnonymous, LastActivityDate)
   VALUES(@ApplicationId, 'k.lamb@google.kz', 'k.lamb@google.kz', 0, '2019-06-07 05:28:54')
   SELECT @AspNetUserID = UserId FROM aspnet_Users WHERE Username = 'k.lamb@google.kz'
   INSERT INTO dbo.aspnet_Membership(ApplicationID, UserID, Password, PasswordFormat, PasswordSalt, Email, LoweredEmail, IsApproved, IsLockedOut, CreateDate, LastLoginDate, LastPasswordChangedDate, LastLockoutDate, FailedPasswordAttemptCount, FailedPasswordAttemptWindowStart, FailedPasswordAnswerAttemptCount, FailedPasswordAnswerAttemptWindowStart)
   VALUES(@ApplicationID, @AspNetUserID, 'aMoPu/jMK8Yc4dxEEtAWm+RvKkFRjT38n/c1ORi3HgGWXJI15kNozQ==', 2, 'ub/Nej8BunZL3H6o+Z7+sg==', 'k.lamb@google.kz', 'k.lamb@google.kz', 1, 0, '2019-06-07 05:28:54', '2019-06-07 05:28:54', '2019-06-07 05:28:54', '1754-01-01 00:00:00.000', 0, '1754-01-01 00:00:00.000', 0, '1754-01-01 00:00:00.000')
   INSERT INTO dbo.dnn_UserPortals(UserID, PortalID, CreatedDate, Authorised, IsDeleted, RefreshRoles)
   VALUES(@UserID, @PortalID, '2019-06-07 05:28:54', 1, 0, 0)
   INSERT INTO dbo.dnn_UserRoles(UserID, RoleID, IsTrialUsed, CreatedByUserID, CreatedOnDate, LastModifiedByUserID, LastModifiedOnDate, [Status], IsOwner)
   VALUES(@UserId, @FemaleRole, 0, 1, '2019-06-07 05:28:54', 1, '2019-06-07 05:28:54', 1, 0)
   INSERT INTO dbo.dnn_Users(Username, FirstName, LastName, Email, DisplayName, UpdatePassword, LastIPAddress, IsDeleted, CreatedByUserID, CreatedOnDate, LastModifiedByUserID, LastModifiedOnDate, PasswordResetToken, PasswordResetExpiration)
   VALUES('trevinoj@huaban.com', 'Joan', 'Trevino', 'trevinoj@huaban.com', 'Joan Trevino', 0, '', 0, 1, '2019-06-07 05:28:54', 1, '2019-06-07 05:28:54', NULL, NULL)
   SELECT @UserID = SCOPE_IDENTITY()
   INSERT INTO dbo.aspnet_Users(ApplicationID, UserName, LoweredUserName, IsAnonymous, LastActivityDate)
   VALUES(@ApplicationId, 'trevinoj@huaban.com', 'trevinoj@huaban.com', 0, '2019-06-07 05:28:54')
   SELECT @AspNetUserID = UserId FROM aspnet_Users WHERE Username = 'trevinoj@huaban.com'
   INSERT INTO dbo.aspnet_Membership(ApplicationID, UserID, Password, PasswordFormat, PasswordSalt, Email, LoweredEmail, IsApproved, IsLockedOut, CreateDate, LastLoginDate, LastPasswordChangedDate, LastLockoutDate, FailedPasswordAttemptCount, FailedPasswordAttemptWindowStart, FailedPasswordAnswerAttemptCount, FailedPasswordAnswerAttemptWindowStart)
   VALUES(@ApplicationID, @AspNetUserID, 'aMoPu/jMK8Yc4dxEEtAWm+RvKkFRjT38n/c1ORi3HgGWXJI15kNozQ==', 2, 'ub/Nej8BunZL3H6o+Z7+sg==', 'trevinoj@huaban.com', 'trevinoj@huaban.com', 1, 0, '2019-06-07 05:28:54', '2019-06-07 05:28:54', '2019-06-07 05:28:54', '1754-01-01 00:00:00.000', 0, '1754-01-01 00:00:00.000', 0, '1754-01-01 00:00:00.000')
   INSERT INTO dbo.dnn_UserPortals(UserID, PortalID, CreatedDate, Authorised, IsDeleted, RefreshRoles)
   VALUES(@UserID, @PortalID, '2019-06-07 05:28:54', 1, 0, 0)
   INSERT INTO dbo.dnn_UserRoles(UserID, RoleID, IsTrialUsed, CreatedByUserID, CreatedOnDate, LastModifiedByUserID, LastModifiedOnDate, [Status], IsOwner)
   VALUES(@UserId, @FemaleRole, 0, 1, '2019-06-07 05:28:54', 1, '2019-06-07 05:28:54', 1, 0)
   INSERT INTO dbo.dnn_Users(Username, FirstName, LastName, Email, DisplayName, UpdatePassword, LastIPAddress, IsDeleted, CreatedByUserID, CreatedOnDate, LastModifiedByUserID, LastModifiedOnDate, PasswordResetToken, PasswordResetExpiration)
   VALUES('ashley.mckenzie@nifty.com', 'Ashley', 'Mckenzie', 'ashley.mckenzie@nifty.com', 'Ashley Mckenzie', 0, '', 0, 1, '2019-06-07 05:28:54', 1, '2019-06-07 05:28:54', NULL, NULL)
   SELECT @UserID = SCOPE_IDENTITY()
   INSERT INTO dbo.aspnet_Users(ApplicationID, UserName, LoweredUserName, IsAnonymous, LastActivityDate)
   VALUES(@ApplicationId, 'ashley.mckenzie@nifty.com', 'ashley.mckenzie@nifty.com', 0, '2019-06-07 05:28:54')
   SELECT @AspNetUserID = UserId FROM aspnet_Users WHERE Username = 'ashley.mckenzie@nifty.com'
   INSERT INTO dbo.aspnet_Membership(ApplicationID, UserID, Password, PasswordFormat, PasswordSalt, Email, LoweredEmail, IsApproved, IsLockedOut, CreateDate, LastLoginDate, LastPasswordChangedDate, LastLockoutDate, FailedPasswordAttemptCount, FailedPasswordAttemptWindowStart, FailedPasswordAnswerAttemptCount, FailedPasswordAnswerAttemptWindowStart)
   VALUES(@ApplicationID, @AspNetUserID, 'aMoPu/jMK8Yc4dxEEtAWm+RvKkFRjT38n/c1ORi3HgGWXJI15kNozQ==', 2, 'ub/Nej8BunZL3H6o+Z7+sg==', 'ashley.mckenzie@nifty.com', 'ashley.mckenzie@nifty.com', 1, 0, '2019-06-07 05:28:54', '2019-06-07 05:28:54', '2019-06-07 05:28:54', '1754-01-01 00:00:00.000', 0, '1754-01-01 00:00:00.000', 0, '1754-01-01 00:00:00.000')
   INSERT INTO dbo.dnn_UserPortals(UserID, PortalID, CreatedDate, Authorised, IsDeleted, RefreshRoles)
   VALUES(@UserID, @PortalID, '2019-06-07 05:28:54', 1, 0, 0)
   INSERT INTO dbo.dnn_UserRoles(UserID, RoleID, IsTrialUsed, CreatedByUserID, CreatedOnDate, LastModifiedByUserID, LastModifiedOnDate, [Status], IsOwner)
   VALUES(@UserId, @FemaleRole, 0, 1, '2019-06-07 05:28:54', 1, '2019-06-07 05:28:54', 1, 0)
   INSERT INTO dbo.dnn_Users(Username, FirstName, LastName, Email, DisplayName, UpdatePassword, LastIPAddress, IsDeleted, CreatedByUserID, CreatedOnDate, LastModifiedByUserID, LastModifiedOnDate, PasswordResetToken, PasswordResetExpiration)
   VALUES('j.hess@fiverr.com', 'Judith', 'Hess', 'j.hess@fiverr.com', 'Judith Hess', 0, '', 0, 1, '2019-06-07 05:28:54', 1, '2019-06-07 05:28:54', NULL, NULL)
   SELECT @UserID = SCOPE_IDENTITY()
   INSERT INTO dbo.aspnet_Users(ApplicationID, UserName, LoweredUserName, IsAnonymous, LastActivityDate)
   VALUES(@ApplicationId, 'j.hess@fiverr.com', 'j.hess@fiverr.com', 0, '2019-06-07 05:28:54')
   SELECT @AspNetUserID = UserId FROM aspnet_Users WHERE Username = 'j.hess@fiverr.com'
   INSERT INTO dbo.aspnet_Membership(ApplicationID, UserID, Password, PasswordFormat, PasswordSalt, Email, LoweredEmail, IsApproved, IsLockedOut, CreateDate, LastLoginDate, LastPasswordChangedDate, LastLockoutDate, FailedPasswordAttemptCount, FailedPasswordAttemptWindowStart, FailedPasswordAnswerAttemptCount, FailedPasswordAnswerAttemptWindowStart)
   VALUES(@ApplicationID, @AspNetUserID, 'aMoPu/jMK8Yc4dxEEtAWm+RvKkFRjT38n/c1ORi3HgGWXJI15kNozQ==', 2, 'ub/Nej8BunZL3H6o+Z7+sg==', 'j.hess@fiverr.com', 'j.hess@fiverr.com', 1, 0, '2019-06-07 05:28:54', '2019-06-07 05:28:54', '2019-06-07 05:28:54', '1754-01-01 00:00:00.000', 0, '1754-01-01 00:00:00.000', 0, '1754-01-01 00:00:00.000')
   INSERT INTO dbo.dnn_UserPortals(UserID, PortalID, CreatedDate, Authorised, IsDeleted, RefreshRoles)
   VALUES(@UserID, @PortalID, '2019-06-07 05:28:54', 1, 0, 0)
   INSERT INTO dbo.dnn_UserRoles(UserID, RoleID, IsTrialUsed, CreatedByUserID, CreatedOnDate, LastModifiedByUserID, LastModifiedOnDate, [Status], IsOwner)
   VALUES(@UserId, @FemaleRole, 0, 1, '2019-06-07 05:28:54', 1, '2019-06-07 05:28:54', 1, 0)
   INSERT INTO dbo.dnn_Users(Username, FirstName, LastName, Email, DisplayName, UpdatePassword, LastIPAddress, IsDeleted, CreatedByUserID, CreatedOnDate, LastModifiedByUserID, LastModifiedOnDate, PasswordResetToken, PasswordResetExpiration)
   VALUES('beilr@donga.com', 'Rose', 'Beil', 'beilr@donga.com', 'Rose Beil', 0, '', 0, 1, '2019-06-07 05:28:54', 1, '2019-06-07 05:28:54', NULL, NULL)
   SELECT @UserID = SCOPE_IDENTITY()
   INSERT INTO dbo.aspnet_Users(ApplicationID, UserName, LoweredUserName, IsAnonymous, LastActivityDate)
   VALUES(@ApplicationId, 'beilr@donga.com', 'beilr@donga.com', 0, '2019-06-07 05:28:54')
   SELECT @AspNetUserID = UserId FROM aspnet_Users WHERE Username = 'beilr@donga.com'
   INSERT INTO dbo.aspnet_Membership(ApplicationID, UserID, Password, PasswordFormat, PasswordSalt, Email, LoweredEmail, IsApproved, IsLockedOut, CreateDate, LastLoginDate, LastPasswordChangedDate, LastLockoutDate, FailedPasswordAttemptCount, FailedPasswordAttemptWindowStart, FailedPasswordAnswerAttemptCount, FailedPasswordAnswerAttemptWindowStart)
   VALUES(@ApplicationID, @AspNetUserID, 'aMoPu/jMK8Yc4dxEEtAWm+RvKkFRjT38n/c1ORi3HgGWXJI15kNozQ==', 2, 'ub/Nej8BunZL3H6o+Z7+sg==', 'beilr@donga.com', 'beilr@donga.com', 1, 0, '2019-06-07 05:28:54', '2019-06-07 05:28:54', '2019-06-07 05:28:54', '1754-01-01 00:00:00.000', 0, '1754-01-01 00:00:00.000', 0, '1754-01-01 00:00:00.000')
   INSERT INTO dbo.dnn_UserPortals(UserID, PortalID, CreatedDate, Authorised, IsDeleted, RefreshRoles)
   VALUES(@UserID, @PortalID, '2019-06-07 05:28:54', 1, 0, 0)
   INSERT INTO dbo.dnn_UserRoles(UserID, RoleID, IsTrialUsed, CreatedByUserID, CreatedOnDate, LastModifiedByUserID, LastModifiedOnDate, [Status], IsOwner)
   VALUES(@UserId, @FemaleRole, 0, 1, '2019-06-07 05:28:54', 1, '2019-06-07 05:28:54', 1, 0)
   INSERT INTO dbo.dnn_UserRoles(UserID, RoleID, IsTrialUsed, CreatedByUserID, CreatedOnDate, LastModifiedByUserID, LastModifiedOnDate, [Status], IsOwner)
   VALUES(@UserId, @AcademicRole, 0, 1, '2019-06-07 05:28:54', 1, '2019-06-07 05:28:54', 1, 0)
   INSERT INTO dbo.dnn_Users(Username, FirstName, LastName, Email, DisplayName, UpdatePassword, LastIPAddress, IsDeleted, CreatedByUserID, CreatedOnDate, LastModifiedByUserID, LastModifiedOnDate, PasswordResetToken, PasswordResetExpiration)
   VALUES('janice.olsen@mobile.de', 'Janice', 'Olsen', 'janice.olsen@mobile.de', 'Janice Olsen', 0, '', 0, 1, '2019-06-07 05:28:54', 1, '2019-06-07 05:28:54', NULL, NULL)
   SELECT @UserID = SCOPE_IDENTITY()
   INSERT INTO dbo.aspnet_Users(ApplicationID, UserName, LoweredUserName, IsAnonymous, LastActivityDate)
   VALUES(@ApplicationId, 'janice.olsen@mobile.de', 'janice.olsen@mobile.de', 0, '2019-06-07 05:28:54')
   SELECT @AspNetUserID = UserId FROM aspnet_Users WHERE Username = 'janice.olsen@mobile.de'
   INSERT INTO dbo.aspnet_Membership(ApplicationID, UserID, Password, PasswordFormat, PasswordSalt, Email, LoweredEmail, IsApproved, IsLockedOut, CreateDate, LastLoginDate, LastPasswordChangedDate, LastLockoutDate, FailedPasswordAttemptCount, FailedPasswordAttemptWindowStart, FailedPasswordAnswerAttemptCount, FailedPasswordAnswerAttemptWindowStart)
   VALUES(@ApplicationID, @AspNetUserID, 'aMoPu/jMK8Yc4dxEEtAWm+RvKkFRjT38n/c1ORi3HgGWXJI15kNozQ==', 2, 'ub/Nej8BunZL3H6o+Z7+sg==', 'janice.olsen@mobile.de', 'janice.olsen@mobile.de', 1, 0, '2019-06-07 05:28:54', '2019-06-07 05:28:54', '2019-06-07 05:28:54', '1754-01-01 00:00:00.000', 0, '1754-01-01 00:00:00.000', 0, '1754-01-01 00:00:00.000')
   INSERT INTO dbo.dnn_UserPortals(UserID, PortalID, CreatedDate, Authorised, IsDeleted, RefreshRoles)
   VALUES(@UserID, @PortalID, '2019-06-07 05:28:54', 1, 0, 0)
   INSERT INTO dbo.dnn_UserRoles(UserID, RoleID, IsTrialUsed, CreatedByUserID, CreatedOnDate, LastModifiedByUserID, LastModifiedOnDate, [Status], IsOwner)
   VALUES(@UserId, @FemaleRole, 0, 1, '2019-06-07 05:28:54', 1, '2019-06-07 05:28:54', 1, 0)
   INSERT INTO dbo.dnn_Users(Username, FirstName, LastName, Email, DisplayName, UpdatePassword, LastIPAddress, IsDeleted, CreatedByUserID, CreatedOnDate, LastModifiedByUserID, LastModifiedOnDate, PasswordResetToken, PasswordResetExpiration)
   VALUES('k.cochran@npr.org', 'Kelly', 'Cochran', 'k.cochran@npr.org', 'Kelly Cochran', 0, '', 0, 1, '2019-06-07 05:28:54', 1, '2019-06-07 05:28:54', NULL, NULL)
   SELECT @UserID = SCOPE_IDENTITY()
   INSERT INTO dbo.aspnet_Users(ApplicationID, UserName, LoweredUserName, IsAnonymous, LastActivityDate)
   VALUES(@ApplicationId, 'k.cochran@npr.org', 'k.cochran@npr.org', 0, '2019-06-07 05:28:54')
   SELECT @AspNetUserID = UserId FROM aspnet_Users WHERE Username = 'k.cochran@npr.org'
   INSERT INTO dbo.aspnet_Membership(ApplicationID, UserID, Password, PasswordFormat, PasswordSalt, Email, LoweredEmail, IsApproved, IsLockedOut, CreateDate, LastLoginDate, LastPasswordChangedDate, LastLockoutDate, FailedPasswordAttemptCount, FailedPasswordAttemptWindowStart, FailedPasswordAnswerAttemptCount, FailedPasswordAnswerAttemptWindowStart)
   VALUES(@ApplicationID, @AspNetUserID, 'aMoPu/jMK8Yc4dxEEtAWm+RvKkFRjT38n/c1ORi3HgGWXJI15kNozQ==', 2, 'ub/Nej8BunZL3H6o+Z7+sg==', 'k.cochran@npr.org', 'k.cochran@npr.org', 1, 0, '2019-06-07 05:28:54', '2019-06-07 05:28:54', '2019-06-07 05:28:54', '1754-01-01 00:00:00.000', 0, '1754-01-01 00:00:00.000', 0, '1754-01-01 00:00:00.000')
   INSERT INTO dbo.dnn_UserPortals(UserID, PortalID, CreatedDate, Authorised, IsDeleted, RefreshRoles)
   VALUES(@UserID, @PortalID, '2019-06-07 05:28:54', 1, 0, 0)
   INSERT INTO dbo.dnn_UserRoles(UserID, RoleID, IsTrialUsed, CreatedByUserID, CreatedOnDate, LastModifiedByUserID, LastModifiedOnDate, [Status], IsOwner)
   VALUES(@UserId, @FemaleRole, 0, 1, '2019-06-07 05:28:54', 1, '2019-06-07 05:28:54', 1, 0)
   INSERT INTO dbo.dnn_Users(Username, FirstName, LastName, Email, DisplayName, UpdatePassword, LastIPAddress, IsDeleted, CreatedByUserID, CreatedOnDate, LastModifiedByUserID, LastModifiedOnDate, PasswordResetToken, PasswordResetExpiration)
   VALUES('mortonn@kooora.com', 'Nicole', 'Morton', 'mortonn@kooora.com', 'Nicole Morton', 0, '', 0, 1, '2019-06-07 05:28:54', 1, '2019-06-07 05:28:54', NULL, NULL)
   SELECT @UserID = SCOPE_IDENTITY()
   INSERT INTO dbo.aspnet_Users(ApplicationID, UserName, LoweredUserName, IsAnonymous, LastActivityDate)
   VALUES(@ApplicationId, 'mortonn@kooora.com', 'mortonn@kooora.com', 0, '2019-06-07 05:28:54')
   SELECT @AspNetUserID = UserId FROM aspnet_Users WHERE Username = 'mortonn@kooora.com'
   INSERT INTO dbo.aspnet_Membership(ApplicationID, UserID, Password, PasswordFormat, PasswordSalt, Email, LoweredEmail, IsApproved, IsLockedOut, CreateDate, LastLoginDate, LastPasswordChangedDate, LastLockoutDate, FailedPasswordAttemptCount, FailedPasswordAttemptWindowStart, FailedPasswordAnswerAttemptCount, FailedPasswordAnswerAttemptWindowStart)
   VALUES(@ApplicationID, @AspNetUserID, 'aMoPu/jMK8Yc4dxEEtAWm+RvKkFRjT38n/c1ORi3HgGWXJI15kNozQ==', 2, 'ub/Nej8BunZL3H6o+Z7+sg==', 'mortonn@kooora.com', 'mortonn@kooora.com', 1, 0, '2019-06-07 05:28:54', '2019-06-07 05:28:54', '2019-06-07 05:28:54', '1754-01-01 00:00:00.000', 0, '1754-01-01 00:00:00.000', 0, '1754-01-01 00:00:00.000')
   INSERT INTO dbo.dnn_UserPortals(UserID, PortalID, CreatedDate, Authorised, IsDeleted, RefreshRoles)
   VALUES(@UserID, @PortalID, '2019-06-07 05:28:54', 1, 0, 0)
   INSERT INTO dbo.dnn_UserRoles(UserID, RoleID, IsTrialUsed, CreatedByUserID, CreatedOnDate, LastModifiedByUserID, LastModifiedOnDate, [Status], IsOwner)
   VALUES(@UserId, @FemaleRole, 0, 1, '2019-06-07 05:28:54', 1, '2019-06-07 05:28:54', 1, 0)
   INSERT INTO dbo.dnn_Users(Username, FirstName, LastName, Email, DisplayName, UpdatePassword, LastIPAddress, IsDeleted, CreatedByUserID, CreatedOnDate, LastModifiedByUserID, LastModifiedOnDate, PasswordResetToken, PasswordResetExpiration)
   VALUES('judy.nash@wayfair.com', 'Judy', 'Nash', 'judy.nash@wayfair.com', 'Judy Nash', 0, '', 0, 1, '2019-06-07 05:28:54', 1, '2019-06-07 05:28:54', NULL, NULL)
   SELECT @UserID = SCOPE_IDENTITY()
   INSERT INTO dbo.aspnet_Users(ApplicationID, UserName, LoweredUserName, IsAnonymous, LastActivityDate)
   VALUES(@ApplicationId, 'judy.nash@wayfair.com', 'judy.nash@wayfair.com', 0, '2019-06-07 05:28:54')
   SELECT @AspNetUserID = UserId FROM aspnet_Users WHERE Username = 'judy.nash@wayfair.com'
   INSERT INTO dbo.aspnet_Membership(ApplicationID, UserID, Password, PasswordFormat, PasswordSalt, Email, LoweredEmail, IsApproved, IsLockedOut, CreateDate, LastLoginDate, LastPasswordChangedDate, LastLockoutDate, FailedPasswordAttemptCount, FailedPasswordAttemptWindowStart, FailedPasswordAnswerAttemptCount, FailedPasswordAnswerAttemptWindowStart)
   VALUES(@ApplicationID, @AspNetUserID, 'aMoPu/jMK8Yc4dxEEtAWm+RvKkFRjT38n/c1ORi3HgGWXJI15kNozQ==', 2, 'ub/Nej8BunZL3H6o+Z7+sg==', 'judy.nash@wayfair.com', 'judy.nash@wayfair.com', 1, 0, '2019-06-07 05:28:54', '2019-06-07 05:28:54', '2019-06-07 05:28:54', '1754-01-01 00:00:00.000', 0, '1754-01-01 00:00:00.000', 0, '1754-01-01 00:00:00.000')
   INSERT INTO dbo.dnn_UserPortals(UserID, PortalID, CreatedDate, Authorised, IsDeleted, RefreshRoles)
   VALUES(@UserID, @PortalID, '2019-06-07 05:28:54', 1, 0, 0)
   INSERT INTO dbo.dnn_UserRoles(UserID, RoleID, IsTrialUsed, CreatedByUserID, CreatedOnDate, LastModifiedByUserID, LastModifiedOnDate, [Status], IsOwner)
   VALUES(@UserId, @FemaleRole, 0, 1, '2019-06-07 05:28:54', 1, '2019-06-07 05:28:54', 1, 0)
   INSERT INTO dbo.dnn_Users(Username, FirstName, LastName, Email, DisplayName, UpdatePassword, LastIPAddress, IsDeleted, CreatedByUserID, CreatedOnDate, LastModifiedByUserID, LastModifiedOnDate, PasswordResetToken, PasswordResetExpiration)
   VALUES('c.wilkins@coursera.org', 'Christina', 'Wilkins', 'c.wilkins@coursera.org', 'Christina Wilkins', 0, '', 0, 1, '2019-06-07 05:28:54', 1, '2019-06-07 05:28:54', NULL, NULL)
   SELECT @UserID = SCOPE_IDENTITY()
   INSERT INTO dbo.aspnet_Users(ApplicationID, UserName, LoweredUserName, IsAnonymous, LastActivityDate)
   VALUES(@ApplicationId, 'c.wilkins@coursera.org', 'c.wilkins@coursera.org', 0, '2019-06-07 05:28:54')
   SELECT @AspNetUserID = UserId FROM aspnet_Users WHERE Username = 'c.wilkins@coursera.org'
   INSERT INTO dbo.aspnet_Membership(ApplicationID, UserID, Password, PasswordFormat, PasswordSalt, Email, LoweredEmail, IsApproved, IsLockedOut, CreateDate, LastLoginDate, LastPasswordChangedDate, LastLockoutDate, FailedPasswordAttemptCount, FailedPasswordAttemptWindowStart, FailedPasswordAnswerAttemptCount, FailedPasswordAnswerAttemptWindowStart)
   VALUES(@ApplicationID, @AspNetUserID, 'aMoPu/jMK8Yc4dxEEtAWm+RvKkFRjT38n/c1ORi3HgGWXJI15kNozQ==', 2, 'ub/Nej8BunZL3H6o+Z7+sg==', 'c.wilkins@coursera.org', 'c.wilkins@coursera.org', 1, 0, '2019-06-07 05:28:54', '2019-06-07 05:28:54', '2019-06-07 05:28:54', '1754-01-01 00:00:00.000', 0, '1754-01-01 00:00:00.000', 0, '1754-01-01 00:00:00.000')
   INSERT INTO dbo.dnn_UserPortals(UserID, PortalID, CreatedDate, Authorised, IsDeleted, RefreshRoles)
   VALUES(@UserID, @PortalID, '2019-06-07 05:28:54', 1, 0, 0)
   INSERT INTO dbo.dnn_UserRoles(UserID, RoleID, IsTrialUsed, CreatedByUserID, CreatedOnDate, LastModifiedByUserID, LastModifiedOnDate, [Status], IsOwner)
   VALUES(@UserId, @FemaleRole, 0, 1, '2019-06-07 05:28:54', 1, '2019-06-07 05:28:54', 1, 0)
   INSERT INTO dbo.dnn_Users(Username, FirstName, LastName, Email, DisplayName, UpdatePassword, LastIPAddress, IsDeleted, CreatedByUserID, CreatedOnDate, LastModifiedByUserID, LastModifiedOnDate, PasswordResetToken, PasswordResetExpiration)
   VALUES('petersenk@redirectvoluum.com', 'Kathy', 'Petersen', 'petersenk@redirectvoluum.com', 'Kathy Petersen', 0, '', 0, 1, '2019-06-07 05:28:54', 1, '2019-06-07 05:28:54', NULL, NULL)
   SELECT @UserID = SCOPE_IDENTITY()
   INSERT INTO dbo.aspnet_Users(ApplicationID, UserName, LoweredUserName, IsAnonymous, LastActivityDate)
   VALUES(@ApplicationId, 'petersenk@redirectvoluum.com', 'petersenk@redirectvoluum.com', 0, '2019-06-07 05:28:54')
   SELECT @AspNetUserID = UserId FROM aspnet_Users WHERE Username = 'petersenk@redirectvoluum.com'
   INSERT INTO dbo.aspnet_Membership(ApplicationID, UserID, Password, PasswordFormat, PasswordSalt, Email, LoweredEmail, IsApproved, IsLockedOut, CreateDate, LastLoginDate, LastPasswordChangedDate, LastLockoutDate, FailedPasswordAttemptCount, FailedPasswordAttemptWindowStart, FailedPasswordAnswerAttemptCount, FailedPasswordAnswerAttemptWindowStart)
   VALUES(@ApplicationID, @AspNetUserID, 'aMoPu/jMK8Yc4dxEEtAWm+RvKkFRjT38n/c1ORi3HgGWXJI15kNozQ==', 2, 'ub/Nej8BunZL3H6o+Z7+sg==', 'petersenk@redirectvoluum.com', 'petersenk@redirectvoluum.com', 1, 0, '2019-06-07 05:28:54', '2019-06-07 05:28:54', '2019-06-07 05:28:54', '1754-01-01 00:00:00.000', 0, '1754-01-01 00:00:00.000', 0, '1754-01-01 00:00:00.000')
   INSERT INTO dbo.dnn_UserPortals(UserID, PortalID, CreatedDate, Authorised, IsDeleted, RefreshRoles)
   VALUES(@UserID, @PortalID, '2019-06-07 05:28:54', 1, 0, 0)
   INSERT INTO dbo.dnn_UserRoles(UserID, RoleID, IsTrialUsed, CreatedByUserID, CreatedOnDate, LastModifiedByUserID, LastModifiedOnDate, [Status], IsOwner)
   VALUES(@UserId, @FemaleRole, 0, 1, '2019-06-07 05:28:54', 1, '2019-06-07 05:28:54', 1, 0)
   INSERT INTO dbo.dnn_Users(Username, FirstName, LastName, Email, DisplayName, UpdatePassword, LastIPAddress, IsDeleted, CreatedByUserID, CreatedOnDate, LastModifiedByUserID, LastModifiedOnDate, PasswordResetToken, PasswordResetExpiration)
   VALUES('theresa.briggs@tutorialspoint.com', 'Theresa', 'Briggs', 'theresa.briggs@tutorialspoint.com', 'Theresa Briggs', 0, '', 0, 1, '2019-06-07 05:28:54', 1, '2019-06-07 05:28:54', NULL, NULL)
   SELECT @UserID = SCOPE_IDENTITY()
   INSERT INTO dbo.aspnet_Users(ApplicationID, UserName, LoweredUserName, IsAnonymous, LastActivityDate)
   VALUES(@ApplicationId, 'theresa.briggs@tutorialspoint.com', 'theresa.briggs@tutorialspoint.com', 0, '2019-06-07 05:28:54')
   SELECT @AspNetUserID = UserId FROM aspnet_Users WHERE Username = 'theresa.briggs@tutorialspoint.com'
   INSERT INTO dbo.aspnet_Membership(ApplicationID, UserID, Password, PasswordFormat, PasswordSalt, Email, LoweredEmail, IsApproved, IsLockedOut, CreateDate, LastLoginDate, LastPasswordChangedDate, LastLockoutDate, FailedPasswordAttemptCount, FailedPasswordAttemptWindowStart, FailedPasswordAnswerAttemptCount, FailedPasswordAnswerAttemptWindowStart)
   VALUES(@ApplicationID, @AspNetUserID, 'aMoPu/jMK8Yc4dxEEtAWm+RvKkFRjT38n/c1ORi3HgGWXJI15kNozQ==', 2, 'ub/Nej8BunZL3H6o+Z7+sg==', 'theresa.briggs@tutorialspoint.com', 'theresa.briggs@tutorialspoint.com', 1, 0, '2019-06-07 05:28:54', '2019-06-07 05:28:54', '2019-06-07 05:28:54', '1754-01-01 00:00:00.000', 0, '1754-01-01 00:00:00.000', 0, '1754-01-01 00:00:00.000')
   INSERT INTO dbo.dnn_UserPortals(UserID, PortalID, CreatedDate, Authorised, IsDeleted, RefreshRoles)
   VALUES(@UserID, @PortalID, '2019-06-07 05:28:54', 1, 0, 0)
   INSERT INTO dbo.dnn_UserRoles(UserID, RoleID, IsTrialUsed, CreatedByUserID, CreatedOnDate, LastModifiedByUserID, LastModifiedOnDate, [Status], IsOwner)
   VALUES(@UserId, @FemaleRole, 0, 1, '2019-06-07 05:28:54', 1, '2019-06-07 05:28:54', 1, 0)
   INSERT INTO dbo.dnn_Users(Username, FirstName, LastName, Email, DisplayName, UpdatePassword, LastIPAddress, IsDeleted, CreatedByUserID, CreatedOnDate, LastModifiedByUserID, LastModifiedOnDate, PasswordResetToken, PasswordResetExpiration)
   VALUES('b.shah@panda.tv', 'Beverly', 'Shah', 'b.shah@panda.tv', 'Beverly Shah', 0, '', 0, 1, '2019-06-07 05:28:54', 1, '2019-06-07 05:28:54', NULL, NULL)
   SELECT @UserID = SCOPE_IDENTITY()
   INSERT INTO dbo.aspnet_Users(ApplicationID, UserName, LoweredUserName, IsAnonymous, LastActivityDate)
   VALUES(@ApplicationId, 'b.shah@panda.tv', 'b.shah@panda.tv', 0, '2019-06-07 05:28:54')
   SELECT @AspNetUserID = UserId FROM aspnet_Users WHERE Username = 'b.shah@panda.tv'
   INSERT INTO dbo.aspnet_Membership(ApplicationID, UserID, Password, PasswordFormat, PasswordSalt, Email, LoweredEmail, IsApproved, IsLockedOut, CreateDate, LastLoginDate, LastPasswordChangedDate, LastLockoutDate, FailedPasswordAttemptCount, FailedPasswordAttemptWindowStart, FailedPasswordAnswerAttemptCount, FailedPasswordAnswerAttemptWindowStart)
   VALUES(@ApplicationID, @AspNetUserID, 'aMoPu/jMK8Yc4dxEEtAWm+RvKkFRjT38n/c1ORi3HgGWXJI15kNozQ==', 2, 'ub/Nej8BunZL3H6o+Z7+sg==', 'b.shah@panda.tv', 'b.shah@panda.tv', 1, 0, '2019-06-07 05:28:54', '2019-06-07 05:28:54', '2019-06-07 05:28:54', '1754-01-01 00:00:00.000', 0, '1754-01-01 00:00:00.000', 0, '1754-01-01 00:00:00.000')
   INSERT INTO dbo.dnn_UserPortals(UserID, PortalID, CreatedDate, Authorised, IsDeleted, RefreshRoles)
   VALUES(@UserID, @PortalID, '2019-06-07 05:28:54', 1, 0, 0)
   INSERT INTO dbo.dnn_UserRoles(UserID, RoleID, IsTrialUsed, CreatedByUserID, CreatedOnDate, LastModifiedByUserID, LastModifiedOnDate, [Status], IsOwner)
   VALUES(@UserId, @FemaleRole, 0, 1, '2019-06-07 05:28:54', 1, '2019-06-07 05:28:54', 1, 0)
   INSERT INTO dbo.dnn_UserRoles(UserID, RoleID, IsTrialUsed, CreatedByUserID, CreatedOnDate, LastModifiedByUserID, LastModifiedOnDate, [Status], IsOwner)
   VALUES(@UserId, @ManagerRole, 0, 1, '2019-06-07 05:28:54', 1, '2019-06-07 05:28:54', 1, 0)
   INSERT INTO dbo.dnn_Users(Username, FirstName, LastName, Email, DisplayName, UpdatePassword, LastIPAddress, IsDeleted, CreatedByUserID, CreatedOnDate, LastModifiedByUserID, LastModifiedOnDate, PasswordResetToken, PasswordResetExpiration)
   VALUES('rothd@lenta.ru', 'Denise', 'Roth', 'rothd@lenta.ru', 'Denise Roth', 0, '', 0, 1, '2019-06-07 05:28:54', 1, '2019-06-07 05:28:54', NULL, NULL)
   SELECT @UserID = SCOPE_IDENTITY()
   INSERT INTO dbo.aspnet_Users(ApplicationID, UserName, LoweredUserName, IsAnonymous, LastActivityDate)
   VALUES(@ApplicationId, 'rothd@lenta.ru', 'rothd@lenta.ru', 0, '2019-06-07 05:28:54')
   SELECT @AspNetUserID = UserId FROM aspnet_Users WHERE Username = 'rothd@lenta.ru'
   INSERT INTO dbo.aspnet_Membership(ApplicationID, UserID, Password, PasswordFormat, PasswordSalt, Email, LoweredEmail, IsApproved, IsLockedOut, CreateDate, LastLoginDate, LastPasswordChangedDate, LastLockoutDate, FailedPasswordAttemptCount, FailedPasswordAttemptWindowStart, FailedPasswordAnswerAttemptCount, FailedPasswordAnswerAttemptWindowStart)
   VALUES(@ApplicationID, @AspNetUserID, 'aMoPu/jMK8Yc4dxEEtAWm+RvKkFRjT38n/c1ORi3HgGWXJI15kNozQ==', 2, 'ub/Nej8BunZL3H6o+Z7+sg==', 'rothd@lenta.ru', 'rothd@lenta.ru', 1, 0, '2019-06-07 05:28:54', '2019-06-07 05:28:54', '2019-06-07 05:28:54', '1754-01-01 00:00:00.000', 0, '1754-01-01 00:00:00.000', 0, '1754-01-01 00:00:00.000')
   INSERT INTO dbo.dnn_UserPortals(UserID, PortalID, CreatedDate, Authorised, IsDeleted, RefreshRoles)
   VALUES(@UserID, @PortalID, '2019-06-07 05:28:54', 1, 0, 0)
   INSERT INTO dbo.dnn_UserRoles(UserID, RoleID, IsTrialUsed, CreatedByUserID, CreatedOnDate, LastModifiedByUserID, LastModifiedOnDate, [Status], IsOwner)
   VALUES(@UserId, @FemaleRole, 0, 1, '2019-06-07 05:28:54', 1, '2019-06-07 05:28:54', 1, 0)
   INSERT INTO dbo.dnn_Users(Username, FirstName, LastName, Email, DisplayName, UpdatePassword, LastIPAddress, IsDeleted, CreatedByUserID, CreatedOnDate, LastModifiedByUserID, LastModifiedOnDate, PasswordResetToken, PasswordResetExpiration)
   VALUES('tammy.nicholson@weblio.jp', 'Tammy', 'Nicholson', 'tammy.nicholson@weblio.jp', 'Tammy Nicholson', 0, '', 0, 1, '2019-06-07 05:28:54', 1, '2019-06-07 05:28:54', NULL, NULL)
   SELECT @UserID = SCOPE_IDENTITY()
   INSERT INTO dbo.aspnet_Users(ApplicationID, UserName, LoweredUserName, IsAnonymous, LastActivityDate)
   VALUES(@ApplicationId, 'tammy.nicholson@weblio.jp', 'tammy.nicholson@weblio.jp', 0, '2019-06-07 05:28:54')
   SELECT @AspNetUserID = UserId FROM aspnet_Users WHERE Username = 'tammy.nicholson@weblio.jp'
   INSERT INTO dbo.aspnet_Membership(ApplicationID, UserID, Password, PasswordFormat, PasswordSalt, Email, LoweredEmail, IsApproved, IsLockedOut, CreateDate, LastLoginDate, LastPasswordChangedDate, LastLockoutDate, FailedPasswordAttemptCount, FailedPasswordAttemptWindowStart, FailedPasswordAnswerAttemptCount, FailedPasswordAnswerAttemptWindowStart)
   VALUES(@ApplicationID, @AspNetUserID, 'aMoPu/jMK8Yc4dxEEtAWm+RvKkFRjT38n/c1ORi3HgGWXJI15kNozQ==', 2, 'ub/Nej8BunZL3H6o+Z7+sg==', 'tammy.nicholson@weblio.jp', 'tammy.nicholson@weblio.jp', 1, 0, '2019-06-07 05:28:54', '2019-06-07 05:28:54', '2019-06-07 05:28:54', '1754-01-01 00:00:00.000', 0, '1754-01-01 00:00:00.000', 0, '1754-01-01 00:00:00.000')
   INSERT INTO dbo.dnn_UserPortals(UserID, PortalID, CreatedDate, Authorised, IsDeleted, RefreshRoles)
   VALUES(@UserID, @PortalID, '2019-06-07 05:28:54', 1, 0, 0)
   INSERT INTO dbo.dnn_UserRoles(UserID, RoleID, IsTrialUsed, CreatedByUserID, CreatedOnDate, LastModifiedByUserID, LastModifiedOnDate, [Status], IsOwner)
   VALUES(@UserId, @FemaleRole, 0, 1, '2019-06-07 05:28:54', 1, '2019-06-07 05:28:54', 1, 0)
   INSERT INTO dbo.dnn_Users(Username, FirstName, LastName, Email, DisplayName, UpdatePassword, LastIPAddress, IsDeleted, CreatedByUserID, CreatedOnDate, LastModifiedByUserID, LastModifiedOnDate, PasswordResetToken, PasswordResetExpiration)
   VALUES('i.holloway@xda-developers.com', 'Irene', 'Holloway', 'i.holloway@xda-developers.com', 'Irene Holloway', 0, '', 0, 1, '2019-06-07 05:28:54', 1, '2019-06-07 05:28:54', NULL, NULL)
   SELECT @UserID = SCOPE_IDENTITY()
   INSERT INTO dbo.aspnet_Users(ApplicationID, UserName, LoweredUserName, IsAnonymous, LastActivityDate)
   VALUES(@ApplicationId, 'i.holloway@xda-developers.com', 'i.holloway@xda-developers.com', 0, '2019-06-07 05:28:54')
   SELECT @AspNetUserID = UserId FROM aspnet_Users WHERE Username = 'i.holloway@xda-developers.com'
   INSERT INTO dbo.aspnet_Membership(ApplicationID, UserID, Password, PasswordFormat, PasswordSalt, Email, LoweredEmail, IsApproved, IsLockedOut, CreateDate, LastLoginDate, LastPasswordChangedDate, LastLockoutDate, FailedPasswordAttemptCount, FailedPasswordAttemptWindowStart, FailedPasswordAnswerAttemptCount, FailedPasswordAnswerAttemptWindowStart)
   VALUES(@ApplicationID, @AspNetUserID, 'aMoPu/jMK8Yc4dxEEtAWm+RvKkFRjT38n/c1ORi3HgGWXJI15kNozQ==', 2, 'ub/Nej8BunZL3H6o+Z7+sg==', 'i.holloway@xda-developers.com', 'i.holloway@xda-developers.com', 1, 0, '2019-06-07 05:28:54', '2019-06-07 05:28:54', '2019-06-07 05:28:54', '1754-01-01 00:00:00.000', 0, '1754-01-01 00:00:00.000', 0, '1754-01-01 00:00:00.000')
   INSERT INTO dbo.dnn_UserPortals(UserID, PortalID, CreatedDate, Authorised, IsDeleted, RefreshRoles)
   VALUES(@UserID, @PortalID, '2019-06-07 05:28:54', 1, 0, 0)
   INSERT INTO dbo.dnn_UserRoles(UserID, RoleID, IsTrialUsed, CreatedByUserID, CreatedOnDate, LastModifiedByUserID, LastModifiedOnDate, [Status], IsOwner)
   VALUES(@UserId, @FemaleRole, 0, 1, '2019-06-07 05:28:54', 1, '2019-06-07 05:28:54', 1, 0)
   INSERT INTO dbo.dnn_Users(Username, FirstName, LastName, Email, DisplayName, UpdatePassword, LastIPAddress, IsDeleted, CreatedByUserID, CreatedOnDate, LastModifiedByUserID, LastModifiedOnDate, PasswordResetToken, PasswordResetExpiration)
   VALUES('lozanoj@asahi.com', 'Jane', 'Lozano', 'lozanoj@asahi.com', 'Jane Lozano', 0, '', 0, 1, '2019-06-07 05:28:54', 1, '2019-06-07 05:28:54', NULL, NULL)
   SELECT @UserID = SCOPE_IDENTITY()
   INSERT INTO dbo.aspnet_Users(ApplicationID, UserName, LoweredUserName, IsAnonymous, LastActivityDate)
   VALUES(@ApplicationId, 'lozanoj@asahi.com', 'lozanoj@asahi.com', 0, '2019-06-07 05:28:54')
   SELECT @AspNetUserID = UserId FROM aspnet_Users WHERE Username = 'lozanoj@asahi.com'
   INSERT INTO dbo.aspnet_Membership(ApplicationID, UserID, Password, PasswordFormat, PasswordSalt, Email, LoweredEmail, IsApproved, IsLockedOut, CreateDate, LastLoginDate, LastPasswordChangedDate, LastLockoutDate, FailedPasswordAttemptCount, FailedPasswordAttemptWindowStart, FailedPasswordAnswerAttemptCount, FailedPasswordAnswerAttemptWindowStart)
   VALUES(@ApplicationID, @AspNetUserID, 'aMoPu/jMK8Yc4dxEEtAWm+RvKkFRjT38n/c1ORi3HgGWXJI15kNozQ==', 2, 'ub/Nej8BunZL3H6o+Z7+sg==', 'lozanoj@asahi.com', 'lozanoj@asahi.com', 1, 0, '2019-06-07 05:28:54', '2019-06-07 05:28:54', '2019-06-07 05:28:54', '1754-01-01 00:00:00.000', 0, '1754-01-01 00:00:00.000', 0, '1754-01-01 00:00:00.000')
   INSERT INTO dbo.dnn_UserPortals(UserID, PortalID, CreatedDate, Authorised, IsDeleted, RefreshRoles)
   VALUES(@UserID, @PortalID, '2019-06-07 05:28:54', 1, 0, 0)
   INSERT INTO dbo.dnn_UserRoles(UserID, RoleID, IsTrialUsed, CreatedByUserID, CreatedOnDate, LastModifiedByUserID, LastModifiedOnDate, [Status], IsOwner)
   VALUES(@UserId, @FemaleRole, 0, 1, '2019-06-07 05:28:54', 1, '2019-06-07 05:28:54', 1, 0)
   INSERT INTO dbo.dnn_Users(Username, FirstName, LastName, Email, DisplayName, UpdatePassword, LastIPAddress, IsDeleted, CreatedByUserID, CreatedOnDate, LastModifiedByUserID, LastModifiedOnDate, PasswordResetToken, PasswordResetExpiration)
   VALUES('lori.flowers@google.com.kw', 'Lori', 'Flowers', 'lori.flowers@google.com.kw', 'Lori Flowers', 0, '', 0, 1, '2019-06-07 05:28:54', 1, '2019-06-07 05:28:54', NULL, NULL)
   SELECT @UserID = SCOPE_IDENTITY()
   INSERT INTO dbo.aspnet_Users(ApplicationID, UserName, LoweredUserName, IsAnonymous, LastActivityDate)
   VALUES(@ApplicationId, 'lori.flowers@google.com.kw', 'lori.flowers@google.com.kw', 0, '2019-06-07 05:28:54')
   SELECT @AspNetUserID = UserId FROM aspnet_Users WHERE Username = 'lori.flowers@google.com.kw'
   INSERT INTO dbo.aspnet_Membership(ApplicationID, UserID, Password, PasswordFormat, PasswordSalt, Email, LoweredEmail, IsApproved, IsLockedOut, CreateDate, LastLoginDate, LastPasswordChangedDate, LastLockoutDate, FailedPasswordAttemptCount, FailedPasswordAttemptWindowStart, FailedPasswordAnswerAttemptCount, FailedPasswordAnswerAttemptWindowStart)
   VALUES(@ApplicationID, @AspNetUserID, 'aMoPu/jMK8Yc4dxEEtAWm+RvKkFRjT38n/c1ORi3HgGWXJI15kNozQ==', 2, 'ub/Nej8BunZL3H6o+Z7+sg==', 'lori.flowers@google.com.kw', 'lori.flowers@google.com.kw', 1, 0, '2019-06-07 05:28:54', '2019-06-07 05:28:54', '2019-06-07 05:28:54', '1754-01-01 00:00:00.000', 0, '1754-01-01 00:00:00.000', 0, '1754-01-01 00:00:00.000')
   INSERT INTO dbo.dnn_UserPortals(UserID, PortalID, CreatedDate, Authorised, IsDeleted, RefreshRoles)
   VALUES(@UserID, @PortalID, '2019-06-07 05:28:54', 1, 0, 0)
   INSERT INTO dbo.dnn_UserRoles(UserID, RoleID, IsTrialUsed, CreatedByUserID, CreatedOnDate, LastModifiedByUserID, LastModifiedOnDate, [Status], IsOwner)
   VALUES(@UserId, @FemaleRole, 0, 1, '2019-06-07 05:28:54', 1, '2019-06-07 05:28:54', 1, 0)
   INSERT INTO dbo.dnn_Users(Username, FirstName, LastName, Email, DisplayName, UpdatePassword, LastIPAddress, IsDeleted, CreatedByUserID, CreatedOnDate, LastModifiedByUserID, LastModifiedOnDate, PasswordResetToken, PasswordResetExpiration)
   VALUES('r.rangel@thefreedictionary.com', 'Rachel', 'Rangel', 'r.rangel@thefreedictionary.com', 'Rachel Rangel', 0, '', 0, 1, '2019-06-07 05:28:54', 1, '2019-06-07 05:28:54', NULL, NULL)
   SELECT @UserID = SCOPE_IDENTITY()
   INSERT INTO dbo.aspnet_Users(ApplicationID, UserName, LoweredUserName, IsAnonymous, LastActivityDate)
   VALUES(@ApplicationId, 'r.rangel@thefreedictionary.com', 'r.rangel@thefreedictionary.com', 0, '2019-06-07 05:28:54')
   SELECT @AspNetUserID = UserId FROM aspnet_Users WHERE Username = 'r.rangel@thefreedictionary.com'
   INSERT INTO dbo.aspnet_Membership(ApplicationID, UserID, Password, PasswordFormat, PasswordSalt, Email, LoweredEmail, IsApproved, IsLockedOut, CreateDate, LastLoginDate, LastPasswordChangedDate, LastLockoutDate, FailedPasswordAttemptCount, FailedPasswordAttemptWindowStart, FailedPasswordAnswerAttemptCount, FailedPasswordAnswerAttemptWindowStart)
   VALUES(@ApplicationID, @AspNetUserID, 'aMoPu/jMK8Yc4dxEEtAWm+RvKkFRjT38n/c1ORi3HgGWXJI15kNozQ==', 2, 'ub/Nej8BunZL3H6o+Z7+sg==', 'r.rangel@thefreedictionary.com', 'r.rangel@thefreedictionary.com', 1, 0, '2019-06-07 05:28:54', '2019-06-07 05:28:54', '2019-06-07 05:28:54', '1754-01-01 00:00:00.000', 0, '1754-01-01 00:00:00.000', 0, '1754-01-01 00:00:00.000')
   INSERT INTO dbo.dnn_UserPortals(UserID, PortalID, CreatedDate, Authorised, IsDeleted, RefreshRoles)
   VALUES(@UserID, @PortalID, '2019-06-07 05:28:54', 1, 0, 0)
   INSERT INTO dbo.dnn_UserRoles(UserID, RoleID, IsTrialUsed, CreatedByUserID, CreatedOnDate, LastModifiedByUserID, LastModifiedOnDate, [Status], IsOwner)
   VALUES(@UserId, @FemaleRole, 0, 1, '2019-06-07 05:28:54', 1, '2019-06-07 05:28:54', 1, 0)
   INSERT INTO dbo.dnn_Users(Username, FirstName, LastName, Email, DisplayName, UpdatePassword, LastIPAddress, IsDeleted, CreatedByUserID, CreatedOnDate, LastModifiedByUserID, LastModifiedOnDate, PasswordResetToken, PasswordResetExpiration)
   VALUES('hooverm@adp.com', 'Marilyn', 'Hoover', 'hooverm@adp.com', 'Marilyn Hoover', 0, '', 0, 1, '2019-06-07 05:28:54', 1, '2019-06-07 05:28:54', NULL, NULL)
   SELECT @UserID = SCOPE_IDENTITY()
   INSERT INTO dbo.aspnet_Users(ApplicationID, UserName, LoweredUserName, IsAnonymous, LastActivityDate)
   VALUES(@ApplicationId, 'hooverm@adp.com', 'hooverm@adp.com', 0, '2019-06-07 05:28:54')
   SELECT @AspNetUserID = UserId FROM aspnet_Users WHERE Username = 'hooverm@adp.com'
   INSERT INTO dbo.aspnet_Membership(ApplicationID, UserID, Password, PasswordFormat, PasswordSalt, Email, LoweredEmail, IsApproved, IsLockedOut, CreateDate, LastLoginDate, LastPasswordChangedDate, LastLockoutDate, FailedPasswordAttemptCount, FailedPasswordAttemptWindowStart, FailedPasswordAnswerAttemptCount, FailedPasswordAnswerAttemptWindowStart)
   VALUES(@ApplicationID, @AspNetUserID, 'aMoPu/jMK8Yc4dxEEtAWm+RvKkFRjT38n/c1ORi3HgGWXJI15kNozQ==', 2, 'ub/Nej8BunZL3H6o+Z7+sg==', 'hooverm@adp.com', 'hooverm@adp.com', 1, 0, '2019-06-07 05:28:54', '2019-06-07 05:28:54', '2019-06-07 05:28:54', '1754-01-01 00:00:00.000', 0, '1754-01-01 00:00:00.000', 0, '1754-01-01 00:00:00.000')
   INSERT INTO dbo.dnn_UserPortals(UserID, PortalID, CreatedDate, Authorised, IsDeleted, RefreshRoles)
   VALUES(@UserID, @PortalID, '2019-06-07 05:28:54', 1, 0, 0)
   INSERT INTO dbo.dnn_UserRoles(UserID, RoleID, IsTrialUsed, CreatedByUserID, CreatedOnDate, LastModifiedByUserID, LastModifiedOnDate, [Status], IsOwner)
   VALUES(@UserId, @FemaleRole, 0, 1, '2019-06-07 05:28:54', 1, '2019-06-07 05:28:54', 1, 0)
   INSERT INTO dbo.dnn_Users(Username, FirstName, LastName, Email, DisplayName, UpdatePassword, LastIPAddress, IsDeleted, CreatedByUserID, CreatedOnDate, LastModifiedByUserID, LastModifiedOnDate, PasswordResetToken, PasswordResetExpiration)
   VALUES('andrea.arias@kayak.com', 'Andrea', 'Arias', 'andrea.arias@kayak.com', 'Andrea Arias', 0, '', 0, 1, '2019-06-07 05:28:54', 1, '2019-06-07 05:28:54', NULL, NULL)
   SELECT @UserID = SCOPE_IDENTITY()
   INSERT INTO dbo.aspnet_Users(ApplicationID, UserName, LoweredUserName, IsAnonymous, LastActivityDate)
   VALUES(@ApplicationId, 'andrea.arias@kayak.com', 'andrea.arias@kayak.com', 0, '2019-06-07 05:28:54')
   SELECT @AspNetUserID = UserId FROM aspnet_Users WHERE Username = 'andrea.arias@kayak.com'
   INSERT INTO dbo.aspnet_Membership(ApplicationID, UserID, Password, PasswordFormat, PasswordSalt, Email, LoweredEmail, IsApproved, IsLockedOut, CreateDate, LastLoginDate, LastPasswordChangedDate, LastLockoutDate, FailedPasswordAttemptCount, FailedPasswordAttemptWindowStart, FailedPasswordAnswerAttemptCount, FailedPasswordAnswerAttemptWindowStart)
   VALUES(@ApplicationID, @AspNetUserID, 'aMoPu/jMK8Yc4dxEEtAWm+RvKkFRjT38n/c1ORi3HgGWXJI15kNozQ==', 2, 'ub/Nej8BunZL3H6o+Z7+sg==', 'andrea.arias@kayak.com', 'andrea.arias@kayak.com', 1, 0, '2019-06-07 05:28:54', '2019-06-07 05:28:54', '2019-06-07 05:28:54', '1754-01-01 00:00:00.000', 0, '1754-01-01 00:00:00.000', 0, '1754-01-01 00:00:00.000')
   INSERT INTO dbo.dnn_UserPortals(UserID, PortalID, CreatedDate, Authorised, IsDeleted, RefreshRoles)
   VALUES(@UserID, @PortalID, '2019-06-07 05:28:54', 1, 0, 0)
   INSERT INTO dbo.dnn_UserRoles(UserID, RoleID, IsTrialUsed, CreatedByUserID, CreatedOnDate, LastModifiedByUserID, LastModifiedOnDate, [Status], IsOwner)
   VALUES(@UserId, @FemaleRole, 0, 1, '2019-06-07 05:28:54', 1, '2019-06-07 05:28:54', 1, 0)
   INSERT INTO dbo.dnn_Users(Username, FirstName, LastName, Email, DisplayName, UpdatePassword, LastIPAddress, IsDeleted, CreatedByUserID, CreatedOnDate, LastModifiedByUserID, LastModifiedOnDate, PasswordResetToken, PasswordResetExpiration)
   VALUES('k.short@yandex.ua', 'Kathryn', 'Short', 'k.short@yandex.ua', 'Kathryn Short', 0, '', 0, 1, '2019-06-07 05:28:54', 1, '2019-06-07 05:28:54', NULL, NULL)
   SELECT @UserID = SCOPE_IDENTITY()
   INSERT INTO dbo.aspnet_Users(ApplicationID, UserName, LoweredUserName, IsAnonymous, LastActivityDate)
   VALUES(@ApplicationId, 'k.short@yandex.ua', 'k.short@yandex.ua', 0, '2019-06-07 05:28:54')
   SELECT @AspNetUserID = UserId FROM aspnet_Users WHERE Username = 'k.short@yandex.ua'
   INSERT INTO dbo.aspnet_Membership(ApplicationID, UserID, Password, PasswordFormat, PasswordSalt, Email, LoweredEmail, IsApproved, IsLockedOut, CreateDate, LastLoginDate, LastPasswordChangedDate, LastLockoutDate, FailedPasswordAttemptCount, FailedPasswordAttemptWindowStart, FailedPasswordAnswerAttemptCount, FailedPasswordAnswerAttemptWindowStart)
   VALUES(@ApplicationID, @AspNetUserID, 'aMoPu/jMK8Yc4dxEEtAWm+RvKkFRjT38n/c1ORi3HgGWXJI15kNozQ==', 2, 'ub/Nej8BunZL3H6o+Z7+sg==', 'k.short@yandex.ua', 'k.short@yandex.ua', 1, 0, '2019-06-07 05:28:54', '2019-06-07 05:28:54', '2019-06-07 05:28:54', '1754-01-01 00:00:00.000', 0, '1754-01-01 00:00:00.000', 0, '1754-01-01 00:00:00.000')
   INSERT INTO dbo.dnn_UserPortals(UserID, PortalID, CreatedDate, Authorised, IsDeleted, RefreshRoles)
   VALUES(@UserID, @PortalID, '2019-06-07 05:28:54', 1, 0, 0)
   INSERT INTO dbo.dnn_UserRoles(UserID, RoleID, IsTrialUsed, CreatedByUserID, CreatedOnDate, LastModifiedByUserID, LastModifiedOnDate, [Status], IsOwner)
   VALUES(@UserId, @FemaleRole, 0, 1, '2019-06-07 05:28:54', 1, '2019-06-07 05:28:54', 1, 0)
   INSERT INTO dbo.dnn_Users(Username, FirstName, LastName, Email, DisplayName, UpdatePassword, LastIPAddress, IsDeleted, CreatedByUserID, CreatedOnDate, LastModifiedByUserID, LastModifiedOnDate, PasswordResetToken, PasswordResetExpiration)
   VALUES('moral@kijiji.ca', 'Louise', 'Mora', 'moral@kijiji.ca', 'Louise Mora', 0, '', 0, 1, '2019-06-07 05:28:54', 1, '2019-06-07 05:28:54', NULL, NULL)
   SELECT @UserID = SCOPE_IDENTITY()
   INSERT INTO dbo.aspnet_Users(ApplicationID, UserName, LoweredUserName, IsAnonymous, LastActivityDate)
   VALUES(@ApplicationId, 'moral@kijiji.ca', 'moral@kijiji.ca', 0, '2019-06-07 05:28:54')
   SELECT @AspNetUserID = UserId FROM aspnet_Users WHERE Username = 'moral@kijiji.ca'
   INSERT INTO dbo.aspnet_Membership(ApplicationID, UserID, Password, PasswordFormat, PasswordSalt, Email, LoweredEmail, IsApproved, IsLockedOut, CreateDate, LastLoginDate, LastPasswordChangedDate, LastLockoutDate, FailedPasswordAttemptCount, FailedPasswordAttemptWindowStart, FailedPasswordAnswerAttemptCount, FailedPasswordAnswerAttemptWindowStart)
   VALUES(@ApplicationID, @AspNetUserID, 'aMoPu/jMK8Yc4dxEEtAWm+RvKkFRjT38n/c1ORi3HgGWXJI15kNozQ==', 2, 'ub/Nej8BunZL3H6o+Z7+sg==', 'moral@kijiji.ca', 'moral@kijiji.ca', 1, 0, '2019-06-07 05:28:54', '2019-06-07 05:28:54', '2019-06-07 05:28:54', '1754-01-01 00:00:00.000', 0, '1754-01-01 00:00:00.000', 0, '1754-01-01 00:00:00.000')
   INSERT INTO dbo.dnn_UserPortals(UserID, PortalID, CreatedDate, Authorised, IsDeleted, RefreshRoles)
   VALUES(@UserID, @PortalID, '2019-06-07 05:28:54', 1, 0, 0)
   INSERT INTO dbo.dnn_UserRoles(UserID, RoleID, IsTrialUsed, CreatedByUserID, CreatedOnDate, LastModifiedByUserID, LastModifiedOnDate, [Status], IsOwner)
   VALUES(@UserId, @FemaleRole, 0, 1, '2019-06-07 05:28:54', 1, '2019-06-07 05:28:54', 1, 0)
   INSERT INTO dbo.dnn_Users(Username, FirstName, LastName, Email, DisplayName, UpdatePassword, LastIPAddress, IsDeleted, CreatedByUserID, CreatedOnDate, LastModifiedByUserID, LastModifiedOnDate, PasswordResetToken, PasswordResetExpiration)
   VALUES('sara.valenzuela@youdao.com', 'Sara', 'Valenzuela', 'sara.valenzuela@youdao.com', 'Sara Valenzuela', 0, '', 0, 1, '2019-06-07 05:28:54', 1, '2019-06-07 05:28:54', NULL, NULL)
   SELECT @UserID = SCOPE_IDENTITY()
   INSERT INTO dbo.aspnet_Users(ApplicationID, UserName, LoweredUserName, IsAnonymous, LastActivityDate)
   VALUES(@ApplicationId, 'sara.valenzuela@youdao.com', 'sara.valenzuela@youdao.com', 0, '2019-06-07 05:28:54')
   SELECT @AspNetUserID = UserId FROM aspnet_Users WHERE Username = 'sara.valenzuela@youdao.com'
   INSERT INTO dbo.aspnet_Membership(ApplicationID, UserID, Password, PasswordFormat, PasswordSalt, Email, LoweredEmail, IsApproved, IsLockedOut, CreateDate, LastLoginDate, LastPasswordChangedDate, LastLockoutDate, FailedPasswordAttemptCount, FailedPasswordAttemptWindowStart, FailedPasswordAnswerAttemptCount, FailedPasswordAnswerAttemptWindowStart)
   VALUES(@ApplicationID, @AspNetUserID, 'aMoPu/jMK8Yc4dxEEtAWm+RvKkFRjT38n/c1ORi3HgGWXJI15kNozQ==', 2, 'ub/Nej8BunZL3H6o+Z7+sg==', 'sara.valenzuela@youdao.com', 'sara.valenzuela@youdao.com', 1, 0, '2019-06-07 05:28:54', '2019-06-07 05:28:54', '2019-06-07 05:28:54', '1754-01-01 00:00:00.000', 0, '1754-01-01 00:00:00.000', 0, '1754-01-01 00:00:00.000')
   INSERT INTO dbo.dnn_UserPortals(UserID, PortalID, CreatedDate, Authorised, IsDeleted, RefreshRoles)
   VALUES(@UserID, @PortalID, '2019-06-07 05:28:54', 1, 0, 0)
   INSERT INTO dbo.dnn_UserRoles(UserID, RoleID, IsTrialUsed, CreatedByUserID, CreatedOnDate, LastModifiedByUserID, LastModifiedOnDate, [Status], IsOwner)
   VALUES(@UserId, @FemaleRole, 0, 1, '2019-06-07 05:28:54', 1, '2019-06-07 05:28:54', 1, 0)
   INSERT INTO dbo.dnn_Users(Username, FirstName, LastName, Email, DisplayName, UpdatePassword, LastIPAddress, IsDeleted, CreatedByUserID, CreatedOnDate, LastModifiedByUserID, LastModifiedOnDate, PasswordResetToken, PasswordResetExpiration)
   VALUES('a.bryan@korabia.com', 'Anne', 'Bryan', 'a.bryan@korabia.com', 'Anne Bryan', 0, '', 0, 1, '2019-06-07 05:28:54', 1, '2019-06-07 05:28:54', NULL, NULL)
   SELECT @UserID = SCOPE_IDENTITY()
   INSERT INTO dbo.aspnet_Users(ApplicationID, UserName, LoweredUserName, IsAnonymous, LastActivityDate)
   VALUES(@ApplicationId, 'a.bryan@korabia.com', 'a.bryan@korabia.com', 0, '2019-06-07 05:28:54')
   SELECT @AspNetUserID = UserId FROM aspnet_Users WHERE Username = 'a.bryan@korabia.com'
   INSERT INTO dbo.aspnet_Membership(ApplicationID, UserID, Password, PasswordFormat, PasswordSalt, Email, LoweredEmail, IsApproved, IsLockedOut, CreateDate, LastLoginDate, LastPasswordChangedDate, LastLockoutDate, FailedPasswordAttemptCount, FailedPasswordAttemptWindowStart, FailedPasswordAnswerAttemptCount, FailedPasswordAnswerAttemptWindowStart)
   VALUES(@ApplicationID, @AspNetUserID, 'aMoPu/jMK8Yc4dxEEtAWm+RvKkFRjT38n/c1ORi3HgGWXJI15kNozQ==', 2, 'ub/Nej8BunZL3H6o+Z7+sg==', 'a.bryan@korabia.com', 'a.bryan@korabia.com', 1, 0, '2019-06-07 05:28:54', '2019-06-07 05:28:54', '2019-06-07 05:28:54', '1754-01-01 00:00:00.000', 0, '1754-01-01 00:00:00.000', 0, '1754-01-01 00:00:00.000')
   INSERT INTO dbo.dnn_UserPortals(UserID, PortalID, CreatedDate, Authorised, IsDeleted, RefreshRoles)
   VALUES(@UserID, @PortalID, '2019-06-07 05:28:54', 1, 0, 0)
   INSERT INTO dbo.dnn_UserRoles(UserID, RoleID, IsTrialUsed, CreatedByUserID, CreatedOnDate, LastModifiedByUserID, LastModifiedOnDate, [Status], IsOwner)
   VALUES(@UserId, @FemaleRole, 0, 1, '2019-06-07 05:28:54', 1, '2019-06-07 05:28:54', 1, 0)
   INSERT INTO dbo.dnn_Users(Username, FirstName, LastName, Email, DisplayName, UpdatePassword, LastIPAddress, IsDeleted, CreatedByUserID, CreatedOnDate, LastModifiedByUserID, LastModifiedOnDate, PasswordResetToken, PasswordResetExpiration)
   VALUES('meyersj@chaoshi.tmall.com', 'Jacqueline', 'Meyers', 'meyersj@chaoshi.tmall.com', 'Jacqueline Meyers', 0, '', 0, 1, '2019-06-07 05:28:54', 1, '2019-06-07 05:28:54', NULL, NULL)
   SELECT @UserID = SCOPE_IDENTITY()
   INSERT INTO dbo.aspnet_Users(ApplicationID, UserName, LoweredUserName, IsAnonymous, LastActivityDate)
   VALUES(@ApplicationId, 'meyersj@chaoshi.tmall.com', 'meyersj@chaoshi.tmall.com', 0, '2019-06-07 05:28:54')
   SELECT @AspNetUserID = UserId FROM aspnet_Users WHERE Username = 'meyersj@chaoshi.tmall.com'
   INSERT INTO dbo.aspnet_Membership(ApplicationID, UserID, Password, PasswordFormat, PasswordSalt, Email, LoweredEmail, IsApproved, IsLockedOut, CreateDate, LastLoginDate, LastPasswordChangedDate, LastLockoutDate, FailedPasswordAttemptCount, FailedPasswordAttemptWindowStart, FailedPasswordAnswerAttemptCount, FailedPasswordAnswerAttemptWindowStart)
   VALUES(@ApplicationID, @AspNetUserID, 'aMoPu/jMK8Yc4dxEEtAWm+RvKkFRjT38n/c1ORi3HgGWXJI15kNozQ==', 2, 'ub/Nej8BunZL3H6o+Z7+sg==', 'meyersj@chaoshi.tmall.com', 'meyersj@chaoshi.tmall.com', 1, 0, '2019-06-07 05:28:54', '2019-06-07 05:28:54', '2019-06-07 05:28:54', '1754-01-01 00:00:00.000', 0, '1754-01-01 00:00:00.000', 0, '1754-01-01 00:00:00.000')
   INSERT INTO dbo.dnn_UserPortals(UserID, PortalID, CreatedDate, Authorised, IsDeleted, RefreshRoles)
   VALUES(@UserID, @PortalID, '2019-06-07 05:28:54', 1, 0, 0)
   INSERT INTO dbo.dnn_UserRoles(UserID, RoleID, IsTrialUsed, CreatedByUserID, CreatedOnDate, LastModifiedByUserID, LastModifiedOnDate, [Status], IsOwner)
   VALUES(@UserId, @FemaleRole, 0, 1, '2019-06-07 05:28:54', 1, '2019-06-07 05:28:54', 1, 0)
   INSERT INTO dbo.dnn_UserRoles(UserID, RoleID, IsTrialUsed, CreatedByUserID, CreatedOnDate, LastModifiedByUserID, LastModifiedOnDate, [Status], IsOwner)
   VALUES(@UserId, @AcademicRole, 0, 1, '2019-06-07 05:28:54', 1, '2019-06-07 05:28:54', 1, 0)
   INSERT INTO dbo.dnn_Users(Username, FirstName, LastName, Email, DisplayName, UpdatePassword, LastIPAddress, IsDeleted, CreatedByUserID, CreatedOnDate, LastModifiedByUserID, LastModifiedOnDate, PasswordResetToken, PasswordResetExpiration)
   VALUES('wanda.weiss@netteller.com', 'Wanda', 'Weiss', 'wanda.weiss@netteller.com', 'Wanda Weiss', 0, '', 0, 1, '2019-06-07 05:28:54', 1, '2019-06-07 05:28:54', NULL, NULL)
   SELECT @UserID = SCOPE_IDENTITY()
   INSERT INTO dbo.aspnet_Users(ApplicationID, UserName, LoweredUserName, IsAnonymous, LastActivityDate)
   VALUES(@ApplicationId, 'wanda.weiss@netteller.com', 'wanda.weiss@netteller.com', 0, '2019-06-07 05:28:54')
   SELECT @AspNetUserID = UserId FROM aspnet_Users WHERE Username = 'wanda.weiss@netteller.com'
   INSERT INTO dbo.aspnet_Membership(ApplicationID, UserID, Password, PasswordFormat, PasswordSalt, Email, LoweredEmail, IsApproved, IsLockedOut, CreateDate, LastLoginDate, LastPasswordChangedDate, LastLockoutDate, FailedPasswordAttemptCount, FailedPasswordAttemptWindowStart, FailedPasswordAnswerAttemptCount, FailedPasswordAnswerAttemptWindowStart)
   VALUES(@ApplicationID, @AspNetUserID, 'aMoPu/jMK8Yc4dxEEtAWm+RvKkFRjT38n/c1ORi3HgGWXJI15kNozQ==', 2, 'ub/Nej8BunZL3H6o+Z7+sg==', 'wanda.weiss@netteller.com', 'wanda.weiss@netteller.com', 1, 0, '2019-06-07 05:28:54', '2019-06-07 05:28:54', '2019-06-07 05:28:54', '1754-01-01 00:00:00.000', 0, '1754-01-01 00:00:00.000', 0, '1754-01-01 00:00:00.000')
   INSERT INTO dbo.dnn_UserPortals(UserID, PortalID, CreatedDate, Authorised, IsDeleted, RefreshRoles)
   VALUES(@UserID, @PortalID, '2019-06-07 05:28:54', 1, 0, 0)
   INSERT INTO dbo.dnn_UserRoles(UserID, RoleID, IsTrialUsed, CreatedByUserID, CreatedOnDate, LastModifiedByUserID, LastModifiedOnDate, [Status], IsOwner)
   VALUES(@UserId, @FemaleRole, 0, 1, '2019-06-07 05:28:54', 1, '2019-06-07 05:28:54', 1, 0)
   INSERT INTO dbo.dnn_Users(Username, FirstName, LastName, Email, DisplayName, UpdatePassword, LastIPAddress, IsDeleted, CreatedByUserID, CreatedOnDate, LastModifiedByUserID, LastModifiedOnDate, PasswordResetToken, PasswordResetExpiration)
   VALUES('b.underwood@drudgereport.com', 'Bonnie', 'Underwood', 'b.underwood@drudgereport.com', 'Bonnie Underwood', 0, '', 0, 1, '2019-06-07 05:28:54', 1, '2019-06-07 05:28:54', NULL, NULL)
   SELECT @UserID = SCOPE_IDENTITY()
   INSERT INTO dbo.aspnet_Users(ApplicationID, UserName, LoweredUserName, IsAnonymous, LastActivityDate)
   VALUES(@ApplicationId, 'b.underwood@drudgereport.com', 'b.underwood@drudgereport.com', 0, '2019-06-07 05:28:54')
   SELECT @AspNetUserID = UserId FROM aspnet_Users WHERE Username = 'b.underwood@drudgereport.com'
   INSERT INTO dbo.aspnet_Membership(ApplicationID, UserID, Password, PasswordFormat, PasswordSalt, Email, LoweredEmail, IsApproved, IsLockedOut, CreateDate, LastLoginDate, LastPasswordChangedDate, LastLockoutDate, FailedPasswordAttemptCount, FailedPasswordAttemptWindowStart, FailedPasswordAnswerAttemptCount, FailedPasswordAnswerAttemptWindowStart)
   VALUES(@ApplicationID, @AspNetUserID, 'aMoPu/jMK8Yc4dxEEtAWm+RvKkFRjT38n/c1ORi3HgGWXJI15kNozQ==', 2, 'ub/Nej8BunZL3H6o+Z7+sg==', 'b.underwood@drudgereport.com', 'b.underwood@drudgereport.com', 1, 0, '2019-06-07 05:28:54', '2019-06-07 05:28:54', '2019-06-07 05:28:54', '1754-01-01 00:00:00.000', 0, '1754-01-01 00:00:00.000', 0, '1754-01-01 00:00:00.000')
   INSERT INTO dbo.dnn_UserPortals(UserID, PortalID, CreatedDate, Authorised, IsDeleted, RefreshRoles)
   VALUES(@UserID, @PortalID, '2019-06-07 05:28:54', 1, 0, 0)
   INSERT INTO dbo.dnn_UserRoles(UserID, RoleID, IsTrialUsed, CreatedByUserID, CreatedOnDate, LastModifiedByUserID, LastModifiedOnDate, [Status], IsOwner)
   VALUES(@UserId, @FemaleRole, 0, 1, '2019-06-07 05:28:54', 1, '2019-06-07 05:28:54', 1, 0)
   INSERT INTO dbo.dnn_Users(Username, FirstName, LastName, Email, DisplayName, UpdatePassword, LastIPAddress, IsDeleted, CreatedByUserID, CreatedOnDate, LastModifiedByUserID, LastModifiedOnDate, PasswordResetToken, PasswordResetExpiration)
   VALUES('bassj@japanpost.jp', 'Julia', 'Bass', 'bassj@japanpost.jp', 'Julia Bass', 0, '', 0, 1, '2019-06-07 05:28:54', 1, '2019-06-07 05:28:54', NULL, NULL)
   SELECT @UserID = SCOPE_IDENTITY()
   INSERT INTO dbo.aspnet_Users(ApplicationID, UserName, LoweredUserName, IsAnonymous, LastActivityDate)
   VALUES(@ApplicationId, 'bassj@japanpost.jp', 'bassj@japanpost.jp', 0, '2019-06-07 05:28:54')
   SELECT @AspNetUserID = UserId FROM aspnet_Users WHERE Username = 'bassj@japanpost.jp'
   INSERT INTO dbo.aspnet_Membership(ApplicationID, UserID, Password, PasswordFormat, PasswordSalt, Email, LoweredEmail, IsApproved, IsLockedOut, CreateDate, LastLoginDate, LastPasswordChangedDate, LastLockoutDate, FailedPasswordAttemptCount, FailedPasswordAttemptWindowStart, FailedPasswordAnswerAttemptCount, FailedPasswordAnswerAttemptWindowStart)
   VALUES(@ApplicationID, @AspNetUserID, 'aMoPu/jMK8Yc4dxEEtAWm+RvKkFRjT38n/c1ORi3HgGWXJI15kNozQ==', 2, 'ub/Nej8BunZL3H6o+Z7+sg==', 'bassj@japanpost.jp', 'bassj@japanpost.jp', 1, 0, '2019-06-07 05:28:54', '2019-06-07 05:28:54', '2019-06-07 05:28:54', '1754-01-01 00:00:00.000', 0, '1754-01-01 00:00:00.000', 0, '1754-01-01 00:00:00.000')
   INSERT INTO dbo.dnn_UserPortals(UserID, PortalID, CreatedDate, Authorised, IsDeleted, RefreshRoles)
   VALUES(@UserID, @PortalID, '2019-06-07 05:28:54', 1, 0, 0)
   INSERT INTO dbo.dnn_UserRoles(UserID, RoleID, IsTrialUsed, CreatedByUserID, CreatedOnDate, LastModifiedByUserID, LastModifiedOnDate, [Status], IsOwner)
   VALUES(@UserId, @FemaleRole, 0, 1, '2019-06-07 05:28:54', 1, '2019-06-07 05:28:54', 1, 0)
   INSERT INTO dbo.dnn_Users(Username, FirstName, LastName, Email, DisplayName, UpdatePassword, LastIPAddress, IsDeleted, CreatedByUserID, CreatedOnDate, LastModifiedByUserID, LastModifiedOnDate, PasswordResetToken, PasswordResetExpiration)
   VALUES('ruby.greer@hotstar.com', 'Ruby', 'Greer', 'ruby.greer@hotstar.com', 'Ruby Greer', 0, '', 0, 1, '2019-06-07 05:28:54', 1, '2019-06-07 05:28:54', NULL, NULL)
   SELECT @UserID = SCOPE_IDENTITY()
   INSERT INTO dbo.aspnet_Users(ApplicationID, UserName, LoweredUserName, IsAnonymous, LastActivityDate)
   VALUES(@ApplicationId, 'ruby.greer@hotstar.com', 'ruby.greer@hotstar.com', 0, '2019-06-07 05:28:54')
   SELECT @AspNetUserID = UserId FROM aspnet_Users WHERE Username = 'ruby.greer@hotstar.com'
   INSERT INTO dbo.aspnet_Membership(ApplicationID, UserID, Password, PasswordFormat, PasswordSalt, Email, LoweredEmail, IsApproved, IsLockedOut, CreateDate, LastLoginDate, LastPasswordChangedDate, LastLockoutDate, FailedPasswordAttemptCount, FailedPasswordAttemptWindowStart, FailedPasswordAnswerAttemptCount, FailedPasswordAnswerAttemptWindowStart)
   VALUES(@ApplicationID, @AspNetUserID, 'aMoPu/jMK8Yc4dxEEtAWm+RvKkFRjT38n/c1ORi3HgGWXJI15kNozQ==', 2, 'ub/Nej8BunZL3H6o+Z7+sg==', 'ruby.greer@hotstar.com', 'ruby.greer@hotstar.com', 1, 0, '2019-06-07 05:28:54', '2019-06-07 05:28:54', '2019-06-07 05:28:54', '1754-01-01 00:00:00.000', 0, '1754-01-01 00:00:00.000', 0, '1754-01-01 00:00:00.000')
   INSERT INTO dbo.dnn_UserPortals(UserID, PortalID, CreatedDate, Authorised, IsDeleted, RefreshRoles)
   VALUES(@UserID, @PortalID, '2019-06-07 05:28:54', 1, 0, 0)
   INSERT INTO dbo.dnn_UserRoles(UserID, RoleID, IsTrialUsed, CreatedByUserID, CreatedOnDate, LastModifiedByUserID, LastModifiedOnDate, [Status], IsOwner)
   VALUES(@UserId, @FemaleRole, 0, 1, '2019-06-07 05:28:54', 1, '2019-06-07 05:28:54', 1, 0)
   INSERT INTO dbo.dnn_Users(Username, FirstName, LastName, Email, DisplayName, UpdatePassword, LastIPAddress, IsDeleted, CreatedByUserID, CreatedOnDate, LastModifiedByUserID, LastModifiedOnDate, PasswordResetToken, PasswordResetExpiration)
   VALUES('l.summers@tradeadexchange.com', 'Lois', 'Summers', 'l.summers@tradeadexchange.com', 'Lois Summers', 0, '', 0, 1, '2019-06-07 05:28:54', 1, '2019-06-07 05:28:54', NULL, NULL)
   SELECT @UserID = SCOPE_IDENTITY()
   INSERT INTO dbo.aspnet_Users(ApplicationID, UserName, LoweredUserName, IsAnonymous, LastActivityDate)
   VALUES(@ApplicationId, 'l.summers@tradeadexchange.com', 'l.summers@tradeadexchange.com', 0, '2019-06-07 05:28:54')
   SELECT @AspNetUserID = UserId FROM aspnet_Users WHERE Username = 'l.summers@tradeadexchange.com'
   INSERT INTO dbo.aspnet_Membership(ApplicationID, UserID, Password, PasswordFormat, PasswordSalt, Email, LoweredEmail, IsApproved, IsLockedOut, CreateDate, LastLoginDate, LastPasswordChangedDate, LastLockoutDate, FailedPasswordAttemptCount, FailedPasswordAttemptWindowStart, FailedPasswordAnswerAttemptCount, FailedPasswordAnswerAttemptWindowStart)
   VALUES(@ApplicationID, @AspNetUserID, 'aMoPu/jMK8Yc4dxEEtAWm+RvKkFRjT38n/c1ORi3HgGWXJI15kNozQ==', 2, 'ub/Nej8BunZL3H6o+Z7+sg==', 'l.summers@tradeadexchange.com', 'l.summers@tradeadexchange.com', 1, 0, '2019-06-07 05:28:54', '2019-06-07 05:28:54', '2019-06-07 05:28:54', '1754-01-01 00:00:00.000', 0, '1754-01-01 00:00:00.000', 0, '1754-01-01 00:00:00.000')
   INSERT INTO dbo.dnn_UserPortals(UserID, PortalID, CreatedDate, Authorised, IsDeleted, RefreshRoles)
   VALUES(@UserID, @PortalID, '2019-06-07 05:28:54', 1, 0, 0)
   INSERT INTO dbo.dnn_UserRoles(UserID, RoleID, IsTrialUsed, CreatedByUserID, CreatedOnDate, LastModifiedByUserID, LastModifiedOnDate, [Status], IsOwner)
   VALUES(@UserId, @FemaleRole, 0, 1, '2019-06-07 05:28:54', 1, '2019-06-07 05:28:54', 1, 0)
   INSERT INTO dbo.dnn_Users(Username, FirstName, LastName, Email, DisplayName, UpdatePassword, LastIPAddress, IsDeleted, CreatedByUserID, CreatedOnDate, LastModifiedByUserID, LastModifiedOnDate, PasswordResetToken, PasswordResetExpiration)
   VALUES('houstont@hdzog.com', 'Tina', 'Houston', 'houstont@hdzog.com', 'Tina Houston', 0, '', 0, 1, '2019-06-07 05:28:54', 1, '2019-06-07 05:28:54', NULL, NULL)
   SELECT @UserID = SCOPE_IDENTITY()
   INSERT INTO dbo.aspnet_Users(ApplicationID, UserName, LoweredUserName, IsAnonymous, LastActivityDate)
   VALUES(@ApplicationId, 'houstont@hdzog.com', 'houstont@hdzog.com', 0, '2019-06-07 05:28:54')
   SELECT @AspNetUserID = UserId FROM aspnet_Users WHERE Username = 'houstont@hdzog.com'
   INSERT INTO dbo.aspnet_Membership(ApplicationID, UserID, Password, PasswordFormat, PasswordSalt, Email, LoweredEmail, IsApproved, IsLockedOut, CreateDate, LastLoginDate, LastPasswordChangedDate, LastLockoutDate, FailedPasswordAttemptCount, FailedPasswordAttemptWindowStart, FailedPasswordAnswerAttemptCount, FailedPasswordAnswerAttemptWindowStart)
   VALUES(@ApplicationID, @AspNetUserID, 'aMoPu/jMK8Yc4dxEEtAWm+RvKkFRjT38n/c1ORi3HgGWXJI15kNozQ==', 2, 'ub/Nej8BunZL3H6o+Z7+sg==', 'houstont@hdzog.com', 'houstont@hdzog.com', 1, 0, '2019-06-07 05:28:54', '2019-06-07 05:28:54', '2019-06-07 05:28:54', '1754-01-01 00:00:00.000', 0, '1754-01-01 00:00:00.000', 0, '1754-01-01 00:00:00.000')
   INSERT INTO dbo.dnn_UserPortals(UserID, PortalID, CreatedDate, Authorised, IsDeleted, RefreshRoles)
   VALUES(@UserID, @PortalID, '2019-06-07 05:28:54', 1, 0, 0)
   INSERT INTO dbo.dnn_UserRoles(UserID, RoleID, IsTrialUsed, CreatedByUserID, CreatedOnDate, LastModifiedByUserID, LastModifiedOnDate, [Status], IsOwner)
   VALUES(@UserId, @FemaleRole, 0, 1, '2019-06-07 05:28:54', 1, '2019-06-07 05:28:54', 1, 0)
   INSERT INTO dbo.dnn_Users(Username, FirstName, LastName, Email, DisplayName, UpdatePassword, LastIPAddress, IsDeleted, CreatedByUserID, CreatedOnDate, LastModifiedByUserID, LastModifiedOnDate, PasswordResetToken, PasswordResetExpiration)
   VALUES('phyllis.carson@change.org', 'Phyllis', 'Carson', 'phyllis.carson@change.org', 'Phyllis Carson', 0, '', 0, 1, '2019-06-07 05:28:54', 1, '2019-06-07 05:28:54', NULL, NULL)
   SELECT @UserID = SCOPE_IDENTITY()
   INSERT INTO dbo.aspnet_Users(ApplicationID, UserName, LoweredUserName, IsAnonymous, LastActivityDate)
   VALUES(@ApplicationId, 'phyllis.carson@change.org', 'phyllis.carson@change.org', 0, '2019-06-07 05:28:54')
   SELECT @AspNetUserID = UserId FROM aspnet_Users WHERE Username = 'phyllis.carson@change.org'
   INSERT INTO dbo.aspnet_Membership(ApplicationID, UserID, Password, PasswordFormat, PasswordSalt, Email, LoweredEmail, IsApproved, IsLockedOut, CreateDate, LastLoginDate, LastPasswordChangedDate, LastLockoutDate, FailedPasswordAttemptCount, FailedPasswordAttemptWindowStart, FailedPasswordAnswerAttemptCount, FailedPasswordAnswerAttemptWindowStart)
   VALUES(@ApplicationID, @AspNetUserID, 'aMoPu/jMK8Yc4dxEEtAWm+RvKkFRjT38n/c1ORi3HgGWXJI15kNozQ==', 2, 'ub/Nej8BunZL3H6o+Z7+sg==', 'phyllis.carson@change.org', 'phyllis.carson@change.org', 1, 0, '2019-06-07 05:28:54', '2019-06-07 05:28:54', '2019-06-07 05:28:54', '1754-01-01 00:00:00.000', 0, '1754-01-01 00:00:00.000', 0, '1754-01-01 00:00:00.000')
   INSERT INTO dbo.dnn_UserPortals(UserID, PortalID, CreatedDate, Authorised, IsDeleted, RefreshRoles)
   VALUES(@UserID, @PortalID, '2019-06-07 05:28:54', 1, 0, 0)
   INSERT INTO dbo.dnn_UserRoles(UserID, RoleID, IsTrialUsed, CreatedByUserID, CreatedOnDate, LastModifiedByUserID, LastModifiedOnDate, [Status], IsOwner)
   VALUES(@UserId, @FemaleRole, 0, 1, '2019-06-07 05:28:54', 1, '2019-06-07 05:28:54', 1, 0)
   INSERT INTO dbo.dnn_Users(Username, FirstName, LastName, Email, DisplayName, UpdatePassword, LastIPAddress, IsDeleted, CreatedByUserID, CreatedOnDate, LastModifiedByUserID, LastModifiedOnDate, PasswordResetToken, PasswordResetExpiration)
   VALUES('n.morrow@hootsuite.com', 'Norma', 'Morrow', 'n.morrow@hootsuite.com', 'Norma Morrow', 0, '', 0, 1, '2019-06-07 05:28:54', 1, '2019-06-07 05:28:54', NULL, NULL)
   SELECT @UserID = SCOPE_IDENTITY()
   INSERT INTO dbo.aspnet_Users(ApplicationID, UserName, LoweredUserName, IsAnonymous, LastActivityDate)
   VALUES(@ApplicationId, 'n.morrow@hootsuite.com', 'n.morrow@hootsuite.com', 0, '2019-06-07 05:28:54')
   SELECT @AspNetUserID = UserId FROM aspnet_Users WHERE Username = 'n.morrow@hootsuite.com'
   INSERT INTO dbo.aspnet_Membership(ApplicationID, UserID, Password, PasswordFormat, PasswordSalt, Email, LoweredEmail, IsApproved, IsLockedOut, CreateDate, LastLoginDate, LastPasswordChangedDate, LastLockoutDate, FailedPasswordAttemptCount, FailedPasswordAttemptWindowStart, FailedPasswordAnswerAttemptCount, FailedPasswordAnswerAttemptWindowStart)
   VALUES(@ApplicationID, @AspNetUserID, 'aMoPu/jMK8Yc4dxEEtAWm+RvKkFRjT38n/c1ORi3HgGWXJI15kNozQ==', 2, 'ub/Nej8BunZL3H6o+Z7+sg==', 'n.morrow@hootsuite.com', 'n.morrow@hootsuite.com', 1, 0, '2019-06-07 05:28:54', '2019-06-07 05:28:54', '2019-06-07 05:28:54', '1754-01-01 00:00:00.000', 0, '1754-01-01 00:00:00.000', 0, '1754-01-01 00:00:00.000')
   INSERT INTO dbo.dnn_UserPortals(UserID, PortalID, CreatedDate, Authorised, IsDeleted, RefreshRoles)
   VALUES(@UserID, @PortalID, '2019-06-07 05:28:54', 1, 0, 0)
   INSERT INTO dbo.dnn_UserRoles(UserID, RoleID, IsTrialUsed, CreatedByUserID, CreatedOnDate, LastModifiedByUserID, LastModifiedOnDate, [Status], IsOwner)
   VALUES(@UserId, @FemaleRole, 0, 1, '2019-06-07 05:28:54', 1, '2019-06-07 05:28:54', 1, 0)
   INSERT INTO dbo.dnn_Users(Username, FirstName, LastName, Email, DisplayName, UpdatePassword, LastIPAddress, IsDeleted, CreatedByUserID, CreatedOnDate, LastModifiedByUserID, LastModifiedOnDate, PasswordResetToken, PasswordResetExpiration)
   VALUES('claytonp@dictionary.com', 'Paula', 'Clayton', 'claytonp@dictionary.com', 'Paula Clayton', 0, '', 0, 1, '2019-06-07 05:28:54', 1, '2019-06-07 05:28:54', NULL, NULL)
   SELECT @UserID = SCOPE_IDENTITY()
   INSERT INTO dbo.aspnet_Users(ApplicationID, UserName, LoweredUserName, IsAnonymous, LastActivityDate)
   VALUES(@ApplicationId, 'claytonp@dictionary.com', 'claytonp@dictionary.com', 0, '2019-06-07 05:28:54')
   SELECT @AspNetUserID = UserId FROM aspnet_Users WHERE Username = 'claytonp@dictionary.com'
   INSERT INTO dbo.aspnet_Membership(ApplicationID, UserID, Password, PasswordFormat, PasswordSalt, Email, LoweredEmail, IsApproved, IsLockedOut, CreateDate, LastLoginDate, LastPasswordChangedDate, LastLockoutDate, FailedPasswordAttemptCount, FailedPasswordAttemptWindowStart, FailedPasswordAnswerAttemptCount, FailedPasswordAnswerAttemptWindowStart)
   VALUES(@ApplicationID, @AspNetUserID, 'aMoPu/jMK8Yc4dxEEtAWm+RvKkFRjT38n/c1ORi3HgGWXJI15kNozQ==', 2, 'ub/Nej8BunZL3H6o+Z7+sg==', 'claytonp@dictionary.com', 'claytonp@dictionary.com', 1, 0, '2019-06-07 05:28:54', '2019-06-07 05:28:54', '2019-06-07 05:28:54', '1754-01-01 00:00:00.000', 0, '1754-01-01 00:00:00.000', 0, '1754-01-01 00:00:00.000')
   INSERT INTO dbo.dnn_UserPortals(UserID, PortalID, CreatedDate, Authorised, IsDeleted, RefreshRoles)
   VALUES(@UserID, @PortalID, '2019-06-07 05:28:54', 1, 0, 0)
   INSERT INTO dbo.dnn_UserRoles(UserID, RoleID, IsTrialUsed, CreatedByUserID, CreatedOnDate, LastModifiedByUserID, LastModifiedOnDate, [Status], IsOwner)
   VALUES(@UserId, @FemaleRole, 0, 1, '2019-06-07 05:28:54', 1, '2019-06-07 05:28:54', 1, 0)
   INSERT INTO dbo.dnn_Users(Username, FirstName, LastName, Email, DisplayName, UpdatePassword, LastIPAddress, IsDeleted, CreatedByUserID, CreatedOnDate, LastModifiedByUserID, LastModifiedOnDate, PasswordResetToken, PasswordResetExpiration)
   VALUES('diana.whitaker@makemytrip.com', 'Diana', 'Whitaker', 'diana.whitaker@makemytrip.com', 'Diana Whitaker', 0, '', 0, 1, '2019-06-07 05:28:54', 1, '2019-06-07 05:28:54', NULL, NULL)
   SELECT @UserID = SCOPE_IDENTITY()
   INSERT INTO dbo.aspnet_Users(ApplicationID, UserName, LoweredUserName, IsAnonymous, LastActivityDate)
   VALUES(@ApplicationId, 'diana.whitaker@makemytrip.com', 'diana.whitaker@makemytrip.com', 0, '2019-06-07 05:28:54')
   SELECT @AspNetUserID = UserId FROM aspnet_Users WHERE Username = 'diana.whitaker@makemytrip.com'
   INSERT INTO dbo.aspnet_Membership(ApplicationID, UserID, Password, PasswordFormat, PasswordSalt, Email, LoweredEmail, IsApproved, IsLockedOut, CreateDate, LastLoginDate, LastPasswordChangedDate, LastLockoutDate, FailedPasswordAttemptCount, FailedPasswordAttemptWindowStart, FailedPasswordAnswerAttemptCount, FailedPasswordAnswerAttemptWindowStart)
   VALUES(@ApplicationID, @AspNetUserID, 'aMoPu/jMK8Yc4dxEEtAWm+RvKkFRjT38n/c1ORi3HgGWXJI15kNozQ==', 2, 'ub/Nej8BunZL3H6o+Z7+sg==', 'diana.whitaker@makemytrip.com', 'diana.whitaker@makemytrip.com', 1, 0, '2019-06-07 05:28:54', '2019-06-07 05:28:54', '2019-06-07 05:28:54', '1754-01-01 00:00:00.000', 0, '1754-01-01 00:00:00.000', 0, '1754-01-01 00:00:00.000')
   INSERT INTO dbo.dnn_UserPortals(UserID, PortalID, CreatedDate, Authorised, IsDeleted, RefreshRoles)
   VALUES(@UserID, @PortalID, '2019-06-07 05:28:54', 1, 0, 0)
   INSERT INTO dbo.dnn_UserRoles(UserID, RoleID, IsTrialUsed, CreatedByUserID, CreatedOnDate, LastModifiedByUserID, LastModifiedOnDate, [Status], IsOwner)
   VALUES(@UserId, @FemaleRole, 0, 1, '2019-06-07 05:28:54', 1, '2019-06-07 05:28:54', 1, 0)
   INSERT INTO dbo.dnn_Users(Username, FirstName, LastName, Email, DisplayName, UpdatePassword, LastIPAddress, IsDeleted, CreatedByUserID, CreatedOnDate, LastModifiedByUserID, LastModifiedOnDate, PasswordResetToken, PasswordResetExpiration)
   VALUES('a.decker@sq.cn', 'Annie', 'Decker', 'a.decker@sq.cn', 'Annie Decker', 0, '', 0, 1, '2019-06-07 05:28:54', 1, '2019-06-07 05:28:54', NULL, NULL)
   SELECT @UserID = SCOPE_IDENTITY()
   INSERT INTO dbo.aspnet_Users(ApplicationID, UserName, LoweredUserName, IsAnonymous, LastActivityDate)
   VALUES(@ApplicationId, 'a.decker@sq.cn', 'a.decker@sq.cn', 0, '2019-06-07 05:28:54')
   SELECT @AspNetUserID = UserId FROM aspnet_Users WHERE Username = 'a.decker@sq.cn'
   INSERT INTO dbo.aspnet_Membership(ApplicationID, UserID, Password, PasswordFormat, PasswordSalt, Email, LoweredEmail, IsApproved, IsLockedOut, CreateDate, LastLoginDate, LastPasswordChangedDate, LastLockoutDate, FailedPasswordAttemptCount, FailedPasswordAttemptWindowStart, FailedPasswordAnswerAttemptCount, FailedPasswordAnswerAttemptWindowStart)
   VALUES(@ApplicationID, @AspNetUserID, 'aMoPu/jMK8Yc4dxEEtAWm+RvKkFRjT38n/c1ORi3HgGWXJI15kNozQ==', 2, 'ub/Nej8BunZL3H6o+Z7+sg==', 'a.decker@sq.cn', 'a.decker@sq.cn', 1, 0, '2019-06-07 05:28:54', '2019-06-07 05:28:54', '2019-06-07 05:28:54', '1754-01-01 00:00:00.000', 0, '1754-01-01 00:00:00.000', 0, '1754-01-01 00:00:00.000')
   INSERT INTO dbo.dnn_UserPortals(UserID, PortalID, CreatedDate, Authorised, IsDeleted, RefreshRoles)
   VALUES(@UserID, @PortalID, '2019-06-07 05:28:54', 1, 0, 0)
   INSERT INTO dbo.dnn_UserRoles(UserID, RoleID, IsTrialUsed, CreatedByUserID, CreatedOnDate, LastModifiedByUserID, LastModifiedOnDate, [Status], IsOwner)
   VALUES(@UserId, @FemaleRole, 0, 1, '2019-06-07 05:28:54', 1, '2019-06-07 05:28:54', 1, 0)
   INSERT INTO dbo.dnn_Users(Username, FirstName, LastName, Email, DisplayName, UpdatePassword, LastIPAddress, IsDeleted, CreatedByUserID, CreatedOnDate, LastModifiedByUserID, LastModifiedOnDate, PasswordResetToken, PasswordResetExpiration)
   VALUES('yoderl@streamcloud.eu', 'Lillian', 'Yoder', 'yoderl@streamcloud.eu', 'Lillian Yoder', 0, '', 0, 1, '2019-06-07 05:28:54', 1, '2019-06-07 05:28:54', NULL, NULL)
   SELECT @UserID = SCOPE_IDENTITY()
   INSERT INTO dbo.aspnet_Users(ApplicationID, UserName, LoweredUserName, IsAnonymous, LastActivityDate)
   VALUES(@ApplicationId, 'yoderl@streamcloud.eu', 'yoderl@streamcloud.eu', 0, '2019-06-07 05:28:54')
   SELECT @AspNetUserID = UserId FROM aspnet_Users WHERE Username = 'yoderl@streamcloud.eu'
   INSERT INTO dbo.aspnet_Membership(ApplicationID, UserID, Password, PasswordFormat, PasswordSalt, Email, LoweredEmail, IsApproved, IsLockedOut, CreateDate, LastLoginDate, LastPasswordChangedDate, LastLockoutDate, FailedPasswordAttemptCount, FailedPasswordAttemptWindowStart, FailedPasswordAnswerAttemptCount, FailedPasswordAnswerAttemptWindowStart)
   VALUES(@ApplicationID, @AspNetUserID, 'aMoPu/jMK8Yc4dxEEtAWm+RvKkFRjT38n/c1ORi3HgGWXJI15kNozQ==', 2, 'ub/Nej8BunZL3H6o+Z7+sg==', 'yoderl@streamcloud.eu', 'yoderl@streamcloud.eu', 1, 0, '2019-06-07 05:28:54', '2019-06-07 05:28:54', '2019-06-07 05:28:54', '1754-01-01 00:00:00.000', 0, '1754-01-01 00:00:00.000', 0, '1754-01-01 00:00:00.000')
   INSERT INTO dbo.dnn_UserPortals(UserID, PortalID, CreatedDate, Authorised, IsDeleted, RefreshRoles)
   VALUES(@UserID, @PortalID, '2019-06-07 05:28:54', 1, 0, 0)
   INSERT INTO dbo.dnn_UserRoles(UserID, RoleID, IsTrialUsed, CreatedByUserID, CreatedOnDate, LastModifiedByUserID, LastModifiedOnDate, [Status], IsOwner)
   VALUES(@UserId, @FemaleRole, 0, 1, '2019-06-07 05:28:54', 1, '2019-06-07 05:28:54', 1, 0)
   INSERT INTO dbo.dnn_UserRoles(UserID, RoleID, IsTrialUsed, CreatedByUserID, CreatedOnDate, LastModifiedByUserID, LastModifiedOnDate, [Status], IsOwner)
   VALUES(@UserId, @ManagerRole, 0, 1, '2019-06-07 05:28:54', 1, '2019-06-07 05:28:54', 1, 0)
   INSERT INTO dbo.dnn_Users(Username, FirstName, LastName, Email, DisplayName, UpdatePassword, LastIPAddress, IsDeleted, CreatedByUserID, CreatedOnDate, LastModifiedByUserID, LastModifiedOnDate, PasswordResetToken, PasswordResetExpiration)
   VALUES('emily.collier@norton.com', 'Emily', 'Collier', 'emily.collier@norton.com', 'Emily Collier', 0, '', 0, 1, '2019-06-07 05:28:54', 1, '2019-06-07 05:28:54', NULL, NULL)
   SELECT @UserID = SCOPE_IDENTITY()
   INSERT INTO dbo.aspnet_Users(ApplicationID, UserName, LoweredUserName, IsAnonymous, LastActivityDate)
   VALUES(@ApplicationId, 'emily.collier@norton.com', 'emily.collier@norton.com', 0, '2019-06-07 05:28:54')
   SELECT @AspNetUserID = UserId FROM aspnet_Users WHERE Username = 'emily.collier@norton.com'
   INSERT INTO dbo.aspnet_Membership(ApplicationID, UserID, Password, PasswordFormat, PasswordSalt, Email, LoweredEmail, IsApproved, IsLockedOut, CreateDate, LastLoginDate, LastPasswordChangedDate, LastLockoutDate, FailedPasswordAttemptCount, FailedPasswordAttemptWindowStart, FailedPasswordAnswerAttemptCount, FailedPasswordAnswerAttemptWindowStart)
   VALUES(@ApplicationID, @AspNetUserID, 'aMoPu/jMK8Yc4dxEEtAWm+RvKkFRjT38n/c1ORi3HgGWXJI15kNozQ==', 2, 'ub/Nej8BunZL3H6o+Z7+sg==', 'emily.collier@norton.com', 'emily.collier@norton.com', 1, 0, '2019-06-07 05:28:54', '2019-06-07 05:28:54', '2019-06-07 05:28:54', '1754-01-01 00:00:00.000', 0, '1754-01-01 00:00:00.000', 0, '1754-01-01 00:00:00.000')
   INSERT INTO dbo.dnn_UserPortals(UserID, PortalID, CreatedDate, Authorised, IsDeleted, RefreshRoles)
   VALUES(@UserID, @PortalID, '2019-06-07 05:28:54', 1, 0, 0)
   INSERT INTO dbo.dnn_UserRoles(UserID, RoleID, IsTrialUsed, CreatedByUserID, CreatedOnDate, LastModifiedByUserID, LastModifiedOnDate, [Status], IsOwner)
   VALUES(@UserId, @FemaleRole, 0, 1, '2019-06-07 05:28:54', 1, '2019-06-07 05:28:54', 1, 0)
   INSERT INTO dbo.dnn_Users(Username, FirstName, LastName, Email, DisplayName, UpdatePassword, LastIPAddress, IsDeleted, CreatedByUserID, CreatedOnDate, LastModifiedByUserID, LastModifiedOnDate, PasswordResetToken, PasswordResetExpiration)
   VALUES('r.zuniga@blog.me', 'Robin', 'Zuniga', 'r.zuniga@blog.me', 'Robin Zuniga', 0, '', 0, 1, '2019-06-07 05:28:54', 1, '2019-06-07 05:28:54', NULL, NULL)
   SELECT @UserID = SCOPE_IDENTITY()
   INSERT INTO dbo.aspnet_Users(ApplicationID, UserName, LoweredUserName, IsAnonymous, LastActivityDate)
   VALUES(@ApplicationId, 'r.zuniga@blog.me', 'r.zuniga@blog.me', 0, '2019-06-07 05:28:54')
   SELECT @AspNetUserID = UserId FROM aspnet_Users WHERE Username = 'r.zuniga@blog.me'
   INSERT INTO dbo.aspnet_Membership(ApplicationID, UserID, Password, PasswordFormat, PasswordSalt, Email, LoweredEmail, IsApproved, IsLockedOut, CreateDate, LastLoginDate, LastPasswordChangedDate, LastLockoutDate, FailedPasswordAttemptCount, FailedPasswordAttemptWindowStart, FailedPasswordAnswerAttemptCount, FailedPasswordAnswerAttemptWindowStart)
   VALUES(@ApplicationID, @AspNetUserID, 'aMoPu/jMK8Yc4dxEEtAWm+RvKkFRjT38n/c1ORi3HgGWXJI15kNozQ==', 2, 'ub/Nej8BunZL3H6o+Z7+sg==', 'r.zuniga@blog.me', 'r.zuniga@blog.me', 1, 0, '2019-06-07 05:28:54', '2019-06-07 05:28:54', '2019-06-07 05:28:54', '1754-01-01 00:00:00.000', 0, '1754-01-01 00:00:00.000', 0, '1754-01-01 00:00:00.000')
   INSERT INTO dbo.dnn_UserPortals(UserID, PortalID, CreatedDate, Authorised, IsDeleted, RefreshRoles)
   VALUES(@UserID, @PortalID, '2019-06-07 05:28:54', 1, 0, 0)
   INSERT INTO dbo.dnn_UserRoles(UserID, RoleID, IsTrialUsed, CreatedByUserID, CreatedOnDate, LastModifiedByUserID, LastModifiedOnDate, [Status], IsOwner)
   VALUES(@UserId, @FemaleRole, 0, 1, '2019-06-07 05:28:54', 1, '2019-06-07 05:28:54', 1, 0)
   INSERT INTO dbo.dnn_Users(Username, FirstName, LastName, Email, DisplayName, UpdatePassword, LastIPAddress, IsDeleted, CreatedByUserID, CreatedOnDate, LastModifiedByUserID, LastModifiedOnDate, PasswordResetToken, PasswordResetExpiration)
   VALUES('careyp@watsons.tmall.com', 'Peggy', 'Carey', 'careyp@watsons.tmall.com', 'Peggy Carey', 0, '', 0, 1, '2019-06-07 05:28:54', 1, '2019-06-07 05:28:54', NULL, NULL)
   SELECT @UserID = SCOPE_IDENTITY()
   INSERT INTO dbo.aspnet_Users(ApplicationID, UserName, LoweredUserName, IsAnonymous, LastActivityDate)
   VALUES(@ApplicationId, 'careyp@watsons.tmall.com', 'careyp@watsons.tmall.com', 0, '2019-06-07 05:28:54')
   SELECT @AspNetUserID = UserId FROM aspnet_Users WHERE Username = 'careyp@watsons.tmall.com'
   INSERT INTO dbo.aspnet_Membership(ApplicationID, UserID, Password, PasswordFormat, PasswordSalt, Email, LoweredEmail, IsApproved, IsLockedOut, CreateDate, LastLoginDate, LastPasswordChangedDate, LastLockoutDate, FailedPasswordAttemptCount, FailedPasswordAttemptWindowStart, FailedPasswordAnswerAttemptCount, FailedPasswordAnswerAttemptWindowStart)
   VALUES(@ApplicationID, @AspNetUserID, 'aMoPu/jMK8Yc4dxEEtAWm+RvKkFRjT38n/c1ORi3HgGWXJI15kNozQ==', 2, 'ub/Nej8BunZL3H6o+Z7+sg==', 'careyp@watsons.tmall.com', 'careyp@watsons.tmall.com', 1, 0, '2019-06-07 05:28:54', '2019-06-07 05:28:54', '2019-06-07 05:28:54', '1754-01-01 00:00:00.000', 0, '1754-01-01 00:00:00.000', 0, '1754-01-01 00:00:00.000')
   INSERT INTO dbo.dnn_UserPortals(UserID, PortalID, CreatedDate, Authorised, IsDeleted, RefreshRoles)
   VALUES(@UserID, @PortalID, '2019-06-07 05:28:54', 1, 0, 0)
   INSERT INTO dbo.dnn_UserRoles(UserID, RoleID, IsTrialUsed, CreatedByUserID, CreatedOnDate, LastModifiedByUserID, LastModifiedOnDate, [Status], IsOwner)
   VALUES(@UserId, @FemaleRole, 0, 1, '2019-06-07 05:28:54', 1, '2019-06-07 05:28:54', 1, 0)
   INSERT INTO dbo.dnn_Users(Username, FirstName, LastName, Email, DisplayName, UpdatePassword, LastIPAddress, IsDeleted, CreatedByUserID, CreatedOnDate, LastModifiedByUserID, LastModifiedOnDate, PasswordResetToken, PasswordResetExpiration)
   VALUES('crystal.wilcox@prothom-alo.com', 'Crystal', 'Wilcox', 'crystal.wilcox@prothom-alo.com', 'Crystal Wilcox', 0, '', 0, 1, '2019-06-07 05:28:54', 1, '2019-06-07 05:28:54', NULL, NULL)
   SELECT @UserID = SCOPE_IDENTITY()
   INSERT INTO dbo.aspnet_Users(ApplicationID, UserName, LoweredUserName, IsAnonymous, LastActivityDate)
   VALUES(@ApplicationId, 'crystal.wilcox@prothom-alo.com', 'crystal.wilcox@prothom-alo.com', 0, '2019-06-07 05:28:54')
   SELECT @AspNetUserID = UserId FROM aspnet_Users WHERE Username = 'crystal.wilcox@prothom-alo.com'
   INSERT INTO dbo.aspnet_Membership(ApplicationID, UserID, Password, PasswordFormat, PasswordSalt, Email, LoweredEmail, IsApproved, IsLockedOut, CreateDate, LastLoginDate, LastPasswordChangedDate, LastLockoutDate, FailedPasswordAttemptCount, FailedPasswordAttemptWindowStart, FailedPasswordAnswerAttemptCount, FailedPasswordAnswerAttemptWindowStart)
   VALUES(@ApplicationID, @AspNetUserID, 'aMoPu/jMK8Yc4dxEEtAWm+RvKkFRjT38n/c1ORi3HgGWXJI15kNozQ==', 2, 'ub/Nej8BunZL3H6o+Z7+sg==', 'crystal.wilcox@prothom-alo.com', 'crystal.wilcox@prothom-alo.com', 1, 0, '2019-06-07 05:28:54', '2019-06-07 05:28:54', '2019-06-07 05:28:54', '1754-01-01 00:00:00.000', 0, '1754-01-01 00:00:00.000', 0, '1754-01-01 00:00:00.000')
   INSERT INTO dbo.dnn_UserPortals(UserID, PortalID, CreatedDate, Authorised, IsDeleted, RefreshRoles)
   VALUES(@UserID, @PortalID, '2019-06-07 05:28:54', 1, 0, 0)
   INSERT INTO dbo.dnn_UserRoles(UserID, RoleID, IsTrialUsed, CreatedByUserID, CreatedOnDate, LastModifiedByUserID, LastModifiedOnDate, [Status], IsOwner)
   VALUES(@UserId, @FemaleRole, 0, 1, '2019-06-07 05:28:54', 1, '2019-06-07 05:28:54', 1, 0)
   INSERT INTO dbo.dnn_Users(Username, FirstName, LastName, Email, DisplayName, UpdatePassword, LastIPAddress, IsDeleted, CreatedByUserID, CreatedOnDate, LastModifiedByUserID, LastModifiedOnDate, PasswordResetToken, PasswordResetExpiration)
   VALUES('g.melendez@researchgate.net', 'Gladys', 'Melendez', 'g.melendez@researchgate.net', 'Gladys Melendez', 0, '', 0, 1, '2019-06-07 05:28:54', 1, '2019-06-07 05:28:54', NULL, NULL)
   SELECT @UserID = SCOPE_IDENTITY()
   INSERT INTO dbo.aspnet_Users(ApplicationID, UserName, LoweredUserName, IsAnonymous, LastActivityDate)
   VALUES(@ApplicationId, 'g.melendez@researchgate.net', 'g.melendez@researchgate.net', 0, '2019-06-07 05:28:54')
   SELECT @AspNetUserID = UserId FROM aspnet_Users WHERE Username = 'g.melendez@researchgate.net'
   INSERT INTO dbo.aspnet_Membership(ApplicationID, UserID, Password, PasswordFormat, PasswordSalt, Email, LoweredEmail, IsApproved, IsLockedOut, CreateDate, LastLoginDate, LastPasswordChangedDate, LastLockoutDate, FailedPasswordAttemptCount, FailedPasswordAttemptWindowStart, FailedPasswordAnswerAttemptCount, FailedPasswordAnswerAttemptWindowStart)
   VALUES(@ApplicationID, @AspNetUserID, 'aMoPu/jMK8Yc4dxEEtAWm+RvKkFRjT38n/c1ORi3HgGWXJI15kNozQ==', 2, 'ub/Nej8BunZL3H6o+Z7+sg==', 'g.melendez@researchgate.net', 'g.melendez@researchgate.net', 1, 0, '2019-06-07 05:28:54', '2019-06-07 05:28:54', '2019-06-07 05:28:54', '1754-01-01 00:00:00.000', 0, '1754-01-01 00:00:00.000', 0, '1754-01-01 00:00:00.000')
   INSERT INTO dbo.dnn_UserPortals(UserID, PortalID, CreatedDate, Authorised, IsDeleted, RefreshRoles)
   VALUES(@UserID, @PortalID, '2019-06-07 05:28:54', 1, 0, 0)
   INSERT INTO dbo.dnn_UserRoles(UserID, RoleID, IsTrialUsed, CreatedByUserID, CreatedOnDate, LastModifiedByUserID, LastModifiedOnDate, [Status], IsOwner)
   VALUES(@UserId, @FemaleRole, 0, 1, '2019-06-07 05:28:54', 1, '2019-06-07 05:28:54', 1, 0)
   INSERT INTO dbo.dnn_Users(Username, FirstName, LastName, Email, DisplayName, UpdatePassword, LastIPAddress, IsDeleted, CreatedByUserID, CreatedOnDate, LastModifiedByUserID, LastModifiedOnDate, PasswordResetToken, PasswordResetExpiration)
   VALUES('pooler@ebates.com', 'Rita', 'Poole', 'pooler@ebates.com', 'Rita Poole', 0, '', 0, 1, '2019-06-07 05:28:54', 1, '2019-06-07 05:28:54', NULL, NULL)
   SELECT @UserID = SCOPE_IDENTITY()
   INSERT INTO dbo.aspnet_Users(ApplicationID, UserName, LoweredUserName, IsAnonymous, LastActivityDate)
   VALUES(@ApplicationId, 'pooler@ebates.com', 'pooler@ebates.com', 0, '2019-06-07 05:28:54')
   SELECT @AspNetUserID = UserId FROM aspnet_Users WHERE Username = 'pooler@ebates.com'
   INSERT INTO dbo.aspnet_Membership(ApplicationID, UserID, Password, PasswordFormat, PasswordSalt, Email, LoweredEmail, IsApproved, IsLockedOut, CreateDate, LastLoginDate, LastPasswordChangedDate, LastLockoutDate, FailedPasswordAttemptCount, FailedPasswordAttemptWindowStart, FailedPasswordAnswerAttemptCount, FailedPasswordAnswerAttemptWindowStart)
   VALUES(@ApplicationID, @AspNetUserID, 'aMoPu/jMK8Yc4dxEEtAWm+RvKkFRjT38n/c1ORi3HgGWXJI15kNozQ==', 2, 'ub/Nej8BunZL3H6o+Z7+sg==', 'pooler@ebates.com', 'pooler@ebates.com', 1, 0, '2019-06-07 05:28:54', '2019-06-07 05:28:54', '2019-06-07 05:28:54', '1754-01-01 00:00:00.000', 0, '1754-01-01 00:00:00.000', 0, '1754-01-01 00:00:00.000')
   INSERT INTO dbo.dnn_UserPortals(UserID, PortalID, CreatedDate, Authorised, IsDeleted, RefreshRoles)
   VALUES(@UserID, @PortalID, '2019-06-07 05:28:54', 1, 0, 0)
   INSERT INTO dbo.dnn_UserRoles(UserID, RoleID, IsTrialUsed, CreatedByUserID, CreatedOnDate, LastModifiedByUserID, LastModifiedOnDate, [Status], IsOwner)
   VALUES(@UserId, @FemaleRole, 0, 1, '2019-06-07 05:28:54', 1, '2019-06-07 05:28:54', 1, 0)
   INSERT INTO dbo.dnn_Users(Username, FirstName, LastName, Email, DisplayName, UpdatePassword, LastIPAddress, IsDeleted, CreatedByUserID, CreatedOnDate, LastModifiedByUserID, LastModifiedOnDate, PasswordResetToken, PasswordResetExpiration)
   VALUES('dawn.roberson@hotmovs.com', 'Dawn', 'Roberson', 'dawn.roberson@hotmovs.com', 'Dawn Roberson', 0, '', 0, 1, '2019-06-07 05:28:54', 1, '2019-06-07 05:28:54', NULL, NULL)
   SELECT @UserID = SCOPE_IDENTITY()
   INSERT INTO dbo.aspnet_Users(ApplicationID, UserName, LoweredUserName, IsAnonymous, LastActivityDate)
   VALUES(@ApplicationId, 'dawn.roberson@hotmovs.com', 'dawn.roberson@hotmovs.com', 0, '2019-06-07 05:28:54')
   SELECT @AspNetUserID = UserId FROM aspnet_Users WHERE Username = 'dawn.roberson@hotmovs.com'
   INSERT INTO dbo.aspnet_Membership(ApplicationID, UserID, Password, PasswordFormat, PasswordSalt, Email, LoweredEmail, IsApproved, IsLockedOut, CreateDate, LastLoginDate, LastPasswordChangedDate, LastLockoutDate, FailedPasswordAttemptCount, FailedPasswordAttemptWindowStart, FailedPasswordAnswerAttemptCount, FailedPasswordAnswerAttemptWindowStart)
   VALUES(@ApplicationID, @AspNetUserID, 'aMoPu/jMK8Yc4dxEEtAWm+RvKkFRjT38n/c1ORi3HgGWXJI15kNozQ==', 2, 'ub/Nej8BunZL3H6o+Z7+sg==', 'dawn.roberson@hotmovs.com', 'dawn.roberson@hotmovs.com', 1, 0, '2019-06-07 05:28:54', '2019-06-07 05:28:54', '2019-06-07 05:28:54', '1754-01-01 00:00:00.000', 0, '1754-01-01 00:00:00.000', 0, '1754-01-01 00:00:00.000')
   INSERT INTO dbo.dnn_UserPortals(UserID, PortalID, CreatedDate, Authorised, IsDeleted, RefreshRoles)
   VALUES(@UserID, @PortalID, '2019-06-07 05:28:54', 1, 0, 0)
   INSERT INTO dbo.dnn_UserRoles(UserID, RoleID, IsTrialUsed, CreatedByUserID, CreatedOnDate, LastModifiedByUserID, LastModifiedOnDate, [Status], IsOwner)
   VALUES(@UserId, @FemaleRole, 0, 1, '2019-06-07 05:28:54', 1, '2019-06-07 05:28:54', 1, 0)
   INSERT INTO dbo.dnn_Users(Username, FirstName, LastName, Email, DisplayName, UpdatePassword, LastIPAddress, IsDeleted, CreatedByUserID, CreatedOnDate, LastModifiedByUserID, LastModifiedOnDate, PasswordResetToken, PasswordResetExpiration)
   VALUES('c.larsen@olx.in', 'Connie', 'Larsen', 'c.larsen@olx.in', 'Connie Larsen', 0, '', 0, 1, '2019-06-07 05:28:54', 1, '2019-06-07 05:28:54', NULL, NULL)
   SELECT @UserID = SCOPE_IDENTITY()
   INSERT INTO dbo.aspnet_Users(ApplicationID, UserName, LoweredUserName, IsAnonymous, LastActivityDate)
   VALUES(@ApplicationId, 'c.larsen@olx.in', 'c.larsen@olx.in', 0, '2019-06-07 05:28:54')
   SELECT @AspNetUserID = UserId FROM aspnet_Users WHERE Username = 'c.larsen@olx.in'
   INSERT INTO dbo.aspnet_Membership(ApplicationID, UserID, Password, PasswordFormat, PasswordSalt, Email, LoweredEmail, IsApproved, IsLockedOut, CreateDate, LastLoginDate, LastPasswordChangedDate, LastLockoutDate, FailedPasswordAttemptCount, FailedPasswordAttemptWindowStart, FailedPasswordAnswerAttemptCount, FailedPasswordAnswerAttemptWindowStart)
   VALUES(@ApplicationID, @AspNetUserID, 'aMoPu/jMK8Yc4dxEEtAWm+RvKkFRjT38n/c1ORi3HgGWXJI15kNozQ==', 2, 'ub/Nej8BunZL3H6o+Z7+sg==', 'c.larsen@olx.in', 'c.larsen@olx.in', 1, 0, '2019-06-07 05:28:54', '2019-06-07 05:28:54', '2019-06-07 05:28:54', '1754-01-01 00:00:00.000', 0, '1754-01-01 00:00:00.000', 0, '1754-01-01 00:00:00.000')
   INSERT INTO dbo.dnn_UserPortals(UserID, PortalID, CreatedDate, Authorised, IsDeleted, RefreshRoles)
   VALUES(@UserID, @PortalID, '2019-06-07 05:28:54', 1, 0, 0)
   INSERT INTO dbo.dnn_UserRoles(UserID, RoleID, IsTrialUsed, CreatedByUserID, CreatedOnDate, LastModifiedByUserID, LastModifiedOnDate, [Status], IsOwner)
   VALUES(@UserId, @FemaleRole, 0, 1, '2019-06-07 05:28:54', 1, '2019-06-07 05:28:54', 1, 0)
   INSERT INTO dbo.dnn_Users(Username, FirstName, LastName, Email, DisplayName, UpdatePassword, LastIPAddress, IsDeleted, CreatedByUserID, CreatedOnDate, LastModifiedByUserID, LastModifiedOnDate, PasswordResetToken, PasswordResetExpiration)
   VALUES('conleyf@sakura.ne.jp', 'Florence', 'Conley', 'conleyf@sakura.ne.jp', 'Florence Conley', 0, '', 0, 1, '2019-06-07 05:28:54', 1, '2019-06-07 05:28:54', NULL, NULL)
   SELECT @UserID = SCOPE_IDENTITY()
   INSERT INTO dbo.aspnet_Users(ApplicationID, UserName, LoweredUserName, IsAnonymous, LastActivityDate)
   VALUES(@ApplicationId, 'conleyf@sakura.ne.jp', 'conleyf@sakura.ne.jp', 0, '2019-06-07 05:28:54')
   SELECT @AspNetUserID = UserId FROM aspnet_Users WHERE Username = 'conleyf@sakura.ne.jp'
   INSERT INTO dbo.aspnet_Membership(ApplicationID, UserID, Password, PasswordFormat, PasswordSalt, Email, LoweredEmail, IsApproved, IsLockedOut, CreateDate, LastLoginDate, LastPasswordChangedDate, LastLockoutDate, FailedPasswordAttemptCount, FailedPasswordAttemptWindowStart, FailedPasswordAnswerAttemptCount, FailedPasswordAnswerAttemptWindowStart)
   VALUES(@ApplicationID, @AspNetUserID, 'aMoPu/jMK8Yc4dxEEtAWm+RvKkFRjT38n/c1ORi3HgGWXJI15kNozQ==', 2, 'ub/Nej8BunZL3H6o+Z7+sg==', 'conleyf@sakura.ne.jp', 'conleyf@sakura.ne.jp', 1, 0, '2019-06-07 05:28:54', '2019-06-07 05:28:54', '2019-06-07 05:28:54', '1754-01-01 00:00:00.000', 0, '1754-01-01 00:00:00.000', 0, '1754-01-01 00:00:00.000')
   INSERT INTO dbo.dnn_UserPortals(UserID, PortalID, CreatedDate, Authorised, IsDeleted, RefreshRoles)
   VALUES(@UserID, @PortalID, '2019-06-07 05:28:54', 1, 0, 0)
   INSERT INTO dbo.dnn_UserRoles(UserID, RoleID, IsTrialUsed, CreatedByUserID, CreatedOnDate, LastModifiedByUserID, LastModifiedOnDate, [Status], IsOwner)
   VALUES(@UserId, @FemaleRole, 0, 1, '2019-06-07 05:28:54', 1, '2019-06-07 05:28:54', 1, 0)
   INSERT INTO dbo.dnn_UserRoles(UserID, RoleID, IsTrialUsed, CreatedByUserID, CreatedOnDate, LastModifiedByUserID, LastModifiedOnDate, [Status], IsOwner)
   VALUES(@UserId, @AcademicRole, 0, 1, '2019-06-07 05:28:54', 1, '2019-06-07 05:28:54', 1, 0)
   INSERT INTO dbo.dnn_Users(Username, FirstName, LastName, Email, DisplayName, UpdatePassword, LastIPAddress, IsDeleted, CreatedByUserID, CreatedOnDate, LastModifiedByUserID, LastModifiedOnDate, PasswordResetToken, PasswordResetExpiration)
   VALUES('tracy.davenport@bookmyshow.com', 'Tracy', 'Davenport', 'tracy.davenport@bookmyshow.com', 'Tracy Davenport', 0, '', 0, 1, '2019-06-07 05:28:54', 1, '2019-06-07 05:28:54', NULL, NULL)
   SELECT @UserID = SCOPE_IDENTITY()
   INSERT INTO dbo.aspnet_Users(ApplicationID, UserName, LoweredUserName, IsAnonymous, LastActivityDate)
   VALUES(@ApplicationId, 'tracy.davenport@bookmyshow.com', 'tracy.davenport@bookmyshow.com', 0, '2019-06-07 05:28:54')
   SELECT @AspNetUserID = UserId FROM aspnet_Users WHERE Username = 'tracy.davenport@bookmyshow.com'
   INSERT INTO dbo.aspnet_Membership(ApplicationID, UserID, Password, PasswordFormat, PasswordSalt, Email, LoweredEmail, IsApproved, IsLockedOut, CreateDate, LastLoginDate, LastPasswordChangedDate, LastLockoutDate, FailedPasswordAttemptCount, FailedPasswordAttemptWindowStart, FailedPasswordAnswerAttemptCount, FailedPasswordAnswerAttemptWindowStart)
   VALUES(@ApplicationID, @AspNetUserID, 'aMoPu/jMK8Yc4dxEEtAWm+RvKkFRjT38n/c1ORi3HgGWXJI15kNozQ==', 2, 'ub/Nej8BunZL3H6o+Z7+sg==', 'tracy.davenport@bookmyshow.com', 'tracy.davenport@bookmyshow.com', 1, 0, '2019-06-07 05:28:54', '2019-06-07 05:28:54', '2019-06-07 05:28:54', '1754-01-01 00:00:00.000', 0, '1754-01-01 00:00:00.000', 0, '1754-01-01 00:00:00.000')
   INSERT INTO dbo.dnn_UserPortals(UserID, PortalID, CreatedDate, Authorised, IsDeleted, RefreshRoles)
   VALUES(@UserID, @PortalID, '2019-06-07 05:28:54', 1, 0, 0)
   INSERT INTO dbo.dnn_UserRoles(UserID, RoleID, IsTrialUsed, CreatedByUserID, CreatedOnDate, LastModifiedByUserID, LastModifiedOnDate, [Status], IsOwner)
   VALUES(@UserId, @FemaleRole, 0, 1, '2019-06-07 05:28:54', 1, '2019-06-07 05:28:54', 1, 0)
   INSERT INTO dbo.dnn_Users(Username, FirstName, LastName, Email, DisplayName, UpdatePassword, LastIPAddress, IsDeleted, CreatedByUserID, CreatedOnDate, LastModifiedByUserID, LastModifiedOnDate, PasswordResetToken, PasswordResetExpiration)
   VALUES('e.copeland@subscene.com', 'Edna', 'Copeland', 'e.copeland@subscene.com', 'Edna Copeland', 0, '', 0, 1, '2019-06-07 05:28:54', 1, '2019-06-07 05:28:54', NULL, NULL)
   SELECT @UserID = SCOPE_IDENTITY()
   INSERT INTO dbo.aspnet_Users(ApplicationID, UserName, LoweredUserName, IsAnonymous, LastActivityDate)
   VALUES(@ApplicationId, 'e.copeland@subscene.com', 'e.copeland@subscene.com', 0, '2019-06-07 05:28:54')
   SELECT @AspNetUserID = UserId FROM aspnet_Users WHERE Username = 'e.copeland@subscene.com'
   INSERT INTO dbo.aspnet_Membership(ApplicationID, UserID, Password, PasswordFormat, PasswordSalt, Email, LoweredEmail, IsApproved, IsLockedOut, CreateDate, LastLoginDate, LastPasswordChangedDate, LastLockoutDate, FailedPasswordAttemptCount, FailedPasswordAttemptWindowStart, FailedPasswordAnswerAttemptCount, FailedPasswordAnswerAttemptWindowStart)
   VALUES(@ApplicationID, @AspNetUserID, 'aMoPu/jMK8Yc4dxEEtAWm+RvKkFRjT38n/c1ORi3HgGWXJI15kNozQ==', 2, 'ub/Nej8BunZL3H6o+Z7+sg==', 'e.copeland@subscene.com', 'e.copeland@subscene.com', 1, 0, '2019-06-07 05:28:54', '2019-06-07 05:28:54', '2019-06-07 05:28:54', '1754-01-01 00:00:00.000', 0, '1754-01-01 00:00:00.000', 0, '1754-01-01 00:00:00.000')
   INSERT INTO dbo.dnn_UserPortals(UserID, PortalID, CreatedDate, Authorised, IsDeleted, RefreshRoles)
   VALUES(@UserID, @PortalID, '2019-06-07 05:28:54', 1, 0, 0)
   INSERT INTO dbo.dnn_UserRoles(UserID, RoleID, IsTrialUsed, CreatedByUserID, CreatedOnDate, LastModifiedByUserID, LastModifiedOnDate, [Status], IsOwner)
   VALUES(@UserId, @FemaleRole, 0, 1, '2019-06-07 05:28:54', 1, '2019-06-07 05:28:54', 1, 0)
   INSERT INTO dbo.dnn_Users(Username, FirstName, LastName, Email, DisplayName, UpdatePassword, LastIPAddress, IsDeleted, CreatedByUserID, CreatedOnDate, LastModifiedByUserID, LastModifiedOnDate, PasswordResetToken, PasswordResetExpiration)
   VALUES('masseyt@le.com', 'Tiffany', 'Massey', 'masseyt@le.com', 'Tiffany Massey', 0, '', 0, 1, '2019-06-07 05:28:54', 1, '2019-06-07 05:28:54', NULL, NULL)
   SELECT @UserID = SCOPE_IDENTITY()
   INSERT INTO dbo.aspnet_Users(ApplicationID, UserName, LoweredUserName, IsAnonymous, LastActivityDate)
   VALUES(@ApplicationId, 'masseyt@le.com', 'masseyt@le.com', 0, '2019-06-07 05:28:54')
   SELECT @AspNetUserID = UserId FROM aspnet_Users WHERE Username = 'masseyt@le.com'
   INSERT INTO dbo.aspnet_Membership(ApplicationID, UserID, Password, PasswordFormat, PasswordSalt, Email, LoweredEmail, IsApproved, IsLockedOut, CreateDate, LastLoginDate, LastPasswordChangedDate, LastLockoutDate, FailedPasswordAttemptCount, FailedPasswordAttemptWindowStart, FailedPasswordAnswerAttemptCount, FailedPasswordAnswerAttemptWindowStart)
   VALUES(@ApplicationID, @AspNetUserID, 'aMoPu/jMK8Yc4dxEEtAWm+RvKkFRjT38n/c1ORi3HgGWXJI15kNozQ==', 2, 'ub/Nej8BunZL3H6o+Z7+sg==', 'masseyt@le.com', 'masseyt@le.com', 1, 0, '2019-06-07 05:28:54', '2019-06-07 05:28:54', '2019-06-07 05:28:54', '1754-01-01 00:00:00.000', 0, '1754-01-01 00:00:00.000', 0, '1754-01-01 00:00:00.000')
   INSERT INTO dbo.dnn_UserPortals(UserID, PortalID, CreatedDate, Authorised, IsDeleted, RefreshRoles)
   VALUES(@UserID, @PortalID, '2019-06-07 05:28:54', 1, 0, 0)
   INSERT INTO dbo.dnn_UserRoles(UserID, RoleID, IsTrialUsed, CreatedByUserID, CreatedOnDate, LastModifiedByUserID, LastModifiedOnDate, [Status], IsOwner)
   VALUES(@UserId, @FemaleRole, 0, 1, '2019-06-07 05:28:54', 1, '2019-06-07 05:28:54', 1, 0)
   INSERT INTO dbo.dnn_Users(Username, FirstName, LastName, Email, DisplayName, UpdatePassword, LastIPAddress, IsDeleted, CreatedByUserID, CreatedOnDate, LastModifiedByUserID, LastModifiedOnDate, PasswordResetToken, PasswordResetExpiration)
   VALUES('carmen.lam@emol.com', 'Carmen', 'Lam', 'carmen.lam@emol.com', 'Carmen Lam', 0, '', 0, 1, '2019-06-07 05:28:54', 1, '2019-06-07 05:28:54', NULL, NULL)
   SELECT @UserID = SCOPE_IDENTITY()
   INSERT INTO dbo.aspnet_Users(ApplicationID, UserName, LoweredUserName, IsAnonymous, LastActivityDate)
   VALUES(@ApplicationId, 'carmen.lam@emol.com', 'carmen.lam@emol.com', 0, '2019-06-07 05:28:54')
   SELECT @AspNetUserID = UserId FROM aspnet_Users WHERE Username = 'carmen.lam@emol.com'
   INSERT INTO dbo.aspnet_Membership(ApplicationID, UserID, Password, PasswordFormat, PasswordSalt, Email, LoweredEmail, IsApproved, IsLockedOut, CreateDate, LastLoginDate, LastPasswordChangedDate, LastLockoutDate, FailedPasswordAttemptCount, FailedPasswordAttemptWindowStart, FailedPasswordAnswerAttemptCount, FailedPasswordAnswerAttemptWindowStart)
   VALUES(@ApplicationID, @AspNetUserID, 'aMoPu/jMK8Yc4dxEEtAWm+RvKkFRjT38n/c1ORi3HgGWXJI15kNozQ==', 2, 'ub/Nej8BunZL3H6o+Z7+sg==', 'carmen.lam@emol.com', 'carmen.lam@emol.com', 1, 0, '2019-06-07 05:28:54', '2019-06-07 05:28:54', '2019-06-07 05:28:54', '1754-01-01 00:00:00.000', 0, '1754-01-01 00:00:00.000', 0, '1754-01-01 00:00:00.000')
   INSERT INTO dbo.dnn_UserPortals(UserID, PortalID, CreatedDate, Authorised, IsDeleted, RefreshRoles)
   VALUES(@UserID, @PortalID, '2019-06-07 05:28:54', 1, 0, 0)
   INSERT INTO dbo.dnn_UserRoles(UserID, RoleID, IsTrialUsed, CreatedByUserID, CreatedOnDate, LastModifiedByUserID, LastModifiedOnDate, [Status], IsOwner)
   VALUES(@UserId, @FemaleRole, 0, 1, '2019-06-07 05:28:54', 1, '2019-06-07 05:28:54', 1, 0)
   INSERT INTO dbo.dnn_Users(Username, FirstName, LastName, Email, DisplayName, UpdatePassword, LastIPAddress, IsDeleted, CreatedByUserID, CreatedOnDate, LastModifiedByUserID, LastModifiedOnDate, PasswordResetToken, PasswordResetExpiration)
   VALUES('r.huff@justdial.com', 'Rosa', 'Huff', 'r.huff@justdial.com', 'Rosa Huff', 0, '', 0, 1, '2019-06-07 05:28:54', 1, '2019-06-07 05:28:54', NULL, NULL)
   SELECT @UserID = SCOPE_IDENTITY()
   INSERT INTO dbo.aspnet_Users(ApplicationID, UserName, LoweredUserName, IsAnonymous, LastActivityDate)
   VALUES(@ApplicationId, 'r.huff@justdial.com', 'r.huff@justdial.com', 0, '2019-06-07 05:28:54')
   SELECT @AspNetUserID = UserId FROM aspnet_Users WHERE Username = 'r.huff@justdial.com'
   INSERT INTO dbo.aspnet_Membership(ApplicationID, UserID, Password, PasswordFormat, PasswordSalt, Email, LoweredEmail, IsApproved, IsLockedOut, CreateDate, LastLoginDate, LastPasswordChangedDate, LastLockoutDate, FailedPasswordAttemptCount, FailedPasswordAttemptWindowStart, FailedPasswordAnswerAttemptCount, FailedPasswordAnswerAttemptWindowStart)
   VALUES(@ApplicationID, @AspNetUserID, 'aMoPu/jMK8Yc4dxEEtAWm+RvKkFRjT38n/c1ORi3HgGWXJI15kNozQ==', 2, 'ub/Nej8BunZL3H6o+Z7+sg==', 'r.huff@justdial.com', 'r.huff@justdial.com', 1, 0, '2019-06-07 05:28:54', '2019-06-07 05:28:54', '2019-06-07 05:28:54', '1754-01-01 00:00:00.000', 0, '1754-01-01 00:00:00.000', 0, '1754-01-01 00:00:00.000')
   INSERT INTO dbo.dnn_UserPortals(UserID, PortalID, CreatedDate, Authorised, IsDeleted, RefreshRoles)
   VALUES(@UserID, @PortalID, '2019-06-07 05:28:54', 1, 0, 0)
   INSERT INTO dbo.dnn_UserRoles(UserID, RoleID, IsTrialUsed, CreatedByUserID, CreatedOnDate, LastModifiedByUserID, LastModifiedOnDate, [Status], IsOwner)
   VALUES(@UserId, @FemaleRole, 0, 1, '2019-06-07 05:28:54', 1, '2019-06-07 05:28:54', 1, 0)
   INSERT INTO dbo.dnn_Users(Username, FirstName, LastName, Email, DisplayName, UpdatePassword, LastIPAddress, IsDeleted, CreatedByUserID, CreatedOnDate, LastModifiedByUserID, LastModifiedOnDate, PasswordResetToken, PasswordResetExpiration)
   VALUES('rochac@11st.co.kr', 'Cindy', 'Rocha', 'rochac@11st.co.kr', 'Cindy Rocha', 0, '', 0, 1, '2019-06-07 05:28:54', 1, '2019-06-07 05:28:54', NULL, NULL)
   SELECT @UserID = SCOPE_IDENTITY()
   INSERT INTO dbo.aspnet_Users(ApplicationID, UserName, LoweredUserName, IsAnonymous, LastActivityDate)
   VALUES(@ApplicationId, 'rochac@11st.co.kr', 'rochac@11st.co.kr', 0, '2019-06-07 05:28:54')
   SELECT @AspNetUserID = UserId FROM aspnet_Users WHERE Username = 'rochac@11st.co.kr'
   INSERT INTO dbo.aspnet_Membership(ApplicationID, UserID, Password, PasswordFormat, PasswordSalt, Email, LoweredEmail, IsApproved, IsLockedOut, CreateDate, LastLoginDate, LastPasswordChangedDate, LastLockoutDate, FailedPasswordAttemptCount, FailedPasswordAttemptWindowStart, FailedPasswordAnswerAttemptCount, FailedPasswordAnswerAttemptWindowStart)
   VALUES(@ApplicationID, @AspNetUserID, 'aMoPu/jMK8Yc4dxEEtAWm+RvKkFRjT38n/c1ORi3HgGWXJI15kNozQ==', 2, 'ub/Nej8BunZL3H6o+Z7+sg==', 'rochac@11st.co.kr', 'rochac@11st.co.kr', 1, 0, '2019-06-07 05:28:54', '2019-06-07 05:28:54', '2019-06-07 05:28:54', '1754-01-01 00:00:00.000', 0, '1754-01-01 00:00:00.000', 0, '1754-01-01 00:00:00.000')
   INSERT INTO dbo.dnn_UserPortals(UserID, PortalID, CreatedDate, Authorised, IsDeleted, RefreshRoles)
   VALUES(@UserID, @PortalID, '2019-06-07 05:28:54', 1, 0, 0)
   INSERT INTO dbo.dnn_UserRoles(UserID, RoleID, IsTrialUsed, CreatedByUserID, CreatedOnDate, LastModifiedByUserID, LastModifiedOnDate, [Status], IsOwner)
   VALUES(@UserId, @FemaleRole, 0, 1, '2019-06-07 05:28:54', 1, '2019-06-07 05:28:54', 1, 0)
   INSERT INTO dbo.dnn_Users(Username, FirstName, LastName, Email, DisplayName, UpdatePassword, LastIPAddress, IsDeleted, CreatedByUserID, CreatedOnDate, LastModifiedByUserID, LastModifiedOnDate, PasswordResetToken, PasswordResetExpiration)
   VALUES('grace.cameron@cookpad.com', 'Grace', 'Cameron', 'grace.cameron@cookpad.com', 'Grace Cameron', 0, '', 0, 1, '2019-06-07 05:28:54', 1, '2019-06-07 05:28:54', NULL, NULL)
   SELECT @UserID = SCOPE_IDENTITY()
   INSERT INTO dbo.aspnet_Users(ApplicationID, UserName, LoweredUserName, IsAnonymous, LastActivityDate)
   VALUES(@ApplicationId, 'grace.cameron@cookpad.com', 'grace.cameron@cookpad.com', 0, '2019-06-07 05:28:54')
   SELECT @AspNetUserID = UserId FROM aspnet_Users WHERE Username = 'grace.cameron@cookpad.com'
   INSERT INTO dbo.aspnet_Membership(ApplicationID, UserID, Password, PasswordFormat, PasswordSalt, Email, LoweredEmail, IsApproved, IsLockedOut, CreateDate, LastLoginDate, LastPasswordChangedDate, LastLockoutDate, FailedPasswordAttemptCount, FailedPasswordAttemptWindowStart, FailedPasswordAnswerAttemptCount, FailedPasswordAnswerAttemptWindowStart)
   VALUES(@ApplicationID, @AspNetUserID, 'aMoPu/jMK8Yc4dxEEtAWm+RvKkFRjT38n/c1ORi3HgGWXJI15kNozQ==', 2, 'ub/Nej8BunZL3H6o+Z7+sg==', 'grace.cameron@cookpad.com', 'grace.cameron@cookpad.com', 1, 0, '2019-06-07 05:28:54', '2019-06-07 05:28:54', '2019-06-07 05:28:54', '1754-01-01 00:00:00.000', 0, '1754-01-01 00:00:00.000', 0, '1754-01-01 00:00:00.000')
   INSERT INTO dbo.dnn_UserPortals(UserID, PortalID, CreatedDate, Authorised, IsDeleted, RefreshRoles)
   VALUES(@UserID, @PortalID, '2019-06-07 05:28:54', 1, 0, 0)
   INSERT INTO dbo.dnn_UserRoles(UserID, RoleID, IsTrialUsed, CreatedByUserID, CreatedOnDate, LastModifiedByUserID, LastModifiedOnDate, [Status], IsOwner)
   VALUES(@UserId, @FemaleRole, 0, 1, '2019-06-07 05:28:54', 1, '2019-06-07 05:28:54', 1, 0)
   INSERT INTO dbo.dnn_Users(Username, FirstName, LastName, Email, DisplayName, UpdatePassword, LastIPAddress, IsDeleted, CreatedByUserID, CreatedOnDate, LastModifiedByUserID, LastModifiedOnDate, PasswordResetToken, PasswordResetExpiration)
   VALUES('w.jefferson@retailmenot.com', 'Wendy', 'Jefferson', 'w.jefferson@retailmenot.com', 'Wendy Jefferson', 0, '', 0, 1, '2019-06-07 05:28:54', 1, '2019-06-07 05:28:54', NULL, NULL)
   SELECT @UserID = SCOPE_IDENTITY()
   INSERT INTO dbo.aspnet_Users(ApplicationID, UserName, LoweredUserName, IsAnonymous, LastActivityDate)
   VALUES(@ApplicationId, 'w.jefferson@retailmenot.com', 'w.jefferson@retailmenot.com', 0, '2019-06-07 05:28:54')
   SELECT @AspNetUserID = UserId FROM aspnet_Users WHERE Username = 'w.jefferson@retailmenot.com'
   INSERT INTO dbo.aspnet_Membership(ApplicationID, UserID, Password, PasswordFormat, PasswordSalt, Email, LoweredEmail, IsApproved, IsLockedOut, CreateDate, LastLoginDate, LastPasswordChangedDate, LastLockoutDate, FailedPasswordAttemptCount, FailedPasswordAttemptWindowStart, FailedPasswordAnswerAttemptCount, FailedPasswordAnswerAttemptWindowStart)
   VALUES(@ApplicationID, @AspNetUserID, 'aMoPu/jMK8Yc4dxEEtAWm+RvKkFRjT38n/c1ORi3HgGWXJI15kNozQ==', 2, 'ub/Nej8BunZL3H6o+Z7+sg==', 'w.jefferson@retailmenot.com', 'w.jefferson@retailmenot.com', 1, 0, '2019-06-07 05:28:54', '2019-06-07 05:28:54', '2019-06-07 05:28:54', '1754-01-01 00:00:00.000', 0, '1754-01-01 00:00:00.000', 0, '1754-01-01 00:00:00.000')
   INSERT INTO dbo.dnn_UserPortals(UserID, PortalID, CreatedDate, Authorised, IsDeleted, RefreshRoles)
   VALUES(@UserID, @PortalID, '2019-06-07 05:28:54', 1, 0, 0)
   INSERT INTO dbo.dnn_UserRoles(UserID, RoleID, IsTrialUsed, CreatedByUserID, CreatedOnDate, LastModifiedByUserID, LastModifiedOnDate, [Status], IsOwner)
   VALUES(@UserId, @FemaleRole, 0, 1, '2019-06-07 05:28:54', 1, '2019-06-07 05:28:54', 1, 0)
   INSERT INTO dbo.dnn_Users(Username, FirstName, LastName, Email, DisplayName, UpdatePassword, LastIPAddress, IsDeleted, CreatedByUserID, CreatedOnDate, LastModifiedByUserID, LastModifiedOnDate, PasswordResetToken, PasswordResetExpiration)
   VALUES('hoodv@thewatchseries.to', 'Victoria', 'Hood', 'hoodv@thewatchseries.to', 'Victoria Hood', 0, '', 0, 1, '2019-06-07 05:28:54', 1, '2019-06-07 05:28:54', NULL, NULL)
   SELECT @UserID = SCOPE_IDENTITY()
   INSERT INTO dbo.aspnet_Users(ApplicationID, UserName, LoweredUserName, IsAnonymous, LastActivityDate)
   VALUES(@ApplicationId, 'hoodv@thewatchseries.to', 'hoodv@thewatchseries.to', 0, '2019-06-07 05:28:54')
   SELECT @AspNetUserID = UserId FROM aspnet_Users WHERE Username = 'hoodv@thewatchseries.to'
   INSERT INTO dbo.aspnet_Membership(ApplicationID, UserID, Password, PasswordFormat, PasswordSalt, Email, LoweredEmail, IsApproved, IsLockedOut, CreateDate, LastLoginDate, LastPasswordChangedDate, LastLockoutDate, FailedPasswordAttemptCount, FailedPasswordAttemptWindowStart, FailedPasswordAnswerAttemptCount, FailedPasswordAnswerAttemptWindowStart)
   VALUES(@ApplicationID, @AspNetUserID, 'aMoPu/jMK8Yc4dxEEtAWm+RvKkFRjT38n/c1ORi3HgGWXJI15kNozQ==', 2, 'ub/Nej8BunZL3H6o+Z7+sg==', 'hoodv@thewatchseries.to', 'hoodv@thewatchseries.to', 1, 0, '2019-06-07 05:28:54', '2019-06-07 05:28:54', '2019-06-07 05:28:54', '1754-01-01 00:00:00.000', 0, '1754-01-01 00:00:00.000', 0, '1754-01-01 00:00:00.000')
   INSERT INTO dbo.dnn_UserPortals(UserID, PortalID, CreatedDate, Authorised, IsDeleted, RefreshRoles)
   VALUES(@UserID, @PortalID, '2019-06-07 05:28:54', 1, 0, 0)
   INSERT INTO dbo.dnn_UserRoles(UserID, RoleID, IsTrialUsed, CreatedByUserID, CreatedOnDate, LastModifiedByUserID, LastModifiedOnDate, [Status], IsOwner)
   VALUES(@UserId, @FemaleRole, 0, 1, '2019-06-07 05:28:54', 1, '2019-06-07 05:28:54', 1, 0)
   INSERT INTO dbo.dnn_Users(Username, FirstName, LastName, Email, DisplayName, UpdatePassword, LastIPAddress, IsDeleted, CreatedByUserID, CreatedOnDate, LastModifiedByUserID, LastModifiedOnDate, PasswordResetToken, PasswordResetExpiration)
   VALUES('edith.monroe@alicdn.com', 'Edith', 'Monroe', 'edith.monroe@alicdn.com', 'Edith Monroe', 0, '', 0, 1, '2019-06-07 05:28:54', 1, '2019-06-07 05:28:54', NULL, NULL)
   SELECT @UserID = SCOPE_IDENTITY()
   INSERT INTO dbo.aspnet_Users(ApplicationID, UserName, LoweredUserName, IsAnonymous, LastActivityDate)
   VALUES(@ApplicationId, 'edith.monroe@alicdn.com', 'edith.monroe@alicdn.com', 0, '2019-06-07 05:28:54')
   SELECT @AspNetUserID = UserId FROM aspnet_Users WHERE Username = 'edith.monroe@alicdn.com'
   INSERT INTO dbo.aspnet_Membership(ApplicationID, UserID, Password, PasswordFormat, PasswordSalt, Email, LoweredEmail, IsApproved, IsLockedOut, CreateDate, LastLoginDate, LastPasswordChangedDate, LastLockoutDate, FailedPasswordAttemptCount, FailedPasswordAttemptWindowStart, FailedPasswordAnswerAttemptCount, FailedPasswordAnswerAttemptWindowStart)
   VALUES(@ApplicationID, @AspNetUserID, 'aMoPu/jMK8Yc4dxEEtAWm+RvKkFRjT38n/c1ORi3HgGWXJI15kNozQ==', 2, 'ub/Nej8BunZL3H6o+Z7+sg==', 'edith.monroe@alicdn.com', 'edith.monroe@alicdn.com', 1, 0, '2019-06-07 05:28:54', '2019-06-07 05:28:54', '2019-06-07 05:28:54', '1754-01-01 00:00:00.000', 0, '1754-01-01 00:00:00.000', 0, '1754-01-01 00:00:00.000')
   INSERT INTO dbo.dnn_UserPortals(UserID, PortalID, CreatedDate, Authorised, IsDeleted, RefreshRoles)
   VALUES(@UserID, @PortalID, '2019-06-07 05:28:54', 1, 0, 0)
   INSERT INTO dbo.dnn_UserRoles(UserID, RoleID, IsTrialUsed, CreatedByUserID, CreatedOnDate, LastModifiedByUserID, LastModifiedOnDate, [Status], IsOwner)
   VALUES(@UserId, @FemaleRole, 0, 1, '2019-06-07 05:28:54', 1, '2019-06-07 05:28:54', 1, 0)
   INSERT INTO dbo.dnn_Users(Username, FirstName, LastName, Email, DisplayName, UpdatePassword, LastIPAddress, IsDeleted, CreatedByUserID, CreatedOnDate, LastModifiedByUserID, LastModifiedOnDate, PasswordResetToken, PasswordResetExpiration)
   VALUES('k.anthony@shaparak.ir', 'Kim', 'Anthony', 'k.anthony@shaparak.ir', 'Kim Anthony', 0, '', 0, 1, '2019-06-07 05:28:54', 1, '2019-06-07 05:28:54', NULL, NULL)
   SELECT @UserID = SCOPE_IDENTITY()
   INSERT INTO dbo.aspnet_Users(ApplicationID, UserName, LoweredUserName, IsAnonymous, LastActivityDate)
   VALUES(@ApplicationId, 'k.anthony@shaparak.ir', 'k.anthony@shaparak.ir', 0, '2019-06-07 05:28:54')
   SELECT @AspNetUserID = UserId FROM aspnet_Users WHERE Username = 'k.anthony@shaparak.ir'
   INSERT INTO dbo.aspnet_Membership(ApplicationID, UserID, Password, PasswordFormat, PasswordSalt, Email, LoweredEmail, IsApproved, IsLockedOut, CreateDate, LastLoginDate, LastPasswordChangedDate, LastLockoutDate, FailedPasswordAttemptCount, FailedPasswordAttemptWindowStart, FailedPasswordAnswerAttemptCount, FailedPasswordAnswerAttemptWindowStart)
   VALUES(@ApplicationID, @AspNetUserID, 'aMoPu/jMK8Yc4dxEEtAWm+RvKkFRjT38n/c1ORi3HgGWXJI15kNozQ==', 2, 'ub/Nej8BunZL3H6o+Z7+sg==', 'k.anthony@shaparak.ir', 'k.anthony@shaparak.ir', 1, 0, '2019-06-07 05:28:54', '2019-06-07 05:28:54', '2019-06-07 05:28:54', '1754-01-01 00:00:00.000', 0, '1754-01-01 00:00:00.000', 0, '1754-01-01 00:00:00.000')
   INSERT INTO dbo.dnn_UserPortals(UserID, PortalID, CreatedDate, Authorised, IsDeleted, RefreshRoles)
   VALUES(@UserID, @PortalID, '2019-06-07 05:28:54', 1, 0, 0)
   INSERT INTO dbo.dnn_UserRoles(UserID, RoleID, IsTrialUsed, CreatedByUserID, CreatedOnDate, LastModifiedByUserID, LastModifiedOnDate, [Status], IsOwner)
   VALUES(@UserId, @FemaleRole, 0, 1, '2019-06-07 05:28:54', 1, '2019-06-07 05:28:54', 1, 0)
   INSERT INTO dbo.dnn_Users(Username, FirstName, LastName, Email, DisplayName, UpdatePassword, LastIPAddress, IsDeleted, CreatedByUserID, CreatedOnDate, LastModifiedByUserID, LastModifiedOnDate, PasswordResetToken, PasswordResetExpiration)
   VALUES('pittmans@corriere.it', 'Sherry', 'Pittman', 'pittmans@corriere.it', 'Sherry Pittman', 0, '', 0, 1, '2019-06-07 05:28:54', 1, '2019-06-07 05:28:54', NULL, NULL)
   SELECT @UserID = SCOPE_IDENTITY()
   INSERT INTO dbo.aspnet_Users(ApplicationID, UserName, LoweredUserName, IsAnonymous, LastActivityDate)
   VALUES(@ApplicationId, 'pittmans@corriere.it', 'pittmans@corriere.it', 0, '2019-06-07 05:28:54')
   SELECT @AspNetUserID = UserId FROM aspnet_Users WHERE Username = 'pittmans@corriere.it'
   INSERT INTO dbo.aspnet_Membership(ApplicationID, UserID, Password, PasswordFormat, PasswordSalt, Email, LoweredEmail, IsApproved, IsLockedOut, CreateDate, LastLoginDate, LastPasswordChangedDate, LastLockoutDate, FailedPasswordAttemptCount, FailedPasswordAttemptWindowStart, FailedPasswordAnswerAttemptCount, FailedPasswordAnswerAttemptWindowStart)
   VALUES(@ApplicationID, @AspNetUserID, 'aMoPu/jMK8Yc4dxEEtAWm+RvKkFRjT38n/c1ORi3HgGWXJI15kNozQ==', 2, 'ub/Nej8BunZL3H6o+Z7+sg==', 'pittmans@corriere.it', 'pittmans@corriere.it', 1, 0, '2019-06-07 05:28:54', '2019-06-07 05:28:54', '2019-06-07 05:28:54', '1754-01-01 00:00:00.000', 0, '1754-01-01 00:00:00.000', 0, '1754-01-01 00:00:00.000')
   INSERT INTO dbo.dnn_UserPortals(UserID, PortalID, CreatedDate, Authorised, IsDeleted, RefreshRoles)
   VALUES(@UserID, @PortalID, '2019-06-07 05:28:54', 1, 0, 0)
   INSERT INTO dbo.dnn_UserRoles(UserID, RoleID, IsTrialUsed, CreatedByUserID, CreatedOnDate, LastModifiedByUserID, LastModifiedOnDate, [Status], IsOwner)
   VALUES(@UserId, @FemaleRole, 0, 1, '2019-06-07 05:28:54', 1, '2019-06-07 05:28:54', 1, 0)
   INSERT INTO dbo.dnn_Users(Username, FirstName, LastName, Email, DisplayName, UpdatePassword, LastIPAddress, IsDeleted, CreatedByUserID, CreatedOnDate, LastModifiedByUserID, LastModifiedOnDate, PasswordResetToken, PasswordResetExpiration)
   VALUES('sylvia.huynh@gmarket.co.kr', 'Sylvia', 'Huynh', 'sylvia.huynh@gmarket.co.kr', 'Sylvia Huynh', 0, '', 0, 1, '2019-06-07 05:28:54', 1, '2019-06-07 05:28:54', NULL, NULL)
   SELECT @UserID = SCOPE_IDENTITY()
   INSERT INTO dbo.aspnet_Users(ApplicationID, UserName, LoweredUserName, IsAnonymous, LastActivityDate)
   VALUES(@ApplicationId, 'sylvia.huynh@gmarket.co.kr', 'sylvia.huynh@gmarket.co.kr', 0, '2019-06-07 05:28:54')
   SELECT @AspNetUserID = UserId FROM aspnet_Users WHERE Username = 'sylvia.huynh@gmarket.co.kr'
   INSERT INTO dbo.aspnet_Membership(ApplicationID, UserID, Password, PasswordFormat, PasswordSalt, Email, LoweredEmail, IsApproved, IsLockedOut, CreateDate, LastLoginDate, LastPasswordChangedDate, LastLockoutDate, FailedPasswordAttemptCount, FailedPasswordAttemptWindowStart, FailedPasswordAnswerAttemptCount, FailedPasswordAnswerAttemptWindowStart)
   VALUES(@ApplicationID, @AspNetUserID, 'aMoPu/jMK8Yc4dxEEtAWm+RvKkFRjT38n/c1ORi3HgGWXJI15kNozQ==', 2, 'ub/Nej8BunZL3H6o+Z7+sg==', 'sylvia.huynh@gmarket.co.kr', 'sylvia.huynh@gmarket.co.kr', 1, 0, '2019-06-07 05:28:54', '2019-06-07 05:28:54', '2019-06-07 05:28:54', '1754-01-01 00:00:00.000', 0, '1754-01-01 00:00:00.000', 0, '1754-01-01 00:00:00.000')
   INSERT INTO dbo.dnn_UserPortals(UserID, PortalID, CreatedDate, Authorised, IsDeleted, RefreshRoles)
   VALUES(@UserID, @PortalID, '2019-06-07 05:28:54', 1, 0, 0)
   INSERT INTO dbo.dnn_UserRoles(UserID, RoleID, IsTrialUsed, CreatedByUserID, CreatedOnDate, LastModifiedByUserID, LastModifiedOnDate, [Status], IsOwner)
   VALUES(@UserId, @FemaleRole, 0, 1, '2019-06-07 05:28:54', 1, '2019-06-07 05:28:54', 1, 0)
   INSERT INTO dbo.dnn_Users(Username, FirstName, LastName, Email, DisplayName, UpdatePassword, LastIPAddress, IsDeleted, CreatedByUserID, CreatedOnDate, LastModifiedByUserID, LastModifiedOnDate, PasswordResetToken, PasswordResetExpiration)
   VALUES('j.randall@overstock.com', 'Josephine', 'Randall', 'j.randall@overstock.com', 'Josephine Randall', 0, '', 0, 1, '2019-06-07 05:28:54', 1, '2019-06-07 05:28:54', NULL, NULL)
   SELECT @UserID = SCOPE_IDENTITY()
   INSERT INTO dbo.aspnet_Users(ApplicationID, UserName, LoweredUserName, IsAnonymous, LastActivityDate)
   VALUES(@ApplicationId, 'j.randall@overstock.com', 'j.randall@overstock.com', 0, '2019-06-07 05:28:54')
   SELECT @AspNetUserID = UserId FROM aspnet_Users WHERE Username = 'j.randall@overstock.com'
   INSERT INTO dbo.aspnet_Membership(ApplicationID, UserID, Password, PasswordFormat, PasswordSalt, Email, LoweredEmail, IsApproved, IsLockedOut, CreateDate, LastLoginDate, LastPasswordChangedDate, LastLockoutDate, FailedPasswordAttemptCount, FailedPasswordAttemptWindowStart, FailedPasswordAnswerAttemptCount, FailedPasswordAnswerAttemptWindowStart)
   VALUES(@ApplicationID, @AspNetUserID, 'aMoPu/jMK8Yc4dxEEtAWm+RvKkFRjT38n/c1ORi3HgGWXJI15kNozQ==', 2, 'ub/Nej8BunZL3H6o+Z7+sg==', 'j.randall@overstock.com', 'j.randall@overstock.com', 1, 0, '2019-06-07 05:28:54', '2019-06-07 05:28:54', '2019-06-07 05:28:54', '1754-01-01 00:00:00.000', 0, '1754-01-01 00:00:00.000', 0, '1754-01-01 00:00:00.000')
   INSERT INTO dbo.dnn_UserPortals(UserID, PortalID, CreatedDate, Authorised, IsDeleted, RefreshRoles)
   VALUES(@UserID, @PortalID, '2019-06-07 05:28:54', 1, 0, 0)
   INSERT INTO dbo.dnn_UserRoles(UserID, RoleID, IsTrialUsed, CreatedByUserID, CreatedOnDate, LastModifiedByUserID, LastModifiedOnDate, [Status], IsOwner)
   VALUES(@UserId, @FemaleRole, 0, 1, '2019-06-07 05:28:54', 1, '2019-06-07 05:28:54', 1, 0)
   INSERT INTO dbo.dnn_Users(Username, FirstName, LastName, Email, DisplayName, UpdatePassword, LastIPAddress, IsDeleted, CreatedByUserID, CreatedOnDate, LastModifiedByUserID, LastModifiedOnDate, PasswordResetToken, PasswordResetExpiration)
   VALUES('singletont@asus.com', 'Thelma', 'Singleton', 'singletont@asus.com', 'Thelma Singleton', 0, '', 0, 1, '2019-06-07 05:28:54', 1, '2019-06-07 05:28:54', NULL, NULL)
   SELECT @UserID = SCOPE_IDENTITY()
   INSERT INTO dbo.aspnet_Users(ApplicationID, UserName, LoweredUserName, IsAnonymous, LastActivityDate)
   VALUES(@ApplicationId, 'singletont@asus.com', 'singletont@asus.com', 0, '2019-06-07 05:28:54')
   SELECT @AspNetUserID = UserId FROM aspnet_Users WHERE Username = 'singletont@asus.com'
   INSERT INTO dbo.aspnet_Membership(ApplicationID, UserID, Password, PasswordFormat, PasswordSalt, Email, LoweredEmail, IsApproved, IsLockedOut, CreateDate, LastLoginDate, LastPasswordChangedDate, LastLockoutDate, FailedPasswordAttemptCount, FailedPasswordAttemptWindowStart, FailedPasswordAnswerAttemptCount, FailedPasswordAnswerAttemptWindowStart)
   VALUES(@ApplicationID, @AspNetUserID, 'aMoPu/jMK8Yc4dxEEtAWm+RvKkFRjT38n/c1ORi3HgGWXJI15kNozQ==', 2, 'ub/Nej8BunZL3H6o+Z7+sg==', 'singletont@asus.com', 'singletont@asus.com', 1, 0, '2019-06-07 05:28:54', '2019-06-07 05:28:54', '2019-06-07 05:28:54', '1754-01-01 00:00:00.000', 0, '1754-01-01 00:00:00.000', 0, '1754-01-01 00:00:00.000')
   INSERT INTO dbo.dnn_UserPortals(UserID, PortalID, CreatedDate, Authorised, IsDeleted, RefreshRoles)
   VALUES(@UserID, @PortalID, '2019-06-07 05:28:54', 1, 0, 0)
   INSERT INTO dbo.dnn_UserRoles(UserID, RoleID, IsTrialUsed, CreatedByUserID, CreatedOnDate, LastModifiedByUserID, LastModifiedOnDate, [Status], IsOwner)
   VALUES(@UserId, @FemaleRole, 0, 1, '2019-06-07 05:28:54', 1, '2019-06-07 05:28:54', 1, 0)
   INSERT INTO dbo.dnn_Users(Username, FirstName, LastName, Email, DisplayName, UpdatePassword, LastIPAddress, IsDeleted, CreatedByUserID, CreatedOnDate, LastModifiedByUserID, LastModifiedOnDate, PasswordResetToken, PasswordResetExpiration)
   VALUES('shannon.kirk@y8.com', 'Shannon', 'Kirk', 'shannon.kirk@y8.com', 'Shannon Kirk', 0, '', 0, 1, '2019-06-07 05:28:54', 1, '2019-06-07 05:28:54', NULL, NULL)
   SELECT @UserID = SCOPE_IDENTITY()
   INSERT INTO dbo.aspnet_Users(ApplicationID, UserName, LoweredUserName, IsAnonymous, LastActivityDate)
   VALUES(@ApplicationId, 'shannon.kirk@y8.com', 'shannon.kirk@y8.com', 0, '2019-06-07 05:28:54')
   SELECT @AspNetUserID = UserId FROM aspnet_Users WHERE Username = 'shannon.kirk@y8.com'
   INSERT INTO dbo.aspnet_Membership(ApplicationID, UserID, Password, PasswordFormat, PasswordSalt, Email, LoweredEmail, IsApproved, IsLockedOut, CreateDate, LastLoginDate, LastPasswordChangedDate, LastLockoutDate, FailedPasswordAttemptCount, FailedPasswordAttemptWindowStart, FailedPasswordAnswerAttemptCount, FailedPasswordAnswerAttemptWindowStart)
   VALUES(@ApplicationID, @AspNetUserID, 'aMoPu/jMK8Yc4dxEEtAWm+RvKkFRjT38n/c1ORi3HgGWXJI15kNozQ==', 2, 'ub/Nej8BunZL3H6o+Z7+sg==', 'shannon.kirk@y8.com', 'shannon.kirk@y8.com', 1, 0, '2019-06-07 05:28:54', '2019-06-07 05:28:54', '2019-06-07 05:28:54', '1754-01-01 00:00:00.000', 0, '1754-01-01 00:00:00.000', 0, '1754-01-01 00:00:00.000')
   INSERT INTO dbo.dnn_UserPortals(UserID, PortalID, CreatedDate, Authorised, IsDeleted, RefreshRoles)
   VALUES(@UserID, @PortalID, '2019-06-07 05:28:54', 1, 0, 0)
   INSERT INTO dbo.dnn_UserRoles(UserID, RoleID, IsTrialUsed, CreatedByUserID, CreatedOnDate, LastModifiedByUserID, LastModifiedOnDate, [Status], IsOwner)
   VALUES(@UserId, @FemaleRole, 0, 1, '2019-06-07 05:28:54', 1, '2019-06-07 05:28:54', 1, 0)
   INSERT INTO dbo.dnn_UserRoles(UserID, RoleID, IsTrialUsed, CreatedByUserID, CreatedOnDate, LastModifiedByUserID, LastModifiedOnDate, [Status], IsOwner)
   VALUES(@UserId, @ManagerRole, 0, 1, '2019-06-07 05:28:54', 1, '2019-06-07 05:28:54', 1, 0)
   INSERT INTO dbo.dnn_Users(Username, FirstName, LastName, Email, DisplayName, UpdatePassword, LastIPAddress, IsDeleted, CreatedByUserID, CreatedOnDate, LastModifiedByUserID, LastModifiedOnDate, PasswordResetToken, PasswordResetExpiration)
   VALUES('s.combs@yaolan.com', 'Sheila', 'Combs', 's.combs@yaolan.com', 'Sheila Combs', 0, '', 0, 1, '2019-06-07 05:28:54', 1, '2019-06-07 05:28:54', NULL, NULL)
   SELECT @UserID = SCOPE_IDENTITY()
   INSERT INTO dbo.aspnet_Users(ApplicationID, UserName, LoweredUserName, IsAnonymous, LastActivityDate)
   VALUES(@ApplicationId, 's.combs@yaolan.com', 's.combs@yaolan.com', 0, '2019-06-07 05:28:54')
   SELECT @AspNetUserID = UserId FROM aspnet_Users WHERE Username = 's.combs@yaolan.com'
   INSERT INTO dbo.aspnet_Membership(ApplicationID, UserID, Password, PasswordFormat, PasswordSalt, Email, LoweredEmail, IsApproved, IsLockedOut, CreateDate, LastLoginDate, LastPasswordChangedDate, LastLockoutDate, FailedPasswordAttemptCount, FailedPasswordAttemptWindowStart, FailedPasswordAnswerAttemptCount, FailedPasswordAnswerAttemptWindowStart)
   VALUES(@ApplicationID, @AspNetUserID, 'aMoPu/jMK8Yc4dxEEtAWm+RvKkFRjT38n/c1ORi3HgGWXJI15kNozQ==', 2, 'ub/Nej8BunZL3H6o+Z7+sg==', 's.combs@yaolan.com', 's.combs@yaolan.com', 1, 0, '2019-06-07 05:28:54', '2019-06-07 05:28:54', '2019-06-07 05:28:54', '1754-01-01 00:00:00.000', 0, '1754-01-01 00:00:00.000', 0, '1754-01-01 00:00:00.000')
   INSERT INTO dbo.dnn_UserPortals(UserID, PortalID, CreatedDate, Authorised, IsDeleted, RefreshRoles)
   VALUES(@UserID, @PortalID, '2019-06-07 05:28:54', 1, 0, 0)
   INSERT INTO dbo.dnn_UserRoles(UserID, RoleID, IsTrialUsed, CreatedByUserID, CreatedOnDate, LastModifiedByUserID, LastModifiedOnDate, [Status], IsOwner)
   VALUES(@UserId, @FemaleRole, 0, 1, '2019-06-07 05:28:54', 1, '2019-06-07 05:28:54', 1, 0)
   INSERT INTO dbo.dnn_Users(Username, FirstName, LastName, Email, DisplayName, UpdatePassword, LastIPAddress, IsDeleted, CreatedByUserID, CreatedOnDate, LastModifiedByUserID, LastModifiedOnDate, PasswordResetToken, PasswordResetExpiration)
   VALUES('mathise@momoshop.com.tw', 'Ethel', 'Mathis', 'mathise@momoshop.com.tw', 'Ethel Mathis', 0, '', 0, 1, '2019-06-07 05:28:54', 1, '2019-06-07 05:28:54', NULL, NULL)
   SELECT @UserID = SCOPE_IDENTITY()
   INSERT INTO dbo.aspnet_Users(ApplicationID, UserName, LoweredUserName, IsAnonymous, LastActivityDate)
   VALUES(@ApplicationId, 'mathise@momoshop.com.tw', 'mathise@momoshop.com.tw', 0, '2019-06-07 05:28:54')
   SELECT @AspNetUserID = UserId FROM aspnet_Users WHERE Username = 'mathise@momoshop.com.tw'
   INSERT INTO dbo.aspnet_Membership(ApplicationID, UserID, Password, PasswordFormat, PasswordSalt, Email, LoweredEmail, IsApproved, IsLockedOut, CreateDate, LastLoginDate, LastPasswordChangedDate, LastLockoutDate, FailedPasswordAttemptCount, FailedPasswordAttemptWindowStart, FailedPasswordAnswerAttemptCount, FailedPasswordAnswerAttemptWindowStart)
   VALUES(@ApplicationID, @AspNetUserID, 'aMoPu/jMK8Yc4dxEEtAWm+RvKkFRjT38n/c1ORi3HgGWXJI15kNozQ==', 2, 'ub/Nej8BunZL3H6o+Z7+sg==', 'mathise@momoshop.com.tw', 'mathise@momoshop.com.tw', 1, 0, '2019-06-07 05:28:54', '2019-06-07 05:28:54', '2019-06-07 05:28:54', '1754-01-01 00:00:00.000', 0, '1754-01-01 00:00:00.000', 0, '1754-01-01 00:00:00.000')
   INSERT INTO dbo.dnn_UserPortals(UserID, PortalID, CreatedDate, Authorised, IsDeleted, RefreshRoles)
   VALUES(@UserID, @PortalID, '2019-06-07 05:28:54', 1, 0, 0)
   INSERT INTO dbo.dnn_UserRoles(UserID, RoleID, IsTrialUsed, CreatedByUserID, CreatedOnDate, LastModifiedByUserID, LastModifiedOnDate, [Status], IsOwner)
   VALUES(@UserId, @FemaleRole, 0, 1, '2019-06-07 05:28:54', 1, '2019-06-07 05:28:54', 1, 0)
   INSERT INTO dbo.dnn_Users(Username, FirstName, LastName, Email, DisplayName, UpdatePassword, LastIPAddress, IsDeleted, CreatedByUserID, CreatedOnDate, LastModifiedByUserID, LastModifiedOnDate, PasswordResetToken, PasswordResetExpiration)
   VALUES('ellen.christian@woot.com', 'Ellen', 'Christian', 'ellen.christian@woot.com', 'Ellen Christian', 0, '', 0, 1, '2019-06-07 05:28:54', 1, '2019-06-07 05:28:54', NULL, NULL)
   SELECT @UserID = SCOPE_IDENTITY()
   INSERT INTO dbo.aspnet_Users(ApplicationID, UserName, LoweredUserName, IsAnonymous, LastActivityDate)
   VALUES(@ApplicationId, 'ellen.christian@woot.com', 'ellen.christian@woot.com', 0, '2019-06-07 05:28:54')
   SELECT @AspNetUserID = UserId FROM aspnet_Users WHERE Username = 'ellen.christian@woot.com'
   INSERT INTO dbo.aspnet_Membership(ApplicationID, UserID, Password, PasswordFormat, PasswordSalt, Email, LoweredEmail, IsApproved, IsLockedOut, CreateDate, LastLoginDate, LastPasswordChangedDate, LastLockoutDate, FailedPasswordAttemptCount, FailedPasswordAttemptWindowStart, FailedPasswordAnswerAttemptCount, FailedPasswordAnswerAttemptWindowStart)
   VALUES(@ApplicationID, @AspNetUserID, 'aMoPu/jMK8Yc4dxEEtAWm+RvKkFRjT38n/c1ORi3HgGWXJI15kNozQ==', 2, 'ub/Nej8BunZL3H6o+Z7+sg==', 'ellen.christian@woot.com', 'ellen.christian@woot.com', 1, 0, '2019-06-07 05:28:54', '2019-06-07 05:28:54', '2019-06-07 05:28:54', '1754-01-01 00:00:00.000', 0, '1754-01-01 00:00:00.000', 0, '1754-01-01 00:00:00.000')
   INSERT INTO dbo.dnn_UserPortals(UserID, PortalID, CreatedDate, Authorised, IsDeleted, RefreshRoles)
   VALUES(@UserID, @PortalID, '2019-06-07 05:28:54', 1, 0, 0)
   INSERT INTO dbo.dnn_UserRoles(UserID, RoleID, IsTrialUsed, CreatedByUserID, CreatedOnDate, LastModifiedByUserID, LastModifiedOnDate, [Status], IsOwner)
   VALUES(@UserId, @FemaleRole, 0, 1, '2019-06-07 05:28:54', 1, '2019-06-07 05:28:54', 1, 0)
   INSERT INTO dbo.dnn_Users(Username, FirstName, LastName, Email, DisplayName, UpdatePassword, LastIPAddress, IsDeleted, CreatedByUserID, CreatedOnDate, LastModifiedByUserID, LastModifiedOnDate, PasswordResetToken, PasswordResetExpiration)
   VALUES('e.skinner@shopclues.com', 'Elaine', 'Skinner', 'e.skinner@shopclues.com', 'Elaine Skinner', 0, '', 0, 1, '2019-06-07 05:28:54', 1, '2019-06-07 05:28:54', NULL, NULL)
   SELECT @UserID = SCOPE_IDENTITY()
   INSERT INTO dbo.aspnet_Users(ApplicationID, UserName, LoweredUserName, IsAnonymous, LastActivityDate)
   VALUES(@ApplicationId, 'e.skinner@shopclues.com', 'e.skinner@shopclues.com', 0, '2019-06-07 05:28:54')
   SELECT @AspNetUserID = UserId FROM aspnet_Users WHERE Username = 'e.skinner@shopclues.com'
   INSERT INTO dbo.aspnet_Membership(ApplicationID, UserID, Password, PasswordFormat, PasswordSalt, Email, LoweredEmail, IsApproved, IsLockedOut, CreateDate, LastLoginDate, LastPasswordChangedDate, LastLockoutDate, FailedPasswordAttemptCount, FailedPasswordAttemptWindowStart, FailedPasswordAnswerAttemptCount, FailedPasswordAnswerAttemptWindowStart)
   VALUES(@ApplicationID, @AspNetUserID, 'aMoPu/jMK8Yc4dxEEtAWm+RvKkFRjT38n/c1ORi3HgGWXJI15kNozQ==', 2, 'ub/Nej8BunZL3H6o+Z7+sg==', 'e.skinner@shopclues.com', 'e.skinner@shopclues.com', 1, 0, '2019-06-07 05:28:54', '2019-06-07 05:28:54', '2019-06-07 05:28:54', '1754-01-01 00:00:00.000', 0, '1754-01-01 00:00:00.000', 0, '1754-01-01 00:00:00.000')
   INSERT INTO dbo.dnn_UserPortals(UserID, PortalID, CreatedDate, Authorised, IsDeleted, RefreshRoles)
   VALUES(@UserID, @PortalID, '2019-06-07 05:28:54', 1, 0, 0)
   INSERT INTO dbo.dnn_UserRoles(UserID, RoleID, IsTrialUsed, CreatedByUserID, CreatedOnDate, LastModifiedByUserID, LastModifiedOnDate, [Status], IsOwner)
   VALUES(@UserId, @FemaleRole, 0, 1, '2019-06-07 05:28:54', 1, '2019-06-07 05:28:54', 1, 0)
   INSERT INTO dbo.dnn_Users(Username, FirstName, LastName, Email, DisplayName, UpdatePassword, LastIPAddress, IsDeleted, CreatedByUserID, CreatedOnDate, LastModifiedByUserID, LastModifiedOnDate, PasswordResetToken, PasswordResetExpiration)
   VALUES('bradfordm@csgolounge.com', 'Marjorie', 'Bradford', 'bradfordm@csgolounge.com', 'Marjorie Bradford', 0, '', 0, 1, '2019-06-07 05:28:54', 1, '2019-06-07 05:28:54', NULL, NULL)
   SELECT @UserID = SCOPE_IDENTITY()
   INSERT INTO dbo.aspnet_Users(ApplicationID, UserName, LoweredUserName, IsAnonymous, LastActivityDate)
   VALUES(@ApplicationId, 'bradfordm@csgolounge.com', 'bradfordm@csgolounge.com', 0, '2019-06-07 05:28:54')
   SELECT @AspNetUserID = UserId FROM aspnet_Users WHERE Username = 'bradfordm@csgolounge.com'
   INSERT INTO dbo.aspnet_Membership(ApplicationID, UserID, Password, PasswordFormat, PasswordSalt, Email, LoweredEmail, IsApproved, IsLockedOut, CreateDate, LastLoginDate, LastPasswordChangedDate, LastLockoutDate, FailedPasswordAttemptCount, FailedPasswordAttemptWindowStart, FailedPasswordAnswerAttemptCount, FailedPasswordAnswerAttemptWindowStart)
   VALUES(@ApplicationID, @AspNetUserID, 'aMoPu/jMK8Yc4dxEEtAWm+RvKkFRjT38n/c1ORi3HgGWXJI15kNozQ==', 2, 'ub/Nej8BunZL3H6o+Z7+sg==', 'bradfordm@csgolounge.com', 'bradfordm@csgolounge.com', 1, 0, '2019-06-07 05:28:54', '2019-06-07 05:28:54', '2019-06-07 05:28:54', '1754-01-01 00:00:00.000', 0, '1754-01-01 00:00:00.000', 0, '1754-01-01 00:00:00.000')
   INSERT INTO dbo.dnn_UserPortals(UserID, PortalID, CreatedDate, Authorised, IsDeleted, RefreshRoles)
   VALUES(@UserID, @PortalID, '2019-06-07 05:28:54', 1, 0, 0)
   INSERT INTO dbo.dnn_UserRoles(UserID, RoleID, IsTrialUsed, CreatedByUserID, CreatedOnDate, LastModifiedByUserID, LastModifiedOnDate, [Status], IsOwner)
   VALUES(@UserId, @FemaleRole, 0, 1, '2019-06-07 05:28:54', 1, '2019-06-07 05:28:54', 1, 0)
   INSERT INTO dbo.dnn_UserRoles(UserID, RoleID, IsTrialUsed, CreatedByUserID, CreatedOnDate, LastModifiedByUserID, LastModifiedOnDate, [Status], IsOwner)
   VALUES(@UserId, @AcademicRole, 0, 1, '2019-06-07 05:28:54', 1, '2019-06-07 05:28:54', 1, 0)
   INSERT INTO dbo.dnn_Users(Username, FirstName, LastName, Email, DisplayName, UpdatePassword, LastIPAddress, IsDeleted, CreatedByUserID, CreatedOnDate, LastModifiedByUserID, LastModifiedOnDate, PasswordResetToken, PasswordResetExpiration)
   VALUES('carrie.richard@disqus.com', 'Carrie', 'Richard', 'carrie.richard@disqus.com', 'Carrie Richard', 0, '', 0, 1, '2019-06-07 05:28:54', 1, '2019-06-07 05:28:54', NULL, NULL)
   SELECT @UserID = SCOPE_IDENTITY()
   INSERT INTO dbo.aspnet_Users(ApplicationID, UserName, LoweredUserName, IsAnonymous, LastActivityDate)
   VALUES(@ApplicationId, 'carrie.richard@disqus.com', 'carrie.richard@disqus.com', 0, '2019-06-07 05:28:54')
   SELECT @AspNetUserID = UserId FROM aspnet_Users WHERE Username = 'carrie.richard@disqus.com'
   INSERT INTO dbo.aspnet_Membership(ApplicationID, UserID, Password, PasswordFormat, PasswordSalt, Email, LoweredEmail, IsApproved, IsLockedOut, CreateDate, LastLoginDate, LastPasswordChangedDate, LastLockoutDate, FailedPasswordAttemptCount, FailedPasswordAttemptWindowStart, FailedPasswordAnswerAttemptCount, FailedPasswordAnswerAttemptWindowStart)
   VALUES(@ApplicationID, @AspNetUserID, 'aMoPu/jMK8Yc4dxEEtAWm+RvKkFRjT38n/c1ORi3HgGWXJI15kNozQ==', 2, 'ub/Nej8BunZL3H6o+Z7+sg==', 'carrie.richard@disqus.com', 'carrie.richard@disqus.com', 1, 0, '2019-06-07 05:28:54', '2019-06-07 05:28:54', '2019-06-07 05:28:54', '1754-01-01 00:00:00.000', 0, '1754-01-01 00:00:00.000', 0, '1754-01-01 00:00:00.000')
   INSERT INTO dbo.dnn_UserPortals(UserID, PortalID, CreatedDate, Authorised, IsDeleted, RefreshRoles)
   VALUES(@UserID, @PortalID, '2019-06-07 05:28:54', 1, 0, 0)
   INSERT INTO dbo.dnn_UserRoles(UserID, RoleID, IsTrialUsed, CreatedByUserID, CreatedOnDate, LastModifiedByUserID, LastModifiedOnDate, [Status], IsOwner)
   VALUES(@UserId, @FemaleRole, 0, 1, '2019-06-07 05:28:54', 1, '2019-06-07 05:28:54', 1, 0)
   INSERT INTO dbo.dnn_Users(Username, FirstName, LastName, Email, DisplayName, UpdatePassword, LastIPAddress, IsDeleted, CreatedByUserID, CreatedOnDate, LastModifiedByUserID, LastModifiedOnDate, PasswordResetToken, PasswordResetExpiration)
   VALUES('c.galvan@so-net.ne.jp', 'Charlotte', 'Galvan', 'c.galvan@so-net.ne.jp', 'Charlotte Galvan', 0, '', 0, 1, '2019-06-07 05:28:54', 1, '2019-06-07 05:28:54', NULL, NULL)
   SELECT @UserID = SCOPE_IDENTITY()
   INSERT INTO dbo.aspnet_Users(ApplicationID, UserName, LoweredUserName, IsAnonymous, LastActivityDate)
   VALUES(@ApplicationId, 'c.galvan@so-net.ne.jp', 'c.galvan@so-net.ne.jp', 0, '2019-06-07 05:28:54')
   SELECT @AspNetUserID = UserId FROM aspnet_Users WHERE Username = 'c.galvan@so-net.ne.jp'
   INSERT INTO dbo.aspnet_Membership(ApplicationID, UserID, Password, PasswordFormat, PasswordSalt, Email, LoweredEmail, IsApproved, IsLockedOut, CreateDate, LastLoginDate, LastPasswordChangedDate, LastLockoutDate, FailedPasswordAttemptCount, FailedPasswordAttemptWindowStart, FailedPasswordAnswerAttemptCount, FailedPasswordAnswerAttemptWindowStart)
   VALUES(@ApplicationID, @AspNetUserID, 'aMoPu/jMK8Yc4dxEEtAWm+RvKkFRjT38n/c1ORi3HgGWXJI15kNozQ==', 2, 'ub/Nej8BunZL3H6o+Z7+sg==', 'c.galvan@so-net.ne.jp', 'c.galvan@so-net.ne.jp', 1, 0, '2019-06-07 05:28:54', '2019-06-07 05:28:54', '2019-06-07 05:28:54', '1754-01-01 00:00:00.000', 0, '1754-01-01 00:00:00.000', 0, '1754-01-01 00:00:00.000')
   INSERT INTO dbo.dnn_UserPortals(UserID, PortalID, CreatedDate, Authorised, IsDeleted, RefreshRoles)
   VALUES(@UserID, @PortalID, '2019-06-07 05:28:54', 1, 0, 0)
   INSERT INTO dbo.dnn_UserRoles(UserID, RoleID, IsTrialUsed, CreatedByUserID, CreatedOnDate, LastModifiedByUserID, LastModifiedOnDate, [Status], IsOwner)
   VALUES(@UserId, @FemaleRole, 0, 1, '2019-06-07 05:28:54', 1, '2019-06-07 05:28:54', 1, 0)
   INSERT INTO dbo.dnn_Users(Username, FirstName, LastName, Email, DisplayName, UpdatePassword, LastIPAddress, IsDeleted, CreatedByUserID, CreatedOnDate, LastModifiedByUserID, LastModifiedOnDate, PasswordResetToken, PasswordResetExpiration)
   VALUES('wallm@wattpad.com', 'Monica', 'Wall', 'wallm@wattpad.com', 'Monica Wall', 0, '', 0, 1, '2019-06-07 05:28:54', 1, '2019-06-07 05:28:54', NULL, NULL)
   SELECT @UserID = SCOPE_IDENTITY()
   INSERT INTO dbo.aspnet_Users(ApplicationID, UserName, LoweredUserName, IsAnonymous, LastActivityDate)
   VALUES(@ApplicationId, 'wallm@wattpad.com', 'wallm@wattpad.com', 0, '2019-06-07 05:28:54')
   SELECT @AspNetUserID = UserId FROM aspnet_Users WHERE Username = 'wallm@wattpad.com'
   INSERT INTO dbo.aspnet_Membership(ApplicationID, UserID, Password, PasswordFormat, PasswordSalt, Email, LoweredEmail, IsApproved, IsLockedOut, CreateDate, LastLoginDate, LastPasswordChangedDate, LastLockoutDate, FailedPasswordAttemptCount, FailedPasswordAttemptWindowStart, FailedPasswordAnswerAttemptCount, FailedPasswordAnswerAttemptWindowStart)
   VALUES(@ApplicationID, @AspNetUserID, 'aMoPu/jMK8Yc4dxEEtAWm+RvKkFRjT38n/c1ORi3HgGWXJI15kNozQ==', 2, 'ub/Nej8BunZL3H6o+Z7+sg==', 'wallm@wattpad.com', 'wallm@wattpad.com', 1, 0, '2019-06-07 05:28:54', '2019-06-07 05:28:54', '2019-06-07 05:28:54', '1754-01-01 00:00:00.000', 0, '1754-01-01 00:00:00.000', 0, '1754-01-01 00:00:00.000')
   INSERT INTO dbo.dnn_UserPortals(UserID, PortalID, CreatedDate, Authorised, IsDeleted, RefreshRoles)
   VALUES(@UserID, @PortalID, '2019-06-07 05:28:54', 1, 0, 0)
   INSERT INTO dbo.dnn_UserRoles(UserID, RoleID, IsTrialUsed, CreatedByUserID, CreatedOnDate, LastModifiedByUserID, LastModifiedOnDate, [Status], IsOwner)
   VALUES(@UserId, @FemaleRole, 0, 1, '2019-06-07 05:28:54', 1, '2019-06-07 05:28:54', 1, 0)
   INSERT INTO dbo.dnn_Users(Username, FirstName, LastName, Email, DisplayName, UpdatePassword, LastIPAddress, IsDeleted, CreatedByUserID, CreatedOnDate, LastModifiedByUserID, LastModifiedOnDate, PasswordResetToken, PasswordResetExpiration)
   VALUES('esther.boone@ytimg.com', 'Esther', 'Boone', 'esther.boone@ytimg.com', 'Esther Boone', 0, '', 0, 1, '2019-06-07 05:28:54', 1, '2019-06-07 05:28:54', NULL, NULL)
   SELECT @UserID = SCOPE_IDENTITY()
   INSERT INTO dbo.aspnet_Users(ApplicationID, UserName, LoweredUserName, IsAnonymous, LastActivityDate)
   VALUES(@ApplicationId, 'esther.boone@ytimg.com', 'esther.boone@ytimg.com', 0, '2019-06-07 05:28:54')
   SELECT @AspNetUserID = UserId FROM aspnet_Users WHERE Username = 'esther.boone@ytimg.com'
   INSERT INTO dbo.aspnet_Membership(ApplicationID, UserID, Password, PasswordFormat, PasswordSalt, Email, LoweredEmail, IsApproved, IsLockedOut, CreateDate, LastLoginDate, LastPasswordChangedDate, LastLockoutDate, FailedPasswordAttemptCount, FailedPasswordAttemptWindowStart, FailedPasswordAnswerAttemptCount, FailedPasswordAnswerAttemptWindowStart)
   VALUES(@ApplicationID, @AspNetUserID, 'aMoPu/jMK8Yc4dxEEtAWm+RvKkFRjT38n/c1ORi3HgGWXJI15kNozQ==', 2, 'ub/Nej8BunZL3H6o+Z7+sg==', 'esther.boone@ytimg.com', 'esther.boone@ytimg.com', 1, 0, '2019-06-07 05:28:54', '2019-06-07 05:28:54', '2019-06-07 05:28:54', '1754-01-01 00:00:00.000', 0, '1754-01-01 00:00:00.000', 0, '1754-01-01 00:00:00.000')
   INSERT INTO dbo.dnn_UserPortals(UserID, PortalID, CreatedDate, Authorised, IsDeleted, RefreshRoles)
   VALUES(@UserID, @PortalID, '2019-06-07 05:28:54', 1, 0, 0)
   INSERT INTO dbo.dnn_UserRoles(UserID, RoleID, IsTrialUsed, CreatedByUserID, CreatedOnDate, LastModifiedByUserID, LastModifiedOnDate, [Status], IsOwner)
   VALUES(@UserId, @FemaleRole, 0, 1, '2019-06-07 05:28:54', 1, '2019-06-07 05:28:54', 1, 0)
   INSERT INTO dbo.dnn_Users(Username, FirstName, LastName, Email, DisplayName, UpdatePassword, LastIPAddress, IsDeleted, CreatedByUserID, CreatedOnDate, LastModifiedByUserID, LastModifiedOnDate, PasswordResetToken, PasswordResetExpiration)
   VALUES('p.kirby@cbsnews.com', 'Pauline', 'Kirby', 'p.kirby@cbsnews.com', 'Pauline Kirby', 0, '', 0, 1, '2019-06-07 05:28:54', 1, '2019-06-07 05:28:54', NULL, NULL)
   SELECT @UserID = SCOPE_IDENTITY()
   INSERT INTO dbo.aspnet_Users(ApplicationID, UserName, LoweredUserName, IsAnonymous, LastActivityDate)
   VALUES(@ApplicationId, 'p.kirby@cbsnews.com', 'p.kirby@cbsnews.com', 0, '2019-06-07 05:28:54')
   SELECT @AspNetUserID = UserId FROM aspnet_Users WHERE Username = 'p.kirby@cbsnews.com'
   INSERT INTO dbo.aspnet_Membership(ApplicationID, UserID, Password, PasswordFormat, PasswordSalt, Email, LoweredEmail, IsApproved, IsLockedOut, CreateDate, LastLoginDate, LastPasswordChangedDate, LastLockoutDate, FailedPasswordAttemptCount, FailedPasswordAttemptWindowStart, FailedPasswordAnswerAttemptCount, FailedPasswordAnswerAttemptWindowStart)
   VALUES(@ApplicationID, @AspNetUserID, 'aMoPu/jMK8Yc4dxEEtAWm+RvKkFRjT38n/c1ORi3HgGWXJI15kNozQ==', 2, 'ub/Nej8BunZL3H6o+Z7+sg==', 'p.kirby@cbsnews.com', 'p.kirby@cbsnews.com', 1, 0, '2019-06-07 05:28:54', '2019-06-07 05:28:54', '2019-06-07 05:28:54', '1754-01-01 00:00:00.000', 0, '1754-01-01 00:00:00.000', 0, '1754-01-01 00:00:00.000')
   INSERT INTO dbo.dnn_UserPortals(UserID, PortalID, CreatedDate, Authorised, IsDeleted, RefreshRoles)
   VALUES(@UserID, @PortalID, '2019-06-07 05:28:54', 1, 0, 0)
   INSERT INTO dbo.dnn_UserRoles(UserID, RoleID, IsTrialUsed, CreatedByUserID, CreatedOnDate, LastModifiedByUserID, LastModifiedOnDate, [Status], IsOwner)
   VALUES(@UserId, @FemaleRole, 0, 1, '2019-06-07 05:28:54', 1, '2019-06-07 05:28:54', 1, 0)
   INSERT INTO dbo.dnn_Users(Username, FirstName, LastName, Email, DisplayName, UpdatePassword, LastIPAddress, IsDeleted, CreatedByUserID, CreatedOnDate, LastModifiedByUserID, LastModifiedOnDate, PasswordResetToken, PasswordResetExpiration)
   VALUES('wilkinsone@leagueoflegends.com', 'Emma', 'Wilkinson', 'wilkinsone@leagueoflegends.com', 'Emma Wilkinson', 0, '', 0, 1, '2019-06-07 05:28:54', 1, '2019-06-07 05:28:54', NULL, NULL)
   SELECT @UserID = SCOPE_IDENTITY()
   INSERT INTO dbo.aspnet_Users(ApplicationID, UserName, LoweredUserName, IsAnonymous, LastActivityDate)
   VALUES(@ApplicationId, 'wilkinsone@leagueoflegends.com', 'wilkinsone@leagueoflegends.com', 0, '2019-06-07 05:28:54')
   SELECT @AspNetUserID = UserId FROM aspnet_Users WHERE Username = 'wilkinsone@leagueoflegends.com'
   INSERT INTO dbo.aspnet_Membership(ApplicationID, UserID, Password, PasswordFormat, PasswordSalt, Email, LoweredEmail, IsApproved, IsLockedOut, CreateDate, LastLoginDate, LastPasswordChangedDate, LastLockoutDate, FailedPasswordAttemptCount, FailedPasswordAttemptWindowStart, FailedPasswordAnswerAttemptCount, FailedPasswordAnswerAttemptWindowStart)
   VALUES(@ApplicationID, @AspNetUserID, 'aMoPu/jMK8Yc4dxEEtAWm+RvKkFRjT38n/c1ORi3HgGWXJI15kNozQ==', 2, 'ub/Nej8BunZL3H6o+Z7+sg==', 'wilkinsone@leagueoflegends.com', 'wilkinsone@leagueoflegends.com', 1, 0, '2019-06-07 05:28:54', '2019-06-07 05:28:54', '2019-06-07 05:28:54', '1754-01-01 00:00:00.000', 0, '1754-01-01 00:00:00.000', 0, '1754-01-01 00:00:00.000')
   INSERT INTO dbo.dnn_UserPortals(UserID, PortalID, CreatedDate, Authorised, IsDeleted, RefreshRoles)
   VALUES(@UserID, @PortalID, '2019-06-07 05:28:54', 1, 0, 0)
   INSERT INTO dbo.dnn_UserRoles(UserID, RoleID, IsTrialUsed, CreatedByUserID, CreatedOnDate, LastModifiedByUserID, LastModifiedOnDate, [Status], IsOwner)
   VALUES(@UserId, @FemaleRole, 0, 1, '2019-06-07 05:28:54', 1, '2019-06-07 05:28:54', 1, 0)
   INSERT INTO dbo.dnn_Users(Username, FirstName, LastName, Email, DisplayName, UpdatePassword, LastIPAddress, IsDeleted, CreatedByUserID, CreatedOnDate, LastModifiedByUserID, LastModifiedOnDate, PasswordResetToken, PasswordResetExpiration)
   VALUES('juanita.bridges@prjcq.com', 'Juanita', 'Bridges', 'juanita.bridges@prjcq.com', 'Juanita Bridges', 0, '', 0, 1, '2019-06-07 05:28:54', 1, '2019-06-07 05:28:54', NULL, NULL)
   SELECT @UserID = SCOPE_IDENTITY()
   INSERT INTO dbo.aspnet_Users(ApplicationID, UserName, LoweredUserName, IsAnonymous, LastActivityDate)
   VALUES(@ApplicationId, 'juanita.bridges@prjcq.com', 'juanita.bridges@prjcq.com', 0, '2019-06-07 05:28:54')
   SELECT @AspNetUserID = UserId FROM aspnet_Users WHERE Username = 'juanita.bridges@prjcq.com'
   INSERT INTO dbo.aspnet_Membership(ApplicationID, UserID, Password, PasswordFormat, PasswordSalt, Email, LoweredEmail, IsApproved, IsLockedOut, CreateDate, LastLoginDate, LastPasswordChangedDate, LastLockoutDate, FailedPasswordAttemptCount, FailedPasswordAttemptWindowStart, FailedPasswordAnswerAttemptCount, FailedPasswordAnswerAttemptWindowStart)
   VALUES(@ApplicationID, @AspNetUserID, 'aMoPu/jMK8Yc4dxEEtAWm+RvKkFRjT38n/c1ORi3HgGWXJI15kNozQ==', 2, 'ub/Nej8BunZL3H6o+Z7+sg==', 'juanita.bridges@prjcq.com', 'juanita.bridges@prjcq.com', 1, 0, '2019-06-07 05:28:54', '2019-06-07 05:28:54', '2019-06-07 05:28:54', '1754-01-01 00:00:00.000', 0, '1754-01-01 00:00:00.000', 0, '1754-01-01 00:00:00.000')
   INSERT INTO dbo.dnn_UserPortals(UserID, PortalID, CreatedDate, Authorised, IsDeleted, RefreshRoles)
   VALUES(@UserID, @PortalID, '2019-06-07 05:28:54', 1, 0, 0)
   INSERT INTO dbo.dnn_UserRoles(UserID, RoleID, IsTrialUsed, CreatedByUserID, CreatedOnDate, LastModifiedByUserID, LastModifiedOnDate, [Status], IsOwner)
   VALUES(@UserId, @FemaleRole, 0, 1, '2019-06-07 05:28:54', 1, '2019-06-07 05:28:54', 1, 0)
   INSERT INTO dbo.dnn_Users(Username, FirstName, LastName, Email, DisplayName, UpdatePassword, LastIPAddress, IsDeleted, CreatedByUserID, CreatedOnDate, LastModifiedByUserID, LastModifiedOnDate, PasswordResetToken, PasswordResetExpiration)
   VALUES('a.bruce@reddituploads.com', 'Anita', 'Bruce', 'a.bruce@reddituploads.com', 'Anita Bruce', 0, '', 0, 1, '2019-06-07 05:28:54', 1, '2019-06-07 05:28:54', NULL, NULL)
   SELECT @UserID = SCOPE_IDENTITY()
   INSERT INTO dbo.aspnet_Users(ApplicationID, UserName, LoweredUserName, IsAnonymous, LastActivityDate)
   VALUES(@ApplicationId, 'a.bruce@reddituploads.com', 'a.bruce@reddituploads.com', 0, '2019-06-07 05:28:54')
   SELECT @AspNetUserID = UserId FROM aspnet_Users WHERE Username = 'a.bruce@reddituploads.com'
   INSERT INTO dbo.aspnet_Membership(ApplicationID, UserID, Password, PasswordFormat, PasswordSalt, Email, LoweredEmail, IsApproved, IsLockedOut, CreateDate, LastLoginDate, LastPasswordChangedDate, LastLockoutDate, FailedPasswordAttemptCount, FailedPasswordAttemptWindowStart, FailedPasswordAnswerAttemptCount, FailedPasswordAnswerAttemptWindowStart)
   VALUES(@ApplicationID, @AspNetUserID, 'aMoPu/jMK8Yc4dxEEtAWm+RvKkFRjT38n/c1ORi3HgGWXJI15kNozQ==', 2, 'ub/Nej8BunZL3H6o+Z7+sg==', 'a.bruce@reddituploads.com', 'a.bruce@reddituploads.com', 1, 0, '2019-06-07 05:28:54', '2019-06-07 05:28:54', '2019-06-07 05:28:54', '1754-01-01 00:00:00.000', 0, '1754-01-01 00:00:00.000', 0, '1754-01-01 00:00:00.000')
   INSERT INTO dbo.dnn_UserPortals(UserID, PortalID, CreatedDate, Authorised, IsDeleted, RefreshRoles)
   VALUES(@UserID, @PortalID, '2019-06-07 05:28:54', 1, 0, 0)
   INSERT INTO dbo.dnn_UserRoles(UserID, RoleID, IsTrialUsed, CreatedByUserID, CreatedOnDate, LastModifiedByUserID, LastModifiedOnDate, [Status], IsOwner)
   VALUES(@UserId, @FemaleRole, 0, 1, '2019-06-07 05:28:54', 1, '2019-06-07 05:28:54', 1, 0)
   INSERT INTO dbo.dnn_Users(Username, FirstName, LastName, Email, DisplayName, UpdatePassword, LastIPAddress, IsDeleted, CreatedByUserID, CreatedOnDate, LastModifiedByUserID, LastModifiedOnDate, PasswordResetToken, PasswordResetExpiration)
   VALUES('atkinsonr@patch.com', 'Rhonda', 'Atkinson', 'atkinsonr@patch.com', 'Rhonda Atkinson', 0, '', 0, 1, '2019-06-07 05:28:54', 1, '2019-06-07 05:28:54', NULL, NULL)
   SELECT @UserID = SCOPE_IDENTITY()
   INSERT INTO dbo.aspnet_Users(ApplicationID, UserName, LoweredUserName, IsAnonymous, LastActivityDate)
   VALUES(@ApplicationId, 'atkinsonr@patch.com', 'atkinsonr@patch.com', 0, '2019-06-07 05:28:54')
   SELECT @AspNetUserID = UserId FROM aspnet_Users WHERE Username = 'atkinsonr@patch.com'
   INSERT INTO dbo.aspnet_Membership(ApplicationID, UserID, Password, PasswordFormat, PasswordSalt, Email, LoweredEmail, IsApproved, IsLockedOut, CreateDate, LastLoginDate, LastPasswordChangedDate, LastLockoutDate, FailedPasswordAttemptCount, FailedPasswordAttemptWindowStart, FailedPasswordAnswerAttemptCount, FailedPasswordAnswerAttemptWindowStart)
   VALUES(@ApplicationID, @AspNetUserID, 'aMoPu/jMK8Yc4dxEEtAWm+RvKkFRjT38n/c1ORi3HgGWXJI15kNozQ==', 2, 'ub/Nej8BunZL3H6o+Z7+sg==', 'atkinsonr@patch.com', 'atkinsonr@patch.com', 1, 0, '2019-06-07 05:28:54', '2019-06-07 05:28:54', '2019-06-07 05:28:54', '1754-01-01 00:00:00.000', 0, '1754-01-01 00:00:00.000', 0, '1754-01-01 00:00:00.000')
   INSERT INTO dbo.dnn_UserPortals(UserID, PortalID, CreatedDate, Authorised, IsDeleted, RefreshRoles)
   VALUES(@UserID, @PortalID, '2019-06-07 05:28:54', 1, 0, 0)
   INSERT INTO dbo.dnn_UserRoles(UserID, RoleID, IsTrialUsed, CreatedByUserID, CreatedOnDate, LastModifiedByUserID, LastModifiedOnDate, [Status], IsOwner)
   VALUES(@UserId, @FemaleRole, 0, 1, '2019-06-07 05:28:54', 1, '2019-06-07 05:28:54', 1, 0)
   INSERT INTO dbo.dnn_Users(Username, FirstName, LastName, Email, DisplayName, UpdatePassword, LastIPAddress, IsDeleted, CreatedByUserID, CreatedOnDate, LastModifiedByUserID, LastModifiedOnDate, PasswordResetToken, PasswordResetExpiration)
   VALUES('hazel.velez@4399.com', 'Hazel', 'Velez', 'hazel.velez@4399.com', 'Hazel Velez', 0, '', 0, 1, '2019-06-07 05:28:54', 1, '2019-06-07 05:28:54', NULL, NULL)
   SELECT @UserID = SCOPE_IDENTITY()
   INSERT INTO dbo.aspnet_Users(ApplicationID, UserName, LoweredUserName, IsAnonymous, LastActivityDate)
   VALUES(@ApplicationId, 'hazel.velez@4399.com', 'hazel.velez@4399.com', 0, '2019-06-07 05:28:54')
   SELECT @AspNetUserID = UserId FROM aspnet_Users WHERE Username = 'hazel.velez@4399.com'
   INSERT INTO dbo.aspnet_Membership(ApplicationID, UserID, Password, PasswordFormat, PasswordSalt, Email, LoweredEmail, IsApproved, IsLockedOut, CreateDate, LastLoginDate, LastPasswordChangedDate, LastLockoutDate, FailedPasswordAttemptCount, FailedPasswordAttemptWindowStart, FailedPasswordAnswerAttemptCount, FailedPasswordAnswerAttemptWindowStart)
   VALUES(@ApplicationID, @AspNetUserID, 'aMoPu/jMK8Yc4dxEEtAWm+RvKkFRjT38n/c1ORi3HgGWXJI15kNozQ==', 2, 'ub/Nej8BunZL3H6o+Z7+sg==', 'hazel.velez@4399.com', 'hazel.velez@4399.com', 1, 0, '2019-06-07 05:28:54', '2019-06-07 05:28:54', '2019-06-07 05:28:54', '1754-01-01 00:00:00.000', 0, '1754-01-01 00:00:00.000', 0, '1754-01-01 00:00:00.000')
   INSERT INTO dbo.dnn_UserPortals(UserID, PortalID, CreatedDate, Authorised, IsDeleted, RefreshRoles)
   VALUES(@UserID, @PortalID, '2019-06-07 05:28:54', 1, 0, 0)
   INSERT INTO dbo.dnn_UserRoles(UserID, RoleID, IsTrialUsed, CreatedByUserID, CreatedOnDate, LastModifiedByUserID, LastModifiedOnDate, [Status], IsOwner)
   VALUES(@UserId, @FemaleRole, 0, 1, '2019-06-07 05:28:54', 1, '2019-06-07 05:28:54', 1, 0)
   INSERT INTO dbo.dnn_Users(Username, FirstName, LastName, Email, DisplayName, UpdatePassword, LastIPAddress, IsDeleted, CreatedByUserID, CreatedOnDate, LastModifiedByUserID, LastModifiedOnDate, PasswordResetToken, PasswordResetExpiration)
   VALUES('a.meza@adbooth.com', 'Amber', 'Meza', 'a.meza@adbooth.com', 'Amber Meza', 0, '', 0, 1, '2019-06-07 05:28:54', 1, '2019-06-07 05:28:54', NULL, NULL)
   SELECT @UserID = SCOPE_IDENTITY()
   INSERT INTO dbo.aspnet_Users(ApplicationID, UserName, LoweredUserName, IsAnonymous, LastActivityDate)
   VALUES(@ApplicationId, 'a.meza@adbooth.com', 'a.meza@adbooth.com', 0, '2019-06-07 05:28:54')
   SELECT @AspNetUserID = UserId FROM aspnet_Users WHERE Username = 'a.meza@adbooth.com'
   INSERT INTO dbo.aspnet_Membership(ApplicationID, UserID, Password, PasswordFormat, PasswordSalt, Email, LoweredEmail, IsApproved, IsLockedOut, CreateDate, LastLoginDate, LastPasswordChangedDate, LastLockoutDate, FailedPasswordAttemptCount, FailedPasswordAttemptWindowStart, FailedPasswordAnswerAttemptCount, FailedPasswordAnswerAttemptWindowStart)
   VALUES(@ApplicationID, @AspNetUserID, 'aMoPu/jMK8Yc4dxEEtAWm+RvKkFRjT38n/c1ORi3HgGWXJI15kNozQ==', 2, 'ub/Nej8BunZL3H6o+Z7+sg==', 'a.meza@adbooth.com', 'a.meza@adbooth.com', 1, 0, '2019-06-07 05:28:54', '2019-06-07 05:28:54', '2019-06-07 05:28:54', '1754-01-01 00:00:00.000', 0, '1754-01-01 00:00:00.000', 0, '1754-01-01 00:00:00.000')
   INSERT INTO dbo.dnn_UserPortals(UserID, PortalID, CreatedDate, Authorised, IsDeleted, RefreshRoles)
   VALUES(@UserID, @PortalID, '2019-06-07 05:28:54', 1, 0, 0)
   INSERT INTO dbo.dnn_UserRoles(UserID, RoleID, IsTrialUsed, CreatedByUserID, CreatedOnDate, LastModifiedByUserID, LastModifiedOnDate, [Status], IsOwner)
   VALUES(@UserId, @FemaleRole, 0, 1, '2019-06-07 05:28:54', 1, '2019-06-07 05:28:54', 1, 0)
   INSERT INTO dbo.dnn_Users(Username, FirstName, LastName, Email, DisplayName, UpdatePassword, LastIPAddress, IsDeleted, CreatedByUserID, CreatedOnDate, LastModifiedByUserID, LastModifiedOnDate, PasswordResetToken, PasswordResetExpiration)
   VALUES('roye@sabq.org', 'Eva', 'Roy', 'roye@sabq.org', 'Eva Roy', 0, '', 0, 1, '2019-06-07 05:28:54', 1, '2019-06-07 05:28:54', NULL, NULL)
   SELECT @UserID = SCOPE_IDENTITY()
   INSERT INTO dbo.aspnet_Users(ApplicationID, UserName, LoweredUserName, IsAnonymous, LastActivityDate)
   VALUES(@ApplicationId, 'roye@sabq.org', 'roye@sabq.org', 0, '2019-06-07 05:28:54')
   SELECT @AspNetUserID = UserId FROM aspnet_Users WHERE Username = 'roye@sabq.org'
   INSERT INTO dbo.aspnet_Membership(ApplicationID, UserID, Password, PasswordFormat, PasswordSalt, Email, LoweredEmail, IsApproved, IsLockedOut, CreateDate, LastLoginDate, LastPasswordChangedDate, LastLockoutDate, FailedPasswordAttemptCount, FailedPasswordAttemptWindowStart, FailedPasswordAnswerAttemptCount, FailedPasswordAnswerAttemptWindowStart)
   VALUES(@ApplicationID, @AspNetUserID, 'aMoPu/jMK8Yc4dxEEtAWm+RvKkFRjT38n/c1ORi3HgGWXJI15kNozQ==', 2, 'ub/Nej8BunZL3H6o+Z7+sg==', 'roye@sabq.org', 'roye@sabq.org', 1, 0, '2019-06-07 05:28:54', '2019-06-07 05:28:54', '2019-06-07 05:28:54', '1754-01-01 00:00:00.000', 0, '1754-01-01 00:00:00.000', 0, '1754-01-01 00:00:00.000')
   INSERT INTO dbo.dnn_UserPortals(UserID, PortalID, CreatedDate, Authorised, IsDeleted, RefreshRoles)
   VALUES(@UserID, @PortalID, '2019-06-07 05:28:54', 1, 0, 0)
   INSERT INTO dbo.dnn_UserRoles(UserID, RoleID, IsTrialUsed, CreatedByUserID, CreatedOnDate, LastModifiedByUserID, LastModifiedOnDate, [Status], IsOwner)
   VALUES(@UserId, @FemaleRole, 0, 1, '2019-06-07 05:28:54', 1, '2019-06-07 05:28:54', 1, 0)
   INSERT INTO dbo.dnn_Users(Username, FirstName, LastName, Email, DisplayName, UpdatePassword, LastIPAddress, IsDeleted, CreatedByUserID, CreatedOnDate, LastModifiedByUserID, LastModifiedOnDate, PasswordResetToken, PasswordResetExpiration)
   VALUES('debbie.vincent@dropbooks.tv', 'Debbie', 'Vincent', 'debbie.vincent@dropbooks.tv', 'Debbie Vincent', 0, '', 0, 1, '2019-06-07 05:28:54', 1, '2019-06-07 05:28:54', NULL, NULL)
   SELECT @UserID = SCOPE_IDENTITY()
   INSERT INTO dbo.aspnet_Users(ApplicationID, UserName, LoweredUserName, IsAnonymous, LastActivityDate)
   VALUES(@ApplicationId, 'debbie.vincent@dropbooks.tv', 'debbie.vincent@dropbooks.tv', 0, '2019-06-07 05:28:54')
   SELECT @AspNetUserID = UserId FROM aspnet_Users WHERE Username = 'debbie.vincent@dropbooks.tv'
   INSERT INTO dbo.aspnet_Membership(ApplicationID, UserID, Password, PasswordFormat, PasswordSalt, Email, LoweredEmail, IsApproved, IsLockedOut, CreateDate, LastLoginDate, LastPasswordChangedDate, LastLockoutDate, FailedPasswordAttemptCount, FailedPasswordAttemptWindowStart, FailedPasswordAnswerAttemptCount, FailedPasswordAnswerAttemptWindowStart)
   VALUES(@ApplicationID, @AspNetUserID, 'aMoPu/jMK8Yc4dxEEtAWm+RvKkFRjT38n/c1ORi3HgGWXJI15kNozQ==', 2, 'ub/Nej8BunZL3H6o+Z7+sg==', 'debbie.vincent@dropbooks.tv', 'debbie.vincent@dropbooks.tv', 1, 0, '2019-06-07 05:28:54', '2019-06-07 05:28:54', '2019-06-07 05:28:54', '1754-01-01 00:00:00.000', 0, '1754-01-01 00:00:00.000', 0, '1754-01-01 00:00:00.000')
   INSERT INTO dbo.dnn_UserPortals(UserID, PortalID, CreatedDate, Authorised, IsDeleted, RefreshRoles)
   VALUES(@UserID, @PortalID, '2019-06-07 05:28:54', 1, 0, 0)
   INSERT INTO dbo.dnn_UserRoles(UserID, RoleID, IsTrialUsed, CreatedByUserID, CreatedOnDate, LastModifiedByUserID, LastModifiedOnDate, [Status], IsOwner)
   VALUES(@UserId, @FemaleRole, 0, 1, '2019-06-07 05:28:54', 1, '2019-06-07 05:28:54', 1, 0)
   INSERT INTO dbo.dnn_Users(Username, FirstName, LastName, Email, DisplayName, UpdatePassword, LastIPAddress, IsDeleted, CreatedByUserID, CreatedOnDate, LastModifiedByUserID, LastModifiedOnDate, PasswordResetToken, PasswordResetExpiration)
   VALUES('a.york@www.gov.uk', 'April', 'York', 'a.york@www.gov.uk', 'April York', 0, '', 0, 1, '2019-06-07 05:28:54', 1, '2019-06-07 05:28:54', NULL, NULL)
   SELECT @UserID = SCOPE_IDENTITY()
   INSERT INTO dbo.aspnet_Users(ApplicationID, UserName, LoweredUserName, IsAnonymous, LastActivityDate)
   VALUES(@ApplicationId, 'a.york@www.gov.uk', 'a.york@www.gov.uk', 0, '2019-06-07 05:28:54')
   SELECT @AspNetUserID = UserId FROM aspnet_Users WHERE Username = 'a.york@www.gov.uk'
   INSERT INTO dbo.aspnet_Membership(ApplicationID, UserID, Password, PasswordFormat, PasswordSalt, Email, LoweredEmail, IsApproved, IsLockedOut, CreateDate, LastLoginDate, LastPasswordChangedDate, LastLockoutDate, FailedPasswordAttemptCount, FailedPasswordAttemptWindowStart, FailedPasswordAnswerAttemptCount, FailedPasswordAnswerAttemptWindowStart)
   VALUES(@ApplicationID, @AspNetUserID, 'aMoPu/jMK8Yc4dxEEtAWm+RvKkFRjT38n/c1ORi3HgGWXJI15kNozQ==', 2, 'ub/Nej8BunZL3H6o+Z7+sg==', 'a.york@www.gov.uk', 'a.york@www.gov.uk', 1, 0, '2019-06-07 05:28:54', '2019-06-07 05:28:54', '2019-06-07 05:28:54', '1754-01-01 00:00:00.000', 0, '1754-01-01 00:00:00.000', 0, '1754-01-01 00:00:00.000')
   INSERT INTO dbo.dnn_UserPortals(UserID, PortalID, CreatedDate, Authorised, IsDeleted, RefreshRoles)
   VALUES(@UserID, @PortalID, '2019-06-07 05:28:54', 1, 0, 0)
   INSERT INTO dbo.dnn_UserRoles(UserID, RoleID, IsTrialUsed, CreatedByUserID, CreatedOnDate, LastModifiedByUserID, LastModifiedOnDate, [Status], IsOwner)
   VALUES(@UserId, @FemaleRole, 0, 1, '2019-06-07 05:28:54', 1, '2019-06-07 05:28:54', 1, 0)
   INSERT INTO dbo.dnn_Users(Username, FirstName, LastName, Email, DisplayName, UpdatePassword, LastIPAddress, IsDeleted, CreatedByUserID, CreatedOnDate, LastModifiedByUserID, LastModifiedOnDate, PasswordResetToken, PasswordResetExpiration)
   VALUES('hodgel@udemy.com', 'Leslie', 'Hodge', 'hodgel@udemy.com', 'Leslie Hodge', 0, '', 0, 1, '2019-06-07 05:28:54', 1, '2019-06-07 05:28:54', NULL, NULL)
   SELECT @UserID = SCOPE_IDENTITY()
   INSERT INTO dbo.aspnet_Users(ApplicationID, UserName, LoweredUserName, IsAnonymous, LastActivityDate)
   VALUES(@ApplicationId, 'hodgel@udemy.com', 'hodgel@udemy.com', 0, '2019-06-07 05:28:54')
   SELECT @AspNetUserID = UserId FROM aspnet_Users WHERE Username = 'hodgel@udemy.com'
   INSERT INTO dbo.aspnet_Membership(ApplicationID, UserID, Password, PasswordFormat, PasswordSalt, Email, LoweredEmail, IsApproved, IsLockedOut, CreateDate, LastLoginDate, LastPasswordChangedDate, LastLockoutDate, FailedPasswordAttemptCount, FailedPasswordAttemptWindowStart, FailedPasswordAnswerAttemptCount, FailedPasswordAnswerAttemptWindowStart)
   VALUES(@ApplicationID, @AspNetUserID, 'aMoPu/jMK8Yc4dxEEtAWm+RvKkFRjT38n/c1ORi3HgGWXJI15kNozQ==', 2, 'ub/Nej8BunZL3H6o+Z7+sg==', 'hodgel@udemy.com', 'hodgel@udemy.com', 1, 0, '2019-06-07 05:28:54', '2019-06-07 05:28:54', '2019-06-07 05:28:54', '1754-01-01 00:00:00.000', 0, '1754-01-01 00:00:00.000', 0, '1754-01-01 00:00:00.000')
   INSERT INTO dbo.dnn_UserPortals(UserID, PortalID, CreatedDate, Authorised, IsDeleted, RefreshRoles)
   VALUES(@UserID, @PortalID, '2019-06-07 05:28:54', 1, 0, 0)
   INSERT INTO dbo.dnn_UserRoles(UserID, RoleID, IsTrialUsed, CreatedByUserID, CreatedOnDate, LastModifiedByUserID, LastModifiedOnDate, [Status], IsOwner)
   VALUES(@UserId, @FemaleRole, 0, 1, '2019-06-07 05:28:54', 1, '2019-06-07 05:28:54', 1, 0)
   INSERT INTO dbo.dnn_Users(Username, FirstName, LastName, Email, DisplayName, UpdatePassword, LastIPAddress, IsDeleted, CreatedByUserID, CreatedOnDate, LastModifiedByUserID, LastModifiedOnDate, PasswordResetToken, PasswordResetExpiration)
   VALUES('clara.villa@cnmo.com', 'Clara', 'Villa', 'clara.villa@cnmo.com', 'Clara Villa', 0, '', 0, 1, '2019-06-07 05:28:54', 1, '2019-06-07 05:28:54', NULL, NULL)
   SELECT @UserID = SCOPE_IDENTITY()
   INSERT INTO dbo.aspnet_Users(ApplicationID, UserName, LoweredUserName, IsAnonymous, LastActivityDate)
   VALUES(@ApplicationId, 'clara.villa@cnmo.com', 'clara.villa@cnmo.com', 0, '2019-06-07 05:28:54')
   SELECT @AspNetUserID = UserId FROM aspnet_Users WHERE Username = 'clara.villa@cnmo.com'
   INSERT INTO dbo.aspnet_Membership(ApplicationID, UserID, Password, PasswordFormat, PasswordSalt, Email, LoweredEmail, IsApproved, IsLockedOut, CreateDate, LastLoginDate, LastPasswordChangedDate, LastLockoutDate, FailedPasswordAttemptCount, FailedPasswordAttemptWindowStart, FailedPasswordAnswerAttemptCount, FailedPasswordAnswerAttemptWindowStart)
   VALUES(@ApplicationID, @AspNetUserID, 'aMoPu/jMK8Yc4dxEEtAWm+RvKkFRjT38n/c1ORi3HgGWXJI15kNozQ==', 2, 'ub/Nej8BunZL3H6o+Z7+sg==', 'clara.villa@cnmo.com', 'clara.villa@cnmo.com', 1, 0, '2019-06-07 05:28:54', '2019-06-07 05:28:54', '2019-06-07 05:28:54', '1754-01-01 00:00:00.000', 0, '1754-01-01 00:00:00.000', 0, '1754-01-01 00:00:00.000')
   INSERT INTO dbo.dnn_UserPortals(UserID, PortalID, CreatedDate, Authorised, IsDeleted, RefreshRoles)
   VALUES(@UserID, @PortalID, '2019-06-07 05:28:54', 1, 0, 0)
   INSERT INTO dbo.dnn_UserRoles(UserID, RoleID, IsTrialUsed, CreatedByUserID, CreatedOnDate, LastModifiedByUserID, LastModifiedOnDate, [Status], IsOwner)
   VALUES(@UserId, @FemaleRole, 0, 1, '2019-06-07 05:28:54', 1, '2019-06-07 05:28:54', 1, 0)
   INSERT INTO dbo.dnn_Users(Username, FirstName, LastName, Email, DisplayName, UpdatePassword, LastIPAddress, IsDeleted, CreatedByUserID, CreatedOnDate, LastModifiedByUserID, LastModifiedOnDate, PasswordResetToken, PasswordResetExpiration)
   VALUES('l.abbott@bleacherreport.com', 'Lucille', 'Abbott', 'l.abbott@bleacherreport.com', 'Lucille Abbott', 0, '', 0, 1, '2019-06-07 05:28:54', 1, '2019-06-07 05:28:54', NULL, NULL)
   SELECT @UserID = SCOPE_IDENTITY()
   INSERT INTO dbo.aspnet_Users(ApplicationID, UserName, LoweredUserName, IsAnonymous, LastActivityDate)
   VALUES(@ApplicationId, 'l.abbott@bleacherreport.com', 'l.abbott@bleacherreport.com', 0, '2019-06-07 05:28:54')
   SELECT @AspNetUserID = UserId FROM aspnet_Users WHERE Username = 'l.abbott@bleacherreport.com'
   INSERT INTO dbo.aspnet_Membership(ApplicationID, UserID, Password, PasswordFormat, PasswordSalt, Email, LoweredEmail, IsApproved, IsLockedOut, CreateDate, LastLoginDate, LastPasswordChangedDate, LastLockoutDate, FailedPasswordAttemptCount, FailedPasswordAttemptWindowStart, FailedPasswordAnswerAttemptCount, FailedPasswordAnswerAttemptWindowStart)
   VALUES(@ApplicationID, @AspNetUserID, 'aMoPu/jMK8Yc4dxEEtAWm+RvKkFRjT38n/c1ORi3HgGWXJI15kNozQ==', 2, 'ub/Nej8BunZL3H6o+Z7+sg==', 'l.abbott@bleacherreport.com', 'l.abbott@bleacherreport.com', 1, 0, '2019-06-07 05:28:54', '2019-06-07 05:28:54', '2019-06-07 05:28:54', '1754-01-01 00:00:00.000', 0, '1754-01-01 00:00:00.000', 0, '1754-01-01 00:00:00.000')
   INSERT INTO dbo.dnn_UserPortals(UserID, PortalID, CreatedDate, Authorised, IsDeleted, RefreshRoles)
   VALUES(@UserID, @PortalID, '2019-06-07 05:28:54', 1, 0, 0)
   INSERT INTO dbo.dnn_UserRoles(UserID, RoleID, IsTrialUsed, CreatedByUserID, CreatedOnDate, LastModifiedByUserID, LastModifiedOnDate, [Status], IsOwner)
   VALUES(@UserId, @FemaleRole, 0, 1, '2019-06-07 05:28:54', 1, '2019-06-07 05:28:54', 1, 0)
   INSERT INTO dbo.dnn_Users(Username, FirstName, LastName, Email, DisplayName, UpdatePassword, LastIPAddress, IsDeleted, CreatedByUserID, CreatedOnDate, LastModifiedByUserID, LastModifiedOnDate, PasswordResetToken, PasswordResetExpiration)
   VALUES('allisonj@aa.com', 'Jamie', 'Allison', 'allisonj@aa.com', 'Jamie Allison', 0, '', 0, 1, '2019-06-07 05:28:54', 1, '2019-06-07 05:28:54', NULL, NULL)
   SELECT @UserID = SCOPE_IDENTITY()
   INSERT INTO dbo.aspnet_Users(ApplicationID, UserName, LoweredUserName, IsAnonymous, LastActivityDate)
   VALUES(@ApplicationId, 'allisonj@aa.com', 'allisonj@aa.com', 0, '2019-06-07 05:28:54')
   SELECT @AspNetUserID = UserId FROM aspnet_Users WHERE Username = 'allisonj@aa.com'
   INSERT INTO dbo.aspnet_Membership(ApplicationID, UserID, Password, PasswordFormat, PasswordSalt, Email, LoweredEmail, IsApproved, IsLockedOut, CreateDate, LastLoginDate, LastPasswordChangedDate, LastLockoutDate, FailedPasswordAttemptCount, FailedPasswordAttemptWindowStart, FailedPasswordAnswerAttemptCount, FailedPasswordAnswerAttemptWindowStart)
   VALUES(@ApplicationID, @AspNetUserID, 'aMoPu/jMK8Yc4dxEEtAWm+RvKkFRjT38n/c1ORi3HgGWXJI15kNozQ==', 2, 'ub/Nej8BunZL3H6o+Z7+sg==', 'allisonj@aa.com', 'allisonj@aa.com', 1, 0, '2019-06-07 05:28:54', '2019-06-07 05:28:54', '2019-06-07 05:28:54', '1754-01-01 00:00:00.000', 0, '1754-01-01 00:00:00.000', 0, '1754-01-01 00:00:00.000')
   INSERT INTO dbo.dnn_UserPortals(UserID, PortalID, CreatedDate, Authorised, IsDeleted, RefreshRoles)
   VALUES(@UserID, @PortalID, '2019-06-07 05:28:54', 1, 0, 0)
   INSERT INTO dbo.dnn_UserRoles(UserID, RoleID, IsTrialUsed, CreatedByUserID, CreatedOnDate, LastModifiedByUserID, LastModifiedOnDate, [Status], IsOwner)
   VALUES(@UserId, @FemaleRole, 0, 1, '2019-06-07 05:28:54', 1, '2019-06-07 05:28:54', 1, 0)
   INSERT INTO dbo.dnn_Users(Username, FirstName, LastName, Email, DisplayName, UpdatePassword, LastIPAddress, IsDeleted, CreatedByUserID, CreatedOnDate, LastModifiedByUserID, LastModifiedOnDate, PasswordResetToken, PasswordResetExpiration)
   VALUES('joanne.tapia@lapatilla.com', 'Joanne', 'Tapia', 'joanne.tapia@lapatilla.com', 'Joanne Tapia', 0, '', 0, 1, '2019-06-07 05:28:54', 1, '2019-06-07 05:28:54', NULL, NULL)
   SELECT @UserID = SCOPE_IDENTITY()
   INSERT INTO dbo.aspnet_Users(ApplicationID, UserName, LoweredUserName, IsAnonymous, LastActivityDate)
   VALUES(@ApplicationId, 'joanne.tapia@lapatilla.com', 'joanne.tapia@lapatilla.com', 0, '2019-06-07 05:28:54')
   SELECT @AspNetUserID = UserId FROM aspnet_Users WHERE Username = 'joanne.tapia@lapatilla.com'
   INSERT INTO dbo.aspnet_Membership(ApplicationID, UserID, Password, PasswordFormat, PasswordSalt, Email, LoweredEmail, IsApproved, IsLockedOut, CreateDate, LastLoginDate, LastPasswordChangedDate, LastLockoutDate, FailedPasswordAttemptCount, FailedPasswordAttemptWindowStart, FailedPasswordAnswerAttemptCount, FailedPasswordAnswerAttemptWindowStart)
   VALUES(@ApplicationID, @AspNetUserID, 'aMoPu/jMK8Yc4dxEEtAWm+RvKkFRjT38n/c1ORi3HgGWXJI15kNozQ==', 2, 'ub/Nej8BunZL3H6o+Z7+sg==', 'joanne.tapia@lapatilla.com', 'joanne.tapia@lapatilla.com', 1, 0, '2019-06-07 05:28:54', '2019-06-07 05:28:54', '2019-06-07 05:28:54', '1754-01-01 00:00:00.000', 0, '1754-01-01 00:00:00.000', 0, '1754-01-01 00:00:00.000')
   INSERT INTO dbo.dnn_UserPortals(UserID, PortalID, CreatedDate, Authorised, IsDeleted, RefreshRoles)
   VALUES(@UserID, @PortalID, '2019-06-07 05:28:54', 1, 0, 0)
   INSERT INTO dbo.dnn_UserRoles(UserID, RoleID, IsTrialUsed, CreatedByUserID, CreatedOnDate, LastModifiedByUserID, LastModifiedOnDate, [Status], IsOwner)
   VALUES(@UserId, @FemaleRole, 0, 1, '2019-06-07 05:28:54', 1, '2019-06-07 05:28:54', 1, 0)
   INSERT INTO dbo.dnn_Users(Username, FirstName, LastName, Email, DisplayName, UpdatePassword, LastIPAddress, IsDeleted, CreatedByUserID, CreatedOnDate, LastModifiedByUserID, LastModifiedOnDate, PasswordResetToken, PasswordResetExpiration)
   VALUES('e.gates@instructables.com', 'Eleanor', 'Gates', 'e.gates@instructables.com', 'Eleanor Gates', 0, '', 0, 1, '2019-06-07 05:28:54', 1, '2019-06-07 05:28:54', NULL, NULL)
   SELECT @UserID = SCOPE_IDENTITY()
   INSERT INTO dbo.aspnet_Users(ApplicationID, UserName, LoweredUserName, IsAnonymous, LastActivityDate)
   VALUES(@ApplicationId, 'e.gates@instructables.com', 'e.gates@instructables.com', 0, '2019-06-07 05:28:54')
   SELECT @AspNetUserID = UserId FROM aspnet_Users WHERE Username = 'e.gates@instructables.com'
   INSERT INTO dbo.aspnet_Membership(ApplicationID, UserID, Password, PasswordFormat, PasswordSalt, Email, LoweredEmail, IsApproved, IsLockedOut, CreateDate, LastLoginDate, LastPasswordChangedDate, LastLockoutDate, FailedPasswordAttemptCount, FailedPasswordAttemptWindowStart, FailedPasswordAnswerAttemptCount, FailedPasswordAnswerAttemptWindowStart)
   VALUES(@ApplicationID, @AspNetUserID, 'aMoPu/jMK8Yc4dxEEtAWm+RvKkFRjT38n/c1ORi3HgGWXJI15kNozQ==', 2, 'ub/Nej8BunZL3H6o+Z7+sg==', 'e.gates@instructables.com', 'e.gates@instructables.com', 1, 0, '2019-06-07 05:28:54', '2019-06-07 05:28:54', '2019-06-07 05:28:54', '1754-01-01 00:00:00.000', 0, '1754-01-01 00:00:00.000', 0, '1754-01-01 00:00:00.000')
   INSERT INTO dbo.dnn_UserPortals(UserID, PortalID, CreatedDate, Authorised, IsDeleted, RefreshRoles)
   VALUES(@UserID, @PortalID, '2019-06-07 05:28:54', 1, 0, 0)
   INSERT INTO dbo.dnn_UserRoles(UserID, RoleID, IsTrialUsed, CreatedByUserID, CreatedOnDate, LastModifiedByUserID, LastModifiedOnDate, [Status], IsOwner)
   VALUES(@UserId, @FemaleRole, 0, 1, '2019-06-07 05:28:54', 1, '2019-06-07 05:28:54', 1, 0)
   INSERT INTO dbo.dnn_UserRoles(UserID, RoleID, IsTrialUsed, CreatedByUserID, CreatedOnDate, LastModifiedByUserID, LastModifiedOnDate, [Status], IsOwner)
   VALUES(@UserId, @ManagerRole, 0, 1, '2019-06-07 05:28:54', 1, '2019-06-07 05:28:54', 1, 0)
   INSERT INTO dbo.dnn_Users(Username, FirstName, LastName, Email, DisplayName, UpdatePassword, LastIPAddress, IsDeleted, CreatedByUserID, CreatedOnDate, LastModifiedByUserID, LastModifiedOnDate, PasswordResetToken, PasswordResetExpiration)
   VALUES('chasev@clien.net', 'Valerie', 'Chase', 'chasev@clien.net', 'Valerie Chase', 0, '', 0, 1, '2019-06-07 05:28:54', 1, '2019-06-07 05:28:54', NULL, NULL)
   SELECT @UserID = SCOPE_IDENTITY()
   INSERT INTO dbo.aspnet_Users(ApplicationID, UserName, LoweredUserName, IsAnonymous, LastActivityDate)
   VALUES(@ApplicationId, 'chasev@clien.net', 'chasev@clien.net', 0, '2019-06-07 05:28:54')
   SELECT @AspNetUserID = UserId FROM aspnet_Users WHERE Username = 'chasev@clien.net'
   INSERT INTO dbo.aspnet_Membership(ApplicationID, UserID, Password, PasswordFormat, PasswordSalt, Email, LoweredEmail, IsApproved, IsLockedOut, CreateDate, LastLoginDate, LastPasswordChangedDate, LastLockoutDate, FailedPasswordAttemptCount, FailedPasswordAttemptWindowStart, FailedPasswordAnswerAttemptCount, FailedPasswordAnswerAttemptWindowStart)
   VALUES(@ApplicationID, @AspNetUserID, 'aMoPu/jMK8Yc4dxEEtAWm+RvKkFRjT38n/c1ORi3HgGWXJI15kNozQ==', 2, 'ub/Nej8BunZL3H6o+Z7+sg==', 'chasev@clien.net', 'chasev@clien.net', 1, 0, '2019-06-07 05:28:54', '2019-06-07 05:28:54', '2019-06-07 05:28:54', '1754-01-01 00:00:00.000', 0, '1754-01-01 00:00:00.000', 0, '1754-01-01 00:00:00.000')
   INSERT INTO dbo.dnn_UserPortals(UserID, PortalID, CreatedDate, Authorised, IsDeleted, RefreshRoles)
   VALUES(@UserID, @PortalID, '2019-06-07 05:28:54', 1, 0, 0)
   INSERT INTO dbo.dnn_UserRoles(UserID, RoleID, IsTrialUsed, CreatedByUserID, CreatedOnDate, LastModifiedByUserID, LastModifiedOnDate, [Status], IsOwner)
   VALUES(@UserId, @FemaleRole, 0, 1, '2019-06-07 05:28:54', 1, '2019-06-07 05:28:54', 1, 0)
   INSERT INTO dbo.dnn_UserRoles(UserID, RoleID, IsTrialUsed, CreatedByUserID, CreatedOnDate, LastModifiedByUserID, LastModifiedOnDate, [Status], IsOwner)
   VALUES(@UserId, @AcademicRole, 0, 1, '2019-06-07 05:28:54', 1, '2019-06-07 05:28:54', 1, 0)
   INSERT INTO dbo.dnn_Users(Username, FirstName, LastName, Email, DisplayName, UpdatePassword, LastIPAddress, IsDeleted, CreatedByUserID, CreatedOnDate, LastModifiedByUserID, LastModifiedOnDate, PasswordResetToken, PasswordResetExpiration)
   VALUES('danielle.sosa@bidverdrd.com', 'Danielle', 'Sosa', 'danielle.sosa@bidverdrd.com', 'Danielle Sosa', 0, '', 0, 1, '2019-06-07 05:28:54', 1, '2019-06-07 05:28:54', NULL, NULL)
   SELECT @UserID = SCOPE_IDENTITY()
   INSERT INTO dbo.aspnet_Users(ApplicationID, UserName, LoweredUserName, IsAnonymous, LastActivityDate)
   VALUES(@ApplicationId, 'danielle.sosa@bidverdrd.com', 'danielle.sosa@bidverdrd.com', 0, '2019-06-07 05:28:54')
   SELECT @AspNetUserID = UserId FROM aspnet_Users WHERE Username = 'danielle.sosa@bidverdrd.com'
   INSERT INTO dbo.aspnet_Membership(ApplicationID, UserID, Password, PasswordFormat, PasswordSalt, Email, LoweredEmail, IsApproved, IsLockedOut, CreateDate, LastLoginDate, LastPasswordChangedDate, LastLockoutDate, FailedPasswordAttemptCount, FailedPasswordAttemptWindowStart, FailedPasswordAnswerAttemptCount, FailedPasswordAnswerAttemptWindowStart)
   VALUES(@ApplicationID, @AspNetUserID, 'aMoPu/jMK8Yc4dxEEtAWm+RvKkFRjT38n/c1ORi3HgGWXJI15kNozQ==', 2, 'ub/Nej8BunZL3H6o+Z7+sg==', 'danielle.sosa@bidverdrd.com', 'danielle.sosa@bidverdrd.com', 1, 0, '2019-06-07 05:28:54', '2019-06-07 05:28:54', '2019-06-07 05:28:54', '1754-01-01 00:00:00.000', 0, '1754-01-01 00:00:00.000', 0, '1754-01-01 00:00:00.000')
   INSERT INTO dbo.dnn_UserPortals(UserID, PortalID, CreatedDate, Authorised, IsDeleted, RefreshRoles)
   VALUES(@UserID, @PortalID, '2019-06-07 05:28:54', 1, 0, 0)
   INSERT INTO dbo.dnn_UserRoles(UserID, RoleID, IsTrialUsed, CreatedByUserID, CreatedOnDate, LastModifiedByUserID, LastModifiedOnDate, [Status], IsOwner)
   VALUES(@UserId, @FemaleRole, 0, 1, '2019-06-07 05:28:54', 1, '2019-06-07 05:28:54', 1, 0)
   INSERT INTO dbo.dnn_Users(Username, FirstName, LastName, Email, DisplayName, UpdatePassword, LastIPAddress, IsDeleted, CreatedByUserID, CreatedOnDate, LastModifiedByUserID, LastModifiedOnDate, PasswordResetToken, PasswordResetExpiration)
   VALUES('m.sweeney@nba.com', 'Megan', 'Sweeney', 'm.sweeney@nba.com', 'Megan Sweeney', 0, '', 0, 1, '2019-06-07 05:28:54', 1, '2019-06-07 05:28:54', NULL, NULL)
   SELECT @UserID = SCOPE_IDENTITY()
   INSERT INTO dbo.aspnet_Users(ApplicationID, UserName, LoweredUserName, IsAnonymous, LastActivityDate)
   VALUES(@ApplicationId, 'm.sweeney@nba.com', 'm.sweeney@nba.com', 0, '2019-06-07 05:28:54')
   SELECT @AspNetUserID = UserId FROM aspnet_Users WHERE Username = 'm.sweeney@nba.com'
   INSERT INTO dbo.aspnet_Membership(ApplicationID, UserID, Password, PasswordFormat, PasswordSalt, Email, LoweredEmail, IsApproved, IsLockedOut, CreateDate, LastLoginDate, LastPasswordChangedDate, LastLockoutDate, FailedPasswordAttemptCount, FailedPasswordAttemptWindowStart, FailedPasswordAnswerAttemptCount, FailedPasswordAnswerAttemptWindowStart)
   VALUES(@ApplicationID, @AspNetUserID, 'aMoPu/jMK8Yc4dxEEtAWm+RvKkFRjT38n/c1ORi3HgGWXJI15kNozQ==', 2, 'ub/Nej8BunZL3H6o+Z7+sg==', 'm.sweeney@nba.com', 'm.sweeney@nba.com', 1, 0, '2019-06-07 05:28:54', '2019-06-07 05:28:54', '2019-06-07 05:28:54', '1754-01-01 00:00:00.000', 0, '1754-01-01 00:00:00.000', 0, '1754-01-01 00:00:00.000')
   INSERT INTO dbo.dnn_UserPortals(UserID, PortalID, CreatedDate, Authorised, IsDeleted, RefreshRoles)
   VALUES(@UserID, @PortalID, '2019-06-07 05:28:54', 1, 0, 0)
   INSERT INTO dbo.dnn_UserRoles(UserID, RoleID, IsTrialUsed, CreatedByUserID, CreatedOnDate, LastModifiedByUserID, LastModifiedOnDate, [Status], IsOwner)
   VALUES(@UserId, @FemaleRole, 0, 1, '2019-06-07 05:28:54', 1, '2019-06-07 05:28:54', 1, 0)
   INSERT INTO dbo.dnn_Users(Username, FirstName, LastName, Email, DisplayName, UpdatePassword, LastIPAddress, IsDeleted, CreatedByUserID, CreatedOnDate, LastModifiedByUserID, LastModifiedOnDate, PasswordResetToken, PasswordResetExpiration)
   VALUES('farrella@mirror.co.uk', 'Alicia', 'Farrell', 'farrella@mirror.co.uk', 'Alicia Farrell', 0, '', 0, 1, '2019-06-07 05:28:54', 1, '2019-06-07 05:28:54', NULL, NULL)
   SELECT @UserID = SCOPE_IDENTITY()
   INSERT INTO dbo.aspnet_Users(ApplicationID, UserName, LoweredUserName, IsAnonymous, LastActivityDate)
   VALUES(@ApplicationId, 'farrella@mirror.co.uk', 'farrella@mirror.co.uk', 0, '2019-06-07 05:28:54')
   SELECT @AspNetUserID = UserId FROM aspnet_Users WHERE Username = 'farrella@mirror.co.uk'
   INSERT INTO dbo.aspnet_Membership(ApplicationID, UserID, Password, PasswordFormat, PasswordSalt, Email, LoweredEmail, IsApproved, IsLockedOut, CreateDate, LastLoginDate, LastPasswordChangedDate, LastLockoutDate, FailedPasswordAttemptCount, FailedPasswordAttemptWindowStart, FailedPasswordAnswerAttemptCount, FailedPasswordAnswerAttemptWindowStart)
   VALUES(@ApplicationID, @AspNetUserID, 'aMoPu/jMK8Yc4dxEEtAWm+RvKkFRjT38n/c1ORi3HgGWXJI15kNozQ==', 2, 'ub/Nej8BunZL3H6o+Z7+sg==', 'farrella@mirror.co.uk', 'farrella@mirror.co.uk', 1, 0, '2019-06-07 05:28:54', '2019-06-07 05:28:54', '2019-06-07 05:28:54', '1754-01-01 00:00:00.000', 0, '1754-01-01 00:00:00.000', 0, '1754-01-01 00:00:00.000')
   INSERT INTO dbo.dnn_UserPortals(UserID, PortalID, CreatedDate, Authorised, IsDeleted, RefreshRoles)
   VALUES(@UserID, @PortalID, '2019-06-07 05:28:54', 1, 0, 0)
   INSERT INTO dbo.dnn_UserRoles(UserID, RoleID, IsTrialUsed, CreatedByUserID, CreatedOnDate, LastModifiedByUserID, LastModifiedOnDate, [Status], IsOwner)
   VALUES(@UserId, @FemaleRole, 0, 1, '2019-06-07 05:28:54', 1, '2019-06-07 05:28:54', 1, 0)
   INSERT INTO dbo.dnn_Users(Username, FirstName, LastName, Email, DisplayName, UpdatePassword, LastIPAddress, IsDeleted, CreatedByUserID, CreatedOnDate, LastModifiedByUserID, LastModifiedOnDate, PasswordResetToken, PasswordResetExpiration)
   VALUES('suzanne.wyatt@interia.pl', 'Suzanne', 'Wyatt', 'suzanne.wyatt@interia.pl', 'Suzanne Wyatt', 0, '', 0, 1, '2019-06-07 05:28:54', 1, '2019-06-07 05:28:54', NULL, NULL)
   SELECT @UserID = SCOPE_IDENTITY()
   INSERT INTO dbo.aspnet_Users(ApplicationID, UserName, LoweredUserName, IsAnonymous, LastActivityDate)
   VALUES(@ApplicationId, 'suzanne.wyatt@interia.pl', 'suzanne.wyatt@interia.pl', 0, '2019-06-07 05:28:54')
   SELECT @AspNetUserID = UserId FROM aspnet_Users WHERE Username = 'suzanne.wyatt@interia.pl'
   INSERT INTO dbo.aspnet_Membership(ApplicationID, UserID, Password, PasswordFormat, PasswordSalt, Email, LoweredEmail, IsApproved, IsLockedOut, CreateDate, LastLoginDate, LastPasswordChangedDate, LastLockoutDate, FailedPasswordAttemptCount, FailedPasswordAttemptWindowStart, FailedPasswordAnswerAttemptCount, FailedPasswordAnswerAttemptWindowStart)
   VALUES(@ApplicationID, @AspNetUserID, 'aMoPu/jMK8Yc4dxEEtAWm+RvKkFRjT38n/c1ORi3HgGWXJI15kNozQ==', 2, 'ub/Nej8BunZL3H6o+Z7+sg==', 'suzanne.wyatt@interia.pl', 'suzanne.wyatt@interia.pl', 1, 0, '2019-06-07 05:28:54', '2019-06-07 05:28:54', '2019-06-07 05:28:54', '1754-01-01 00:00:00.000', 0, '1754-01-01 00:00:00.000', 0, '1754-01-01 00:00:00.000')
   INSERT INTO dbo.dnn_UserPortals(UserID, PortalID, CreatedDate, Authorised, IsDeleted, RefreshRoles)
   VALUES(@UserID, @PortalID, '2019-06-07 05:28:54', 1, 0, 0)
   INSERT INTO dbo.dnn_UserRoles(UserID, RoleID, IsTrialUsed, CreatedByUserID, CreatedOnDate, LastModifiedByUserID, LastModifiedOnDate, [Status], IsOwner)
   VALUES(@UserId, @FemaleRole, 0, 1, '2019-06-07 05:28:54', 1, '2019-06-07 05:28:54', 1, 0)
   INSERT INTO dbo.dnn_Users(Username, FirstName, LastName, Email, DisplayName, UpdatePassword, LastIPAddress, IsDeleted, CreatedByUserID, CreatedOnDate, LastModifiedByUserID, LastModifiedOnDate, PasswordResetToken, PasswordResetExpiration)
   VALUES('m.dalton@nhk.or.jp', 'Michele', 'Dalton', 'm.dalton@nhk.or.jp', 'Michele Dalton', 0, '', 0, 1, '2019-06-07 05:28:54', 1, '2019-06-07 05:28:54', NULL, NULL)
   SELECT @UserID = SCOPE_IDENTITY()
   INSERT INTO dbo.aspnet_Users(ApplicationID, UserName, LoweredUserName, IsAnonymous, LastActivityDate)
   VALUES(@ApplicationId, 'm.dalton@nhk.or.jp', 'm.dalton@nhk.or.jp', 0, '2019-06-07 05:28:54')
   SELECT @AspNetUserID = UserId FROM aspnet_Users WHERE Username = 'm.dalton@nhk.or.jp'
   INSERT INTO dbo.aspnet_Membership(ApplicationID, UserID, Password, PasswordFormat, PasswordSalt, Email, LoweredEmail, IsApproved, IsLockedOut, CreateDate, LastLoginDate, LastPasswordChangedDate, LastLockoutDate, FailedPasswordAttemptCount, FailedPasswordAttemptWindowStart, FailedPasswordAnswerAttemptCount, FailedPasswordAnswerAttemptWindowStart)
   VALUES(@ApplicationID, @AspNetUserID, 'aMoPu/jMK8Yc4dxEEtAWm+RvKkFRjT38n/c1ORi3HgGWXJI15kNozQ==', 2, 'ub/Nej8BunZL3H6o+Z7+sg==', 'm.dalton@nhk.or.jp', 'm.dalton@nhk.or.jp', 1, 0, '2019-06-07 05:28:54', '2019-06-07 05:28:54', '2019-06-07 05:28:54', '1754-01-01 00:00:00.000', 0, '1754-01-01 00:00:00.000', 0, '1754-01-01 00:00:00.000')
   INSERT INTO dbo.dnn_UserPortals(UserID, PortalID, CreatedDate, Authorised, IsDeleted, RefreshRoles)
   VALUES(@UserID, @PortalID, '2019-06-07 05:28:54', 1, 0, 0)
   INSERT INTO dbo.dnn_UserRoles(UserID, RoleID, IsTrialUsed, CreatedByUserID, CreatedOnDate, LastModifiedByUserID, LastModifiedOnDate, [Status], IsOwner)
   VALUES(@UserId, @FemaleRole, 0, 1, '2019-06-07 05:28:54', 1, '2019-06-07 05:28:54', 1, 0)
   INSERT INTO dbo.dnn_Users(Username, FirstName, LastName, Email, DisplayName, UpdatePassword, LastIPAddress, IsDeleted, CreatedByUserID, CreatedOnDate, LastModifiedByUserID, LastModifiedOnDate, PasswordResetToken, PasswordResetExpiration)
   VALUES('horng@ensonhaber.com', 'Gail', 'Horn', 'horng@ensonhaber.com', 'Gail Horn', 0, '', 0, 1, '2019-06-07 05:28:54', 1, '2019-06-07 05:28:54', NULL, NULL)
   SELECT @UserID = SCOPE_IDENTITY()
   INSERT INTO dbo.aspnet_Users(ApplicationID, UserName, LoweredUserName, IsAnonymous, LastActivityDate)
   VALUES(@ApplicationId, 'horng@ensonhaber.com', 'horng@ensonhaber.com', 0, '2019-06-07 05:28:54')
   SELECT @AspNetUserID = UserId FROM aspnet_Users WHERE Username = 'horng@ensonhaber.com'
   INSERT INTO dbo.aspnet_Membership(ApplicationID, UserID, Password, PasswordFormat, PasswordSalt, Email, LoweredEmail, IsApproved, IsLockedOut, CreateDate, LastLoginDate, LastPasswordChangedDate, LastLockoutDate, FailedPasswordAttemptCount, FailedPasswordAttemptWindowStart, FailedPasswordAnswerAttemptCount, FailedPasswordAnswerAttemptWindowStart)
   VALUES(@ApplicationID, @AspNetUserID, 'aMoPu/jMK8Yc4dxEEtAWm+RvKkFRjT38n/c1ORi3HgGWXJI15kNozQ==', 2, 'ub/Nej8BunZL3H6o+Z7+sg==', 'horng@ensonhaber.com', 'horng@ensonhaber.com', 1, 0, '2019-06-07 05:28:54', '2019-06-07 05:28:54', '2019-06-07 05:28:54', '1754-01-01 00:00:00.000', 0, '1754-01-01 00:00:00.000', 0, '1754-01-01 00:00:00.000')
   INSERT INTO dbo.dnn_UserPortals(UserID, PortalID, CreatedDate, Authorised, IsDeleted, RefreshRoles)
   VALUES(@UserID, @PortalID, '2019-06-07 05:28:54', 1, 0, 0)
   INSERT INTO dbo.dnn_UserRoles(UserID, RoleID, IsTrialUsed, CreatedByUserID, CreatedOnDate, LastModifiedByUserID, LastModifiedOnDate, [Status], IsOwner)
   VALUES(@UserId, @FemaleRole, 0, 1, '2019-06-07 05:28:54', 1, '2019-06-07 05:28:54', 1, 0)
   INSERT INTO dbo.dnn_Users(Username, FirstName, LastName, Email, DisplayName, UpdatePassword, LastIPAddress, IsDeleted, CreatedByUserID, CreatedOnDate, LastModifiedByUserID, LastModifiedOnDate, PasswordResetToken, PasswordResetExpiration)
   VALUES('bertha.barron@yadi.sk', 'Bertha', 'Barron', 'bertha.barron@yadi.sk', 'Bertha Barron', 0, '', 0, 1, '2019-06-07 05:28:54', 1, '2019-06-07 05:28:54', NULL, NULL)
   SELECT @UserID = SCOPE_IDENTITY()
   INSERT INTO dbo.aspnet_Users(ApplicationID, UserName, LoweredUserName, IsAnonymous, LastActivityDate)
   VALUES(@ApplicationId, 'bertha.barron@yadi.sk', 'bertha.barron@yadi.sk', 0, '2019-06-07 05:28:54')
   SELECT @AspNetUserID = UserId FROM aspnet_Users WHERE Username = 'bertha.barron@yadi.sk'
   INSERT INTO dbo.aspnet_Membership(ApplicationID, UserID, Password, PasswordFormat, PasswordSalt, Email, LoweredEmail, IsApproved, IsLockedOut, CreateDate, LastLoginDate, LastPasswordChangedDate, LastLockoutDate, FailedPasswordAttemptCount, FailedPasswordAttemptWindowStart, FailedPasswordAnswerAttemptCount, FailedPasswordAnswerAttemptWindowStart)
   VALUES(@ApplicationID, @AspNetUserID, 'aMoPu/jMK8Yc4dxEEtAWm+RvKkFRjT38n/c1ORi3HgGWXJI15kNozQ==', 2, 'ub/Nej8BunZL3H6o+Z7+sg==', 'bertha.barron@yadi.sk', 'bertha.barron@yadi.sk', 1, 0, '2019-06-07 05:28:54', '2019-06-07 05:28:54', '2019-06-07 05:28:54', '1754-01-01 00:00:00.000', 0, '1754-01-01 00:00:00.000', 0, '1754-01-01 00:00:00.000')
   INSERT INTO dbo.dnn_UserPortals(UserID, PortalID, CreatedDate, Authorised, IsDeleted, RefreshRoles)
   VALUES(@UserID, @PortalID, '2019-06-07 05:28:54', 1, 0, 0)
   INSERT INTO dbo.dnn_UserRoles(UserID, RoleID, IsTrialUsed, CreatedByUserID, CreatedOnDate, LastModifiedByUserID, LastModifiedOnDate, [Status], IsOwner)
   VALUES(@UserId, @FemaleRole, 0, 1, '2019-06-07 05:28:54', 1, '2019-06-07 05:28:54', 1, 0)
   INSERT INTO dbo.dnn_Users(Username, FirstName, LastName, Email, DisplayName, UpdatePassword, LastIPAddress, IsDeleted, CreatedByUserID, CreatedOnDate, LastModifiedByUserID, LastModifiedOnDate, PasswordResetToken, PasswordResetExpiration)
   VALUES('d.phelps@line.me', 'Darlene', 'Phelps', 'd.phelps@line.me', 'Darlene Phelps', 0, '', 0, 1, '2019-06-07 05:28:54', 1, '2019-06-07 05:28:54', NULL, NULL)
   SELECT @UserID = SCOPE_IDENTITY()
   INSERT INTO dbo.aspnet_Users(ApplicationID, UserName, LoweredUserName, IsAnonymous, LastActivityDate)
   VALUES(@ApplicationId, 'd.phelps@line.me', 'd.phelps@line.me', 0, '2019-06-07 05:28:54')
   SELECT @AspNetUserID = UserId FROM aspnet_Users WHERE Username = 'd.phelps@line.me'
   INSERT INTO dbo.aspnet_Membership(ApplicationID, UserID, Password, PasswordFormat, PasswordSalt, Email, LoweredEmail, IsApproved, IsLockedOut, CreateDate, LastLoginDate, LastPasswordChangedDate, LastLockoutDate, FailedPasswordAttemptCount, FailedPasswordAttemptWindowStart, FailedPasswordAnswerAttemptCount, FailedPasswordAnswerAttemptWindowStart)
   VALUES(@ApplicationID, @AspNetUserID, 'aMoPu/jMK8Yc4dxEEtAWm+RvKkFRjT38n/c1ORi3HgGWXJI15kNozQ==', 2, 'ub/Nej8BunZL3H6o+Z7+sg==', 'd.phelps@line.me', 'd.phelps@line.me', 1, 0, '2019-06-07 05:28:54', '2019-06-07 05:28:54', '2019-06-07 05:28:54', '1754-01-01 00:00:00.000', 0, '1754-01-01 00:00:00.000', 0, '1754-01-01 00:00:00.000')
   INSERT INTO dbo.dnn_UserPortals(UserID, PortalID, CreatedDate, Authorised, IsDeleted, RefreshRoles)
   VALUES(@UserID, @PortalID, '2019-06-07 05:28:54', 1, 0, 0)
   INSERT INTO dbo.dnn_UserRoles(UserID, RoleID, IsTrialUsed, CreatedByUserID, CreatedOnDate, LastModifiedByUserID, LastModifiedOnDate, [Status], IsOwner)
   VALUES(@UserId, @FemaleRole, 0, 1, '2019-06-07 05:28:54', 1, '2019-06-07 05:28:54', 1, 0)
   INSERT INTO dbo.dnn_Users(Username, FirstName, LastName, Email, DisplayName, UpdatePassword, LastIPAddress, IsDeleted, CreatedByUserID, CreatedOnDate, LastModifiedByUserID, LastModifiedOnDate, PasswordResetToken, PasswordResetExpiration)
   VALUES('yuv@mercadolibre.com.ve', 'Veronica', 'Yu', 'yuv@mercadolibre.com.ve', 'Veronica Yu', 0, '', 0, 1, '2019-06-07 05:28:54', 1, '2019-06-07 05:28:54', NULL, NULL)
   SELECT @UserID = SCOPE_IDENTITY()
   INSERT INTO dbo.aspnet_Users(ApplicationID, UserName, LoweredUserName, IsAnonymous, LastActivityDate)
   VALUES(@ApplicationId, 'yuv@mercadolibre.com.ve', 'yuv@mercadolibre.com.ve', 0, '2019-06-07 05:28:54')
   SELECT @AspNetUserID = UserId FROM aspnet_Users WHERE Username = 'yuv@mercadolibre.com.ve'
   INSERT INTO dbo.aspnet_Membership(ApplicationID, UserID, Password, PasswordFormat, PasswordSalt, Email, LoweredEmail, IsApproved, IsLockedOut, CreateDate, LastLoginDate, LastPasswordChangedDate, LastLockoutDate, FailedPasswordAttemptCount, FailedPasswordAttemptWindowStart, FailedPasswordAnswerAttemptCount, FailedPasswordAnswerAttemptWindowStart)
   VALUES(@ApplicationID, @AspNetUserID, 'aMoPu/jMK8Yc4dxEEtAWm+RvKkFRjT38n/c1ORi3HgGWXJI15kNozQ==', 2, 'ub/Nej8BunZL3H6o+Z7+sg==', 'yuv@mercadolibre.com.ve', 'yuv@mercadolibre.com.ve', 1, 0, '2019-06-07 05:28:54', '2019-06-07 05:28:54', '2019-06-07 05:28:54', '1754-01-01 00:00:00.000', 0, '1754-01-01 00:00:00.000', 0, '1754-01-01 00:00:00.000')
   INSERT INTO dbo.dnn_UserPortals(UserID, PortalID, CreatedDate, Authorised, IsDeleted, RefreshRoles)
   VALUES(@UserID, @PortalID, '2019-06-07 05:28:54', 1, 0, 0)
   INSERT INTO dbo.dnn_UserRoles(UserID, RoleID, IsTrialUsed, CreatedByUserID, CreatedOnDate, LastModifiedByUserID, LastModifiedOnDate, [Status], IsOwner)
   VALUES(@UserId, @FemaleRole, 0, 1, '2019-06-07 05:28:54', 1, '2019-06-07 05:28:54', 1, 0)
   INSERT INTO dbo.dnn_Users(Username, FirstName, LastName, Email, DisplayName, UpdatePassword, LastIPAddress, IsDeleted, CreatedByUserID, CreatedOnDate, LastModifiedByUserID, LastModifiedOnDate, PasswordResetToken, PasswordResetExpiration)
   VALUES('jill.dickerson@e-hentai.org', 'Jill', 'Dickerson', 'jill.dickerson@e-hentai.org', 'Jill Dickerson', 0, '', 0, 1, '2019-06-07 05:28:54', 1, '2019-06-07 05:28:54', NULL, NULL)
   SELECT @UserID = SCOPE_IDENTITY()
   INSERT INTO dbo.aspnet_Users(ApplicationID, UserName, LoweredUserName, IsAnonymous, LastActivityDate)
   VALUES(@ApplicationId, 'jill.dickerson@e-hentai.org', 'jill.dickerson@e-hentai.org', 0, '2019-06-07 05:28:54')
   SELECT @AspNetUserID = UserId FROM aspnet_Users WHERE Username = 'jill.dickerson@e-hentai.org'
   INSERT INTO dbo.aspnet_Membership(ApplicationID, UserID, Password, PasswordFormat, PasswordSalt, Email, LoweredEmail, IsApproved, IsLockedOut, CreateDate, LastLoginDate, LastPasswordChangedDate, LastLockoutDate, FailedPasswordAttemptCount, FailedPasswordAttemptWindowStart, FailedPasswordAnswerAttemptCount, FailedPasswordAnswerAttemptWindowStart)
   VALUES(@ApplicationID, @AspNetUserID, 'aMoPu/jMK8Yc4dxEEtAWm+RvKkFRjT38n/c1ORi3HgGWXJI15kNozQ==', 2, 'ub/Nej8BunZL3H6o+Z7+sg==', 'jill.dickerson@e-hentai.org', 'jill.dickerson@e-hentai.org', 1, 0, '2019-06-07 05:28:54', '2019-06-07 05:28:54', '2019-06-07 05:28:54', '1754-01-01 00:00:00.000', 0, '1754-01-01 00:00:00.000', 0, '1754-01-01 00:00:00.000')
   INSERT INTO dbo.dnn_UserPortals(UserID, PortalID, CreatedDate, Authorised, IsDeleted, RefreshRoles)
   VALUES(@UserID, @PortalID, '2019-06-07 05:28:54', 1, 0, 0)
   INSERT INTO dbo.dnn_UserRoles(UserID, RoleID, IsTrialUsed, CreatedByUserID, CreatedOnDate, LastModifiedByUserID, LastModifiedOnDate, [Status], IsOwner)
   VALUES(@UserId, @FemaleRole, 0, 1, '2019-06-07 05:28:54', 1, '2019-06-07 05:28:54', 1, 0)
   INSERT INTO dbo.dnn_Users(Username, FirstName, LastName, Email, DisplayName, UpdatePassword, LastIPAddress, IsDeleted, CreatedByUserID, CreatedOnDate, LastModifiedByUserID, LastModifiedOnDate, PasswordResetToken, PasswordResetExpiration)
   VALUES('e.heath@uploaded.net', 'Erin', 'Heath', 'e.heath@uploaded.net', 'Erin Heath', 0, '', 0, 1, '2019-06-07 05:28:54', 1, '2019-06-07 05:28:54', NULL, NULL)
   SELECT @UserID = SCOPE_IDENTITY()
   INSERT INTO dbo.aspnet_Users(ApplicationID, UserName, LoweredUserName, IsAnonymous, LastActivityDate)
   VALUES(@ApplicationId, 'e.heath@uploaded.net', 'e.heath@uploaded.net', 0, '2019-06-07 05:28:54')
   SELECT @AspNetUserID = UserId FROM aspnet_Users WHERE Username = 'e.heath@uploaded.net'
   INSERT INTO dbo.aspnet_Membership(ApplicationID, UserID, Password, PasswordFormat, PasswordSalt, Email, LoweredEmail, IsApproved, IsLockedOut, CreateDate, LastLoginDate, LastPasswordChangedDate, LastLockoutDate, FailedPasswordAttemptCount, FailedPasswordAttemptWindowStart, FailedPasswordAnswerAttemptCount, FailedPasswordAnswerAttemptWindowStart)
   VALUES(@ApplicationID, @AspNetUserID, 'aMoPu/jMK8Yc4dxEEtAWm+RvKkFRjT38n/c1ORi3HgGWXJI15kNozQ==', 2, 'ub/Nej8BunZL3H6o+Z7+sg==', 'e.heath@uploaded.net', 'e.heath@uploaded.net', 1, 0, '2019-06-07 05:28:54', '2019-06-07 05:28:54', '2019-06-07 05:28:54', '1754-01-01 00:00:00.000', 0, '1754-01-01 00:00:00.000', 0, '1754-01-01 00:00:00.000')
   INSERT INTO dbo.dnn_UserPortals(UserID, PortalID, CreatedDate, Authorised, IsDeleted, RefreshRoles)
   VALUES(@UserID, @PortalID, '2019-06-07 05:28:54', 1, 0, 0)
   INSERT INTO dbo.dnn_UserRoles(UserID, RoleID, IsTrialUsed, CreatedByUserID, CreatedOnDate, LastModifiedByUserID, LastModifiedOnDate, [Status], IsOwner)
   VALUES(@UserId, @FemaleRole, 0, 1, '2019-06-07 05:28:54', 1, '2019-06-07 05:28:54', 1, 0)
   INSERT INTO dbo.dnn_Users(Username, FirstName, LastName, Email, DisplayName, UpdatePassword, LastIPAddress, IsDeleted, CreatedByUserID, CreatedOnDate, LastModifiedByUserID, LastModifiedOnDate, PasswordResetToken, PasswordResetExpiration)
   VALUES('foleyg@verizon.com', 'Geraldine', 'Foley', 'foleyg@verizon.com', 'Geraldine Foley', 0, '', 0, 1, '2019-06-07 05:28:54', 1, '2019-06-07 05:28:54', NULL, NULL)
   SELECT @UserID = SCOPE_IDENTITY()
   INSERT INTO dbo.aspnet_Users(ApplicationID, UserName, LoweredUserName, IsAnonymous, LastActivityDate)
   VALUES(@ApplicationId, 'foleyg@verizon.com', 'foleyg@verizon.com', 0, '2019-06-07 05:28:54')
   SELECT @AspNetUserID = UserId FROM aspnet_Users WHERE Username = 'foleyg@verizon.com'
   INSERT INTO dbo.aspnet_Membership(ApplicationID, UserID, Password, PasswordFormat, PasswordSalt, Email, LoweredEmail, IsApproved, IsLockedOut, CreateDate, LastLoginDate, LastPasswordChangedDate, LastLockoutDate, FailedPasswordAttemptCount, FailedPasswordAttemptWindowStart, FailedPasswordAnswerAttemptCount, FailedPasswordAnswerAttemptWindowStart)
   VALUES(@ApplicationID, @AspNetUserID, 'aMoPu/jMK8Yc4dxEEtAWm+RvKkFRjT38n/c1ORi3HgGWXJI15kNozQ==', 2, 'ub/Nej8BunZL3H6o+Z7+sg==', 'foleyg@verizon.com', 'foleyg@verizon.com', 1, 0, '2019-06-07 05:28:54', '2019-06-07 05:28:54', '2019-06-07 05:28:54', '1754-01-01 00:00:00.000', 0, '1754-01-01 00:00:00.000', 0, '1754-01-01 00:00:00.000')
   INSERT INTO dbo.dnn_UserPortals(UserID, PortalID, CreatedDate, Authorised, IsDeleted, RefreshRoles)
   VALUES(@UserID, @PortalID, '2019-06-07 05:28:54', 1, 0, 0)
   INSERT INTO dbo.dnn_UserRoles(UserID, RoleID, IsTrialUsed, CreatedByUserID, CreatedOnDate, LastModifiedByUserID, LastModifiedOnDate, [Status], IsOwner)
   VALUES(@UserId, @FemaleRole, 0, 1, '2019-06-07 05:28:54', 1, '2019-06-07 05:28:54', 1, 0)
   INSERT INTO dbo.dnn_Users(Username, FirstName, LastName, Email, DisplayName, UpdatePassword, LastIPAddress, IsDeleted, CreatedByUserID, CreatedOnDate, LastModifiedByUserID, LastModifiedOnDate, PasswordResetToken, PasswordResetExpiration)
   VALUES('lauren.atkins@alexa.cn', 'Lauren', 'Atkins', 'lauren.atkins@alexa.cn', 'Lauren Atkins', 0, '', 0, 1, '2019-06-07 05:28:54', 1, '2019-06-07 05:28:54', NULL, NULL)
   SELECT @UserID = SCOPE_IDENTITY()
   INSERT INTO dbo.aspnet_Users(ApplicationID, UserName, LoweredUserName, IsAnonymous, LastActivityDate)
   VALUES(@ApplicationId, 'lauren.atkins@alexa.cn', 'lauren.atkins@alexa.cn', 0, '2019-06-07 05:28:54')
   SELECT @AspNetUserID = UserId FROM aspnet_Users WHERE Username = 'lauren.atkins@alexa.cn'
   INSERT INTO dbo.aspnet_Membership(ApplicationID, UserID, Password, PasswordFormat, PasswordSalt, Email, LoweredEmail, IsApproved, IsLockedOut, CreateDate, LastLoginDate, LastPasswordChangedDate, LastLockoutDate, FailedPasswordAttemptCount, FailedPasswordAttemptWindowStart, FailedPasswordAnswerAttemptCount, FailedPasswordAnswerAttemptWindowStart)
   VALUES(@ApplicationID, @AspNetUserID, 'aMoPu/jMK8Yc4dxEEtAWm+RvKkFRjT38n/c1ORi3HgGWXJI15kNozQ==', 2, 'ub/Nej8BunZL3H6o+Z7+sg==', 'lauren.atkins@alexa.cn', 'lauren.atkins@alexa.cn', 1, 0, '2019-06-07 05:28:54', '2019-06-07 05:28:54', '2019-06-07 05:28:54', '1754-01-01 00:00:00.000', 0, '1754-01-01 00:00:00.000', 0, '1754-01-01 00:00:00.000')
   INSERT INTO dbo.dnn_UserPortals(UserID, PortalID, CreatedDate, Authorised, IsDeleted, RefreshRoles)
   VALUES(@UserID, @PortalID, '2019-06-07 05:28:54', 1, 0, 0)
   INSERT INTO dbo.dnn_UserRoles(UserID, RoleID, IsTrialUsed, CreatedByUserID, CreatedOnDate, LastModifiedByUserID, LastModifiedOnDate, [Status], IsOwner)
   VALUES(@UserId, @FemaleRole, 0, 1, '2019-06-07 05:28:54', 1, '2019-06-07 05:28:54', 1, 0)
   INSERT INTO dbo.dnn_Users(Username, FirstName, LastName, Email, DisplayName, UpdatePassword, LastIPAddress, IsDeleted, CreatedByUserID, CreatedOnDate, LastModifiedByUserID, LastModifiedOnDate, PasswordResetToken, PasswordResetExpiration)
   VALUES('c.mathews@namu.wiki', 'Cathy', 'Mathews', 'c.mathews@namu.wiki', 'Cathy Mathews', 0, '', 0, 1, '2019-06-07 05:28:54', 1, '2019-06-07 05:28:54', NULL, NULL)
   SELECT @UserID = SCOPE_IDENTITY()
   INSERT INTO dbo.aspnet_Users(ApplicationID, UserName, LoweredUserName, IsAnonymous, LastActivityDate)
   VALUES(@ApplicationId, 'c.mathews@namu.wiki', 'c.mathews@namu.wiki', 0, '2019-06-07 05:28:54')
   SELECT @AspNetUserID = UserId FROM aspnet_Users WHERE Username = 'c.mathews@namu.wiki'
   INSERT INTO dbo.aspnet_Membership(ApplicationID, UserID, Password, PasswordFormat, PasswordSalt, Email, LoweredEmail, IsApproved, IsLockedOut, CreateDate, LastLoginDate, LastPasswordChangedDate, LastLockoutDate, FailedPasswordAttemptCount, FailedPasswordAttemptWindowStart, FailedPasswordAnswerAttemptCount, FailedPasswordAnswerAttemptWindowStart)
   VALUES(@ApplicationID, @AspNetUserID, 'aMoPu/jMK8Yc4dxEEtAWm+RvKkFRjT38n/c1ORi3HgGWXJI15kNozQ==', 2, 'ub/Nej8BunZL3H6o+Z7+sg==', 'c.mathews@namu.wiki', 'c.mathews@namu.wiki', 1, 0, '2019-06-07 05:28:54', '2019-06-07 05:28:54', '2019-06-07 05:28:54', '1754-01-01 00:00:00.000', 0, '1754-01-01 00:00:00.000', 0, '1754-01-01 00:00:00.000')
   INSERT INTO dbo.dnn_UserPortals(UserID, PortalID, CreatedDate, Authorised, IsDeleted, RefreshRoles)
   VALUES(@UserID, @PortalID, '2019-06-07 05:28:54', 1, 0, 0)
   INSERT INTO dbo.dnn_UserRoles(UserID, RoleID, IsTrialUsed, CreatedByUserID, CreatedOnDate, LastModifiedByUserID, LastModifiedOnDate, [Status], IsOwner)
   VALUES(@UserId, @FemaleRole, 0, 1, '2019-06-07 05:28:54', 1, '2019-06-07 05:28:54', 1, 0)
   INSERT INTO dbo.dnn_Users(Username, FirstName, LastName, Email, DisplayName, UpdatePassword, LastIPAddress, IsDeleted, CreatedByUserID, CreatedOnDate, LastModifiedByUserID, LastModifiedOnDate, PasswordResetToken, PasswordResetExpiration)
   VALUES('bonillaj@yodobashi.com', 'Joann', 'Bonilla', 'bonillaj@yodobashi.com', 'Joann Bonilla', 0, '', 0, 1, '2019-06-07 05:28:54', 1, '2019-06-07 05:28:54', NULL, NULL)
   SELECT @UserID = SCOPE_IDENTITY()
   INSERT INTO dbo.aspnet_Users(ApplicationID, UserName, LoweredUserName, IsAnonymous, LastActivityDate)
   VALUES(@ApplicationId, 'bonillaj@yodobashi.com', 'bonillaj@yodobashi.com', 0, '2019-06-07 05:28:54')
   SELECT @AspNetUserID = UserId FROM aspnet_Users WHERE Username = 'bonillaj@yodobashi.com'
   INSERT INTO dbo.aspnet_Membership(ApplicationID, UserID, Password, PasswordFormat, PasswordSalt, Email, LoweredEmail, IsApproved, IsLockedOut, CreateDate, LastLoginDate, LastPasswordChangedDate, LastLockoutDate, FailedPasswordAttemptCount, FailedPasswordAttemptWindowStart, FailedPasswordAnswerAttemptCount, FailedPasswordAnswerAttemptWindowStart)
   VALUES(@ApplicationID, @AspNetUserID, 'aMoPu/jMK8Yc4dxEEtAWm+RvKkFRjT38n/c1ORi3HgGWXJI15kNozQ==', 2, 'ub/Nej8BunZL3H6o+Z7+sg==', 'bonillaj@yodobashi.com', 'bonillaj@yodobashi.com', 1, 0, '2019-06-07 05:28:54', '2019-06-07 05:28:54', '2019-06-07 05:28:54', '1754-01-01 00:00:00.000', 0, '1754-01-01 00:00:00.000', 0, '1754-01-01 00:00:00.000')
   INSERT INTO dbo.dnn_UserPortals(UserID, PortalID, CreatedDate, Authorised, IsDeleted, RefreshRoles)
   VALUES(@UserID, @PortalID, '2019-06-07 05:28:54', 1, 0, 0)
   INSERT INTO dbo.dnn_UserRoles(UserID, RoleID, IsTrialUsed, CreatedByUserID, CreatedOnDate, LastModifiedByUserID, LastModifiedOnDate, [Status], IsOwner)
   VALUES(@UserId, @FemaleRole, 0, 1, '2019-06-07 05:28:54', 1, '2019-06-07 05:28:54', 1, 0)
   INSERT INTO dbo.dnn_Users(Username, FirstName, LastName, Email, DisplayName, UpdatePassword, LastIPAddress, IsDeleted, CreatedByUserID, CreatedOnDate, LastModifiedByUserID, LastModifiedOnDate, PasswordResetToken, PasswordResetExpiration)
   VALUES('lorraine.acevedo@heroquizz.com', 'Lorraine', 'Acevedo', 'lorraine.acevedo@heroquizz.com', 'Lorraine Acevedo', 0, '', 0, 1, '2019-06-07 05:28:54', 1, '2019-06-07 05:28:54', NULL, NULL)
   SELECT @UserID = SCOPE_IDENTITY()
   INSERT INTO dbo.aspnet_Users(ApplicationID, UserName, LoweredUserName, IsAnonymous, LastActivityDate)
   VALUES(@ApplicationId, 'lorraine.acevedo@heroquizz.com', 'lorraine.acevedo@heroquizz.com', 0, '2019-06-07 05:28:54')
   SELECT @AspNetUserID = UserId FROM aspnet_Users WHERE Username = 'lorraine.acevedo@heroquizz.com'
   INSERT INTO dbo.aspnet_Membership(ApplicationID, UserID, Password, PasswordFormat, PasswordSalt, Email, LoweredEmail, IsApproved, IsLockedOut, CreateDate, LastLoginDate, LastPasswordChangedDate, LastLockoutDate, FailedPasswordAttemptCount, FailedPasswordAttemptWindowStart, FailedPasswordAnswerAttemptCount, FailedPasswordAnswerAttemptWindowStart)
   VALUES(@ApplicationID, @AspNetUserID, 'aMoPu/jMK8Yc4dxEEtAWm+RvKkFRjT38n/c1ORi3HgGWXJI15kNozQ==', 2, 'ub/Nej8BunZL3H6o+Z7+sg==', 'lorraine.acevedo@heroquizz.com', 'lorraine.acevedo@heroquizz.com', 1, 0, '2019-06-07 05:28:54', '2019-06-07 05:28:54', '2019-06-07 05:28:54', '1754-01-01 00:00:00.000', 0, '1754-01-01 00:00:00.000', 0, '1754-01-01 00:00:00.000')
   INSERT INTO dbo.dnn_UserPortals(UserID, PortalID, CreatedDate, Authorised, IsDeleted, RefreshRoles)
   VALUES(@UserID, @PortalID, '2019-06-07 05:28:54', 1, 0, 0)
   INSERT INTO dbo.dnn_UserRoles(UserID, RoleID, IsTrialUsed, CreatedByUserID, CreatedOnDate, LastModifiedByUserID, LastModifiedOnDate, [Status], IsOwner)
   VALUES(@UserId, @FemaleRole, 0, 1, '2019-06-07 05:28:54', 1, '2019-06-07 05:28:54', 1, 0)
   INSERT INTO dbo.dnn_Users(Username, FirstName, LastName, Email, DisplayName, UpdatePassword, LastIPAddress, IsDeleted, CreatedByUserID, CreatedOnDate, LastModifiedByUserID, LastModifiedOnDate, PasswordResetToken, PasswordResetExpiration)
   VALUES('l.benitez@latimes.com', 'Lynn', 'Benitez', 'l.benitez@latimes.com', 'Lynn Benitez', 0, '', 0, 1, '2019-06-07 05:28:54', 1, '2019-06-07 05:28:54', NULL, NULL)
   SELECT @UserID = SCOPE_IDENTITY()
   INSERT INTO dbo.aspnet_Users(ApplicationID, UserName, LoweredUserName, IsAnonymous, LastActivityDate)
   VALUES(@ApplicationId, 'l.benitez@latimes.com', 'l.benitez@latimes.com', 0, '2019-06-07 05:28:54')
   SELECT @AspNetUserID = UserId FROM aspnet_Users WHERE Username = 'l.benitez@latimes.com'
   INSERT INTO dbo.aspnet_Membership(ApplicationID, UserID, Password, PasswordFormat, PasswordSalt, Email, LoweredEmail, IsApproved, IsLockedOut, CreateDate, LastLoginDate, LastPasswordChangedDate, LastLockoutDate, FailedPasswordAttemptCount, FailedPasswordAttemptWindowStart, FailedPasswordAnswerAttemptCount, FailedPasswordAnswerAttemptWindowStart)
   VALUES(@ApplicationID, @AspNetUserID, 'aMoPu/jMK8Yc4dxEEtAWm+RvKkFRjT38n/c1ORi3HgGWXJI15kNozQ==', 2, 'ub/Nej8BunZL3H6o+Z7+sg==', 'l.benitez@latimes.com', 'l.benitez@latimes.com', 1, 0, '2019-06-07 05:28:54', '2019-06-07 05:28:54', '2019-06-07 05:28:54', '1754-01-01 00:00:00.000', 0, '1754-01-01 00:00:00.000', 0, '1754-01-01 00:00:00.000')
   INSERT INTO dbo.dnn_UserPortals(UserID, PortalID, CreatedDate, Authorised, IsDeleted, RefreshRoles)
   VALUES(@UserID, @PortalID, '2019-06-07 05:28:54', 1, 0, 0)
   INSERT INTO dbo.dnn_UserRoles(UserID, RoleID, IsTrialUsed, CreatedByUserID, CreatedOnDate, LastModifiedByUserID, LastModifiedOnDate, [Status], IsOwner)
   VALUES(@UserId, @FemaleRole, 0, 1, '2019-06-07 05:28:54', 1, '2019-06-07 05:28:54', 1, 0)
   INSERT INTO dbo.dnn_Users(Username, FirstName, LastName, Email, DisplayName, UpdatePassword, LastIPAddress, IsDeleted, CreatedByUserID, CreatedOnDate, LastModifiedByUserID, LastModifiedOnDate, PasswordResetToken, PasswordResetExpiration)
   VALUES('zavalas@123cha.com', 'Sally', 'Zavala', 'zavalas@123cha.com', 'Sally Zavala', 0, '', 0, 1, '2019-06-07 05:28:54', 1, '2019-06-07 05:28:54', NULL, NULL)
   SELECT @UserID = SCOPE_IDENTITY()
   INSERT INTO dbo.aspnet_Users(ApplicationID, UserName, LoweredUserName, IsAnonymous, LastActivityDate)
   VALUES(@ApplicationId, 'zavalas@123cha.com', 'zavalas@123cha.com', 0, '2019-06-07 05:28:54')
   SELECT @AspNetUserID = UserId FROM aspnet_Users WHERE Username = 'zavalas@123cha.com'
   INSERT INTO dbo.aspnet_Membership(ApplicationID, UserID, Password, PasswordFormat, PasswordSalt, Email, LoweredEmail, IsApproved, IsLockedOut, CreateDate, LastLoginDate, LastPasswordChangedDate, LastLockoutDate, FailedPasswordAttemptCount, FailedPasswordAttemptWindowStart, FailedPasswordAnswerAttemptCount, FailedPasswordAnswerAttemptWindowStart)
   VALUES(@ApplicationID, @AspNetUserID, 'aMoPu/jMK8Yc4dxEEtAWm+RvKkFRjT38n/c1ORi3HgGWXJI15kNozQ==', 2, 'ub/Nej8BunZL3H6o+Z7+sg==', 'zavalas@123cha.com', 'zavalas@123cha.com', 1, 0, '2019-06-07 05:28:54', '2019-06-07 05:28:54', '2019-06-07 05:28:54', '1754-01-01 00:00:00.000', 0, '1754-01-01 00:00:00.000', 0, '1754-01-01 00:00:00.000')
   INSERT INTO dbo.dnn_UserPortals(UserID, PortalID, CreatedDate, Authorised, IsDeleted, RefreshRoles)
   VALUES(@UserID, @PortalID, '2019-06-07 05:28:54', 1, 0, 0)
   INSERT INTO dbo.dnn_UserRoles(UserID, RoleID, IsTrialUsed, CreatedByUserID, CreatedOnDate, LastModifiedByUserID, LastModifiedOnDate, [Status], IsOwner)
   VALUES(@UserId, @FemaleRole, 0, 1, '2019-06-07 05:28:54', 1, '2019-06-07 05:28:54', 1, 0)
   INSERT INTO dbo.dnn_Users(Username, FirstName, LastName, Email, DisplayName, UpdatePassword, LastIPAddress, IsDeleted, CreatedByUserID, CreatedOnDate, LastModifiedByUserID, LastModifiedOnDate, PasswordResetToken, PasswordResetExpiration)
   VALUES('regina.hensley@pof.com', 'Regina', 'Hensley', 'regina.hensley@pof.com', 'Regina Hensley', 0, '', 0, 1, '2019-06-07 05:28:54', 1, '2019-06-07 05:28:54', NULL, NULL)
   SELECT @UserID = SCOPE_IDENTITY()
   INSERT INTO dbo.aspnet_Users(ApplicationID, UserName, LoweredUserName, IsAnonymous, LastActivityDate)
   VALUES(@ApplicationId, 'regina.hensley@pof.com', 'regina.hensley@pof.com', 0, '2019-06-07 05:28:54')
   SELECT @AspNetUserID = UserId FROM aspnet_Users WHERE Username = 'regina.hensley@pof.com'
   INSERT INTO dbo.aspnet_Membership(ApplicationID, UserID, Password, PasswordFormat, PasswordSalt, Email, LoweredEmail, IsApproved, IsLockedOut, CreateDate, LastLoginDate, LastPasswordChangedDate, LastLockoutDate, FailedPasswordAttemptCount, FailedPasswordAttemptWindowStart, FailedPasswordAnswerAttemptCount, FailedPasswordAnswerAttemptWindowStart)
   VALUES(@ApplicationID, @AspNetUserID, 'aMoPu/jMK8Yc4dxEEtAWm+RvKkFRjT38n/c1ORi3HgGWXJI15kNozQ==', 2, 'ub/Nej8BunZL3H6o+Z7+sg==', 'regina.hensley@pof.com', 'regina.hensley@pof.com', 1, 0, '2019-06-07 05:28:54', '2019-06-07 05:28:54', '2019-06-07 05:28:54', '1754-01-01 00:00:00.000', 0, '1754-01-01 00:00:00.000', 0, '1754-01-01 00:00:00.000')
   INSERT INTO dbo.dnn_UserPortals(UserID, PortalID, CreatedDate, Authorised, IsDeleted, RefreshRoles)
   VALUES(@UserID, @PortalID, '2019-06-07 05:28:54', 1, 0, 0)
   INSERT INTO dbo.dnn_UserRoles(UserID, RoleID, IsTrialUsed, CreatedByUserID, CreatedOnDate, LastModifiedByUserID, LastModifiedOnDate, [Status], IsOwner)
   VALUES(@UserId, @FemaleRole, 0, 1, '2019-06-07 05:28:54', 1, '2019-06-07 05:28:54', 1, 0)
   INSERT INTO dbo.dnn_Users(Username, FirstName, LastName, Email, DisplayName, UpdatePassword, LastIPAddress, IsDeleted, CreatedByUserID, CreatedOnDate, LastModifiedByUserID, LastModifiedOnDate, PasswordResetToken, PasswordResetExpiration)
   VALUES('e.glenn@eyny.com', 'Erica', 'Glenn', 'e.glenn@eyny.com', 'Erica Glenn', 0, '', 0, 1, '2019-06-07 05:28:54', 1, '2019-06-07 05:28:54', NULL, NULL)
   SELECT @UserID = SCOPE_IDENTITY()
   INSERT INTO dbo.aspnet_Users(ApplicationID, UserName, LoweredUserName, IsAnonymous, LastActivityDate)
   VALUES(@ApplicationId, 'e.glenn@eyny.com', 'e.glenn@eyny.com', 0, '2019-06-07 05:28:54')
   SELECT @AspNetUserID = UserId FROM aspnet_Users WHERE Username = 'e.glenn@eyny.com'
   INSERT INTO dbo.aspnet_Membership(ApplicationID, UserID, Password, PasswordFormat, PasswordSalt, Email, LoweredEmail, IsApproved, IsLockedOut, CreateDate, LastLoginDate, LastPasswordChangedDate, LastLockoutDate, FailedPasswordAttemptCount, FailedPasswordAttemptWindowStart, FailedPasswordAnswerAttemptCount, FailedPasswordAnswerAttemptWindowStart)
   VALUES(@ApplicationID, @AspNetUserID, 'aMoPu/jMK8Yc4dxEEtAWm+RvKkFRjT38n/c1ORi3HgGWXJI15kNozQ==', 2, 'ub/Nej8BunZL3H6o+Z7+sg==', 'e.glenn@eyny.com', 'e.glenn@eyny.com', 1, 0, '2019-06-07 05:28:54', '2019-06-07 05:28:54', '2019-06-07 05:28:54', '1754-01-01 00:00:00.000', 0, '1754-01-01 00:00:00.000', 0, '1754-01-01 00:00:00.000')
   INSERT INTO dbo.dnn_UserPortals(UserID, PortalID, CreatedDate, Authorised, IsDeleted, RefreshRoles)
   VALUES(@UserID, @PortalID, '2019-06-07 05:28:54', 1, 0, 0)
   INSERT INTO dbo.dnn_UserRoles(UserID, RoleID, IsTrialUsed, CreatedByUserID, CreatedOnDate, LastModifiedByUserID, LastModifiedOnDate, [Status], IsOwner)
   VALUES(@UserId, @FemaleRole, 0, 1, '2019-06-07 05:28:54', 1, '2019-06-07 05:28:54', 1, 0)
   INSERT INTO dbo.dnn_Users(Username, FirstName, LastName, Email, DisplayName, UpdatePassword, LastIPAddress, IsDeleted, CreatedByUserID, CreatedOnDate, LastModifiedByUserID, LastModifiedOnDate, PasswordResetToken, PasswordResetExpiration)
   VALUES('cisnerosb@azlyrics.com', 'Beatrice', 'Cisneros', 'cisnerosb@azlyrics.com', 'Beatrice Cisneros', 0, '', 0, 1, '2019-06-07 05:28:54', 1, '2019-06-07 05:28:54', NULL, NULL)
   SELECT @UserID = SCOPE_IDENTITY()
   INSERT INTO dbo.aspnet_Users(ApplicationID, UserName, LoweredUserName, IsAnonymous, LastActivityDate)
   VALUES(@ApplicationId, 'cisnerosb@azlyrics.com', 'cisnerosb@azlyrics.com', 0, '2019-06-07 05:28:54')
   SELECT @AspNetUserID = UserId FROM aspnet_Users WHERE Username = 'cisnerosb@azlyrics.com'
   INSERT INTO dbo.aspnet_Membership(ApplicationID, UserID, Password, PasswordFormat, PasswordSalt, Email, LoweredEmail, IsApproved, IsLockedOut, CreateDate, LastLoginDate, LastPasswordChangedDate, LastLockoutDate, FailedPasswordAttemptCount, FailedPasswordAttemptWindowStart, FailedPasswordAnswerAttemptCount, FailedPasswordAnswerAttemptWindowStart)
   VALUES(@ApplicationID, @AspNetUserID, 'aMoPu/jMK8Yc4dxEEtAWm+RvKkFRjT38n/c1ORi3HgGWXJI15kNozQ==', 2, 'ub/Nej8BunZL3H6o+Z7+sg==', 'cisnerosb@azlyrics.com', 'cisnerosb@azlyrics.com', 1, 0, '2019-06-07 05:28:54', '2019-06-07 05:28:54', '2019-06-07 05:28:54', '1754-01-01 00:00:00.000', 0, '1754-01-01 00:00:00.000', 0, '1754-01-01 00:00:00.000')
   INSERT INTO dbo.dnn_UserPortals(UserID, PortalID, CreatedDate, Authorised, IsDeleted, RefreshRoles)
   VALUES(@UserID, @PortalID, '2019-06-07 05:28:54', 1, 0, 0)
   INSERT INTO dbo.dnn_UserRoles(UserID, RoleID, IsTrialUsed, CreatedByUserID, CreatedOnDate, LastModifiedByUserID, LastModifiedOnDate, [Status], IsOwner)
   VALUES(@UserId, @FemaleRole, 0, 1, '2019-06-07 05:28:54', 1, '2019-06-07 05:28:54', 1, 0)
   INSERT INTO dbo.dnn_UserRoles(UserID, RoleID, IsTrialUsed, CreatedByUserID, CreatedOnDate, LastModifiedByUserID, LastModifiedOnDate, [Status], IsOwner)
   VALUES(@UserId, @AcademicRole, 0, 1, '2019-06-07 05:28:54', 1, '2019-06-07 05:28:54', 1, 0)
   INSERT INTO dbo.dnn_Users(Username, FirstName, LastName, Email, DisplayName, UpdatePassword, LastIPAddress, IsDeleted, CreatedByUserID, CreatedOnDate, LastModifiedByUserID, LastModifiedOnDate, PasswordResetToken, PasswordResetExpiration)
   VALUES('dolores.harrell@aliyun.com', 'Dolores', 'Harrell', 'dolores.harrell@aliyun.com', 'Dolores Harrell', 0, '', 0, 1, '2019-06-07 05:28:54', 1, '2019-06-07 05:28:54', NULL, NULL)
   SELECT @UserID = SCOPE_IDENTITY()
   INSERT INTO dbo.aspnet_Users(ApplicationID, UserName, LoweredUserName, IsAnonymous, LastActivityDate)
   VALUES(@ApplicationId, 'dolores.harrell@aliyun.com', 'dolores.harrell@aliyun.com', 0, '2019-06-07 05:28:54')
   SELECT @AspNetUserID = UserId FROM aspnet_Users WHERE Username = 'dolores.harrell@aliyun.com'
   INSERT INTO dbo.aspnet_Membership(ApplicationID, UserID, Password, PasswordFormat, PasswordSalt, Email, LoweredEmail, IsApproved, IsLockedOut, CreateDate, LastLoginDate, LastPasswordChangedDate, LastLockoutDate, FailedPasswordAttemptCount, FailedPasswordAttemptWindowStart, FailedPasswordAnswerAttemptCount, FailedPasswordAnswerAttemptWindowStart)
   VALUES(@ApplicationID, @AspNetUserID, 'aMoPu/jMK8Yc4dxEEtAWm+RvKkFRjT38n/c1ORi3HgGWXJI15kNozQ==', 2, 'ub/Nej8BunZL3H6o+Z7+sg==', 'dolores.harrell@aliyun.com', 'dolores.harrell@aliyun.com', 1, 0, '2019-06-07 05:28:54', '2019-06-07 05:28:54', '2019-06-07 05:28:54', '1754-01-01 00:00:00.000', 0, '1754-01-01 00:00:00.000', 0, '1754-01-01 00:00:00.000')
   INSERT INTO dbo.dnn_UserPortals(UserID, PortalID, CreatedDate, Authorised, IsDeleted, RefreshRoles)
   VALUES(@UserID, @PortalID, '2019-06-07 05:28:54', 1, 0, 0)
   INSERT INTO dbo.dnn_UserRoles(UserID, RoleID, IsTrialUsed, CreatedByUserID, CreatedOnDate, LastModifiedByUserID, LastModifiedOnDate, [Status], IsOwner)
   VALUES(@UserId, @FemaleRole, 0, 1, '2019-06-07 05:28:54', 1, '2019-06-07 05:28:54', 1, 0)
   INSERT INTO dbo.dnn_Users(Username, FirstName, LastName, Email, DisplayName, UpdatePassword, LastIPAddress, IsDeleted, CreatedByUserID, CreatedOnDate, LastModifiedByUserID, LastModifiedOnDate, PasswordResetToken, PasswordResetExpiration)
   VALUES('b.shields@people.com', 'Bernice', 'Shields', 'b.shields@people.com', 'Bernice Shields', 0, '', 0, 1, '2019-06-07 05:28:54', 1, '2019-06-07 05:28:54', NULL, NULL)
   SELECT @UserID = SCOPE_IDENTITY()
   INSERT INTO dbo.aspnet_Users(ApplicationID, UserName, LoweredUserName, IsAnonymous, LastActivityDate)
   VALUES(@ApplicationId, 'b.shields@people.com', 'b.shields@people.com', 0, '2019-06-07 05:28:54')
   SELECT @AspNetUserID = UserId FROM aspnet_Users WHERE Username = 'b.shields@people.com'
   INSERT INTO dbo.aspnet_Membership(ApplicationID, UserID, Password, PasswordFormat, PasswordSalt, Email, LoweredEmail, IsApproved, IsLockedOut, CreateDate, LastLoginDate, LastPasswordChangedDate, LastLockoutDate, FailedPasswordAttemptCount, FailedPasswordAttemptWindowStart, FailedPasswordAnswerAttemptCount, FailedPasswordAnswerAttemptWindowStart)
   VALUES(@ApplicationID, @AspNetUserID, 'aMoPu/jMK8Yc4dxEEtAWm+RvKkFRjT38n/c1ORi3HgGWXJI15kNozQ==', 2, 'ub/Nej8BunZL3H6o+Z7+sg==', 'b.shields@people.com', 'b.shields@people.com', 1, 0, '2019-06-07 05:28:54', '2019-06-07 05:28:54', '2019-06-07 05:28:54', '1754-01-01 00:00:00.000', 0, '1754-01-01 00:00:00.000', 0, '1754-01-01 00:00:00.000')
   INSERT INTO dbo.dnn_UserPortals(UserID, PortalID, CreatedDate, Authorised, IsDeleted, RefreshRoles)
   VALUES(@UserID, @PortalID, '2019-06-07 05:28:54', 1, 0, 0)
   INSERT INTO dbo.dnn_UserRoles(UserID, RoleID, IsTrialUsed, CreatedByUserID, CreatedOnDate, LastModifiedByUserID, LastModifiedOnDate, [Status], IsOwner)
   VALUES(@UserId, @FemaleRole, 0, 1, '2019-06-07 05:28:54', 1, '2019-06-07 05:28:54', 1, 0)
   INSERT INTO dbo.dnn_Users(Username, FirstName, LastName, Email, DisplayName, UpdatePassword, LastIPAddress, IsDeleted, CreatedByUserID, CreatedOnDate, LastModifiedByUserID, LastModifiedOnDate, PasswordResetToken, PasswordResetExpiration)
   VALUES('rubioa@yandex.com.tr', 'Audrey', 'Rubio', 'rubioa@yandex.com.tr', 'Audrey Rubio', 0, '', 0, 1, '2019-06-07 05:28:54', 1, '2019-06-07 05:28:54', NULL, NULL)
   SELECT @UserID = SCOPE_IDENTITY()
   INSERT INTO dbo.aspnet_Users(ApplicationID, UserName, LoweredUserName, IsAnonymous, LastActivityDate)
   VALUES(@ApplicationId, 'rubioa@yandex.com.tr', 'rubioa@yandex.com.tr', 0, '2019-06-07 05:28:54')
   SELECT @AspNetUserID = UserId FROM aspnet_Users WHERE Username = 'rubioa@yandex.com.tr'
   INSERT INTO dbo.aspnet_Membership(ApplicationID, UserID, Password, PasswordFormat, PasswordSalt, Email, LoweredEmail, IsApproved, IsLockedOut, CreateDate, LastLoginDate, LastPasswordChangedDate, LastLockoutDate, FailedPasswordAttemptCount, FailedPasswordAttemptWindowStart, FailedPasswordAnswerAttemptCount, FailedPasswordAnswerAttemptWindowStart)
   VALUES(@ApplicationID, @AspNetUserID, 'aMoPu/jMK8Yc4dxEEtAWm+RvKkFRjT38n/c1ORi3HgGWXJI15kNozQ==', 2, 'ub/Nej8BunZL3H6o+Z7+sg==', 'rubioa@yandex.com.tr', 'rubioa@yandex.com.tr', 1, 0, '2019-06-07 05:28:54', '2019-06-07 05:28:54', '2019-06-07 05:28:54', '1754-01-01 00:00:00.000', 0, '1754-01-01 00:00:00.000', 0, '1754-01-01 00:00:00.000')
   INSERT INTO dbo.dnn_UserPortals(UserID, PortalID, CreatedDate, Authorised, IsDeleted, RefreshRoles)
   VALUES(@UserID, @PortalID, '2019-06-07 05:28:54', 1, 0, 0)
   INSERT INTO dbo.dnn_UserRoles(UserID, RoleID, IsTrialUsed, CreatedByUserID, CreatedOnDate, LastModifiedByUserID, LastModifiedOnDate, [Status], IsOwner)
   VALUES(@UserId, @FemaleRole, 0, 1, '2019-06-07 05:28:54', 1, '2019-06-07 05:28:54', 1, 0)
   INSERT INTO dbo.dnn_UserRoles(UserID, RoleID, IsTrialUsed, CreatedByUserID, CreatedOnDate, LastModifiedByUserID, LastModifiedOnDate, [Status], IsOwner)
   VALUES(@UserId, @ManagerRole, 0, 1, '2019-06-07 05:28:54', 1, '2019-06-07 05:28:54', 1, 0)
   INSERT INTO dbo.dnn_Users(Username, FirstName, LastName, Email, DisplayName, UpdatePassword, LastIPAddress, IsDeleted, CreatedByUserID, CreatedOnDate, LastModifiedByUserID, LastModifiedOnDate, PasswordResetToken, PasswordResetExpiration)
   VALUES('yvonne.choi@rottentomatoes.com', 'Yvonne', 'Choi', 'yvonne.choi@rottentomatoes.com', 'Yvonne Choi', 0, '', 0, 1, '2019-06-07 05:28:54', 1, '2019-06-07 05:28:54', NULL, NULL)
   SELECT @UserID = SCOPE_IDENTITY()
   INSERT INTO dbo.aspnet_Users(ApplicationID, UserName, LoweredUserName, IsAnonymous, LastActivityDate)
   VALUES(@ApplicationId, 'yvonne.choi@rottentomatoes.com', 'yvonne.choi@rottentomatoes.com', 0, '2019-06-07 05:28:54')
   SELECT @AspNetUserID = UserId FROM aspnet_Users WHERE Username = 'yvonne.choi@rottentomatoes.com'
   INSERT INTO dbo.aspnet_Membership(ApplicationID, UserID, Password, PasswordFormat, PasswordSalt, Email, LoweredEmail, IsApproved, IsLockedOut, CreateDate, LastLoginDate, LastPasswordChangedDate, LastLockoutDate, FailedPasswordAttemptCount, FailedPasswordAttemptWindowStart, FailedPasswordAnswerAttemptCount, FailedPasswordAnswerAttemptWindowStart)
   VALUES(@ApplicationID, @AspNetUserID, 'aMoPu/jMK8Yc4dxEEtAWm+RvKkFRjT38n/c1ORi3HgGWXJI15kNozQ==', 2, 'ub/Nej8BunZL3H6o+Z7+sg==', 'yvonne.choi@rottentomatoes.com', 'yvonne.choi@rottentomatoes.com', 1, 0, '2019-06-07 05:28:54', '2019-06-07 05:28:54', '2019-06-07 05:28:54', '1754-01-01 00:00:00.000', 0, '1754-01-01 00:00:00.000', 0, '1754-01-01 00:00:00.000')
   INSERT INTO dbo.dnn_UserPortals(UserID, PortalID, CreatedDate, Authorised, IsDeleted, RefreshRoles)
   VALUES(@UserID, @PortalID, '2019-06-07 05:28:54', 1, 0, 0)
   INSERT INTO dbo.dnn_UserRoles(UserID, RoleID, IsTrialUsed, CreatedByUserID, CreatedOnDate, LastModifiedByUserID, LastModifiedOnDate, [Status], IsOwner)
   VALUES(@UserId, @FemaleRole, 0, 1, '2019-06-07 05:28:54', 1, '2019-06-07 05:28:54', 1, 0)
   INSERT INTO dbo.dnn_Users(Username, FirstName, LastName, Email, DisplayName, UpdatePassword, LastIPAddress, IsDeleted, CreatedByUserID, CreatedOnDate, LastModifiedByUserID, LastModifiedOnDate, PasswordResetToken, PasswordResetExpiration)
   VALUES('a.huffman@104.com.tw', 'Annette', 'Huffman', 'a.huffman@104.com.tw', 'Annette Huffman', 0, '', 0, 1, '2019-06-07 05:28:54', 1, '2019-06-07 05:28:54', NULL, NULL)
   SELECT @UserID = SCOPE_IDENTITY()
   INSERT INTO dbo.aspnet_Users(ApplicationID, UserName, LoweredUserName, IsAnonymous, LastActivityDate)
   VALUES(@ApplicationId, 'a.huffman@104.com.tw', 'a.huffman@104.com.tw', 0, '2019-06-07 05:28:54')
   SELECT @AspNetUserID = UserId FROM aspnet_Users WHERE Username = 'a.huffman@104.com.tw'
   INSERT INTO dbo.aspnet_Membership(ApplicationID, UserID, Password, PasswordFormat, PasswordSalt, Email, LoweredEmail, IsApproved, IsLockedOut, CreateDate, LastLoginDate, LastPasswordChangedDate, LastLockoutDate, FailedPasswordAttemptCount, FailedPasswordAttemptWindowStart, FailedPasswordAnswerAttemptCount, FailedPasswordAnswerAttemptWindowStart)
   VALUES(@ApplicationID, @AspNetUserID, 'aMoPu/jMK8Yc4dxEEtAWm+RvKkFRjT38n/c1ORi3HgGWXJI15kNozQ==', 2, 'ub/Nej8BunZL3H6o+Z7+sg==', 'a.huffman@104.com.tw', 'a.huffman@104.com.tw', 1, 0, '2019-06-07 05:28:54', '2019-06-07 05:28:54', '2019-06-07 05:28:54', '1754-01-01 00:00:00.000', 0, '1754-01-01 00:00:00.000', 0, '1754-01-01 00:00:00.000')
   INSERT INTO dbo.dnn_UserPortals(UserID, PortalID, CreatedDate, Authorised, IsDeleted, RefreshRoles)
   VALUES(@UserID, @PortalID, '2019-06-07 05:28:54', 1, 0, 0)
   INSERT INTO dbo.dnn_UserRoles(UserID, RoleID, IsTrialUsed, CreatedByUserID, CreatedOnDate, LastModifiedByUserID, LastModifiedOnDate, [Status], IsOwner)
   VALUES(@UserId, @FemaleRole, 0, 1, '2019-06-07 05:28:54', 1, '2019-06-07 05:28:54', 1, 0)
   INSERT INTO dbo.dnn_Users(Username, FirstName, LastName, Email, DisplayName, UpdatePassword, LastIPAddress, IsDeleted, CreatedByUserID, CreatedOnDate, LastModifiedByUserID, LastModifiedOnDate, PasswordResetToken, PasswordResetExpiration)
   VALUES('boyerj@houzz.com', 'June', 'Boyer', 'boyerj@houzz.com', 'June Boyer', 0, '', 0, 1, '2019-06-07 05:28:54', 1, '2019-06-07 05:28:54', NULL, NULL)
   SELECT @UserID = SCOPE_IDENTITY()
   INSERT INTO dbo.aspnet_Users(ApplicationID, UserName, LoweredUserName, IsAnonymous, LastActivityDate)
   VALUES(@ApplicationId, 'boyerj@houzz.com', 'boyerj@houzz.com', 0, '2019-06-07 05:28:54')
   SELECT @AspNetUserID = UserId FROM aspnet_Users WHERE Username = 'boyerj@houzz.com'
   INSERT INTO dbo.aspnet_Membership(ApplicationID, UserID, Password, PasswordFormat, PasswordSalt, Email, LoweredEmail, IsApproved, IsLockedOut, CreateDate, LastLoginDate, LastPasswordChangedDate, LastLockoutDate, FailedPasswordAttemptCount, FailedPasswordAttemptWindowStart, FailedPasswordAnswerAttemptCount, FailedPasswordAnswerAttemptWindowStart)
   VALUES(@ApplicationID, @AspNetUserID, 'aMoPu/jMK8Yc4dxEEtAWm+RvKkFRjT38n/c1ORi3HgGWXJI15kNozQ==', 2, 'ub/Nej8BunZL3H6o+Z7+sg==', 'boyerj@houzz.com', 'boyerj@houzz.com', 1, 0, '2019-06-07 05:28:54', '2019-06-07 05:28:54', '2019-06-07 05:28:54', '1754-01-01 00:00:00.000', 0, '1754-01-01 00:00:00.000', 0, '1754-01-01 00:00:00.000')
   INSERT INTO dbo.dnn_UserPortals(UserID, PortalID, CreatedDate, Authorised, IsDeleted, RefreshRoles)
   VALUES(@UserID, @PortalID, '2019-06-07 05:28:54', 1, 0, 0)
   INSERT INTO dbo.dnn_UserRoles(UserID, RoleID, IsTrialUsed, CreatedByUserID, CreatedOnDate, LastModifiedByUserID, LastModifiedOnDate, [Status], IsOwner)
   VALUES(@UserId, @FemaleRole, 0, 1, '2019-06-07 05:28:54', 1, '2019-06-07 05:28:54', 1, 0)
   INSERT INTO dbo.dnn_Users(Username, FirstName, LastName, Email, DisplayName, UpdatePassword, LastIPAddress, IsDeleted, CreatedByUserID, CreatedOnDate, LastModifiedByUserID, LastModifiedOnDate, PasswordResetToken, PasswordResetExpiration)
   VALUES('samantha.garrison@time.com', 'Samantha', 'Garrison', 'samantha.garrison@time.com', 'Samantha Garrison', 0, '', 0, 1, '2019-06-07 05:28:54', 1, '2019-06-07 05:28:54', NULL, NULL)
   SELECT @UserID = SCOPE_IDENTITY()
   INSERT INTO dbo.aspnet_Users(ApplicationID, UserName, LoweredUserName, IsAnonymous, LastActivityDate)
   VALUES(@ApplicationId, 'samantha.garrison@time.com', 'samantha.garrison@time.com', 0, '2019-06-07 05:28:54')
   SELECT @AspNetUserID = UserId FROM aspnet_Users WHERE Username = 'samantha.garrison@time.com'
   INSERT INTO dbo.aspnet_Membership(ApplicationID, UserID, Password, PasswordFormat, PasswordSalt, Email, LoweredEmail, IsApproved, IsLockedOut, CreateDate, LastLoginDate, LastPasswordChangedDate, LastLockoutDate, FailedPasswordAttemptCount, FailedPasswordAttemptWindowStart, FailedPasswordAnswerAttemptCount, FailedPasswordAnswerAttemptWindowStart)
   VALUES(@ApplicationID, @AspNetUserID, 'aMoPu/jMK8Yc4dxEEtAWm+RvKkFRjT38n/c1ORi3HgGWXJI15kNozQ==', 2, 'ub/Nej8BunZL3H6o+Z7+sg==', 'samantha.garrison@time.com', 'samantha.garrison@time.com', 1, 0, '2019-06-07 05:28:54', '2019-06-07 05:28:54', '2019-06-07 05:28:54', '1754-01-01 00:00:00.000', 0, '1754-01-01 00:00:00.000', 0, '1754-01-01 00:00:00.000')
   INSERT INTO dbo.dnn_UserPortals(UserID, PortalID, CreatedDate, Authorised, IsDeleted, RefreshRoles)
   VALUES(@UserID, @PortalID, '2019-06-07 05:28:54', 1, 0, 0)
   INSERT INTO dbo.dnn_UserRoles(UserID, RoleID, IsTrialUsed, CreatedByUserID, CreatedOnDate, LastModifiedByUserID, LastModifiedOnDate, [Status], IsOwner)
   VALUES(@UserId, @FemaleRole, 0, 1, '2019-06-07 05:28:54', 1, '2019-06-07 05:28:54', 1, 0)
   INSERT INTO dbo.dnn_Users(Username, FirstName, LastName, Email, DisplayName, UpdatePassword, LastIPAddress, IsDeleted, CreatedByUserID, CreatedOnDate, LastModifiedByUserID, LastModifiedOnDate, PasswordResetToken, PasswordResetExpiration)
   VALUES('m.arroyo@cisco.com', 'Marion', 'Arroyo', 'm.arroyo@cisco.com', 'Marion Arroyo', 0, '', 0, 1, '2019-06-07 05:28:54', 1, '2019-06-07 05:28:54', NULL, NULL)
   SELECT @UserID = SCOPE_IDENTITY()
   INSERT INTO dbo.aspnet_Users(ApplicationID, UserName, LoweredUserName, IsAnonymous, LastActivityDate)
   VALUES(@ApplicationId, 'm.arroyo@cisco.com', 'm.arroyo@cisco.com', 0, '2019-06-07 05:28:54')
   SELECT @AspNetUserID = UserId FROM aspnet_Users WHERE Username = 'm.arroyo@cisco.com'
   INSERT INTO dbo.aspnet_Membership(ApplicationID, UserID, Password, PasswordFormat, PasswordSalt, Email, LoweredEmail, IsApproved, IsLockedOut, CreateDate, LastLoginDate, LastPasswordChangedDate, LastLockoutDate, FailedPasswordAttemptCount, FailedPasswordAttemptWindowStart, FailedPasswordAnswerAttemptCount, FailedPasswordAnswerAttemptWindowStart)
   VALUES(@ApplicationID, @AspNetUserID, 'aMoPu/jMK8Yc4dxEEtAWm+RvKkFRjT38n/c1ORi3HgGWXJI15kNozQ==', 2, 'ub/Nej8BunZL3H6o+Z7+sg==', 'm.arroyo@cisco.com', 'm.arroyo@cisco.com', 1, 0, '2019-06-07 05:28:54', '2019-06-07 05:28:54', '2019-06-07 05:28:54', '1754-01-01 00:00:00.000', 0, '1754-01-01 00:00:00.000', 0, '1754-01-01 00:00:00.000')
   INSERT INTO dbo.dnn_UserPortals(UserID, PortalID, CreatedDate, Authorised, IsDeleted, RefreshRoles)
   VALUES(@UserID, @PortalID, '2019-06-07 05:28:54', 1, 0, 0)
   INSERT INTO dbo.dnn_UserRoles(UserID, RoleID, IsTrialUsed, CreatedByUserID, CreatedOnDate, LastModifiedByUserID, LastModifiedOnDate, [Status], IsOwner)
   VALUES(@UserId, @FemaleRole, 0, 1, '2019-06-07 05:28:54', 1, '2019-06-07 05:28:54', 1, 0)
   INSERT INTO dbo.dnn_Users(Username, FirstName, LastName, Email, DisplayName, UpdatePassword, LastIPAddress, IsDeleted, CreatedByUserID, CreatedOnDate, LastModifiedByUserID, LastModifiedOnDate, PasswordResetToken, PasswordResetExpiration)
   VALUES('bondd@ppomppu.co.kr', 'Dana', 'Bond', 'bondd@ppomppu.co.kr', 'Dana Bond', 0, '', 0, 1, '2019-06-07 05:28:54', 1, '2019-06-07 05:28:54', NULL, NULL)
   SELECT @UserID = SCOPE_IDENTITY()
   INSERT INTO dbo.aspnet_Users(ApplicationID, UserName, LoweredUserName, IsAnonymous, LastActivityDate)
   VALUES(@ApplicationId, 'bondd@ppomppu.co.kr', 'bondd@ppomppu.co.kr', 0, '2019-06-07 05:28:54')
   SELECT @AspNetUserID = UserId FROM aspnet_Users WHERE Username = 'bondd@ppomppu.co.kr'
   INSERT INTO dbo.aspnet_Membership(ApplicationID, UserID, Password, PasswordFormat, PasswordSalt, Email, LoweredEmail, IsApproved, IsLockedOut, CreateDate, LastLoginDate, LastPasswordChangedDate, LastLockoutDate, FailedPasswordAttemptCount, FailedPasswordAttemptWindowStart, FailedPasswordAnswerAttemptCount, FailedPasswordAnswerAttemptWindowStart)
   VALUES(@ApplicationID, @AspNetUserID, 'aMoPu/jMK8Yc4dxEEtAWm+RvKkFRjT38n/c1ORi3HgGWXJI15kNozQ==', 2, 'ub/Nej8BunZL3H6o+Z7+sg==', 'bondd@ppomppu.co.kr', 'bondd@ppomppu.co.kr', 1, 0, '2019-06-07 05:28:54', '2019-06-07 05:28:54', '2019-06-07 05:28:54', '1754-01-01 00:00:00.000', 0, '1754-01-01 00:00:00.000', 0, '1754-01-01 00:00:00.000')
   INSERT INTO dbo.dnn_UserPortals(UserID, PortalID, CreatedDate, Authorised, IsDeleted, RefreshRoles)
   VALUES(@UserID, @PortalID, '2019-06-07 05:28:54', 1, 0, 0)
   INSERT INTO dbo.dnn_UserRoles(UserID, RoleID, IsTrialUsed, CreatedByUserID, CreatedOnDate, LastModifiedByUserID, LastModifiedOnDate, [Status], IsOwner)
   VALUES(@UserId, @FemaleRole, 0, 1, '2019-06-07 05:28:54', 1, '2019-06-07 05:28:54', 1, 0)
   INSERT INTO dbo.dnn_Users(Username, FirstName, LastName, Email, DisplayName, UpdatePassword, LastIPAddress, IsDeleted, CreatedByUserID, CreatedOnDate, LastModifiedByUserID, LastModifiedOnDate, PasswordResetToken, PasswordResetExpiration)
   VALUES('stacy.kane@delta.com', 'Stacy', 'Kane', 'stacy.kane@delta.com', 'Stacy Kane', 0, '', 0, 1, '2019-06-07 05:28:54', 1, '2019-06-07 05:28:54', NULL, NULL)
   SELECT @UserID = SCOPE_IDENTITY()
   INSERT INTO dbo.aspnet_Users(ApplicationID, UserName, LoweredUserName, IsAnonymous, LastActivityDate)
   VALUES(@ApplicationId, 'stacy.kane@delta.com', 'stacy.kane@delta.com', 0, '2019-06-07 05:28:54')
   SELECT @AspNetUserID = UserId FROM aspnet_Users WHERE Username = 'stacy.kane@delta.com'
   INSERT INTO dbo.aspnet_Membership(ApplicationID, UserID, Password, PasswordFormat, PasswordSalt, Email, LoweredEmail, IsApproved, IsLockedOut, CreateDate, LastLoginDate, LastPasswordChangedDate, LastLockoutDate, FailedPasswordAttemptCount, FailedPasswordAttemptWindowStart, FailedPasswordAnswerAttemptCount, FailedPasswordAnswerAttemptWindowStart)
   VALUES(@ApplicationID, @AspNetUserID, 'aMoPu/jMK8Yc4dxEEtAWm+RvKkFRjT38n/c1ORi3HgGWXJI15kNozQ==', 2, 'ub/Nej8BunZL3H6o+Z7+sg==', 'stacy.kane@delta.com', 'stacy.kane@delta.com', 1, 0, '2019-06-07 05:28:54', '2019-06-07 05:28:54', '2019-06-07 05:28:54', '1754-01-01 00:00:00.000', 0, '1754-01-01 00:00:00.000', 0, '1754-01-01 00:00:00.000')
   INSERT INTO dbo.dnn_UserPortals(UserID, PortalID, CreatedDate, Authorised, IsDeleted, RefreshRoles)
   VALUES(@UserID, @PortalID, '2019-06-07 05:28:54', 1, 0, 0)
   INSERT INTO dbo.dnn_UserRoles(UserID, RoleID, IsTrialUsed, CreatedByUserID, CreatedOnDate, LastModifiedByUserID, LastModifiedOnDate, [Status], IsOwner)
   VALUES(@UserId, @FemaleRole, 0, 1, '2019-06-07 05:28:54', 1, '2019-06-07 05:28:54', 1, 0)
   INSERT INTO dbo.dnn_Users(Username, FirstName, LastName, Email, DisplayName, UpdatePassword, LastIPAddress, IsDeleted, CreatedByUserID, CreatedOnDate, LastModifiedByUserID, LastModifiedOnDate, PasswordResetToken, PasswordResetExpiration)
   VALUES('a.hancock@biglobe.ne.jp', 'Ana', 'Hancock', 'a.hancock@biglobe.ne.jp', 'Ana Hancock', 0, '', 0, 1, '2019-06-07 05:28:54', 1, '2019-06-07 05:28:54', NULL, NULL)
   SELECT @UserID = SCOPE_IDENTITY()
   INSERT INTO dbo.aspnet_Users(ApplicationID, UserName, LoweredUserName, IsAnonymous, LastActivityDate)
   VALUES(@ApplicationId, 'a.hancock@biglobe.ne.jp', 'a.hancock@biglobe.ne.jp', 0, '2019-06-07 05:28:54')
   SELECT @AspNetUserID = UserId FROM aspnet_Users WHERE Username = 'a.hancock@biglobe.ne.jp'
   INSERT INTO dbo.aspnet_Membership(ApplicationID, UserID, Password, PasswordFormat, PasswordSalt, Email, LoweredEmail, IsApproved, IsLockedOut, CreateDate, LastLoginDate, LastPasswordChangedDate, LastLockoutDate, FailedPasswordAttemptCount, FailedPasswordAttemptWindowStart, FailedPasswordAnswerAttemptCount, FailedPasswordAnswerAttemptWindowStart)
   VALUES(@ApplicationID, @AspNetUserID, 'aMoPu/jMK8Yc4dxEEtAWm+RvKkFRjT38n/c1ORi3HgGWXJI15kNozQ==', 2, 'ub/Nej8BunZL3H6o+Z7+sg==', 'a.hancock@biglobe.ne.jp', 'a.hancock@biglobe.ne.jp', 1, 0, '2019-06-07 05:28:54', '2019-06-07 05:28:54', '2019-06-07 05:28:54', '1754-01-01 00:00:00.000', 0, '1754-01-01 00:00:00.000', 0, '1754-01-01 00:00:00.000')
   INSERT INTO dbo.dnn_UserPortals(UserID, PortalID, CreatedDate, Authorised, IsDeleted, RefreshRoles)
   VALUES(@UserID, @PortalID, '2019-06-07 05:28:54', 1, 0, 0)
   INSERT INTO dbo.dnn_UserRoles(UserID, RoleID, IsTrialUsed, CreatedByUserID, CreatedOnDate, LastModifiedByUserID, LastModifiedOnDate, [Status], IsOwner)
   VALUES(@UserId, @FemaleRole, 0, 1, '2019-06-07 05:28:54', 1, '2019-06-07 05:28:54', 1, 0)
   INSERT INTO dbo.dnn_Users(Username, FirstName, LastName, Email, DisplayName, UpdatePassword, LastIPAddress, IsDeleted, CreatedByUserID, CreatedOnDate, LastModifiedByUserID, LastModifiedOnDate, PasswordResetToken, PasswordResetExpiration)
   VALUES('callahanr@jrj.com.cn', 'Renee', 'Callahan', 'callahanr@jrj.com.cn', 'Renee Callahan', 0, '', 0, 1, '2019-06-07 05:28:54', 1, '2019-06-07 05:28:54', NULL, NULL)
   SELECT @UserID = SCOPE_IDENTITY()
   INSERT INTO dbo.aspnet_Users(ApplicationID, UserName, LoweredUserName, IsAnonymous, LastActivityDate)
   VALUES(@ApplicationId, 'callahanr@jrj.com.cn', 'callahanr@jrj.com.cn', 0, '2019-06-07 05:28:54')
   SELECT @AspNetUserID = UserId FROM aspnet_Users WHERE Username = 'callahanr@jrj.com.cn'
   INSERT INTO dbo.aspnet_Membership(ApplicationID, UserID, Password, PasswordFormat, PasswordSalt, Email, LoweredEmail, IsApproved, IsLockedOut, CreateDate, LastLoginDate, LastPasswordChangedDate, LastLockoutDate, FailedPasswordAttemptCount, FailedPasswordAttemptWindowStart, FailedPasswordAnswerAttemptCount, FailedPasswordAnswerAttemptWindowStart)
   VALUES(@ApplicationID, @AspNetUserID, 'aMoPu/jMK8Yc4dxEEtAWm+RvKkFRjT38n/c1ORi3HgGWXJI15kNozQ==', 2, 'ub/Nej8BunZL3H6o+Z7+sg==', 'callahanr@jrj.com.cn', 'callahanr@jrj.com.cn', 1, 0, '2019-06-07 05:28:54', '2019-06-07 05:28:54', '2019-06-07 05:28:54', '1754-01-01 00:00:00.000', 0, '1754-01-01 00:00:00.000', 0, '1754-01-01 00:00:00.000')
   INSERT INTO dbo.dnn_UserPortals(UserID, PortalID, CreatedDate, Authorised, IsDeleted, RefreshRoles)
   VALUES(@UserID, @PortalID, '2019-06-07 05:28:54', 1, 0, 0)
   INSERT INTO dbo.dnn_UserRoles(UserID, RoleID, IsTrialUsed, CreatedByUserID, CreatedOnDate, LastModifiedByUserID, LastModifiedOnDate, [Status], IsOwner)
   VALUES(@UserId, @FemaleRole, 0, 1, '2019-06-07 05:28:54', 1, '2019-06-07 05:28:54', 1, 0)
   INSERT INTO dbo.dnn_Users(Username, FirstName, LastName, Email, DisplayName, UpdatePassword, LastIPAddress, IsDeleted, CreatedByUserID, CreatedOnDate, LastModifiedByUserID, LastModifiedOnDate, PasswordResetToken, PasswordResetExpiration)
   VALUES('ida.dillon@xunlei.com', 'Ida', 'Dillon', 'ida.dillon@xunlei.com', 'Ida Dillon', 0, '', 0, 1, '2019-06-07 05:28:54', 1, '2019-06-07 05:28:54', NULL, NULL)
   SELECT @UserID = SCOPE_IDENTITY()
   INSERT INTO dbo.aspnet_Users(ApplicationID, UserName, LoweredUserName, IsAnonymous, LastActivityDate)
   VALUES(@ApplicationId, 'ida.dillon@xunlei.com', 'ida.dillon@xunlei.com', 0, '2019-06-07 05:28:54')
   SELECT @AspNetUserID = UserId FROM aspnet_Users WHERE Username = 'ida.dillon@xunlei.com'
   INSERT INTO dbo.aspnet_Membership(ApplicationID, UserID, Password, PasswordFormat, PasswordSalt, Email, LoweredEmail, IsApproved, IsLockedOut, CreateDate, LastLoginDate, LastPasswordChangedDate, LastLockoutDate, FailedPasswordAttemptCount, FailedPasswordAttemptWindowStart, FailedPasswordAnswerAttemptCount, FailedPasswordAnswerAttemptWindowStart)
   VALUES(@ApplicationID, @AspNetUserID, 'aMoPu/jMK8Yc4dxEEtAWm+RvKkFRjT38n/c1ORi3HgGWXJI15kNozQ==', 2, 'ub/Nej8BunZL3H6o+Z7+sg==', 'ida.dillon@xunlei.com', 'ida.dillon@xunlei.com', 1, 0, '2019-06-07 05:28:54', '2019-06-07 05:28:54', '2019-06-07 05:28:54', '1754-01-01 00:00:00.000', 0, '1754-01-01 00:00:00.000', 0, '1754-01-01 00:00:00.000')
   INSERT INTO dbo.dnn_UserPortals(UserID, PortalID, CreatedDate, Authorised, IsDeleted, RefreshRoles)
   VALUES(@UserID, @PortalID, '2019-06-07 05:28:54', 1, 0, 0)
   INSERT INTO dbo.dnn_UserRoles(UserID, RoleID, IsTrialUsed, CreatedByUserID, CreatedOnDate, LastModifiedByUserID, LastModifiedOnDate, [Status], IsOwner)
   VALUES(@UserId, @FemaleRole, 0, 1, '2019-06-07 05:28:54', 1, '2019-06-07 05:28:54', 1, 0)
   INSERT INTO dbo.dnn_Users(Username, FirstName, LastName, Email, DisplayName, UpdatePassword, LastIPAddress, IsDeleted, CreatedByUserID, CreatedOnDate, LastModifiedByUserID, LastModifiedOnDate, PasswordResetToken, PasswordResetExpiration)
   VALUES('v.cline@lenovo.com', 'Vivian', 'Cline', 'v.cline@lenovo.com', 'Vivian Cline', 0, '', 0, 1, '2019-06-07 05:28:54', 1, '2019-06-07 05:28:54', NULL, NULL)
   SELECT @UserID = SCOPE_IDENTITY()
   INSERT INTO dbo.aspnet_Users(ApplicationID, UserName, LoweredUserName, IsAnonymous, LastActivityDate)
   VALUES(@ApplicationId, 'v.cline@lenovo.com', 'v.cline@lenovo.com', 0, '2019-06-07 05:28:54')
   SELECT @AspNetUserID = UserId FROM aspnet_Users WHERE Username = 'v.cline@lenovo.com'
   INSERT INTO dbo.aspnet_Membership(ApplicationID, UserID, Password, PasswordFormat, PasswordSalt, Email, LoweredEmail, IsApproved, IsLockedOut, CreateDate, LastLoginDate, LastPasswordChangedDate, LastLockoutDate, FailedPasswordAttemptCount, FailedPasswordAttemptWindowStart, FailedPasswordAnswerAttemptCount, FailedPasswordAnswerAttemptWindowStart)
   VALUES(@ApplicationID, @AspNetUserID, 'aMoPu/jMK8Yc4dxEEtAWm+RvKkFRjT38n/c1ORi3HgGWXJI15kNozQ==', 2, 'ub/Nej8BunZL3H6o+Z7+sg==', 'v.cline@lenovo.com', 'v.cline@lenovo.com', 1, 0, '2019-06-07 05:28:54', '2019-06-07 05:28:54', '2019-06-07 05:28:54', '1754-01-01 00:00:00.000', 0, '1754-01-01 00:00:00.000', 0, '1754-01-01 00:00:00.000')
   INSERT INTO dbo.dnn_UserPortals(UserID, PortalID, CreatedDate, Authorised, IsDeleted, RefreshRoles)
   VALUES(@UserID, @PortalID, '2019-06-07 05:28:54', 1, 0, 0)
   INSERT INTO dbo.dnn_UserRoles(UserID, RoleID, IsTrialUsed, CreatedByUserID, CreatedOnDate, LastModifiedByUserID, LastModifiedOnDate, [Status], IsOwner)
   VALUES(@UserId, @FemaleRole, 0, 1, '2019-06-07 05:28:54', 1, '2019-06-07 05:28:54', 1, 0)
   INSERT INTO dbo.dnn_Users(Username, FirstName, LastName, Email, DisplayName, UpdatePassword, LastIPAddress, IsDeleted, CreatedByUserID, CreatedOnDate, LastModifiedByUserID, LastModifiedOnDate, PasswordResetToken, PasswordResetExpiration)
   VALUES('wigginsr@usbank.com', 'Roberta', 'Wiggins', 'wigginsr@usbank.com', 'Roberta Wiggins', 0, '', 0, 1, '2019-06-07 05:28:54', 1, '2019-06-07 05:28:54', NULL, NULL)
   SELECT @UserID = SCOPE_IDENTITY()
   INSERT INTO dbo.aspnet_Users(ApplicationID, UserName, LoweredUserName, IsAnonymous, LastActivityDate)
   VALUES(@ApplicationId, 'wigginsr@usbank.com', 'wigginsr@usbank.com', 0, '2019-06-07 05:28:54')
   SELECT @AspNetUserID = UserId FROM aspnet_Users WHERE Username = 'wigginsr@usbank.com'
   INSERT INTO dbo.aspnet_Membership(ApplicationID, UserID, Password, PasswordFormat, PasswordSalt, Email, LoweredEmail, IsApproved, IsLockedOut, CreateDate, LastLoginDate, LastPasswordChangedDate, LastLockoutDate, FailedPasswordAttemptCount, FailedPasswordAttemptWindowStart, FailedPasswordAnswerAttemptCount, FailedPasswordAnswerAttemptWindowStart)
   VALUES(@ApplicationID, @AspNetUserID, 'aMoPu/jMK8Yc4dxEEtAWm+RvKkFRjT38n/c1ORi3HgGWXJI15kNozQ==', 2, 'ub/Nej8BunZL3H6o+Z7+sg==', 'wigginsr@usbank.com', 'wigginsr@usbank.com', 1, 0, '2019-06-07 05:28:54', '2019-06-07 05:28:54', '2019-06-07 05:28:54', '1754-01-01 00:00:00.000', 0, '1754-01-01 00:00:00.000', 0, '1754-01-01 00:00:00.000')
   INSERT INTO dbo.dnn_UserPortals(UserID, PortalID, CreatedDate, Authorised, IsDeleted, RefreshRoles)
   VALUES(@UserID, @PortalID, '2019-06-07 05:28:54', 1, 0, 0)
   INSERT INTO dbo.dnn_UserRoles(UserID, RoleID, IsTrialUsed, CreatedByUserID, CreatedOnDate, LastModifiedByUserID, LastModifiedOnDate, [Status], IsOwner)
   VALUES(@UserId, @FemaleRole, 0, 1, '2019-06-07 05:28:54', 1, '2019-06-07 05:28:54', 1, 0)
   INSERT INTO dbo.dnn_Users(Username, FirstName, LastName, Email, DisplayName, UpdatePassword, LastIPAddress, IsDeleted, CreatedByUserID, CreatedOnDate, LastModifiedByUserID, LastModifiedOnDate, PasswordResetToken, PasswordResetExpiration)
   VALUES('holly.grimes@vk.me', 'Holly', 'Grimes', 'holly.grimes@vk.me', 'Holly Grimes', 0, '', 0, 1, '2019-06-07 05:28:54', 1, '2019-06-07 05:28:54', NULL, NULL)
   SELECT @UserID = SCOPE_IDENTITY()
   INSERT INTO dbo.aspnet_Users(ApplicationID, UserName, LoweredUserName, IsAnonymous, LastActivityDate)
   VALUES(@ApplicationId, 'holly.grimes@vk.me', 'holly.grimes@vk.me', 0, '2019-06-07 05:28:54')
   SELECT @AspNetUserID = UserId FROM aspnet_Users WHERE Username = 'holly.grimes@vk.me'
   INSERT INTO dbo.aspnet_Membership(ApplicationID, UserID, Password, PasswordFormat, PasswordSalt, Email, LoweredEmail, IsApproved, IsLockedOut, CreateDate, LastLoginDate, LastPasswordChangedDate, LastLockoutDate, FailedPasswordAttemptCount, FailedPasswordAttemptWindowStart, FailedPasswordAnswerAttemptCount, FailedPasswordAnswerAttemptWindowStart)
   VALUES(@ApplicationID, @AspNetUserID, 'aMoPu/jMK8Yc4dxEEtAWm+RvKkFRjT38n/c1ORi3HgGWXJI15kNozQ==', 2, 'ub/Nej8BunZL3H6o+Z7+sg==', 'holly.grimes@vk.me', 'holly.grimes@vk.me', 1, 0, '2019-06-07 05:28:54', '2019-06-07 05:28:54', '2019-06-07 05:28:54', '1754-01-01 00:00:00.000', 0, '1754-01-01 00:00:00.000', 0, '1754-01-01 00:00:00.000')
   INSERT INTO dbo.dnn_UserPortals(UserID, PortalID, CreatedDate, Authorised, IsDeleted, RefreshRoles)
   VALUES(@UserID, @PortalID, '2019-06-07 05:28:54', 1, 0, 0)
   INSERT INTO dbo.dnn_UserRoles(UserID, RoleID, IsTrialUsed, CreatedByUserID, CreatedOnDate, LastModifiedByUserID, LastModifiedOnDate, [Status], IsOwner)
   VALUES(@UserId, @FemaleRole, 0, 1, '2019-06-07 05:28:54', 1, '2019-06-07 05:28:54', 1, 0)
   INSERT INTO dbo.dnn_Users(Username, FirstName, LastName, Email, DisplayName, UpdatePassword, LastIPAddress, IsDeleted, CreatedByUserID, CreatedOnDate, LastModifiedByUserID, LastModifiedOnDate, PasswordResetToken, PasswordResetExpiration)
   VALUES('b.arellano@zulily.com', 'Brittany', 'Arellano', 'b.arellano@zulily.com', 'Brittany Arellano', 0, '', 0, 1, '2019-06-07 05:28:54', 1, '2019-06-07 05:28:54', NULL, NULL)
   SELECT @UserID = SCOPE_IDENTITY()
   INSERT INTO dbo.aspnet_Users(ApplicationID, UserName, LoweredUserName, IsAnonymous, LastActivityDate)
   VALUES(@ApplicationId, 'b.arellano@zulily.com', 'b.arellano@zulily.com', 0, '2019-06-07 05:28:54')
   SELECT @AspNetUserID = UserId FROM aspnet_Users WHERE Username = 'b.arellano@zulily.com'
   INSERT INTO dbo.aspnet_Membership(ApplicationID, UserID, Password, PasswordFormat, PasswordSalt, Email, LoweredEmail, IsApproved, IsLockedOut, CreateDate, LastLoginDate, LastPasswordChangedDate, LastLockoutDate, FailedPasswordAttemptCount, FailedPasswordAttemptWindowStart, FailedPasswordAnswerAttemptCount, FailedPasswordAnswerAttemptWindowStart)
   VALUES(@ApplicationID, @AspNetUserID, 'aMoPu/jMK8Yc4dxEEtAWm+RvKkFRjT38n/c1ORi3HgGWXJI15kNozQ==', 2, 'ub/Nej8BunZL3H6o+Z7+sg==', 'b.arellano@zulily.com', 'b.arellano@zulily.com', 1, 0, '2019-06-07 05:28:54', '2019-06-07 05:28:54', '2019-06-07 05:28:54', '1754-01-01 00:00:00.000', 0, '1754-01-01 00:00:00.000', 0, '1754-01-01 00:00:00.000')
   INSERT INTO dbo.dnn_UserPortals(UserID, PortalID, CreatedDate, Authorised, IsDeleted, RefreshRoles)
   VALUES(@UserID, @PortalID, '2019-06-07 05:28:54', 1, 0, 0)
   INSERT INTO dbo.dnn_UserRoles(UserID, RoleID, IsTrialUsed, CreatedByUserID, CreatedOnDate, LastModifiedByUserID, LastModifiedOnDate, [Status], IsOwner)
   VALUES(@UserId, @FemaleRole, 0, 1, '2019-06-07 05:28:54', 1, '2019-06-07 05:28:54', 1, 0)
   INSERT INTO dbo.dnn_Users(Username, FirstName, LastName, Email, DisplayName, UpdatePassword, LastIPAddress, IsDeleted, CreatedByUserID, CreatedOnDate, LastModifiedByUserID, LastModifiedOnDate, PasswordResetToken, PasswordResetExpiration)
   VALUES('meltonm@asana.com', 'Melanie', 'Melton', 'meltonm@asana.com', 'Melanie Melton', 0, '', 0, 1, '2019-06-07 05:28:54', 1, '2019-06-07 05:28:54', NULL, NULL)
   SELECT @UserID = SCOPE_IDENTITY()
   INSERT INTO dbo.aspnet_Users(ApplicationID, UserName, LoweredUserName, IsAnonymous, LastActivityDate)
   VALUES(@ApplicationId, 'meltonm@asana.com', 'meltonm@asana.com', 0, '2019-06-07 05:28:54')
   SELECT @AspNetUserID = UserId FROM aspnet_Users WHERE Username = 'meltonm@asana.com'
   INSERT INTO dbo.aspnet_Membership(ApplicationID, UserID, Password, PasswordFormat, PasswordSalt, Email, LoweredEmail, IsApproved, IsLockedOut, CreateDate, LastLoginDate, LastPasswordChangedDate, LastLockoutDate, FailedPasswordAttemptCount, FailedPasswordAttemptWindowStart, FailedPasswordAnswerAttemptCount, FailedPasswordAnswerAttemptWindowStart)
   VALUES(@ApplicationID, @AspNetUserID, 'aMoPu/jMK8Yc4dxEEtAWm+RvKkFRjT38n/c1ORi3HgGWXJI15kNozQ==', 2, 'ub/Nej8BunZL3H6o+Z7+sg==', 'meltonm@asana.com', 'meltonm@asana.com', 1, 0, '2019-06-07 05:28:54', '2019-06-07 05:28:54', '2019-06-07 05:28:54', '1754-01-01 00:00:00.000', 0, '1754-01-01 00:00:00.000', 0, '1754-01-01 00:00:00.000')
   INSERT INTO dbo.dnn_UserPortals(UserID, PortalID, CreatedDate, Authorised, IsDeleted, RefreshRoles)
   VALUES(@UserID, @PortalID, '2019-06-07 05:28:54', 1, 0, 0)
   INSERT INTO dbo.dnn_UserRoles(UserID, RoleID, IsTrialUsed, CreatedByUserID, CreatedOnDate, LastModifiedByUserID, LastModifiedOnDate, [Status], IsOwner)
   VALUES(@UserId, @FemaleRole, 0, 1, '2019-06-07 05:28:54', 1, '2019-06-07 05:28:54', 1, 0)
   INSERT INTO dbo.dnn_Users(Username, FirstName, LastName, Email, DisplayName, UpdatePassword, LastIPAddress, IsDeleted, CreatedByUserID, CreatedOnDate, LastModifiedByUserID, LastModifiedOnDate, PasswordResetToken, PasswordResetExpiration)
   VALUES('loretta.oneill@youboy.com', 'Loretta', 'Oneill', 'loretta.oneill@youboy.com', 'Loretta Oneill', 0, '', 0, 1, '2019-06-07 05:28:54', 1, '2019-06-07 05:28:54', NULL, NULL)
   SELECT @UserID = SCOPE_IDENTITY()
   INSERT INTO dbo.aspnet_Users(ApplicationID, UserName, LoweredUserName, IsAnonymous, LastActivityDate)
   VALUES(@ApplicationId, 'loretta.oneill@youboy.com', 'loretta.oneill@youboy.com', 0, '2019-06-07 05:28:54')
   SELECT @AspNetUserID = UserId FROM aspnet_Users WHERE Username = 'loretta.oneill@youboy.com'
   INSERT INTO dbo.aspnet_Membership(ApplicationID, UserID, Password, PasswordFormat, PasswordSalt, Email, LoweredEmail, IsApproved, IsLockedOut, CreateDate, LastLoginDate, LastPasswordChangedDate, LastLockoutDate, FailedPasswordAttemptCount, FailedPasswordAttemptWindowStart, FailedPasswordAnswerAttemptCount, FailedPasswordAnswerAttemptWindowStart)
   VALUES(@ApplicationID, @AspNetUserID, 'aMoPu/jMK8Yc4dxEEtAWm+RvKkFRjT38n/c1ORi3HgGWXJI15kNozQ==', 2, 'ub/Nej8BunZL3H6o+Z7+sg==', 'loretta.oneill@youboy.com', 'loretta.oneill@youboy.com', 1, 0, '2019-06-07 05:28:54', '2019-06-07 05:28:54', '2019-06-07 05:28:54', '1754-01-01 00:00:00.000', 0, '1754-01-01 00:00:00.000', 0, '1754-01-01 00:00:00.000')
   INSERT INTO dbo.dnn_UserPortals(UserID, PortalID, CreatedDate, Authorised, IsDeleted, RefreshRoles)
   VALUES(@UserID, @PortalID, '2019-06-07 05:28:54', 1, 0, 0)
   INSERT INTO dbo.dnn_UserRoles(UserID, RoleID, IsTrialUsed, CreatedByUserID, CreatedOnDate, LastModifiedByUserID, LastModifiedOnDate, [Status], IsOwner)
   VALUES(@UserId, @FemaleRole, 0, 1, '2019-06-07 05:28:54', 1, '2019-06-07 05:28:54', 1, 0)
   INSERT INTO dbo.dnn_Users(Username, FirstName, LastName, Email, DisplayName, UpdatePassword, LastIPAddress, IsDeleted, CreatedByUserID, CreatedOnDate, LastModifiedByUserID, LastModifiedOnDate, PasswordResetToken, PasswordResetExpiration)
   VALUES('y.savage@zone-telechargement.com', 'Yolanda', 'Savage', 'y.savage@zone-telechargement.com', 'Yolanda Savage', 0, '', 0, 1, '2019-06-07 05:28:54', 1, '2019-06-07 05:28:54', NULL, NULL)
   SELECT @UserID = SCOPE_IDENTITY()
   INSERT INTO dbo.aspnet_Users(ApplicationID, UserName, LoweredUserName, IsAnonymous, LastActivityDate)
   VALUES(@ApplicationId, 'y.savage@zone-telechargement.com', 'y.savage@zone-telechargement.com', 0, '2019-06-07 05:28:54')
   SELECT @AspNetUserID = UserId FROM aspnet_Users WHERE Username = 'y.savage@zone-telechargement.com'
   INSERT INTO dbo.aspnet_Membership(ApplicationID, UserID, Password, PasswordFormat, PasswordSalt, Email, LoweredEmail, IsApproved, IsLockedOut, CreateDate, LastLoginDate, LastPasswordChangedDate, LastLockoutDate, FailedPasswordAttemptCount, FailedPasswordAttemptWindowStart, FailedPasswordAnswerAttemptCount, FailedPasswordAnswerAttemptWindowStart)
   VALUES(@ApplicationID, @AspNetUserID, 'aMoPu/jMK8Yc4dxEEtAWm+RvKkFRjT38n/c1ORi3HgGWXJI15kNozQ==', 2, 'ub/Nej8BunZL3H6o+Z7+sg==', 'y.savage@zone-telechargement.com', 'y.savage@zone-telechargement.com', 1, 0, '2019-06-07 05:28:54', '2019-06-07 05:28:54', '2019-06-07 05:28:54', '1754-01-01 00:00:00.000', 0, '1754-01-01 00:00:00.000', 0, '1754-01-01 00:00:00.000')
   INSERT INTO dbo.dnn_UserPortals(UserID, PortalID, CreatedDate, Authorised, IsDeleted, RefreshRoles)
   VALUES(@UserID, @PortalID, '2019-06-07 05:28:54', 1, 0, 0)
   INSERT INTO dbo.dnn_UserRoles(UserID, RoleID, IsTrialUsed, CreatedByUserID, CreatedOnDate, LastModifiedByUserID, LastModifiedOnDate, [Status], IsOwner)
   VALUES(@UserId, @FemaleRole, 0, 1, '2019-06-07 05:28:54', 1, '2019-06-07 05:28:54', 1, 0)
   INSERT INTO dbo.dnn_Users(Username, FirstName, LastName, Email, DisplayName, UpdatePassword, LastIPAddress, IsDeleted, CreatedByUserID, CreatedOnDate, LastModifiedByUserID, LastModifiedOnDate, PasswordResetToken, PasswordResetExpiration)
   VALUES('hoj@glassdoor.com', 'Jeanette', 'Ho', 'hoj@glassdoor.com', 'Jeanette Ho', 0, '', 0, 1, '2019-06-07 05:28:54', 1, '2019-06-07 05:28:54', NULL, NULL)
   SELECT @UserID = SCOPE_IDENTITY()
   INSERT INTO dbo.aspnet_Users(ApplicationID, UserName, LoweredUserName, IsAnonymous, LastActivityDate)
   VALUES(@ApplicationId, 'hoj@glassdoor.com', 'hoj@glassdoor.com', 0, '2019-06-07 05:28:54')
   SELECT @AspNetUserID = UserId FROM aspnet_Users WHERE Username = 'hoj@glassdoor.com'
   INSERT INTO dbo.aspnet_Membership(ApplicationID, UserID, Password, PasswordFormat, PasswordSalt, Email, LoweredEmail, IsApproved, IsLockedOut, CreateDate, LastLoginDate, LastPasswordChangedDate, LastLockoutDate, FailedPasswordAttemptCount, FailedPasswordAttemptWindowStart, FailedPasswordAnswerAttemptCount, FailedPasswordAnswerAttemptWindowStart)
   VALUES(@ApplicationID, @AspNetUserID, 'aMoPu/jMK8Yc4dxEEtAWm+RvKkFRjT38n/c1ORi3HgGWXJI15kNozQ==', 2, 'ub/Nej8BunZL3H6o+Z7+sg==', 'hoj@glassdoor.com', 'hoj@glassdoor.com', 1, 0, '2019-06-07 05:28:54', '2019-06-07 05:28:54', '2019-06-07 05:28:54', '1754-01-01 00:00:00.000', 0, '1754-01-01 00:00:00.000', 0, '1754-01-01 00:00:00.000')
   INSERT INTO dbo.dnn_UserPortals(UserID, PortalID, CreatedDate, Authorised, IsDeleted, RefreshRoles)
   VALUES(@UserID, @PortalID, '2019-06-07 05:28:54', 1, 0, 0)
   INSERT INTO dbo.dnn_UserRoles(UserID, RoleID, IsTrialUsed, CreatedByUserID, CreatedOnDate, LastModifiedByUserID, LastModifiedOnDate, [Status], IsOwner)
   VALUES(@UserId, @FemaleRole, 0, 1, '2019-06-07 05:28:54', 1, '2019-06-07 05:28:54', 1, 0)
   INSERT INTO dbo.dnn_UserRoles(UserID, RoleID, IsTrialUsed, CreatedByUserID, CreatedOnDate, LastModifiedByUserID, LastModifiedOnDate, [Status], IsOwner)
   VALUES(@UserId, @AcademicRole, 0, 1, '2019-06-07 05:28:54', 1, '2019-06-07 05:28:54', 1, 0)
   INSERT INTO dbo.dnn_Users(Username, FirstName, LastName, Email, DisplayName, UpdatePassword, LastIPAddress, IsDeleted, CreatedByUserID, CreatedOnDate, LastModifiedByUserID, LastModifiedOnDate, PasswordResetToken, PasswordResetExpiration)
   VALUES('laurie.beltran@seasonvar.ru', 'Laurie', 'Beltran', 'laurie.beltran@seasonvar.ru', 'Laurie Beltran', 0, '', 0, 1, '2019-06-07 05:28:54', 1, '2019-06-07 05:28:54', NULL, NULL)
   SELECT @UserID = SCOPE_IDENTITY()
   INSERT INTO dbo.aspnet_Users(ApplicationID, UserName, LoweredUserName, IsAnonymous, LastActivityDate)
   VALUES(@ApplicationId, 'laurie.beltran@seasonvar.ru', 'laurie.beltran@seasonvar.ru', 0, '2019-06-07 05:28:54')
   SELECT @AspNetUserID = UserId FROM aspnet_Users WHERE Username = 'laurie.beltran@seasonvar.ru'
   INSERT INTO dbo.aspnet_Membership(ApplicationID, UserID, Password, PasswordFormat, PasswordSalt, Email, LoweredEmail, IsApproved, IsLockedOut, CreateDate, LastLoginDate, LastPasswordChangedDate, LastLockoutDate, FailedPasswordAttemptCount, FailedPasswordAttemptWindowStart, FailedPasswordAnswerAttemptCount, FailedPasswordAnswerAttemptWindowStart)
   VALUES(@ApplicationID, @AspNetUserID, 'aMoPu/jMK8Yc4dxEEtAWm+RvKkFRjT38n/c1ORi3HgGWXJI15kNozQ==', 2, 'ub/Nej8BunZL3H6o+Z7+sg==', 'laurie.beltran@seasonvar.ru', 'laurie.beltran@seasonvar.ru', 1, 0, '2019-06-07 05:28:54', '2019-06-07 05:28:54', '2019-06-07 05:28:54', '1754-01-01 00:00:00.000', 0, '1754-01-01 00:00:00.000', 0, '1754-01-01 00:00:00.000')
   INSERT INTO dbo.dnn_UserPortals(UserID, PortalID, CreatedDate, Authorised, IsDeleted, RefreshRoles)
   VALUES(@UserID, @PortalID, '2019-06-07 05:28:54', 1, 0, 0)
   INSERT INTO dbo.dnn_UserRoles(UserID, RoleID, IsTrialUsed, CreatedByUserID, CreatedOnDate, LastModifiedByUserID, LastModifiedOnDate, [Status], IsOwner)
   VALUES(@UserId, @FemaleRole, 0, 1, '2019-06-07 05:28:54', 1, '2019-06-07 05:28:54', 1, 0)
   INSERT INTO dbo.dnn_Users(Username, FirstName, LastName, Email, DisplayName, UpdatePassword, LastIPAddress, IsDeleted, CreatedByUserID, CreatedOnDate, LastModifiedByUserID, LastModifiedOnDate, PasswordResetToken, PasswordResetExpiration)
   VALUES('k.pitts@nikkeibp.co.jp', 'Katie', 'Pitts', 'k.pitts@nikkeibp.co.jp', 'Katie Pitts', 0, '', 0, 1, '2019-06-07 05:28:54', 1, '2019-06-07 05:28:54', NULL, NULL)
   SELECT @UserID = SCOPE_IDENTITY()
   INSERT INTO dbo.aspnet_Users(ApplicationID, UserName, LoweredUserName, IsAnonymous, LastActivityDate)
   VALUES(@ApplicationId, 'k.pitts@nikkeibp.co.jp', 'k.pitts@nikkeibp.co.jp', 0, '2019-06-07 05:28:54')
   SELECT @AspNetUserID = UserId FROM aspnet_Users WHERE Username = 'k.pitts@nikkeibp.co.jp'
   INSERT INTO dbo.aspnet_Membership(ApplicationID, UserID, Password, PasswordFormat, PasswordSalt, Email, LoweredEmail, IsApproved, IsLockedOut, CreateDate, LastLoginDate, LastPasswordChangedDate, LastLockoutDate, FailedPasswordAttemptCount, FailedPasswordAttemptWindowStart, FailedPasswordAnswerAttemptCount, FailedPasswordAnswerAttemptWindowStart)
   VALUES(@ApplicationID, @AspNetUserID, 'aMoPu/jMK8Yc4dxEEtAWm+RvKkFRjT38n/c1ORi3HgGWXJI15kNozQ==', 2, 'ub/Nej8BunZL3H6o+Z7+sg==', 'k.pitts@nikkeibp.co.jp', 'k.pitts@nikkeibp.co.jp', 1, 0, '2019-06-07 05:28:54', '2019-06-07 05:28:54', '2019-06-07 05:28:54', '1754-01-01 00:00:00.000', 0, '1754-01-01 00:00:00.000', 0, '1754-01-01 00:00:00.000')
   INSERT INTO dbo.dnn_UserPortals(UserID, PortalID, CreatedDate, Authorised, IsDeleted, RefreshRoles)
   VALUES(@UserID, @PortalID, '2019-06-07 05:28:54', 1, 0, 0)
   INSERT INTO dbo.dnn_UserRoles(UserID, RoleID, IsTrialUsed, CreatedByUserID, CreatedOnDate, LastModifiedByUserID, LastModifiedOnDate, [Status], IsOwner)
   VALUES(@UserId, @FemaleRole, 0, 1, '2019-06-07 05:28:54', 1, '2019-06-07 05:28:54', 1, 0)
   INSERT INTO dbo.dnn_Users(Username, FirstName, LastName, Email, DisplayName, UpdatePassword, LastIPAddress, IsDeleted, CreatedByUserID, CreatedOnDate, LastModifiedByUserID, LastModifiedOnDate, PasswordResetToken, PasswordResetExpiration)
   VALUES('parrishk@investing.com', 'Kristen', 'Parrish', 'parrishk@investing.com', 'Kristen Parrish', 0, '', 0, 1, '2019-06-07 05:28:54', 1, '2019-06-07 05:28:54', NULL, NULL)
   SELECT @UserID = SCOPE_IDENTITY()
   INSERT INTO dbo.aspnet_Users(ApplicationID, UserName, LoweredUserName, IsAnonymous, LastActivityDate)
   VALUES(@ApplicationId, 'parrishk@investing.com', 'parrishk@investing.com', 0, '2019-06-07 05:28:54')
   SELECT @AspNetUserID = UserId FROM aspnet_Users WHERE Username = 'parrishk@investing.com'
   INSERT INTO dbo.aspnet_Membership(ApplicationID, UserID, Password, PasswordFormat, PasswordSalt, Email, LoweredEmail, IsApproved, IsLockedOut, CreateDate, LastLoginDate, LastPasswordChangedDate, LastLockoutDate, FailedPasswordAttemptCount, FailedPasswordAttemptWindowStart, FailedPasswordAnswerAttemptCount, FailedPasswordAnswerAttemptWindowStart)
   VALUES(@ApplicationID, @AspNetUserID, 'aMoPu/jMK8Yc4dxEEtAWm+RvKkFRjT38n/c1ORi3HgGWXJI15kNozQ==', 2, 'ub/Nej8BunZL3H6o+Z7+sg==', 'parrishk@investing.com', 'parrishk@investing.com', 1, 0, '2019-06-07 05:28:54', '2019-06-07 05:28:54', '2019-06-07 05:28:54', '1754-01-01 00:00:00.000', 0, '1754-01-01 00:00:00.000', 0, '1754-01-01 00:00:00.000')
   INSERT INTO dbo.dnn_UserPortals(UserID, PortalID, CreatedDate, Authorised, IsDeleted, RefreshRoles)
   VALUES(@UserID, @PortalID, '2019-06-07 05:28:54', 1, 0, 0)
   INSERT INTO dbo.dnn_UserRoles(UserID, RoleID, IsTrialUsed, CreatedByUserID, CreatedOnDate, LastModifiedByUserID, LastModifiedOnDate, [Status], IsOwner)
   VALUES(@UserId, @FemaleRole, 0, 1, '2019-06-07 05:28:54', 1, '2019-06-07 05:28:54', 1, 0)
   INSERT INTO dbo.dnn_Users(Username, FirstName, LastName, Email, DisplayName, UpdatePassword, LastIPAddress, IsDeleted, CreatedByUserID, CreatedOnDate, LastModifiedByUserID, LastModifiedOnDate, PasswordResetToken, PasswordResetExpiration)
   VALUES('vanessa.ponce@google.com.do', 'Vanessa', 'Ponce', 'vanessa.ponce@google.com.do', 'Vanessa Ponce', 0, '', 0, 1, '2019-06-07 05:28:54', 1, '2019-06-07 05:28:54', NULL, NULL)
   SELECT @UserID = SCOPE_IDENTITY()
   INSERT INTO dbo.aspnet_Users(ApplicationID, UserName, LoweredUserName, IsAnonymous, LastActivityDate)
   VALUES(@ApplicationId, 'vanessa.ponce@google.com.do', 'vanessa.ponce@google.com.do', 0, '2019-06-07 05:28:54')
   SELECT @AspNetUserID = UserId FROM aspnet_Users WHERE Username = 'vanessa.ponce@google.com.do'
   INSERT INTO dbo.aspnet_Membership(ApplicationID, UserID, Password, PasswordFormat, PasswordSalt, Email, LoweredEmail, IsApproved, IsLockedOut, CreateDate, LastLoginDate, LastPasswordChangedDate, LastLockoutDate, FailedPasswordAttemptCount, FailedPasswordAttemptWindowStart, FailedPasswordAnswerAttemptCount, FailedPasswordAnswerAttemptWindowStart)
   VALUES(@ApplicationID, @AspNetUserID, 'aMoPu/jMK8Yc4dxEEtAWm+RvKkFRjT38n/c1ORi3HgGWXJI15kNozQ==', 2, 'ub/Nej8BunZL3H6o+Z7+sg==', 'vanessa.ponce@google.com.do', 'vanessa.ponce@google.com.do', 1, 0, '2019-06-07 05:28:54', '2019-06-07 05:28:54', '2019-06-07 05:28:54', '1754-01-01 00:00:00.000', 0, '1754-01-01 00:00:00.000', 0, '1754-01-01 00:00:00.000')
   INSERT INTO dbo.dnn_UserPortals(UserID, PortalID, CreatedDate, Authorised, IsDeleted, RefreshRoles)
   VALUES(@UserID, @PortalID, '2019-06-07 05:28:54', 1, 0, 0)
   INSERT INTO dbo.dnn_UserRoles(UserID, RoleID, IsTrialUsed, CreatedByUserID, CreatedOnDate, LastModifiedByUserID, LastModifiedOnDate, [Status], IsOwner)
   VALUES(@UserId, @FemaleRole, 0, 1, '2019-06-07 05:28:54', 1, '2019-06-07 05:28:54', 1, 0)
   INSERT INTO dbo.dnn_Users(Username, FirstName, LastName, Email, DisplayName, UpdatePassword, LastIPAddress, IsDeleted, CreatedByUserID, CreatedOnDate, LastModifiedByUserID, LastModifiedOnDate, PasswordResetToken, PasswordResetExpiration)
   VALUES('a.rich@united.com', 'Alma', 'Rich', 'a.rich@united.com', 'Alma Rich', 0, '', 0, 1, '2019-06-07 05:28:54', 1, '2019-06-07 05:28:54', NULL, NULL)
   SELECT @UserID = SCOPE_IDENTITY()
   INSERT INTO dbo.aspnet_Users(ApplicationID, UserName, LoweredUserName, IsAnonymous, LastActivityDate)
   VALUES(@ApplicationId, 'a.rich@united.com', 'a.rich@united.com', 0, '2019-06-07 05:28:54')
   SELECT @AspNetUserID = UserId FROM aspnet_Users WHERE Username = 'a.rich@united.com'
   INSERT INTO dbo.aspnet_Membership(ApplicationID, UserID, Password, PasswordFormat, PasswordSalt, Email, LoweredEmail, IsApproved, IsLockedOut, CreateDate, LastLoginDate, LastPasswordChangedDate, LastLockoutDate, FailedPasswordAttemptCount, FailedPasswordAttemptWindowStart, FailedPasswordAnswerAttemptCount, FailedPasswordAnswerAttemptWindowStart)
   VALUES(@ApplicationID, @AspNetUserID, 'aMoPu/jMK8Yc4dxEEtAWm+RvKkFRjT38n/c1ORi3HgGWXJI15kNozQ==', 2, 'ub/Nej8BunZL3H6o+Z7+sg==', 'a.rich@united.com', 'a.rich@united.com', 1, 0, '2019-06-07 05:28:54', '2019-06-07 05:28:54', '2019-06-07 05:28:54', '1754-01-01 00:00:00.000', 0, '1754-01-01 00:00:00.000', 0, '1754-01-01 00:00:00.000')
   INSERT INTO dbo.dnn_UserPortals(UserID, PortalID, CreatedDate, Authorised, IsDeleted, RefreshRoles)
   VALUES(@UserID, @PortalID, '2019-06-07 05:28:54', 1, 0, 0)
   INSERT INTO dbo.dnn_UserRoles(UserID, RoleID, IsTrialUsed, CreatedByUserID, CreatedOnDate, LastModifiedByUserID, LastModifiedOnDate, [Status], IsOwner)
   VALUES(@UserId, @FemaleRole, 0, 1, '2019-06-07 05:28:54', 1, '2019-06-07 05:28:54', 1, 0)
   INSERT INTO dbo.dnn_Users(Username, FirstName, LastName, Email, DisplayName, UpdatePassword, LastIPAddress, IsDeleted, CreatedByUserID, CreatedOnDate, LastModifiedByUserID, LastModifiedOnDate, PasswordResetToken, PasswordResetExpiration)
   VALUES('booths@teepr.com', 'Sue', 'Booth', 'booths@teepr.com', 'Sue Booth', 0, '', 0, 1, '2019-06-07 05:28:54', 1, '2019-06-07 05:28:54', NULL, NULL)
   SELECT @UserID = SCOPE_IDENTITY()
   INSERT INTO dbo.aspnet_Users(ApplicationID, UserName, LoweredUserName, IsAnonymous, LastActivityDate)
   VALUES(@ApplicationId, 'booths@teepr.com', 'booths@teepr.com', 0, '2019-06-07 05:28:54')
   SELECT @AspNetUserID = UserId FROM aspnet_Users WHERE Username = 'booths@teepr.com'
   INSERT INTO dbo.aspnet_Membership(ApplicationID, UserID, Password, PasswordFormat, PasswordSalt, Email, LoweredEmail, IsApproved, IsLockedOut, CreateDate, LastLoginDate, LastPasswordChangedDate, LastLockoutDate, FailedPasswordAttemptCount, FailedPasswordAttemptWindowStart, FailedPasswordAnswerAttemptCount, FailedPasswordAnswerAttemptWindowStart)
   VALUES(@ApplicationID, @AspNetUserID, 'aMoPu/jMK8Yc4dxEEtAWm+RvKkFRjT38n/c1ORi3HgGWXJI15kNozQ==', 2, 'ub/Nej8BunZL3H6o+Z7+sg==', 'booths@teepr.com', 'booths@teepr.com', 1, 0, '2019-06-07 05:28:54', '2019-06-07 05:28:54', '2019-06-07 05:28:54', '1754-01-01 00:00:00.000', 0, '1754-01-01 00:00:00.000', 0, '1754-01-01 00:00:00.000')
   INSERT INTO dbo.dnn_UserPortals(UserID, PortalID, CreatedDate, Authorised, IsDeleted, RefreshRoles)
   VALUES(@UserID, @PortalID, '2019-06-07 05:28:54', 1, 0, 0)
   INSERT INTO dbo.dnn_UserRoles(UserID, RoleID, IsTrialUsed, CreatedByUserID, CreatedOnDate, LastModifiedByUserID, LastModifiedOnDate, [Status], IsOwner)
   VALUES(@UserId, @FemaleRole, 0, 1, '2019-06-07 05:28:54', 1, '2019-06-07 05:28:54', 1, 0)
   INSERT INTO dbo.dnn_Users(Username, FirstName, LastName, Email, DisplayName, UpdatePassword, LastIPAddress, IsDeleted, CreatedByUserID, CreatedOnDate, LastModifiedByUserID, LastModifiedOnDate, PasswordResetToken, PasswordResetExpiration)
   VALUES('elsie.koch@indianexpress.com', 'Elsie', 'Koch', 'elsie.koch@indianexpress.com', 'Elsie Koch', 0, '', 0, 1, '2019-06-07 05:28:54', 1, '2019-06-07 05:28:54', NULL, NULL)
   SELECT @UserID = SCOPE_IDENTITY()
   INSERT INTO dbo.aspnet_Users(ApplicationID, UserName, LoweredUserName, IsAnonymous, LastActivityDate)
   VALUES(@ApplicationId, 'elsie.koch@indianexpress.com', 'elsie.koch@indianexpress.com', 0, '2019-06-07 05:28:54')
   SELECT @AspNetUserID = UserId FROM aspnet_Users WHERE Username = 'elsie.koch@indianexpress.com'
   INSERT INTO dbo.aspnet_Membership(ApplicationID, UserID, Password, PasswordFormat, PasswordSalt, Email, LoweredEmail, IsApproved, IsLockedOut, CreateDate, LastLoginDate, LastPasswordChangedDate, LastLockoutDate, FailedPasswordAttemptCount, FailedPasswordAttemptWindowStart, FailedPasswordAnswerAttemptCount, FailedPasswordAnswerAttemptWindowStart)
   VALUES(@ApplicationID, @AspNetUserID, 'aMoPu/jMK8Yc4dxEEtAWm+RvKkFRjT38n/c1ORi3HgGWXJI15kNozQ==', 2, 'ub/Nej8BunZL3H6o+Z7+sg==', 'elsie.koch@indianexpress.com', 'elsie.koch@indianexpress.com', 1, 0, '2019-06-07 05:28:54', '2019-06-07 05:28:54', '2019-06-07 05:28:54', '1754-01-01 00:00:00.000', 0, '1754-01-01 00:00:00.000', 0, '1754-01-01 00:00:00.000')
   INSERT INTO dbo.dnn_UserPortals(UserID, PortalID, CreatedDate, Authorised, IsDeleted, RefreshRoles)
   VALUES(@UserID, @PortalID, '2019-06-07 05:28:54', 1, 0, 0)
   INSERT INTO dbo.dnn_UserRoles(UserID, RoleID, IsTrialUsed, CreatedByUserID, CreatedOnDate, LastModifiedByUserID, LastModifiedOnDate, [Status], IsOwner)
   VALUES(@UserId, @FemaleRole, 0, 1, '2019-06-07 05:28:54', 1, '2019-06-07 05:28:54', 1, 0)
   INSERT INTO dbo.dnn_UserRoles(UserID, RoleID, IsTrialUsed, CreatedByUserID, CreatedOnDate, LastModifiedByUserID, LastModifiedOnDate, [Status], IsOwner)
   VALUES(@UserId, @ManagerRole, 0, 1, '2019-06-07 05:28:54', 1, '2019-06-07 05:28:54', 1, 0)
   INSERT INTO dbo.dnn_Users(Username, FirstName, LastName, Email, DisplayName, UpdatePassword, LastIPAddress, IsDeleted, CreatedByUserID, CreatedOnDate, LastModifiedByUserID, LastModifiedOnDate, PasswordResetToken, PasswordResetExpiration)
   VALUES('b.golden@wikiwiki.jp', 'Beth', 'Golden', 'b.golden@wikiwiki.jp', 'Beth Golden', 0, '', 0, 1, '2019-06-07 05:28:54', 1, '2019-06-07 05:28:54', NULL, NULL)
   SELECT @UserID = SCOPE_IDENTITY()
   INSERT INTO dbo.aspnet_Users(ApplicationID, UserName, LoweredUserName, IsAnonymous, LastActivityDate)
   VALUES(@ApplicationId, 'b.golden@wikiwiki.jp', 'b.golden@wikiwiki.jp', 0, '2019-06-07 05:28:54')
   SELECT @AspNetUserID = UserId FROM aspnet_Users WHERE Username = 'b.golden@wikiwiki.jp'
   INSERT INTO dbo.aspnet_Membership(ApplicationID, UserID, Password, PasswordFormat, PasswordSalt, Email, LoweredEmail, IsApproved, IsLockedOut, CreateDate, LastLoginDate, LastPasswordChangedDate, LastLockoutDate, FailedPasswordAttemptCount, FailedPasswordAttemptWindowStart, FailedPasswordAnswerAttemptCount, FailedPasswordAnswerAttemptWindowStart)
   VALUES(@ApplicationID, @AspNetUserID, 'aMoPu/jMK8Yc4dxEEtAWm+RvKkFRjT38n/c1ORi3HgGWXJI15kNozQ==', 2, 'ub/Nej8BunZL3H6o+Z7+sg==', 'b.golden@wikiwiki.jp', 'b.golden@wikiwiki.jp', 1, 0, '2019-06-07 05:28:54', '2019-06-07 05:28:54', '2019-06-07 05:28:54', '1754-01-01 00:00:00.000', 0, '1754-01-01 00:00:00.000', 0, '1754-01-01 00:00:00.000')
   INSERT INTO dbo.dnn_UserPortals(UserID, PortalID, CreatedDate, Authorised, IsDeleted, RefreshRoles)
   VALUES(@UserID, @PortalID, '2019-06-07 05:28:54', 1, 0, 0)
   INSERT INTO dbo.dnn_UserRoles(UserID, RoleID, IsTrialUsed, CreatedByUserID, CreatedOnDate, LastModifiedByUserID, LastModifiedOnDate, [Status], IsOwner)
   VALUES(@UserId, @FemaleRole, 0, 1, '2019-06-07 05:28:54', 1, '2019-06-07 05:28:54', 1, 0)
   INSERT INTO dbo.dnn_Users(Username, FirstName, LastName, Email, DisplayName, UpdatePassword, LastIPAddress, IsDeleted, CreatedByUserID, CreatedOnDate, LastModifiedByUserID, LastModifiedOnDate, PasswordResetToken, PasswordResetExpiration)
   VALUES('warej@pch.com', 'Jeanne', 'Ware', 'warej@pch.com', 'Jeanne Ware', 0, '', 0, 1, '2019-06-07 05:28:54', 1, '2019-06-07 05:28:54', NULL, NULL)
   SELECT @UserID = SCOPE_IDENTITY()
   INSERT INTO dbo.aspnet_Users(ApplicationID, UserName, LoweredUserName, IsAnonymous, LastActivityDate)
   VALUES(@ApplicationId, 'warej@pch.com', 'warej@pch.com', 0, '2019-06-07 05:28:54')
   SELECT @AspNetUserID = UserId FROM aspnet_Users WHERE Username = 'warej@pch.com'
   INSERT INTO dbo.aspnet_Membership(ApplicationID, UserID, Password, PasswordFormat, PasswordSalt, Email, LoweredEmail, IsApproved, IsLockedOut, CreateDate, LastLoginDate, LastPasswordChangedDate, LastLockoutDate, FailedPasswordAttemptCount, FailedPasswordAttemptWindowStart, FailedPasswordAnswerAttemptCount, FailedPasswordAnswerAttemptWindowStart)
   VALUES(@ApplicationID, @AspNetUserID, 'aMoPu/jMK8Yc4dxEEtAWm+RvKkFRjT38n/c1ORi3HgGWXJI15kNozQ==', 2, 'ub/Nej8BunZL3H6o+Z7+sg==', 'warej@pch.com', 'warej@pch.com', 1, 0, '2019-06-07 05:28:54', '2019-06-07 05:28:54', '2019-06-07 05:28:54', '1754-01-01 00:00:00.000', 0, '1754-01-01 00:00:00.000', 0, '1754-01-01 00:00:00.000')
   INSERT INTO dbo.dnn_UserPortals(UserID, PortalID, CreatedDate, Authorised, IsDeleted, RefreshRoles)
   VALUES(@UserID, @PortalID, '2019-06-07 05:28:54', 1, 0, 0)
   INSERT INTO dbo.dnn_UserRoles(UserID, RoleID, IsTrialUsed, CreatedByUserID, CreatedOnDate, LastModifiedByUserID, LastModifiedOnDate, [Status], IsOwner)
   VALUES(@UserId, @FemaleRole, 0, 1, '2019-06-07 05:28:54', 1, '2019-06-07 05:28:54', 1, 0)
   INSERT INTO dbo.dnn_Users(Username, FirstName, LastName, Email, DisplayName, UpdatePassword, LastIPAddress, IsDeleted, CreatedByUserID, CreatedOnDate, LastModifiedByUserID, LastModifiedOnDate, PasswordResetToken, PasswordResetExpiration)
   VALUES('vicki.brennan@jimdo.com', 'Vicki', 'Brennan', 'vicki.brennan@jimdo.com', 'Vicki Brennan', 0, '', 0, 1, '2019-06-07 05:28:54', 1, '2019-06-07 05:28:54', NULL, NULL)
   SELECT @UserID = SCOPE_IDENTITY()
   INSERT INTO dbo.aspnet_Users(ApplicationID, UserName, LoweredUserName, IsAnonymous, LastActivityDate)
   VALUES(@ApplicationId, 'vicki.brennan@jimdo.com', 'vicki.brennan@jimdo.com', 0, '2019-06-07 05:28:54')
   SELECT @AspNetUserID = UserId FROM aspnet_Users WHERE Username = 'vicki.brennan@jimdo.com'
   INSERT INTO dbo.aspnet_Membership(ApplicationID, UserID, Password, PasswordFormat, PasswordSalt, Email, LoweredEmail, IsApproved, IsLockedOut, CreateDate, LastLoginDate, LastPasswordChangedDate, LastLockoutDate, FailedPasswordAttemptCount, FailedPasswordAttemptWindowStart, FailedPasswordAnswerAttemptCount, FailedPasswordAnswerAttemptWindowStart)
   VALUES(@ApplicationID, @AspNetUserID, 'aMoPu/jMK8Yc4dxEEtAWm+RvKkFRjT38n/c1ORi3HgGWXJI15kNozQ==', 2, 'ub/Nej8BunZL3H6o+Z7+sg==', 'vicki.brennan@jimdo.com', 'vicki.brennan@jimdo.com', 1, 0, '2019-06-07 05:28:54', '2019-06-07 05:28:54', '2019-06-07 05:28:54', '1754-01-01 00:00:00.000', 0, '1754-01-01 00:00:00.000', 0, '1754-01-01 00:00:00.000')
   INSERT INTO dbo.dnn_UserPortals(UserID, PortalID, CreatedDate, Authorised, IsDeleted, RefreshRoles)
   VALUES(@UserID, @PortalID, '2019-06-07 05:28:54', 1, 0, 0)
   INSERT INTO dbo.dnn_UserRoles(UserID, RoleID, IsTrialUsed, CreatedByUserID, CreatedOnDate, LastModifiedByUserID, LastModifiedOnDate, [Status], IsOwner)
   VALUES(@UserId, @FemaleRole, 0, 1, '2019-06-07 05:28:54', 1, '2019-06-07 05:28:54', 1, 0)
   INSERT INTO dbo.dnn_Users(Username, FirstName, LastName, Email, DisplayName, UpdatePassword, LastIPAddress, IsDeleted, CreatedByUserID, CreatedOnDate, LastModifiedByUserID, LastModifiedOnDate, PasswordResetToken, PasswordResetExpiration)
   VALUES('c.mcdowell@oeeee.com', 'Carla', 'Mcdowell', 'c.mcdowell@oeeee.com', 'Carla Mcdowell', 0, '', 0, 1, '2019-06-07 05:28:54', 1, '2019-06-07 05:28:54', NULL, NULL)
   SELECT @UserID = SCOPE_IDENTITY()
   INSERT INTO dbo.aspnet_Users(ApplicationID, UserName, LoweredUserName, IsAnonymous, LastActivityDate)
   VALUES(@ApplicationId, 'c.mcdowell@oeeee.com', 'c.mcdowell@oeeee.com', 0, '2019-06-07 05:28:54')
   SELECT @AspNetUserID = UserId FROM aspnet_Users WHERE Username = 'c.mcdowell@oeeee.com'
   INSERT INTO dbo.aspnet_Membership(ApplicationID, UserID, Password, PasswordFormat, PasswordSalt, Email, LoweredEmail, IsApproved, IsLockedOut, CreateDate, LastLoginDate, LastPasswordChangedDate, LastLockoutDate, FailedPasswordAttemptCount, FailedPasswordAttemptWindowStart, FailedPasswordAnswerAttemptCount, FailedPasswordAnswerAttemptWindowStart)
   VALUES(@ApplicationID, @AspNetUserID, 'aMoPu/jMK8Yc4dxEEtAWm+RvKkFRjT38n/c1ORi3HgGWXJI15kNozQ==', 2, 'ub/Nej8BunZL3H6o+Z7+sg==', 'c.mcdowell@oeeee.com', 'c.mcdowell@oeeee.com', 1, 0, '2019-06-07 05:28:54', '2019-06-07 05:28:54', '2019-06-07 05:28:54', '1754-01-01 00:00:00.000', 0, '1754-01-01 00:00:00.000', 0, '1754-01-01 00:00:00.000')
   INSERT INTO dbo.dnn_UserPortals(UserID, PortalID, CreatedDate, Authorised, IsDeleted, RefreshRoles)
   VALUES(@UserID, @PortalID, '2019-06-07 05:28:54', 1, 0, 0)
   INSERT INTO dbo.dnn_UserRoles(UserID, RoleID, IsTrialUsed, CreatedByUserID, CreatedOnDate, LastModifiedByUserID, LastModifiedOnDate, [Status], IsOwner)
   VALUES(@UserId, @FemaleRole, 0, 1, '2019-06-07 05:28:54', 1, '2019-06-07 05:28:54', 1, 0)
   INSERT INTO dbo.dnn_Users(Username, FirstName, LastName, Email, DisplayName, UpdatePassword, LastIPAddress, IsDeleted, CreatedByUserID, CreatedOnDate, LastModifiedByUserID, LastModifiedOnDate, PasswordResetToken, PasswordResetExpiration)
   VALUES('markst@gyazo.com', 'Tara', 'Marks', 'markst@gyazo.com', 'Tara Marks', 0, '', 0, 1, '2019-06-07 05:28:54', 1, '2019-06-07 05:28:54', NULL, NULL)
   SELECT @UserID = SCOPE_IDENTITY()
   INSERT INTO dbo.aspnet_Users(ApplicationID, UserName, LoweredUserName, IsAnonymous, LastActivityDate)
   VALUES(@ApplicationId, 'markst@gyazo.com', 'markst@gyazo.com', 0, '2019-06-07 05:28:54')
   SELECT @AspNetUserID = UserId FROM aspnet_Users WHERE Username = 'markst@gyazo.com'
   INSERT INTO dbo.aspnet_Membership(ApplicationID, UserID, Password, PasswordFormat, PasswordSalt, Email, LoweredEmail, IsApproved, IsLockedOut, CreateDate, LastLoginDate, LastPasswordChangedDate, LastLockoutDate, FailedPasswordAttemptCount, FailedPasswordAttemptWindowStart, FailedPasswordAnswerAttemptCount, FailedPasswordAnswerAttemptWindowStart)
   VALUES(@ApplicationID, @AspNetUserID, 'aMoPu/jMK8Yc4dxEEtAWm+RvKkFRjT38n/c1ORi3HgGWXJI15kNozQ==', 2, 'ub/Nej8BunZL3H6o+Z7+sg==', 'markst@gyazo.com', 'markst@gyazo.com', 1, 0, '2019-06-07 05:28:54', '2019-06-07 05:28:54', '2019-06-07 05:28:54', '1754-01-01 00:00:00.000', 0, '1754-01-01 00:00:00.000', 0, '1754-01-01 00:00:00.000')
   INSERT INTO dbo.dnn_UserPortals(UserID, PortalID, CreatedDate, Authorised, IsDeleted, RefreshRoles)
   VALUES(@UserID, @PortalID, '2019-06-07 05:28:54', 1, 0, 0)
   INSERT INTO dbo.dnn_UserRoles(UserID, RoleID, IsTrialUsed, CreatedByUserID, CreatedOnDate, LastModifiedByUserID, LastModifiedOnDate, [Status], IsOwner)
   VALUES(@UserId, @FemaleRole, 0, 1, '2019-06-07 05:28:54', 1, '2019-06-07 05:28:54', 1, 0)
   INSERT INTO dbo.dnn_Users(Username, FirstName, LastName, Email, DisplayName, UpdatePassword, LastIPAddress, IsDeleted, CreatedByUserID, CreatedOnDate, LastModifiedByUserID, LastModifiedOnDate, PasswordResetToken, PasswordResetExpiration)
   VALUES('rosemary.cantu@myfitnesspal.com', 'Rosemary', 'Cantu', 'rosemary.cantu@myfitnesspal.com', 'Rosemary Cantu', 0, '', 0, 1, '2019-06-07 05:28:54', 1, '2019-06-07 05:28:54', NULL, NULL)
   SELECT @UserID = SCOPE_IDENTITY()
   INSERT INTO dbo.aspnet_Users(ApplicationID, UserName, LoweredUserName, IsAnonymous, LastActivityDate)
   VALUES(@ApplicationId, 'rosemary.cantu@myfitnesspal.com', 'rosemary.cantu@myfitnesspal.com', 0, '2019-06-07 05:28:54')
   SELECT @AspNetUserID = UserId FROM aspnet_Users WHERE Username = 'rosemary.cantu@myfitnesspal.com'
   INSERT INTO dbo.aspnet_Membership(ApplicationID, UserID, Password, PasswordFormat, PasswordSalt, Email, LoweredEmail, IsApproved, IsLockedOut, CreateDate, LastLoginDate, LastPasswordChangedDate, LastLockoutDate, FailedPasswordAttemptCount, FailedPasswordAttemptWindowStart, FailedPasswordAnswerAttemptCount, FailedPasswordAnswerAttemptWindowStart)
   VALUES(@ApplicationID, @AspNetUserID, 'aMoPu/jMK8Yc4dxEEtAWm+RvKkFRjT38n/c1ORi3HgGWXJI15kNozQ==', 2, 'ub/Nej8BunZL3H6o+Z7+sg==', 'rosemary.cantu@myfitnesspal.com', 'rosemary.cantu@myfitnesspal.com', 1, 0, '2019-06-07 05:28:54', '2019-06-07 05:28:54', '2019-06-07 05:28:54', '1754-01-01 00:00:00.000', 0, '1754-01-01 00:00:00.000', 0, '1754-01-01 00:00:00.000')
   INSERT INTO dbo.dnn_UserPortals(UserID, PortalID, CreatedDate, Authorised, IsDeleted, RefreshRoles)
   VALUES(@UserID, @PortalID, '2019-06-07 05:28:54', 1, 0, 0)
   INSERT INTO dbo.dnn_UserRoles(UserID, RoleID, IsTrialUsed, CreatedByUserID, CreatedOnDate, LastModifiedByUserID, LastModifiedOnDate, [Status], IsOwner)
   VALUES(@UserId, @FemaleRole, 0, 1, '2019-06-07 05:28:54', 1, '2019-06-07 05:28:54', 1, 0)
   INSERT INTO dbo.dnn_Users(Username, FirstName, LastName, Email, DisplayName, UpdatePassword, LastIPAddress, IsDeleted, CreatedByUserID, CreatedOnDate, LastModifiedByUserID, LastModifiedOnDate, PasswordResetToken, PasswordResetExpiration)
   VALUES('e.humphrey@yts.ag', 'Eileen', 'Humphrey', 'e.humphrey@yts.ag', 'Eileen Humphrey', 0, '', 0, 1, '2019-06-07 05:28:54', 1, '2019-06-07 05:28:54', NULL, NULL)
   SELECT @UserID = SCOPE_IDENTITY()
   INSERT INTO dbo.aspnet_Users(ApplicationID, UserName, LoweredUserName, IsAnonymous, LastActivityDate)
   VALUES(@ApplicationId, 'e.humphrey@yts.ag', 'e.humphrey@yts.ag', 0, '2019-06-07 05:28:54')
   SELECT @AspNetUserID = UserId FROM aspnet_Users WHERE Username = 'e.humphrey@yts.ag'
   INSERT INTO dbo.aspnet_Membership(ApplicationID, UserID, Password, PasswordFormat, PasswordSalt, Email, LoweredEmail, IsApproved, IsLockedOut, CreateDate, LastLoginDate, LastPasswordChangedDate, LastLockoutDate, FailedPasswordAttemptCount, FailedPasswordAttemptWindowStart, FailedPasswordAnswerAttemptCount, FailedPasswordAnswerAttemptWindowStart)
   VALUES(@ApplicationID, @AspNetUserID, 'aMoPu/jMK8Yc4dxEEtAWm+RvKkFRjT38n/c1ORi3HgGWXJI15kNozQ==', 2, 'ub/Nej8BunZL3H6o+Z7+sg==', 'e.humphrey@yts.ag', 'e.humphrey@yts.ag', 1, 0, '2019-06-07 05:28:54', '2019-06-07 05:28:54', '2019-06-07 05:28:54', '1754-01-01 00:00:00.000', 0, '1754-01-01 00:00:00.000', 0, '1754-01-01 00:00:00.000')
   INSERT INTO dbo.dnn_UserPortals(UserID, PortalID, CreatedDate, Authorised, IsDeleted, RefreshRoles)
   VALUES(@UserID, @PortalID, '2019-06-07 05:28:54', 1, 0, 0)
   INSERT INTO dbo.dnn_UserRoles(UserID, RoleID, IsTrialUsed, CreatedByUserID, CreatedOnDate, LastModifiedByUserID, LastModifiedOnDate, [Status], IsOwner)
   VALUES(@UserId, @FemaleRole, 0, 1, '2019-06-07 05:28:54', 1, '2019-06-07 05:28:54', 1, 0)
   INSERT INTO dbo.dnn_Users(Username, FirstName, LastName, Email, DisplayName, UpdatePassword, LastIPAddress, IsDeleted, CreatedByUserID, CreatedOnDate, LastModifiedByUserID, LastModifiedOnDate, PasswordResetToken, PasswordResetExpiration)
   VALUES('baxtert@custhelp.com', 'Terri', 'Baxter', 'baxtert@custhelp.com', 'Terri Baxter', 0, '', 0, 1, '2019-06-07 05:28:54', 1, '2019-06-07 05:28:54', NULL, NULL)
   SELECT @UserID = SCOPE_IDENTITY()
   INSERT INTO dbo.aspnet_Users(ApplicationID, UserName, LoweredUserName, IsAnonymous, LastActivityDate)
   VALUES(@ApplicationId, 'baxtert@custhelp.com', 'baxtert@custhelp.com', 0, '2019-06-07 05:28:54')
   SELECT @AspNetUserID = UserId FROM aspnet_Users WHERE Username = 'baxtert@custhelp.com'
   INSERT INTO dbo.aspnet_Membership(ApplicationID, UserID, Password, PasswordFormat, PasswordSalt, Email, LoweredEmail, IsApproved, IsLockedOut, CreateDate, LastLoginDate, LastPasswordChangedDate, LastLockoutDate, FailedPasswordAttemptCount, FailedPasswordAttemptWindowStart, FailedPasswordAnswerAttemptCount, FailedPasswordAnswerAttemptWindowStart)
   VALUES(@ApplicationID, @AspNetUserID, 'aMoPu/jMK8Yc4dxEEtAWm+RvKkFRjT38n/c1ORi3HgGWXJI15kNozQ==', 2, 'ub/Nej8BunZL3H6o+Z7+sg==', 'baxtert@custhelp.com', 'baxtert@custhelp.com', 1, 0, '2019-06-07 05:28:54', '2019-06-07 05:28:54', '2019-06-07 05:28:54', '1754-01-01 00:00:00.000', 0, '1754-01-01 00:00:00.000', 0, '1754-01-01 00:00:00.000')
   INSERT INTO dbo.dnn_UserPortals(UserID, PortalID, CreatedDate, Authorised, IsDeleted, RefreshRoles)
   VALUES(@UserID, @PortalID, '2019-06-07 05:28:54', 1, 0, 0)
   INSERT INTO dbo.dnn_UserRoles(UserID, RoleID, IsTrialUsed, CreatedByUserID, CreatedOnDate, LastModifiedByUserID, LastModifiedOnDate, [Status], IsOwner)
   VALUES(@UserId, @FemaleRole, 0, 1, '2019-06-07 05:28:54', 1, '2019-06-07 05:28:54', 1, 0)
   INSERT INTO dbo.dnn_Users(Username, FirstName, LastName, Email, DisplayName, UpdatePassword, LastIPAddress, IsDeleted, CreatedByUserID, CreatedOnDate, LastModifiedByUserID, LastModifiedOnDate, PasswordResetToken, PasswordResetExpiration)
   VALUES('gertrude.sawyer@paytm.in', 'Gertrude', 'Sawyer', 'gertrude.sawyer@paytm.in', 'Gertrude Sawyer', 0, '', 0, 1, '2019-06-07 05:28:54', 1, '2019-06-07 05:28:54', NULL, NULL)
   SELECT @UserID = SCOPE_IDENTITY()
   INSERT INTO dbo.aspnet_Users(ApplicationID, UserName, LoweredUserName, IsAnonymous, LastActivityDate)
   VALUES(@ApplicationId, 'gertrude.sawyer@paytm.in', 'gertrude.sawyer@paytm.in', 0, '2019-06-07 05:28:54')
   SELECT @AspNetUserID = UserId FROM aspnet_Users WHERE Username = 'gertrude.sawyer@paytm.in'
   INSERT INTO dbo.aspnet_Membership(ApplicationID, UserID, Password, PasswordFormat, PasswordSalt, Email, LoweredEmail, IsApproved, IsLockedOut, CreateDate, LastLoginDate, LastPasswordChangedDate, LastLockoutDate, FailedPasswordAttemptCount, FailedPasswordAttemptWindowStart, FailedPasswordAnswerAttemptCount, FailedPasswordAnswerAttemptWindowStart)
   VALUES(@ApplicationID, @AspNetUserID, 'aMoPu/jMK8Yc4dxEEtAWm+RvKkFRjT38n/c1ORi3HgGWXJI15kNozQ==', 2, 'ub/Nej8BunZL3H6o+Z7+sg==', 'gertrude.sawyer@paytm.in', 'gertrude.sawyer@paytm.in', 1, 0, '2019-06-07 05:28:54', '2019-06-07 05:28:54', '2019-06-07 05:28:54', '1754-01-01 00:00:00.000', 0, '1754-01-01 00:00:00.000', 0, '1754-01-01 00:00:00.000')
   INSERT INTO dbo.dnn_UserPortals(UserID, PortalID, CreatedDate, Authorised, IsDeleted, RefreshRoles)
   VALUES(@UserID, @PortalID, '2019-06-07 05:28:54', 1, 0, 0)
   INSERT INTO dbo.dnn_UserRoles(UserID, RoleID, IsTrialUsed, CreatedByUserID, CreatedOnDate, LastModifiedByUserID, LastModifiedOnDate, [Status], IsOwner)
   VALUES(@UserId, @FemaleRole, 0, 1, '2019-06-07 05:28:54', 1, '2019-06-07 05:28:54', 1, 0)
   INSERT INTO dbo.dnn_Users(Username, FirstName, LastName, Email, DisplayName, UpdatePassword, LastIPAddress, IsDeleted, CreatedByUserID, CreatedOnDate, LastModifiedByUserID, LastModifiedOnDate, PasswordResetToken, PasswordResetExpiration)
   VALUES('l.clay@nextdoor.com', 'Lucy', 'Clay', 'l.clay@nextdoor.com', 'Lucy Clay', 0, '', 0, 1, '2019-06-07 05:28:54', 1, '2019-06-07 05:28:54', NULL, NULL)
   SELECT @UserID = SCOPE_IDENTITY()
   INSERT INTO dbo.aspnet_Users(ApplicationID, UserName, LoweredUserName, IsAnonymous, LastActivityDate)
   VALUES(@ApplicationId, 'l.clay@nextdoor.com', 'l.clay@nextdoor.com', 0, '2019-06-07 05:28:54')
   SELECT @AspNetUserID = UserId FROM aspnet_Users WHERE Username = 'l.clay@nextdoor.com'
   INSERT INTO dbo.aspnet_Membership(ApplicationID, UserID, Password, PasswordFormat, PasswordSalt, Email, LoweredEmail, IsApproved, IsLockedOut, CreateDate, LastLoginDate, LastPasswordChangedDate, LastLockoutDate, FailedPasswordAttemptCount, FailedPasswordAttemptWindowStart, FailedPasswordAnswerAttemptCount, FailedPasswordAnswerAttemptWindowStart)
   VALUES(@ApplicationID, @AspNetUserID, 'aMoPu/jMK8Yc4dxEEtAWm+RvKkFRjT38n/c1ORi3HgGWXJI15kNozQ==', 2, 'ub/Nej8BunZL3H6o+Z7+sg==', 'l.clay@nextdoor.com', 'l.clay@nextdoor.com', 1, 0, '2019-06-07 05:28:54', '2019-06-07 05:28:54', '2019-06-07 05:28:54', '1754-01-01 00:00:00.000', 0, '1754-01-01 00:00:00.000', 0, '1754-01-01 00:00:00.000')
   INSERT INTO dbo.dnn_UserPortals(UserID, PortalID, CreatedDate, Authorised, IsDeleted, RefreshRoles)
   VALUES(@UserID, @PortalID, '2019-06-07 05:28:54', 1, 0, 0)
   INSERT INTO dbo.dnn_UserRoles(UserID, RoleID, IsTrialUsed, CreatedByUserID, CreatedOnDate, LastModifiedByUserID, LastModifiedOnDate, [Status], IsOwner)
   VALUES(@UserId, @FemaleRole, 0, 1, '2019-06-07 05:28:54', 1, '2019-06-07 05:28:54', 1, 0)
   INSERT INTO dbo.dnn_Users(Username, FirstName, LastName, Email, DisplayName, UpdatePassword, LastIPAddress, IsDeleted, CreatedByUserID, CreatedOnDate, LastModifiedByUserID, LastModifiedOnDate, PasswordResetToken, PasswordResetExpiration)
   VALUES('tannert@voc.com.cn', 'Tonya', 'Tanner', 'tannert@voc.com.cn', 'Tonya Tanner', 0, '', 0, 1, '2019-06-07 05:28:54', 1, '2019-06-07 05:28:54', NULL, NULL)
   SELECT @UserID = SCOPE_IDENTITY()
   INSERT INTO dbo.aspnet_Users(ApplicationID, UserName, LoweredUserName, IsAnonymous, LastActivityDate)
   VALUES(@ApplicationId, 'tannert@voc.com.cn', 'tannert@voc.com.cn', 0, '2019-06-07 05:28:54')
   SELECT @AspNetUserID = UserId FROM aspnet_Users WHERE Username = 'tannert@voc.com.cn'
   INSERT INTO dbo.aspnet_Membership(ApplicationID, UserID, Password, PasswordFormat, PasswordSalt, Email, LoweredEmail, IsApproved, IsLockedOut, CreateDate, LastLoginDate, LastPasswordChangedDate, LastLockoutDate, FailedPasswordAttemptCount, FailedPasswordAttemptWindowStart, FailedPasswordAnswerAttemptCount, FailedPasswordAnswerAttemptWindowStart)
   VALUES(@ApplicationID, @AspNetUserID, 'aMoPu/jMK8Yc4dxEEtAWm+RvKkFRjT38n/c1ORi3HgGWXJI15kNozQ==', 2, 'ub/Nej8BunZL3H6o+Z7+sg==', 'tannert@voc.com.cn', 'tannert@voc.com.cn', 1, 0, '2019-06-07 05:28:54', '2019-06-07 05:28:54', '2019-06-07 05:28:54', '1754-01-01 00:00:00.000', 0, '1754-01-01 00:00:00.000', 0, '1754-01-01 00:00:00.000')
   INSERT INTO dbo.dnn_UserPortals(UserID, PortalID, CreatedDate, Authorised, IsDeleted, RefreshRoles)
   VALUES(@UserID, @PortalID, '2019-06-07 05:28:54', 1, 0, 0)
   INSERT INTO dbo.dnn_UserRoles(UserID, RoleID, IsTrialUsed, CreatedByUserID, CreatedOnDate, LastModifiedByUserID, LastModifiedOnDate, [Status], IsOwner)
   VALUES(@UserId, @FemaleRole, 0, 1, '2019-06-07 05:28:54', 1, '2019-06-07 05:28:54', 1, 0)
   INSERT INTO dbo.dnn_Users(Username, FirstName, LastName, Email, DisplayName, UpdatePassword, LastIPAddress, IsDeleted, CreatedByUserID, CreatedOnDate, LastModifiedByUserID, LastModifiedOnDate, PasswordResetToken, PasswordResetExpiration)
   VALUES('ella.hutchinson@cnbc.com', 'Ella', 'Hutchinson', 'ella.hutchinson@cnbc.com', 'Ella Hutchinson', 0, '', 0, 1, '2019-06-07 05:28:54', 1, '2019-06-07 05:28:54', NULL, NULL)
   SELECT @UserID = SCOPE_IDENTITY()
   INSERT INTO dbo.aspnet_Users(ApplicationID, UserName, LoweredUserName, IsAnonymous, LastActivityDate)
   VALUES(@ApplicationId, 'ella.hutchinson@cnbc.com', 'ella.hutchinson@cnbc.com', 0, '2019-06-07 05:28:54')
   SELECT @AspNetUserID = UserId FROM aspnet_Users WHERE Username = 'ella.hutchinson@cnbc.com'
   INSERT INTO dbo.aspnet_Membership(ApplicationID, UserID, Password, PasswordFormat, PasswordSalt, Email, LoweredEmail, IsApproved, IsLockedOut, CreateDate, LastLoginDate, LastPasswordChangedDate, LastLockoutDate, FailedPasswordAttemptCount, FailedPasswordAttemptWindowStart, FailedPasswordAnswerAttemptCount, FailedPasswordAnswerAttemptWindowStart)
   VALUES(@ApplicationID, @AspNetUserID, 'aMoPu/jMK8Yc4dxEEtAWm+RvKkFRjT38n/c1ORi3HgGWXJI15kNozQ==', 2, 'ub/Nej8BunZL3H6o+Z7+sg==', 'ella.hutchinson@cnbc.com', 'ella.hutchinson@cnbc.com', 1, 0, '2019-06-07 05:28:54', '2019-06-07 05:28:54', '2019-06-07 05:28:54', '1754-01-01 00:00:00.000', 0, '1754-01-01 00:00:00.000', 0, '1754-01-01 00:00:00.000')
   INSERT INTO dbo.dnn_UserPortals(UserID, PortalID, CreatedDate, Authorised, IsDeleted, RefreshRoles)
   VALUES(@UserID, @PortalID, '2019-06-07 05:28:54', 1, 0, 0)
   INSERT INTO dbo.dnn_UserRoles(UserID, RoleID, IsTrialUsed, CreatedByUserID, CreatedOnDate, LastModifiedByUserID, LastModifiedOnDate, [Status], IsOwner)
   VALUES(@UserId, @FemaleRole, 0, 1, '2019-06-07 05:28:54', 1, '2019-06-07 05:28:54', 1, 0)
   INSERT INTO dbo.dnn_Users(Username, FirstName, LastName, Email, DisplayName, UpdatePassword, LastIPAddress, IsDeleted, CreatedByUserID, CreatedOnDate, LastModifiedByUserID, LastModifiedOnDate, PasswordResetToken, PasswordResetExpiration)
   VALUES('s.kaur@sears.com', 'Stacey', 'Kaur', 's.kaur@sears.com', 'Stacey Kaur', 0, '', 0, 1, '2019-06-07 05:28:54', 1, '2019-06-07 05:28:54', NULL, NULL)
   SELECT @UserID = SCOPE_IDENTITY()
   INSERT INTO dbo.aspnet_Users(ApplicationID, UserName, LoweredUserName, IsAnonymous, LastActivityDate)
   VALUES(@ApplicationId, 's.kaur@sears.com', 's.kaur@sears.com', 0, '2019-06-07 05:28:54')
   SELECT @AspNetUserID = UserId FROM aspnet_Users WHERE Username = 's.kaur@sears.com'
   INSERT INTO dbo.aspnet_Membership(ApplicationID, UserID, Password, PasswordFormat, PasswordSalt, Email, LoweredEmail, IsApproved, IsLockedOut, CreateDate, LastLoginDate, LastPasswordChangedDate, LastLockoutDate, FailedPasswordAttemptCount, FailedPasswordAttemptWindowStart, FailedPasswordAnswerAttemptCount, FailedPasswordAnswerAttemptWindowStart)
   VALUES(@ApplicationID, @AspNetUserID, 'aMoPu/jMK8Yc4dxEEtAWm+RvKkFRjT38n/c1ORi3HgGWXJI15kNozQ==', 2, 'ub/Nej8BunZL3H6o+Z7+sg==', 's.kaur@sears.com', 's.kaur@sears.com', 1, 0, '2019-06-07 05:28:54', '2019-06-07 05:28:54', '2019-06-07 05:28:54', '1754-01-01 00:00:00.000', 0, '1754-01-01 00:00:00.000', 0, '1754-01-01 00:00:00.000')
   INSERT INTO dbo.dnn_UserPortals(UserID, PortalID, CreatedDate, Authorised, IsDeleted, RefreshRoles)
   VALUES(@UserID, @PortalID, '2019-06-07 05:28:54', 1, 0, 0)
   INSERT INTO dbo.dnn_UserRoles(UserID, RoleID, IsTrialUsed, CreatedByUserID, CreatedOnDate, LastModifiedByUserID, LastModifiedOnDate, [Status], IsOwner)
   VALUES(@UserId, @FemaleRole, 0, 1, '2019-06-07 05:28:54', 1, '2019-06-07 05:28:54', 1, 0)
   INSERT INTO dbo.dnn_Users(Username, FirstName, LastName, Email, DisplayName, UpdatePassword, LastIPAddress, IsDeleted, CreatedByUserID, CreatedOnDate, LastModifiedByUserID, LastModifiedOnDate, PasswordResetToken, PasswordResetExpiration)
   VALUES('bergw@bs.to', 'Wilma', 'Berg', 'bergw@bs.to', 'Wilma Berg', 0, '', 0, 1, '2019-06-07 05:28:54', 1, '2019-06-07 05:28:54', NULL, NULL)
   SELECT @UserID = SCOPE_IDENTITY()
   INSERT INTO dbo.aspnet_Users(ApplicationID, UserName, LoweredUserName, IsAnonymous, LastActivityDate)
   VALUES(@ApplicationId, 'bergw@bs.to', 'bergw@bs.to', 0, '2019-06-07 05:28:54')
   SELECT @AspNetUserID = UserId FROM aspnet_Users WHERE Username = 'bergw@bs.to'
   INSERT INTO dbo.aspnet_Membership(ApplicationID, UserID, Password, PasswordFormat, PasswordSalt, Email, LoweredEmail, IsApproved, IsLockedOut, CreateDate, LastLoginDate, LastPasswordChangedDate, LastLockoutDate, FailedPasswordAttemptCount, FailedPasswordAttemptWindowStart, FailedPasswordAnswerAttemptCount, FailedPasswordAnswerAttemptWindowStart)
   VALUES(@ApplicationID, @AspNetUserID, 'aMoPu/jMK8Yc4dxEEtAWm+RvKkFRjT38n/c1ORi3HgGWXJI15kNozQ==', 2, 'ub/Nej8BunZL3H6o+Z7+sg==', 'bergw@bs.to', 'bergw@bs.to', 1, 0, '2019-06-07 05:28:54', '2019-06-07 05:28:54', '2019-06-07 05:28:54', '1754-01-01 00:00:00.000', 0, '1754-01-01 00:00:00.000', 0, '1754-01-01 00:00:00.000')
   INSERT INTO dbo.dnn_UserPortals(UserID, PortalID, CreatedDate, Authorised, IsDeleted, RefreshRoles)
   VALUES(@UserID, @PortalID, '2019-06-07 05:28:54', 1, 0, 0)
   INSERT INTO dbo.dnn_UserRoles(UserID, RoleID, IsTrialUsed, CreatedByUserID, CreatedOnDate, LastModifiedByUserID, LastModifiedOnDate, [Status], IsOwner)
   VALUES(@UserId, @FemaleRole, 0, 1, '2019-06-07 05:28:54', 1, '2019-06-07 05:28:54', 1, 0)
   INSERT INTO dbo.dnn_UserRoles(UserID, RoleID, IsTrialUsed, CreatedByUserID, CreatedOnDate, LastModifiedByUserID, LastModifiedOnDate, [Status], IsOwner)
   VALUES(@UserId, @AcademicRole, 0, 1, '2019-06-07 05:28:54', 1, '2019-06-07 05:28:54', 1, 0)
   INSERT INTO dbo.dnn_Users(Username, FirstName, LastName, Email, DisplayName, UpdatePassword, LastIPAddress, IsDeleted, CreatedByUserID, CreatedOnDate, LastModifiedByUserID, LastModifiedOnDate, PasswordResetToken, PasswordResetExpiration)
   VALUES('gina.wiley@itmedia.co.jp', 'Gina', 'Wiley', 'gina.wiley@itmedia.co.jp', 'Gina Wiley', 0, '', 0, 1, '2019-06-07 05:28:54', 1, '2019-06-07 05:28:54', NULL, NULL)
   SELECT @UserID = SCOPE_IDENTITY()
   INSERT INTO dbo.aspnet_Users(ApplicationID, UserName, LoweredUserName, IsAnonymous, LastActivityDate)
   VALUES(@ApplicationId, 'gina.wiley@itmedia.co.jp', 'gina.wiley@itmedia.co.jp', 0, '2019-06-07 05:28:54')
   SELECT @AspNetUserID = UserId FROM aspnet_Users WHERE Username = 'gina.wiley@itmedia.co.jp'
   INSERT INTO dbo.aspnet_Membership(ApplicationID, UserID, Password, PasswordFormat, PasswordSalt, Email, LoweredEmail, IsApproved, IsLockedOut, CreateDate, LastLoginDate, LastPasswordChangedDate, LastLockoutDate, FailedPasswordAttemptCount, FailedPasswordAttemptWindowStart, FailedPasswordAnswerAttemptCount, FailedPasswordAnswerAttemptWindowStart)
   VALUES(@ApplicationID, @AspNetUserID, 'aMoPu/jMK8Yc4dxEEtAWm+RvKkFRjT38n/c1ORi3HgGWXJI15kNozQ==', 2, 'ub/Nej8BunZL3H6o+Z7+sg==', 'gina.wiley@itmedia.co.jp', 'gina.wiley@itmedia.co.jp', 1, 0, '2019-06-07 05:28:54', '2019-06-07 05:28:54', '2019-06-07 05:28:54', '1754-01-01 00:00:00.000', 0, '1754-01-01 00:00:00.000', 0, '1754-01-01 00:00:00.000')
   INSERT INTO dbo.dnn_UserPortals(UserID, PortalID, CreatedDate, Authorised, IsDeleted, RefreshRoles)
   VALUES(@UserID, @PortalID, '2019-06-07 05:28:54', 1, 0, 0)
   INSERT INTO dbo.dnn_UserRoles(UserID, RoleID, IsTrialUsed, CreatedByUserID, CreatedOnDate, LastModifiedByUserID, LastModifiedOnDate, [Status], IsOwner)
   VALUES(@UserId, @FemaleRole, 0, 1, '2019-06-07 05:28:54', 1, '2019-06-07 05:28:54', 1, 0)
   INSERT INTO dbo.dnn_Users(Username, FirstName, LastName, Email, DisplayName, UpdatePassword, LastIPAddress, IsDeleted, CreatedByUserID, CreatedOnDate, LastModifiedByUserID, LastModifiedOnDate, PasswordResetToken, PasswordResetExpiration)
   VALUES('k.gilmore@thekitchn.com', 'Kristin', 'Gilmore', 'k.gilmore@thekitchn.com', 'Kristin Gilmore', 0, '', 0, 1, '2019-06-07 05:28:54', 1, '2019-06-07 05:28:54', NULL, NULL)
   SELECT @UserID = SCOPE_IDENTITY()
   INSERT INTO dbo.aspnet_Users(ApplicationID, UserName, LoweredUserName, IsAnonymous, LastActivityDate)
   VALUES(@ApplicationId, 'k.gilmore@thekitchn.com', 'k.gilmore@thekitchn.com', 0, '2019-06-07 05:28:54')
   SELECT @AspNetUserID = UserId FROM aspnet_Users WHERE Username = 'k.gilmore@thekitchn.com'
   INSERT INTO dbo.aspnet_Membership(ApplicationID, UserID, Password, PasswordFormat, PasswordSalt, Email, LoweredEmail, IsApproved, IsLockedOut, CreateDate, LastLoginDate, LastPasswordChangedDate, LastLockoutDate, FailedPasswordAttemptCount, FailedPasswordAttemptWindowStart, FailedPasswordAnswerAttemptCount, FailedPasswordAnswerAttemptWindowStart)
   VALUES(@ApplicationID, @AspNetUserID, 'aMoPu/jMK8Yc4dxEEtAWm+RvKkFRjT38n/c1ORi3HgGWXJI15kNozQ==', 2, 'ub/Nej8BunZL3H6o+Z7+sg==', 'k.gilmore@thekitchn.com', 'k.gilmore@thekitchn.com', 1, 0, '2019-06-07 05:28:54', '2019-06-07 05:28:54', '2019-06-07 05:28:54', '1754-01-01 00:00:00.000', 0, '1754-01-01 00:00:00.000', 0, '1754-01-01 00:00:00.000')
   INSERT INTO dbo.dnn_UserPortals(UserID, PortalID, CreatedDate, Authorised, IsDeleted, RefreshRoles)
   VALUES(@UserID, @PortalID, '2019-06-07 05:28:54', 1, 0, 0)
   INSERT INTO dbo.dnn_UserRoles(UserID, RoleID, IsTrialUsed, CreatedByUserID, CreatedOnDate, LastModifiedByUserID, LastModifiedOnDate, [Status], IsOwner)
   VALUES(@UserId, @FemaleRole, 0, 1, '2019-06-07 05:28:54', 1, '2019-06-07 05:28:54', 1, 0)
   INSERT INTO dbo.dnn_Users(Username, FirstName, LastName, Email, DisplayName, UpdatePassword, LastIPAddress, IsDeleted, CreatedByUserID, CreatedOnDate, LastModifiedByUserID, LastModifiedOnDate, PasswordResetToken, PasswordResetExpiration)
   VALUES('russoj@bomb01.com', 'Jessie', 'Russo', 'russoj@bomb01.com', 'Jessie Russo', 0, '', 0, 1, '2019-06-07 05:28:54', 1, '2019-06-07 05:28:54', NULL, NULL)
   SELECT @UserID = SCOPE_IDENTITY()
   INSERT INTO dbo.aspnet_Users(ApplicationID, UserName, LoweredUserName, IsAnonymous, LastActivityDate)
   VALUES(@ApplicationId, 'russoj@bomb01.com', 'russoj@bomb01.com', 0, '2019-06-07 05:28:54')
   SELECT @AspNetUserID = UserId FROM aspnet_Users WHERE Username = 'russoj@bomb01.com'
   INSERT INTO dbo.aspnet_Membership(ApplicationID, UserID, Password, PasswordFormat, PasswordSalt, Email, LoweredEmail, IsApproved, IsLockedOut, CreateDate, LastLoginDate, LastPasswordChangedDate, LastLockoutDate, FailedPasswordAttemptCount, FailedPasswordAttemptWindowStart, FailedPasswordAnswerAttemptCount, FailedPasswordAnswerAttemptWindowStart)
   VALUES(@ApplicationID, @AspNetUserID, 'aMoPu/jMK8Yc4dxEEtAWm+RvKkFRjT38n/c1ORi3HgGWXJI15kNozQ==', 2, 'ub/Nej8BunZL3H6o+Z7+sg==', 'russoj@bomb01.com', 'russoj@bomb01.com', 1, 0, '2019-06-07 05:28:54', '2019-06-07 05:28:54', '2019-06-07 05:28:54', '1754-01-01 00:00:00.000', 0, '1754-01-01 00:00:00.000', 0, '1754-01-01 00:00:00.000')
   INSERT INTO dbo.dnn_UserPortals(UserID, PortalID, CreatedDate, Authorised, IsDeleted, RefreshRoles)
   VALUES(@UserID, @PortalID, '2019-06-07 05:28:54', 1, 0, 0)
   INSERT INTO dbo.dnn_UserRoles(UserID, RoleID, IsTrialUsed, CreatedByUserID, CreatedOnDate, LastModifiedByUserID, LastModifiedOnDate, [Status], IsOwner)
   VALUES(@UserId, @FemaleRole, 0, 1, '2019-06-07 05:28:54', 1, '2019-06-07 05:28:54', 1, 0)
   INSERT INTO dbo.dnn_Users(Username, FirstName, LastName, Email, DisplayName, UpdatePassword, LastIPAddress, IsDeleted, CreatedByUserID, CreatedOnDate, LastModifiedByUserID, LastModifiedOnDate, PasswordResetToken, PasswordResetExpiration)
   VALUES('natalie.villegas@slate.com', 'Natalie', 'Villegas', 'natalie.villegas@slate.com', 'Natalie Villegas', 0, '', 0, 1, '2019-06-07 05:28:54', 1, '2019-06-07 05:28:54', NULL, NULL)
   SELECT @UserID = SCOPE_IDENTITY()
   INSERT INTO dbo.aspnet_Users(ApplicationID, UserName, LoweredUserName, IsAnonymous, LastActivityDate)
   VALUES(@ApplicationId, 'natalie.villegas@slate.com', 'natalie.villegas@slate.com', 0, '2019-06-07 05:28:54')
   SELECT @AspNetUserID = UserId FROM aspnet_Users WHERE Username = 'natalie.villegas@slate.com'
   INSERT INTO dbo.aspnet_Membership(ApplicationID, UserID, Password, PasswordFormat, PasswordSalt, Email, LoweredEmail, IsApproved, IsLockedOut, CreateDate, LastLoginDate, LastPasswordChangedDate, LastLockoutDate, FailedPasswordAttemptCount, FailedPasswordAttemptWindowStart, FailedPasswordAnswerAttemptCount, FailedPasswordAnswerAttemptWindowStart)
   VALUES(@ApplicationID, @AspNetUserID, 'aMoPu/jMK8Yc4dxEEtAWm+RvKkFRjT38n/c1ORi3HgGWXJI15kNozQ==', 2, 'ub/Nej8BunZL3H6o+Z7+sg==', 'natalie.villegas@slate.com', 'natalie.villegas@slate.com', 1, 0, '2019-06-07 05:28:54', '2019-06-07 05:28:54', '2019-06-07 05:28:54', '1754-01-01 00:00:00.000', 0, '1754-01-01 00:00:00.000', 0, '1754-01-01 00:00:00.000')
   INSERT INTO dbo.dnn_UserPortals(UserID, PortalID, CreatedDate, Authorised, IsDeleted, RefreshRoles)
   VALUES(@UserID, @PortalID, '2019-06-07 05:28:54', 1, 0, 0)
   INSERT INTO dbo.dnn_UserRoles(UserID, RoleID, IsTrialUsed, CreatedByUserID, CreatedOnDate, LastModifiedByUserID, LastModifiedOnDate, [Status], IsOwner)
   VALUES(@UserId, @FemaleRole, 0, 1, '2019-06-07 05:28:54', 1, '2019-06-07 05:28:54', 1, 0)
   INSERT INTO dbo.dnn_Users(Username, FirstName, LastName, Email, DisplayName, UpdatePassword, LastIPAddress, IsDeleted, CreatedByUserID, CreatedOnDate, LastModifiedByUserID, LastModifiedOnDate, PasswordResetToken, PasswordResetExpiration)
   VALUES('a.hobbs@torcache.net', 'Agnes', 'Hobbs', 'a.hobbs@torcache.net', 'Agnes Hobbs', 0, '', 0, 1, '2019-06-07 05:28:54', 1, '2019-06-07 05:28:54', NULL, NULL)
   SELECT @UserID = SCOPE_IDENTITY()
   INSERT INTO dbo.aspnet_Users(ApplicationID, UserName, LoweredUserName, IsAnonymous, LastActivityDate)
   VALUES(@ApplicationId, 'a.hobbs@torcache.net', 'a.hobbs@torcache.net', 0, '2019-06-07 05:28:54')
   SELECT @AspNetUserID = UserId FROM aspnet_Users WHERE Username = 'a.hobbs@torcache.net'
   INSERT INTO dbo.aspnet_Membership(ApplicationID, UserID, Password, PasswordFormat, PasswordSalt, Email, LoweredEmail, IsApproved, IsLockedOut, CreateDate, LastLoginDate, LastPasswordChangedDate, LastLockoutDate, FailedPasswordAttemptCount, FailedPasswordAttemptWindowStart, FailedPasswordAnswerAttemptCount, FailedPasswordAnswerAttemptWindowStart)
   VALUES(@ApplicationID, @AspNetUserID, 'aMoPu/jMK8Yc4dxEEtAWm+RvKkFRjT38n/c1ORi3HgGWXJI15kNozQ==', 2, 'ub/Nej8BunZL3H6o+Z7+sg==', 'a.hobbs@torcache.net', 'a.hobbs@torcache.net', 1, 0, '2019-06-07 05:28:54', '2019-06-07 05:28:54', '2019-06-07 05:28:54', '1754-01-01 00:00:00.000', 0, '1754-01-01 00:00:00.000', 0, '1754-01-01 00:00:00.000')
   INSERT INTO dbo.dnn_UserPortals(UserID, PortalID, CreatedDate, Authorised, IsDeleted, RefreshRoles)
   VALUES(@UserID, @PortalID, '2019-06-07 05:28:54', 1, 0, 0)
   INSERT INTO dbo.dnn_UserRoles(UserID, RoleID, IsTrialUsed, CreatedByUserID, CreatedOnDate, LastModifiedByUserID, LastModifiedOnDate, [Status], IsOwner)
   VALUES(@UserId, @FemaleRole, 0, 1, '2019-06-07 05:28:54', 1, '2019-06-07 05:28:54', 1, 0)
   INSERT INTO dbo.dnn_Users(Username, FirstName, LastName, Email, DisplayName, UpdatePassword, LastIPAddress, IsDeleted, CreatedByUserID, CreatedOnDate, LastModifiedByUserID, LastModifiedOnDate, PasswordResetToken, PasswordResetExpiration)
   VALUES('keithv@google.com.my', 'Vera', 'Keith', 'keithv@google.com.my', 'Vera Keith', 0, '', 0, 1, '2019-06-07 05:28:54', 1, '2019-06-07 05:28:54', NULL, NULL)
   SELECT @UserID = SCOPE_IDENTITY()
   INSERT INTO dbo.aspnet_Users(ApplicationID, UserName, LoweredUserName, IsAnonymous, LastActivityDate)
   VALUES(@ApplicationId, 'keithv@google.com.my', 'keithv@google.com.my', 0, '2019-06-07 05:28:54')
   SELECT @AspNetUserID = UserId FROM aspnet_Users WHERE Username = 'keithv@google.com.my'
   INSERT INTO dbo.aspnet_Membership(ApplicationID, UserID, Password, PasswordFormat, PasswordSalt, Email, LoweredEmail, IsApproved, IsLockedOut, CreateDate, LastLoginDate, LastPasswordChangedDate, LastLockoutDate, FailedPasswordAttemptCount, FailedPasswordAttemptWindowStart, FailedPasswordAnswerAttemptCount, FailedPasswordAnswerAttemptWindowStart)
   VALUES(@ApplicationID, @AspNetUserID, 'aMoPu/jMK8Yc4dxEEtAWm+RvKkFRjT38n/c1ORi3HgGWXJI15kNozQ==', 2, 'ub/Nej8BunZL3H6o+Z7+sg==', 'keithv@google.com.my', 'keithv@google.com.my', 1, 0, '2019-06-07 05:28:54', '2019-06-07 05:28:54', '2019-06-07 05:28:54', '1754-01-01 00:00:00.000', 0, '1754-01-01 00:00:00.000', 0, '1754-01-01 00:00:00.000')
   INSERT INTO dbo.dnn_UserPortals(UserID, PortalID, CreatedDate, Authorised, IsDeleted, RefreshRoles)
   VALUES(@UserID, @PortalID, '2019-06-07 05:28:54', 1, 0, 0)
   INSERT INTO dbo.dnn_UserRoles(UserID, RoleID, IsTrialUsed, CreatedByUserID, CreatedOnDate, LastModifiedByUserID, LastModifiedOnDate, [Status], IsOwner)
   VALUES(@UserId, @FemaleRole, 0, 1, '2019-06-07 05:28:54', 1, '2019-06-07 05:28:54', 1, 0)
   INSERT INTO dbo.dnn_Users(Username, FirstName, LastName, Email, DisplayName, UpdatePassword, LastIPAddress, IsDeleted, CreatedByUserID, CreatedOnDate, LastModifiedByUserID, LastModifiedOnDate, PasswordResetToken, PasswordResetExpiration)
   VALUES('willie.wilkerson@4chan.org', 'Willie', 'Wilkerson', 'willie.wilkerson@4chan.org', 'Willie Wilkerson', 0, '', 0, 1, '2019-06-07 05:28:54', 1, '2019-06-07 05:28:54', NULL, NULL)
   SELECT @UserID = SCOPE_IDENTITY()
   INSERT INTO dbo.aspnet_Users(ApplicationID, UserName, LoweredUserName, IsAnonymous, LastActivityDate)
   VALUES(@ApplicationId, 'willie.wilkerson@4chan.org', 'willie.wilkerson@4chan.org', 0, '2019-06-07 05:28:54')
   SELECT @AspNetUserID = UserId FROM aspnet_Users WHERE Username = 'willie.wilkerson@4chan.org'
   INSERT INTO dbo.aspnet_Membership(ApplicationID, UserID, Password, PasswordFormat, PasswordSalt, Email, LoweredEmail, IsApproved, IsLockedOut, CreateDate, LastLoginDate, LastPasswordChangedDate, LastLockoutDate, FailedPasswordAttemptCount, FailedPasswordAttemptWindowStart, FailedPasswordAnswerAttemptCount, FailedPasswordAnswerAttemptWindowStart)
   VALUES(@ApplicationID, @AspNetUserID, 'aMoPu/jMK8Yc4dxEEtAWm+RvKkFRjT38n/c1ORi3HgGWXJI15kNozQ==', 2, 'ub/Nej8BunZL3H6o+Z7+sg==', 'willie.wilkerson@4chan.org', 'willie.wilkerson@4chan.org', 1, 0, '2019-06-07 05:28:54', '2019-06-07 05:28:54', '2019-06-07 05:28:54', '1754-01-01 00:00:00.000', 0, '1754-01-01 00:00:00.000', 0, '1754-01-01 00:00:00.000')
   INSERT INTO dbo.dnn_UserPortals(UserID, PortalID, CreatedDate, Authorised, IsDeleted, RefreshRoles)
   VALUES(@UserID, @PortalID, '2019-06-07 05:28:54', 1, 0, 0)
   INSERT INTO dbo.dnn_UserRoles(UserID, RoleID, IsTrialUsed, CreatedByUserID, CreatedOnDate, LastModifiedByUserID, LastModifiedOnDate, [Status], IsOwner)
   VALUES(@UserId, @FemaleRole, 0, 1, '2019-06-07 05:28:54', 1, '2019-06-07 05:28:54', 1, 0)
   INSERT INTO dbo.dnn_Users(Username, FirstName, LastName, Email, DisplayName, UpdatePassword, LastIPAddress, IsDeleted, CreatedByUserID, CreatedOnDate, LastModifiedByUserID, LastModifiedOnDate, PasswordResetToken, PasswordResetExpiration)
   VALUES('c.ahmed@biobiochile.cl', 'Charlene', 'Ahmed', 'c.ahmed@biobiochile.cl', 'Charlene Ahmed', 0, '', 0, 1, '2019-06-07 05:28:54', 1, '2019-06-07 05:28:54', NULL, NULL)
   SELECT @UserID = SCOPE_IDENTITY()
   INSERT INTO dbo.aspnet_Users(ApplicationID, UserName, LoweredUserName, IsAnonymous, LastActivityDate)
   VALUES(@ApplicationId, 'c.ahmed@biobiochile.cl', 'c.ahmed@biobiochile.cl', 0, '2019-06-07 05:28:54')
   SELECT @AspNetUserID = UserId FROM aspnet_Users WHERE Username = 'c.ahmed@biobiochile.cl'
   INSERT INTO dbo.aspnet_Membership(ApplicationID, UserID, Password, PasswordFormat, PasswordSalt, Email, LoweredEmail, IsApproved, IsLockedOut, CreateDate, LastLoginDate, LastPasswordChangedDate, LastLockoutDate, FailedPasswordAttemptCount, FailedPasswordAttemptWindowStart, FailedPasswordAnswerAttemptCount, FailedPasswordAnswerAttemptWindowStart)
   VALUES(@ApplicationID, @AspNetUserID, 'aMoPu/jMK8Yc4dxEEtAWm+RvKkFRjT38n/c1ORi3HgGWXJI15kNozQ==', 2, 'ub/Nej8BunZL3H6o+Z7+sg==', 'c.ahmed@biobiochile.cl', 'c.ahmed@biobiochile.cl', 1, 0, '2019-06-07 05:28:54', '2019-06-07 05:28:54', '2019-06-07 05:28:54', '1754-01-01 00:00:00.000', 0, '1754-01-01 00:00:00.000', 0, '1754-01-01 00:00:00.000')
   INSERT INTO dbo.dnn_UserPortals(UserID, PortalID, CreatedDate, Authorised, IsDeleted, RefreshRoles)
   VALUES(@UserID, @PortalID, '2019-06-07 05:28:54', 1, 0, 0)
   INSERT INTO dbo.dnn_UserRoles(UserID, RoleID, IsTrialUsed, CreatedByUserID, CreatedOnDate, LastModifiedByUserID, LastModifiedOnDate, [Status], IsOwner)
   VALUES(@UserId, @FemaleRole, 0, 1, '2019-06-07 05:28:54', 1, '2019-06-07 05:28:54', 1, 0)
   INSERT INTO dbo.dnn_Users(Username, FirstName, LastName, Email, DisplayName, UpdatePassword, LastIPAddress, IsDeleted, CreatedByUserID, CreatedOnDate, LastModifiedByUserID, LastModifiedOnDate, PasswordResetToken, PasswordResetExpiration)
   VALUES('beardb@google.co.nz', 'Bessie', 'Beard', 'beardb@google.co.nz', 'Bessie Beard', 0, '', 0, 1, '2019-06-07 05:28:54', 1, '2019-06-07 05:28:54', NULL, NULL)
   SELECT @UserID = SCOPE_IDENTITY()
   INSERT INTO dbo.aspnet_Users(ApplicationID, UserName, LoweredUserName, IsAnonymous, LastActivityDate)
   VALUES(@ApplicationId, 'beardb@google.co.nz', 'beardb@google.co.nz', 0, '2019-06-07 05:28:54')
   SELECT @AspNetUserID = UserId FROM aspnet_Users WHERE Username = 'beardb@google.co.nz'
   INSERT INTO dbo.aspnet_Membership(ApplicationID, UserID, Password, PasswordFormat, PasswordSalt, Email, LoweredEmail, IsApproved, IsLockedOut, CreateDate, LastLoginDate, LastPasswordChangedDate, LastLockoutDate, FailedPasswordAttemptCount, FailedPasswordAttemptWindowStart, FailedPasswordAnswerAttemptCount, FailedPasswordAnswerAttemptWindowStart)
   VALUES(@ApplicationID, @AspNetUserID, 'aMoPu/jMK8Yc4dxEEtAWm+RvKkFRjT38n/c1ORi3HgGWXJI15kNozQ==', 2, 'ub/Nej8BunZL3H6o+Z7+sg==', 'beardb@google.co.nz', 'beardb@google.co.nz', 1, 0, '2019-06-07 05:28:54', '2019-06-07 05:28:54', '2019-06-07 05:28:54', '1754-01-01 00:00:00.000', 0, '1754-01-01 00:00:00.000', 0, '1754-01-01 00:00:00.000')
   INSERT INTO dbo.dnn_UserPortals(UserID, PortalID, CreatedDate, Authorised, IsDeleted, RefreshRoles)
   VALUES(@UserID, @PortalID, '2019-06-07 05:28:54', 1, 0, 0)
   INSERT INTO dbo.dnn_UserRoles(UserID, RoleID, IsTrialUsed, CreatedByUserID, CreatedOnDate, LastModifiedByUserID, LastModifiedOnDate, [Status], IsOwner)
   VALUES(@UserId, @FemaleRole, 0, 1, '2019-06-07 05:28:54', 1, '2019-06-07 05:28:54', 1, 0)
   INSERT INTO dbo.dnn_Users(Username, FirstName, LastName, Email, DisplayName, UpdatePassword, LastIPAddress, IsDeleted, CreatedByUserID, CreatedOnDate, LastModifiedByUserID, LastModifiedOnDate, PasswordResetToken, PasswordResetExpiration)
   VALUES('delores.mcclain@okcupid.com', 'Delores', 'Mcclain', 'delores.mcclain@okcupid.com', 'Delores Mcclain', 0, '', 0, 1, '2019-06-07 05:28:54', 1, '2019-06-07 05:28:54', NULL, NULL)
   SELECT @UserID = SCOPE_IDENTITY()
   INSERT INTO dbo.aspnet_Users(ApplicationID, UserName, LoweredUserName, IsAnonymous, LastActivityDate)
   VALUES(@ApplicationId, 'delores.mcclain@okcupid.com', 'delores.mcclain@okcupid.com', 0, '2019-06-07 05:28:54')
   SELECT @AspNetUserID = UserId FROM aspnet_Users WHERE Username = 'delores.mcclain@okcupid.com'
   INSERT INTO dbo.aspnet_Membership(ApplicationID, UserID, Password, PasswordFormat, PasswordSalt, Email, LoweredEmail, IsApproved, IsLockedOut, CreateDate, LastLoginDate, LastPasswordChangedDate, LastLockoutDate, FailedPasswordAttemptCount, FailedPasswordAttemptWindowStart, FailedPasswordAnswerAttemptCount, FailedPasswordAnswerAttemptWindowStart)
   VALUES(@ApplicationID, @AspNetUserID, 'aMoPu/jMK8Yc4dxEEtAWm+RvKkFRjT38n/c1ORi3HgGWXJI15kNozQ==', 2, 'ub/Nej8BunZL3H6o+Z7+sg==', 'delores.mcclain@okcupid.com', 'delores.mcclain@okcupid.com', 1, 0, '2019-06-07 05:28:54', '2019-06-07 05:28:54', '2019-06-07 05:28:54', '1754-01-01 00:00:00.000', 0, '1754-01-01 00:00:00.000', 0, '1754-01-01 00:00:00.000')
   INSERT INTO dbo.dnn_UserPortals(UserID, PortalID, CreatedDate, Authorised, IsDeleted, RefreshRoles)
   VALUES(@UserID, @PortalID, '2019-06-07 05:28:54', 1, 0, 0)
   INSERT INTO dbo.dnn_UserRoles(UserID, RoleID, IsTrialUsed, CreatedByUserID, CreatedOnDate, LastModifiedByUserID, LastModifiedOnDate, [Status], IsOwner)
   VALUES(@UserId, @FemaleRole, 0, 1, '2019-06-07 05:28:54', 1, '2019-06-07 05:28:54', 1, 0)
   INSERT INTO dbo.dnn_Users(Username, FirstName, LastName, Email, DisplayName, UpdatePassword, LastIPAddress, IsDeleted, CreatedByUserID, CreatedOnDate, LastModifiedByUserID, LastModifiedOnDate, PasswordResetToken, PasswordResetExpiration)
   VALUES('m.montes@google.rs', 'Melinda', 'Montes', 'm.montes@google.rs', 'Melinda Montes', 0, '', 0, 1, '2019-06-07 05:28:54', 1, '2019-06-07 05:28:54', NULL, NULL)
   SELECT @UserID = SCOPE_IDENTITY()
   INSERT INTO dbo.aspnet_Users(ApplicationID, UserName, LoweredUserName, IsAnonymous, LastActivityDate)
   VALUES(@ApplicationId, 'm.montes@google.rs', 'm.montes@google.rs', 0, '2019-06-07 05:28:54')
   SELECT @AspNetUserID = UserId FROM aspnet_Users WHERE Username = 'm.montes@google.rs'
   INSERT INTO dbo.aspnet_Membership(ApplicationID, UserID, Password, PasswordFormat, PasswordSalt, Email, LoweredEmail, IsApproved, IsLockedOut, CreateDate, LastLoginDate, LastPasswordChangedDate, LastLockoutDate, FailedPasswordAttemptCount, FailedPasswordAttemptWindowStart, FailedPasswordAnswerAttemptCount, FailedPasswordAnswerAttemptWindowStart)
   VALUES(@ApplicationID, @AspNetUserID, 'aMoPu/jMK8Yc4dxEEtAWm+RvKkFRjT38n/c1ORi3HgGWXJI15kNozQ==', 2, 'ub/Nej8BunZL3H6o+Z7+sg==', 'm.montes@google.rs', 'm.montes@google.rs', 1, 0, '2019-06-07 05:28:54', '2019-06-07 05:28:54', '2019-06-07 05:28:54', '1754-01-01 00:00:00.000', 0, '1754-01-01 00:00:00.000', 0, '1754-01-01 00:00:00.000')
   INSERT INTO dbo.dnn_UserPortals(UserID, PortalID, CreatedDate, Authorised, IsDeleted, RefreshRoles)
   VALUES(@UserID, @PortalID, '2019-06-07 05:28:54', 1, 0, 0)
   INSERT INTO dbo.dnn_UserRoles(UserID, RoleID, IsTrialUsed, CreatedByUserID, CreatedOnDate, LastModifiedByUserID, LastModifiedOnDate, [Status], IsOwner)
   VALUES(@UserId, @FemaleRole, 0, 1, '2019-06-07 05:28:54', 1, '2019-06-07 05:28:54', 1, 0)
   INSERT INTO dbo.dnn_UserRoles(UserID, RoleID, IsTrialUsed, CreatedByUserID, CreatedOnDate, LastModifiedByUserID, LastModifiedOnDate, [Status], IsOwner)
   VALUES(@UserId, @ManagerRole, 0, 1, '2019-06-07 05:28:54', 1, '2019-06-07 05:28:54', 1, 0)
   INSERT INTO dbo.dnn_Users(Username, FirstName, LastName, Email, DisplayName, UpdatePassword, LastIPAddress, IsDeleted, CreatedByUserID, CreatedOnDate, LastModifiedByUserID, LastModifiedOnDate, PasswordResetToken, PasswordResetExpiration)
   VALUES('matap@instructure.com', 'Pearl', 'Mata', 'matap@instructure.com', 'Pearl Mata', 0, '', 0, 1, '2019-06-07 05:28:54', 1, '2019-06-07 05:28:54', NULL, NULL)
   SELECT @UserID = SCOPE_IDENTITY()
   INSERT INTO dbo.aspnet_Users(ApplicationID, UserName, LoweredUserName, IsAnonymous, LastActivityDate)
   VALUES(@ApplicationId, 'matap@instructure.com', 'matap@instructure.com', 0, '2019-06-07 05:28:54')
   SELECT @AspNetUserID = UserId FROM aspnet_Users WHERE Username = 'matap@instructure.com'
   INSERT INTO dbo.aspnet_Membership(ApplicationID, UserID, Password, PasswordFormat, PasswordSalt, Email, LoweredEmail, IsApproved, IsLockedOut, CreateDate, LastLoginDate, LastPasswordChangedDate, LastLockoutDate, FailedPasswordAttemptCount, FailedPasswordAttemptWindowStart, FailedPasswordAnswerAttemptCount, FailedPasswordAnswerAttemptWindowStart)
   VALUES(@ApplicationID, @AspNetUserID, 'aMoPu/jMK8Yc4dxEEtAWm+RvKkFRjT38n/c1ORi3HgGWXJI15kNozQ==', 2, 'ub/Nej8BunZL3H6o+Z7+sg==', 'matap@instructure.com', 'matap@instructure.com', 1, 0, '2019-06-07 05:28:54', '2019-06-07 05:28:54', '2019-06-07 05:28:54', '1754-01-01 00:00:00.000', 0, '1754-01-01 00:00:00.000', 0, '1754-01-01 00:00:00.000')
   INSERT INTO dbo.dnn_UserPortals(UserID, PortalID, CreatedDate, Authorised, IsDeleted, RefreshRoles)
   VALUES(@UserID, @PortalID, '2019-06-07 05:28:54', 1, 0, 0)
   INSERT INTO dbo.dnn_UserRoles(UserID, RoleID, IsTrialUsed, CreatedByUserID, CreatedOnDate, LastModifiedByUserID, LastModifiedOnDate, [Status], IsOwner)
   VALUES(@UserId, @FemaleRole, 0, 1, '2019-06-07 05:28:54', 1, '2019-06-07 05:28:54', 1, 0)
   INSERT INTO dbo.dnn_Users(Username, FirstName, LastName, Email, DisplayName, UpdatePassword, LastIPAddress, IsDeleted, CreatedByUserID, CreatedOnDate, LastModifiedByUserID, LastModifiedOnDate, PasswordResetToken, PasswordResetExpiration)
   VALUES('arlene.rosario@intoday.in', 'Arlene', 'Rosario', 'arlene.rosario@intoday.in', 'Arlene Rosario', 0, '', 0, 1, '2019-06-07 05:28:54', 1, '2019-06-07 05:28:54', NULL, NULL)
   SELECT @UserID = SCOPE_IDENTITY()
   INSERT INTO dbo.aspnet_Users(ApplicationID, UserName, LoweredUserName, IsAnonymous, LastActivityDate)
   VALUES(@ApplicationId, 'arlene.rosario@intoday.in', 'arlene.rosario@intoday.in', 0, '2019-06-07 05:28:54')
   SELECT @AspNetUserID = UserId FROM aspnet_Users WHERE Username = 'arlene.rosario@intoday.in'
   INSERT INTO dbo.aspnet_Membership(ApplicationID, UserID, Password, PasswordFormat, PasswordSalt, Email, LoweredEmail, IsApproved, IsLockedOut, CreateDate, LastLoginDate, LastPasswordChangedDate, LastLockoutDate, FailedPasswordAttemptCount, FailedPasswordAttemptWindowStart, FailedPasswordAnswerAttemptCount, FailedPasswordAnswerAttemptWindowStart)
   VALUES(@ApplicationID, @AspNetUserID, 'aMoPu/jMK8Yc4dxEEtAWm+RvKkFRjT38n/c1ORi3HgGWXJI15kNozQ==', 2, 'ub/Nej8BunZL3H6o+Z7+sg==', 'arlene.rosario@intoday.in', 'arlene.rosario@intoday.in', 1, 0, '2019-06-07 05:28:54', '2019-06-07 05:28:54', '2019-06-07 05:28:54', '1754-01-01 00:00:00.000', 0, '1754-01-01 00:00:00.000', 0, '1754-01-01 00:00:00.000')
   INSERT INTO dbo.dnn_UserPortals(UserID, PortalID, CreatedDate, Authorised, IsDeleted, RefreshRoles)
   VALUES(@UserID, @PortalID, '2019-06-07 05:28:54', 1, 0, 0)
   INSERT INTO dbo.dnn_UserRoles(UserID, RoleID, IsTrialUsed, CreatedByUserID, CreatedOnDate, LastModifiedByUserID, LastModifiedOnDate, [Status], IsOwner)
   VALUES(@UserId, @FemaleRole, 0, 1, '2019-06-07 05:28:54', 1, '2019-06-07 05:28:54', 1, 0)
   INSERT INTO dbo.dnn_Users(Username, FirstName, LastName, Email, DisplayName, UpdatePassword, LastIPAddress, IsDeleted, CreatedByUserID, CreatedOnDate, LastModifiedByUserID, LastModifiedOnDate, PasswordResetToken, PasswordResetExpiration)
   VALUES('m.vang@zhanqi.tv', 'Maureen', 'Vang', 'm.vang@zhanqi.tv', 'Maureen Vang', 0, '', 0, 1, '2019-06-07 05:28:54', 1, '2019-06-07 05:28:54', NULL, NULL)
   SELECT @UserID = SCOPE_IDENTITY()
   INSERT INTO dbo.aspnet_Users(ApplicationID, UserName, LoweredUserName, IsAnonymous, LastActivityDate)
   VALUES(@ApplicationId, 'm.vang@zhanqi.tv', 'm.vang@zhanqi.tv', 0, '2019-06-07 05:28:54')
   SELECT @AspNetUserID = UserId FROM aspnet_Users WHERE Username = 'm.vang@zhanqi.tv'
   INSERT INTO dbo.aspnet_Membership(ApplicationID, UserID, Password, PasswordFormat, PasswordSalt, Email, LoweredEmail, IsApproved, IsLockedOut, CreateDate, LastLoginDate, LastPasswordChangedDate, LastLockoutDate, FailedPasswordAttemptCount, FailedPasswordAttemptWindowStart, FailedPasswordAnswerAttemptCount, FailedPasswordAnswerAttemptWindowStart)
   VALUES(@ApplicationID, @AspNetUserID, 'aMoPu/jMK8Yc4dxEEtAWm+RvKkFRjT38n/c1ORi3HgGWXJI15kNozQ==', 2, 'ub/Nej8BunZL3H6o+Z7+sg==', 'm.vang@zhanqi.tv', 'm.vang@zhanqi.tv', 1, 0, '2019-06-07 05:28:54', '2019-06-07 05:28:54', '2019-06-07 05:28:54', '1754-01-01 00:00:00.000', 0, '1754-01-01 00:00:00.000', 0, '1754-01-01 00:00:00.000')
   INSERT INTO dbo.dnn_UserPortals(UserID, PortalID, CreatedDate, Authorised, IsDeleted, RefreshRoles)
   VALUES(@UserID, @PortalID, '2019-06-07 05:28:54', 1, 0, 0)
   INSERT INTO dbo.dnn_UserRoles(UserID, RoleID, IsTrialUsed, CreatedByUserID, CreatedOnDate, LastModifiedByUserID, LastModifiedOnDate, [Status], IsOwner)
   VALUES(@UserId, @FemaleRole, 0, 1, '2019-06-07 05:28:54', 1, '2019-06-07 05:28:54', 1, 0)
   INSERT INTO dbo.dnn_Users(Username, FirstName, LastName, Email, DisplayName, UpdatePassword, LastIPAddress, IsDeleted, CreatedByUserID, CreatedOnDate, LastModifiedByUserID, LastModifiedOnDate, PasswordResetToken, PasswordResetExpiration)
   VALUES('walterc@chinaso.com', 'Colleen', 'Walter', 'walterc@chinaso.com', 'Colleen Walter', 0, '', 0, 1, '2019-06-07 05:28:54', 1, '2019-06-07 05:28:54', NULL, NULL)
   SELECT @UserID = SCOPE_IDENTITY()
   INSERT INTO dbo.aspnet_Users(ApplicationID, UserName, LoweredUserName, IsAnonymous, LastActivityDate)
   VALUES(@ApplicationId, 'walterc@chinaso.com', 'walterc@chinaso.com', 0, '2019-06-07 05:28:54')
   SELECT @AspNetUserID = UserId FROM aspnet_Users WHERE Username = 'walterc@chinaso.com'
   INSERT INTO dbo.aspnet_Membership(ApplicationID, UserID, Password, PasswordFormat, PasswordSalt, Email, LoweredEmail, IsApproved, IsLockedOut, CreateDate, LastLoginDate, LastPasswordChangedDate, LastLockoutDate, FailedPasswordAttemptCount, FailedPasswordAttemptWindowStart, FailedPasswordAnswerAttemptCount, FailedPasswordAnswerAttemptWindowStart)
   VALUES(@ApplicationID, @AspNetUserID, 'aMoPu/jMK8Yc4dxEEtAWm+RvKkFRjT38n/c1ORi3HgGWXJI15kNozQ==', 2, 'ub/Nej8BunZL3H6o+Z7+sg==', 'walterc@chinaso.com', 'walterc@chinaso.com', 1, 0, '2019-06-07 05:28:54', '2019-06-07 05:28:54', '2019-06-07 05:28:54', '1754-01-01 00:00:00.000', 0, '1754-01-01 00:00:00.000', 0, '1754-01-01 00:00:00.000')
   INSERT INTO dbo.dnn_UserPortals(UserID, PortalID, CreatedDate, Authorised, IsDeleted, RefreshRoles)
   VALUES(@UserID, @PortalID, '2019-06-07 05:28:54', 1, 0, 0)
   INSERT INTO dbo.dnn_UserRoles(UserID, RoleID, IsTrialUsed, CreatedByUserID, CreatedOnDate, LastModifiedByUserID, LastModifiedOnDate, [Status], IsOwner)
   VALUES(@UserId, @FemaleRole, 0, 1, '2019-06-07 05:28:54', 1, '2019-06-07 05:28:54', 1, 0)
   INSERT INTO dbo.dnn_Users(Username, FirstName, LastName, Email, DisplayName, UpdatePassword, LastIPAddress, IsDeleted, CreatedByUserID, CreatedOnDate, LastModifiedByUserID, LastModifiedOnDate, PasswordResetToken, PasswordResetExpiration)
   VALUES('allison.henson@squarespace.com', 'Allison', 'Henson', 'allison.henson@squarespace.com', 'Allison Henson', 0, '', 0, 1, '2019-06-07 05:28:54', 1, '2019-06-07 05:28:54', NULL, NULL)
   SELECT @UserID = SCOPE_IDENTITY()
   INSERT INTO dbo.aspnet_Users(ApplicationID, UserName, LoweredUserName, IsAnonymous, LastActivityDate)
   VALUES(@ApplicationId, 'allison.henson@squarespace.com', 'allison.henson@squarespace.com', 0, '2019-06-07 05:28:54')
   SELECT @AspNetUserID = UserId FROM aspnet_Users WHERE Username = 'allison.henson@squarespace.com'
   INSERT INTO dbo.aspnet_Membership(ApplicationID, UserID, Password, PasswordFormat, PasswordSalt, Email, LoweredEmail, IsApproved, IsLockedOut, CreateDate, LastLoginDate, LastPasswordChangedDate, LastLockoutDate, FailedPasswordAttemptCount, FailedPasswordAttemptWindowStart, FailedPasswordAnswerAttemptCount, FailedPasswordAnswerAttemptWindowStart)
   VALUES(@ApplicationID, @AspNetUserID, 'aMoPu/jMK8Yc4dxEEtAWm+RvKkFRjT38n/c1ORi3HgGWXJI15kNozQ==', 2, 'ub/Nej8BunZL3H6o+Z7+sg==', 'allison.henson@squarespace.com', 'allison.henson@squarespace.com', 1, 0, '2019-06-07 05:28:54', '2019-06-07 05:28:54', '2019-06-07 05:28:54', '1754-01-01 00:00:00.000', 0, '1754-01-01 00:00:00.000', 0, '1754-01-01 00:00:00.000')
   INSERT INTO dbo.dnn_UserPortals(UserID, PortalID, CreatedDate, Authorised, IsDeleted, RefreshRoles)
   VALUES(@UserID, @PortalID, '2019-06-07 05:28:54', 1, 0, 0)
   INSERT INTO dbo.dnn_UserRoles(UserID, RoleID, IsTrialUsed, CreatedByUserID, CreatedOnDate, LastModifiedByUserID, LastModifiedOnDate, [Status], IsOwner)
   VALUES(@UserId, @FemaleRole, 0, 1, '2019-06-07 05:28:54', 1, '2019-06-07 05:28:54', 1, 0)
   INSERT INTO dbo.dnn_Users(Username, FirstName, LastName, Email, DisplayName, UpdatePassword, LastIPAddress, IsDeleted, CreatedByUserID, CreatedOnDate, LastModifiedByUserID, LastModifiedOnDate, PasswordResetToken, PasswordResetExpiration)
   VALUES('t.oneal@fitbit.com', 'Tamara', 'Oneal', 't.oneal@fitbit.com', 'Tamara Oneal', 0, '', 0, 1, '2019-06-07 05:28:54', 1, '2019-06-07 05:28:54', NULL, NULL)
   SELECT @UserID = SCOPE_IDENTITY()
   INSERT INTO dbo.aspnet_Users(ApplicationID, UserName, LoweredUserName, IsAnonymous, LastActivityDate)
   VALUES(@ApplicationId, 't.oneal@fitbit.com', 't.oneal@fitbit.com', 0, '2019-06-07 05:28:54')
   SELECT @AspNetUserID = UserId FROM aspnet_Users WHERE Username = 't.oneal@fitbit.com'
   INSERT INTO dbo.aspnet_Membership(ApplicationID, UserID, Password, PasswordFormat, PasswordSalt, Email, LoweredEmail, IsApproved, IsLockedOut, CreateDate, LastLoginDate, LastPasswordChangedDate, LastLockoutDate, FailedPasswordAttemptCount, FailedPasswordAttemptWindowStart, FailedPasswordAnswerAttemptCount, FailedPasswordAnswerAttemptWindowStart)
   VALUES(@ApplicationID, @AspNetUserID, 'aMoPu/jMK8Yc4dxEEtAWm+RvKkFRjT38n/c1ORi3HgGWXJI15kNozQ==', 2, 'ub/Nej8BunZL3H6o+Z7+sg==', 't.oneal@fitbit.com', 't.oneal@fitbit.com', 1, 0, '2019-06-07 05:28:54', '2019-06-07 05:28:54', '2019-06-07 05:28:54', '1754-01-01 00:00:00.000', 0, '1754-01-01 00:00:00.000', 0, '1754-01-01 00:00:00.000')
   INSERT INTO dbo.dnn_UserPortals(UserID, PortalID, CreatedDate, Authorised, IsDeleted, RefreshRoles)
   VALUES(@UserID, @PortalID, '2019-06-07 05:28:54', 1, 0, 0)
   INSERT INTO dbo.dnn_UserRoles(UserID, RoleID, IsTrialUsed, CreatedByUserID, CreatedOnDate, LastModifiedByUserID, LastModifiedOnDate, [Status], IsOwner)
   VALUES(@UserId, @FemaleRole, 0, 1, '2019-06-07 05:28:54', 1, '2019-06-07 05:28:54', 1, 0)
   INSERT INTO dbo.dnn_Users(Username, FirstName, LastName, Email, DisplayName, UpdatePassword, LastIPAddress, IsDeleted, CreatedByUserID, CreatedOnDate, LastModifiedByUserID, LastModifiedOnDate, PasswordResetToken, PasswordResetExpiration)
   VALUES('mosleyj@photobucket.com', 'Joy', 'Mosley', 'mosleyj@photobucket.com', 'Joy Mosley', 0, '', 0, 1, '2019-06-07 05:28:54', 1, '2019-06-07 05:28:54', NULL, NULL)
   SELECT @UserID = SCOPE_IDENTITY()
   INSERT INTO dbo.aspnet_Users(ApplicationID, UserName, LoweredUserName, IsAnonymous, LastActivityDate)
   VALUES(@ApplicationId, 'mosleyj@photobucket.com', 'mosleyj@photobucket.com', 0, '2019-06-07 05:28:54')
   SELECT @AspNetUserID = UserId FROM aspnet_Users WHERE Username = 'mosleyj@photobucket.com'
   INSERT INTO dbo.aspnet_Membership(ApplicationID, UserID, Password, PasswordFormat, PasswordSalt, Email, LoweredEmail, IsApproved, IsLockedOut, CreateDate, LastLoginDate, LastPasswordChangedDate, LastLockoutDate, FailedPasswordAttemptCount, FailedPasswordAttemptWindowStart, FailedPasswordAnswerAttemptCount, FailedPasswordAnswerAttemptWindowStart)
   VALUES(@ApplicationID, @AspNetUserID, 'aMoPu/jMK8Yc4dxEEtAWm+RvKkFRjT38n/c1ORi3HgGWXJI15kNozQ==', 2, 'ub/Nej8BunZL3H6o+Z7+sg==', 'mosleyj@photobucket.com', 'mosleyj@photobucket.com', 1, 0, '2019-06-07 05:28:54', '2019-06-07 05:28:54', '2019-06-07 05:28:54', '1754-01-01 00:00:00.000', 0, '1754-01-01 00:00:00.000', 0, '1754-01-01 00:00:00.000')
   INSERT INTO dbo.dnn_UserPortals(UserID, PortalID, CreatedDate, Authorised, IsDeleted, RefreshRoles)
   VALUES(@UserID, @PortalID, '2019-06-07 05:28:54', 1, 0, 0)
   INSERT INTO dbo.dnn_UserRoles(UserID, RoleID, IsTrialUsed, CreatedByUserID, CreatedOnDate, LastModifiedByUserID, LastModifiedOnDate, [Status], IsOwner)
   VALUES(@UserId, @FemaleRole, 0, 1, '2019-06-07 05:28:54', 1, '2019-06-07 05:28:54', 1, 0)
   INSERT INTO dbo.dnn_Users(Username, FirstName, LastName, Email, DisplayName, UpdatePassword, LastIPAddress, IsDeleted, CreatedByUserID, CreatedOnDate, LastModifiedByUserID, LastModifiedOnDate, PasswordResetToken, PasswordResetExpiration)
   VALUES('georgia.mcclure@eskimi.com', 'Georgia', 'Mcclure', 'georgia.mcclure@eskimi.com', 'Georgia Mcclure', 0, '', 0, 1, '2019-06-07 05:28:54', 1, '2019-06-07 05:28:54', NULL, NULL)
   SELECT @UserID = SCOPE_IDENTITY()
   INSERT INTO dbo.aspnet_Users(ApplicationID, UserName, LoweredUserName, IsAnonymous, LastActivityDate)
   VALUES(@ApplicationId, 'georgia.mcclure@eskimi.com', 'georgia.mcclure@eskimi.com', 0, '2019-06-07 05:28:54')
   SELECT @AspNetUserID = UserId FROM aspnet_Users WHERE Username = 'georgia.mcclure@eskimi.com'
   INSERT INTO dbo.aspnet_Membership(ApplicationID, UserID, Password, PasswordFormat, PasswordSalt, Email, LoweredEmail, IsApproved, IsLockedOut, CreateDate, LastLoginDate, LastPasswordChangedDate, LastLockoutDate, FailedPasswordAttemptCount, FailedPasswordAttemptWindowStart, FailedPasswordAnswerAttemptCount, FailedPasswordAnswerAttemptWindowStart)
   VALUES(@ApplicationID, @AspNetUserID, 'aMoPu/jMK8Yc4dxEEtAWm+RvKkFRjT38n/c1ORi3HgGWXJI15kNozQ==', 2, 'ub/Nej8BunZL3H6o+Z7+sg==', 'georgia.mcclure@eskimi.com', 'georgia.mcclure@eskimi.com', 1, 0, '2019-06-07 05:28:54', '2019-06-07 05:28:54', '2019-06-07 05:28:54', '1754-01-01 00:00:00.000', 0, '1754-01-01 00:00:00.000', 0, '1754-01-01 00:00:00.000')
   INSERT INTO dbo.dnn_UserPortals(UserID, PortalID, CreatedDate, Authorised, IsDeleted, RefreshRoles)
   VALUES(@UserID, @PortalID, '2019-06-07 05:28:54', 1, 0, 0)
   INSERT INTO dbo.dnn_UserRoles(UserID, RoleID, IsTrialUsed, CreatedByUserID, CreatedOnDate, LastModifiedByUserID, LastModifiedOnDate, [Status], IsOwner)
   VALUES(@UserId, @FemaleRole, 0, 1, '2019-06-07 05:28:54', 1, '2019-06-07 05:28:54', 1, 0)
   INSERT INTO dbo.dnn_Users(Username, FirstName, LastName, Email, DisplayName, UpdatePassword, LastIPAddress, IsDeleted, CreatedByUserID, CreatedOnDate, LastModifiedByUserID, LastModifiedOnDate, PasswordResetToken, PasswordResetExpiration)
   VALUES('c.beasley@mixi.jp', 'Constance', 'Beasley', 'c.beasley@mixi.jp', 'Constance Beasley', 0, '', 0, 1, '2019-06-07 05:28:54', 1, '2019-06-07 05:28:54', NULL, NULL)
   SELECT @UserID = SCOPE_IDENTITY()
   INSERT INTO dbo.aspnet_Users(ApplicationID, UserName, LoweredUserName, IsAnonymous, LastActivityDate)
   VALUES(@ApplicationId, 'c.beasley@mixi.jp', 'c.beasley@mixi.jp', 0, '2019-06-07 05:28:54')
   SELECT @AspNetUserID = UserId FROM aspnet_Users WHERE Username = 'c.beasley@mixi.jp'
   INSERT INTO dbo.aspnet_Membership(ApplicationID, UserID, Password, PasswordFormat, PasswordSalt, Email, LoweredEmail, IsApproved, IsLockedOut, CreateDate, LastLoginDate, LastPasswordChangedDate, LastLockoutDate, FailedPasswordAttemptCount, FailedPasswordAttemptWindowStart, FailedPasswordAnswerAttemptCount, FailedPasswordAnswerAttemptWindowStart)
   VALUES(@ApplicationID, @AspNetUserID, 'aMoPu/jMK8Yc4dxEEtAWm+RvKkFRjT38n/c1ORi3HgGWXJI15kNozQ==', 2, 'ub/Nej8BunZL3H6o+Z7+sg==', 'c.beasley@mixi.jp', 'c.beasley@mixi.jp', 1, 0, '2019-06-07 05:28:54', '2019-06-07 05:28:54', '2019-06-07 05:28:54', '1754-01-01 00:00:00.000', 0, '1754-01-01 00:00:00.000', 0, '1754-01-01 00:00:00.000')
   INSERT INTO dbo.dnn_UserPortals(UserID, PortalID, CreatedDate, Authorised, IsDeleted, RefreshRoles)
   VALUES(@UserID, @PortalID, '2019-06-07 05:28:54', 1, 0, 0)
   INSERT INTO dbo.dnn_UserRoles(UserID, RoleID, IsTrialUsed, CreatedByUserID, CreatedOnDate, LastModifiedByUserID, LastModifiedOnDate, [Status], IsOwner)
   VALUES(@UserId, @FemaleRole, 0, 1, '2019-06-07 05:28:54', 1, '2019-06-07 05:28:54', 1, 0)
   INSERT INTO dbo.dnn_Users(Username, FirstName, LastName, Email, DisplayName, UpdatePassword, LastIPAddress, IsDeleted, CreatedByUserID, CreatedOnDate, LastModifiedByUserID, LastModifiedOnDate, PasswordResetToken, PasswordResetExpiration)
   VALUES('stephensonl@4dsply.com', 'Lillie', 'Stephenson', 'stephensonl@4dsply.com', 'Lillie Stephenson', 0, '', 0, 1, '2019-06-07 05:28:54', 1, '2019-06-07 05:28:54', NULL, NULL)
   SELECT @UserID = SCOPE_IDENTITY()
   INSERT INTO dbo.aspnet_Users(ApplicationID, UserName, LoweredUserName, IsAnonymous, LastActivityDate)
   VALUES(@ApplicationId, 'stephensonl@4dsply.com', 'stephensonl@4dsply.com', 0, '2019-06-07 05:28:54')
   SELECT @AspNetUserID = UserId FROM aspnet_Users WHERE Username = 'stephensonl@4dsply.com'
   INSERT INTO dbo.aspnet_Membership(ApplicationID, UserID, Password, PasswordFormat, PasswordSalt, Email, LoweredEmail, IsApproved, IsLockedOut, CreateDate, LastLoginDate, LastPasswordChangedDate, LastLockoutDate, FailedPasswordAttemptCount, FailedPasswordAttemptWindowStart, FailedPasswordAnswerAttemptCount, FailedPasswordAnswerAttemptWindowStart)
   VALUES(@ApplicationID, @AspNetUserID, 'aMoPu/jMK8Yc4dxEEtAWm+RvKkFRjT38n/c1ORi3HgGWXJI15kNozQ==', 2, 'ub/Nej8BunZL3H6o+Z7+sg==', 'stephensonl@4dsply.com', 'stephensonl@4dsply.com', 1, 0, '2019-06-07 05:28:54', '2019-06-07 05:28:54', '2019-06-07 05:28:54', '1754-01-01 00:00:00.000', 0, '1754-01-01 00:00:00.000', 0, '1754-01-01 00:00:00.000')
   INSERT INTO dbo.dnn_UserPortals(UserID, PortalID, CreatedDate, Authorised, IsDeleted, RefreshRoles)
   VALUES(@UserID, @PortalID, '2019-06-07 05:28:54', 1, 0, 0)
   INSERT INTO dbo.dnn_UserRoles(UserID, RoleID, IsTrialUsed, CreatedByUserID, CreatedOnDate, LastModifiedByUserID, LastModifiedOnDate, [Status], IsOwner)
   VALUES(@UserId, @FemaleRole, 0, 1, '2019-06-07 05:28:54', 1, '2019-06-07 05:28:54', 1, 0)
   INSERT INTO dbo.dnn_UserRoles(UserID, RoleID, IsTrialUsed, CreatedByUserID, CreatedOnDate, LastModifiedByUserID, LastModifiedOnDate, [Status], IsOwner)
   VALUES(@UserId, @AcademicRole, 0, 1, '2019-06-07 05:28:54', 1, '2019-06-07 05:28:54', 1, 0)
   INSERT INTO dbo.dnn_Users(Username, FirstName, LastName, Email, DisplayName, UpdatePassword, LastIPAddress, IsDeleted, CreatedByUserID, CreatedOnDate, LastModifiedByUserID, LastModifiedOnDate, PasswordResetToken, PasswordResetExpiration)
   VALUES('claudia.snow@thatviralfeed.com', 'Claudia', 'Snow', 'claudia.snow@thatviralfeed.com', 'Claudia Snow', 0, '', 0, 1, '2019-06-07 05:28:54', 1, '2019-06-07 05:28:54', NULL, NULL)
   SELECT @UserID = SCOPE_IDENTITY()
   INSERT INTO dbo.aspnet_Users(ApplicationID, UserName, LoweredUserName, IsAnonymous, LastActivityDate)
   VALUES(@ApplicationId, 'claudia.snow@thatviralfeed.com', 'claudia.snow@thatviralfeed.com', 0, '2019-06-07 05:28:54')
   SELECT @AspNetUserID = UserId FROM aspnet_Users WHERE Username = 'claudia.snow@thatviralfeed.com'
   INSERT INTO dbo.aspnet_Membership(ApplicationID, UserID, Password, PasswordFormat, PasswordSalt, Email, LoweredEmail, IsApproved, IsLockedOut, CreateDate, LastLoginDate, LastPasswordChangedDate, LastLockoutDate, FailedPasswordAttemptCount, FailedPasswordAttemptWindowStart, FailedPasswordAnswerAttemptCount, FailedPasswordAnswerAttemptWindowStart)
   VALUES(@ApplicationID, @AspNetUserID, 'aMoPu/jMK8Yc4dxEEtAWm+RvKkFRjT38n/c1ORi3HgGWXJI15kNozQ==', 2, 'ub/Nej8BunZL3H6o+Z7+sg==', 'claudia.snow@thatviralfeed.com', 'claudia.snow@thatviralfeed.com', 1, 0, '2019-06-07 05:28:54', '2019-06-07 05:28:54', '2019-06-07 05:28:54', '1754-01-01 00:00:00.000', 0, '1754-01-01 00:00:00.000', 0, '1754-01-01 00:00:00.000')
   INSERT INTO dbo.dnn_UserPortals(UserID, PortalID, CreatedDate, Authorised, IsDeleted, RefreshRoles)
   VALUES(@UserID, @PortalID, '2019-06-07 05:28:54', 1, 0, 0)
   INSERT INTO dbo.dnn_UserRoles(UserID, RoleID, IsTrialUsed, CreatedByUserID, CreatedOnDate, LastModifiedByUserID, LastModifiedOnDate, [Status], IsOwner)
   VALUES(@UserId, @FemaleRole, 0, 1, '2019-06-07 05:28:54', 1, '2019-06-07 05:28:54', 1, 0)
   INSERT INTO dbo.dnn_Users(Username, FirstName, LastName, Email, DisplayName, UpdatePassword, LastIPAddress, IsDeleted, CreatedByUserID, CreatedOnDate, LastModifiedByUserID, LastModifiedOnDate, PasswordResetToken, PasswordResetExpiration)
   VALUES('j.huerta@pantip.com', 'Jackie', 'Huerta', 'j.huerta@pantip.com', 'Jackie Huerta', 0, '', 0, 1, '2019-06-07 05:28:54', 1, '2019-06-07 05:28:54', NULL, NULL)
   SELECT @UserID = SCOPE_IDENTITY()
   INSERT INTO dbo.aspnet_Users(ApplicationID, UserName, LoweredUserName, IsAnonymous, LastActivityDate)
   VALUES(@ApplicationId, 'j.huerta@pantip.com', 'j.huerta@pantip.com', 0, '2019-06-07 05:28:54')
   SELECT @AspNetUserID = UserId FROM aspnet_Users WHERE Username = 'j.huerta@pantip.com'
   INSERT INTO dbo.aspnet_Membership(ApplicationID, UserID, Password, PasswordFormat, PasswordSalt, Email, LoweredEmail, IsApproved, IsLockedOut, CreateDate, LastLoginDate, LastPasswordChangedDate, LastLockoutDate, FailedPasswordAttemptCount, FailedPasswordAttemptWindowStart, FailedPasswordAnswerAttemptCount, FailedPasswordAnswerAttemptWindowStart)
   VALUES(@ApplicationID, @AspNetUserID, 'aMoPu/jMK8Yc4dxEEtAWm+RvKkFRjT38n/c1ORi3HgGWXJI15kNozQ==', 2, 'ub/Nej8BunZL3H6o+Z7+sg==', 'j.huerta@pantip.com', 'j.huerta@pantip.com', 1, 0, '2019-06-07 05:28:54', '2019-06-07 05:28:54', '2019-06-07 05:28:54', '1754-01-01 00:00:00.000', 0, '1754-01-01 00:00:00.000', 0, '1754-01-01 00:00:00.000')
   INSERT INTO dbo.dnn_UserPortals(UserID, PortalID, CreatedDate, Authorised, IsDeleted, RefreshRoles)
   VALUES(@UserID, @PortalID, '2019-06-07 05:28:54', 1, 0, 0)
   INSERT INTO dbo.dnn_UserRoles(UserID, RoleID, IsTrialUsed, CreatedByUserID, CreatedOnDate, LastModifiedByUserID, LastModifiedOnDate, [Status], IsOwner)
   VALUES(@UserId, @FemaleRole, 0, 1, '2019-06-07 05:28:54', 1, '2019-06-07 05:28:54', 1, 0)
   INSERT INTO dbo.dnn_Users(Username, FirstName, LastName, Email, DisplayName, UpdatePassword, LastIPAddress, IsDeleted, CreatedByUserID, CreatedOnDate, LastModifiedByUserID, LastModifiedOnDate, PasswordResetToken, PasswordResetExpiration)
   VALUES('prestonm@as.com', 'Marcia', 'Preston', 'prestonm@as.com', 'Marcia Preston', 0, '', 0, 1, '2019-06-07 05:28:54', 1, '2019-06-07 05:28:54', NULL, NULL)
   SELECT @UserID = SCOPE_IDENTITY()
   INSERT INTO dbo.aspnet_Users(ApplicationID, UserName, LoweredUserName, IsAnonymous, LastActivityDate)
   VALUES(@ApplicationId, 'prestonm@as.com', 'prestonm@as.com', 0, '2019-06-07 05:28:54')
   SELECT @AspNetUserID = UserId FROM aspnet_Users WHERE Username = 'prestonm@as.com'
   INSERT INTO dbo.aspnet_Membership(ApplicationID, UserID, Password, PasswordFormat, PasswordSalt, Email, LoweredEmail, IsApproved, IsLockedOut, CreateDate, LastLoginDate, LastPasswordChangedDate, LastLockoutDate, FailedPasswordAttemptCount, FailedPasswordAttemptWindowStart, FailedPasswordAnswerAttemptCount, FailedPasswordAnswerAttemptWindowStart)
   VALUES(@ApplicationID, @AspNetUserID, 'aMoPu/jMK8Yc4dxEEtAWm+RvKkFRjT38n/c1ORi3HgGWXJI15kNozQ==', 2, 'ub/Nej8BunZL3H6o+Z7+sg==', 'prestonm@as.com', 'prestonm@as.com', 1, 0, '2019-06-07 05:28:54', '2019-06-07 05:28:54', '2019-06-07 05:28:54', '1754-01-01 00:00:00.000', 0, '1754-01-01 00:00:00.000', 0, '1754-01-01 00:00:00.000')
   INSERT INTO dbo.dnn_UserPortals(UserID, PortalID, CreatedDate, Authorised, IsDeleted, RefreshRoles)
   VALUES(@UserID, @PortalID, '2019-06-07 05:28:54', 1, 0, 0)
   INSERT INTO dbo.dnn_UserRoles(UserID, RoleID, IsTrialUsed, CreatedByUserID, CreatedOnDate, LastModifiedByUserID, LastModifiedOnDate, [Status], IsOwner)
   VALUES(@UserId, @FemaleRole, 0, 1, '2019-06-07 05:28:54', 1, '2019-06-07 05:28:54', 1, 0)
   INSERT INTO dbo.dnn_Users(Username, FirstName, LastName, Email, DisplayName, UpdatePassword, LastIPAddress, IsDeleted, CreatedByUserID, CreatedOnDate, LastModifiedByUserID, LastModifiedOnDate, PasswordResetToken, PasswordResetExpiration)
   VALUES('tanya.vance@elfagr.org', 'Tanya', 'Vance', 'tanya.vance@elfagr.org', 'Tanya Vance', 0, '', 0, 1, '2019-06-07 05:28:54', 1, '2019-06-07 05:28:54', NULL, NULL)
   SELECT @UserID = SCOPE_IDENTITY()
   INSERT INTO dbo.aspnet_Users(ApplicationID, UserName, LoweredUserName, IsAnonymous, LastActivityDate)
   VALUES(@ApplicationId, 'tanya.vance@elfagr.org', 'tanya.vance@elfagr.org', 0, '2019-06-07 05:28:54')
   SELECT @AspNetUserID = UserId FROM aspnet_Users WHERE Username = 'tanya.vance@elfagr.org'
   INSERT INTO dbo.aspnet_Membership(ApplicationID, UserID, Password, PasswordFormat, PasswordSalt, Email, LoweredEmail, IsApproved, IsLockedOut, CreateDate, LastLoginDate, LastPasswordChangedDate, LastLockoutDate, FailedPasswordAttemptCount, FailedPasswordAttemptWindowStart, FailedPasswordAnswerAttemptCount, FailedPasswordAnswerAttemptWindowStart)
   VALUES(@ApplicationID, @AspNetUserID, 'aMoPu/jMK8Yc4dxEEtAWm+RvKkFRjT38n/c1ORi3HgGWXJI15kNozQ==', 2, 'ub/Nej8BunZL3H6o+Z7+sg==', 'tanya.vance@elfagr.org', 'tanya.vance@elfagr.org', 1, 0, '2019-06-07 05:28:54', '2019-06-07 05:28:54', '2019-06-07 05:28:54', '1754-01-01 00:00:00.000', 0, '1754-01-01 00:00:00.000', 0, '1754-01-01 00:00:00.000')
   INSERT INTO dbo.dnn_UserPortals(UserID, PortalID, CreatedDate, Authorised, IsDeleted, RefreshRoles)
   VALUES(@UserID, @PortalID, '2019-06-07 05:28:54', 1, 0, 0)
   INSERT INTO dbo.dnn_UserRoles(UserID, RoleID, IsTrialUsed, CreatedByUserID, CreatedOnDate, LastModifiedByUserID, LastModifiedOnDate, [Status], IsOwner)
   VALUES(@UserId, @FemaleRole, 0, 1, '2019-06-07 05:28:54', 1, '2019-06-07 05:28:54', 1, 0)
   INSERT INTO dbo.dnn_Users(Username, FirstName, LastName, Email, DisplayName, UpdatePassword, LastIPAddress, IsDeleted, CreatedByUserID, CreatedOnDate, LastModifiedByUserID, LastModifiedOnDate, PasswordResetToken, PasswordResetExpiration)
   VALUES('n.barry@3dmgame.com', 'Nellie', 'Barry', 'n.barry@3dmgame.com', 'Nellie Barry', 0, '', 0, 1, '2019-06-07 05:28:54', 1, '2019-06-07 05:28:54', NULL, NULL)
   SELECT @UserID = SCOPE_IDENTITY()
   INSERT INTO dbo.aspnet_Users(ApplicationID, UserName, LoweredUserName, IsAnonymous, LastActivityDate)
   VALUES(@ApplicationId, 'n.barry@3dmgame.com', 'n.barry@3dmgame.com', 0, '2019-06-07 05:28:54')
   SELECT @AspNetUserID = UserId FROM aspnet_Users WHERE Username = 'n.barry@3dmgame.com'
   INSERT INTO dbo.aspnet_Membership(ApplicationID, UserID, Password, PasswordFormat, PasswordSalt, Email, LoweredEmail, IsApproved, IsLockedOut, CreateDate, LastLoginDate, LastPasswordChangedDate, LastLockoutDate, FailedPasswordAttemptCount, FailedPasswordAttemptWindowStart, FailedPasswordAnswerAttemptCount, FailedPasswordAnswerAttemptWindowStart)
   VALUES(@ApplicationID, @AspNetUserID, 'aMoPu/jMK8Yc4dxEEtAWm+RvKkFRjT38n/c1ORi3HgGWXJI15kNozQ==', 2, 'ub/Nej8BunZL3H6o+Z7+sg==', 'n.barry@3dmgame.com', 'n.barry@3dmgame.com', 1, 0, '2019-06-07 05:28:54', '2019-06-07 05:28:54', '2019-06-07 05:28:54', '1754-01-01 00:00:00.000', 0, '1754-01-01 00:00:00.000', 0, '1754-01-01 00:00:00.000')
   INSERT INTO dbo.dnn_UserPortals(UserID, PortalID, CreatedDate, Authorised, IsDeleted, RefreshRoles)
   VALUES(@UserID, @PortalID, '2019-06-07 05:28:54', 1, 0, 0)
   INSERT INTO dbo.dnn_UserRoles(UserID, RoleID, IsTrialUsed, CreatedByUserID, CreatedOnDate, LastModifiedByUserID, LastModifiedOnDate, [Status], IsOwner)
   VALUES(@UserId, @FemaleRole, 0, 1, '2019-06-07 05:28:54', 1, '2019-06-07 05:28:54', 1, 0)
   INSERT INTO dbo.dnn_Users(Username, FirstName, LastName, Email, DisplayName, UpdatePassword, LastIPAddress, IsDeleted, CreatedByUserID, CreatedOnDate, LastModifiedByUserID, LastModifiedOnDate, PasswordResetToken, PasswordResetExpiration)
   VALUES('johnsm@howtogeek.com', 'Minnie', 'Johns', 'johnsm@howtogeek.com', 'Minnie Johns', 0, '', 0, 1, '2019-06-07 05:28:54', 1, '2019-06-07 05:28:54', NULL, NULL)
   SELECT @UserID = SCOPE_IDENTITY()
   INSERT INTO dbo.aspnet_Users(ApplicationID, UserName, LoweredUserName, IsAnonymous, LastActivityDate)
   VALUES(@ApplicationId, 'johnsm@howtogeek.com', 'johnsm@howtogeek.com', 0, '2019-06-07 05:28:54')
   SELECT @AspNetUserID = UserId FROM aspnet_Users WHERE Username = 'johnsm@howtogeek.com'
   INSERT INTO dbo.aspnet_Membership(ApplicationID, UserID, Password, PasswordFormat, PasswordSalt, Email, LoweredEmail, IsApproved, IsLockedOut, CreateDate, LastLoginDate, LastPasswordChangedDate, LastLockoutDate, FailedPasswordAttemptCount, FailedPasswordAttemptWindowStart, FailedPasswordAnswerAttemptCount, FailedPasswordAnswerAttemptWindowStart)
   VALUES(@ApplicationID, @AspNetUserID, 'aMoPu/jMK8Yc4dxEEtAWm+RvKkFRjT38n/c1ORi3HgGWXJI15kNozQ==', 2, 'ub/Nej8BunZL3H6o+Z7+sg==', 'johnsm@howtogeek.com', 'johnsm@howtogeek.com', 1, 0, '2019-06-07 05:28:54', '2019-06-07 05:28:54', '2019-06-07 05:28:54', '1754-01-01 00:00:00.000', 0, '1754-01-01 00:00:00.000', 0, '1754-01-01 00:00:00.000')
   INSERT INTO dbo.dnn_UserPortals(UserID, PortalID, CreatedDate, Authorised, IsDeleted, RefreshRoles)
   VALUES(@UserID, @PortalID, '2019-06-07 05:28:54', 1, 0, 0)
   INSERT INTO dbo.dnn_UserRoles(UserID, RoleID, IsTrialUsed, CreatedByUserID, CreatedOnDate, LastModifiedByUserID, LastModifiedOnDate, [Status], IsOwner)
   VALUES(@UserId, @FemaleRole, 0, 1, '2019-06-07 05:28:54', 1, '2019-06-07 05:28:54', 1, 0)
   INSERT INTO dbo.dnn_Users(Username, FirstName, LastName, Email, DisplayName, UpdatePassword, LastIPAddress, IsDeleted, CreatedByUserID, CreatedOnDate, LastModifiedByUserID, LastModifiedOnDate, PasswordResetToken, PasswordResetExpiration)
   VALUES('marlene.eaton@aastocks.com', 'Marlene', 'Eaton', 'marlene.eaton@aastocks.com', 'Marlene Eaton', 0, '', 0, 1, '2019-06-07 05:28:54', 1, '2019-06-07 05:28:54', NULL, NULL)
   SELECT @UserID = SCOPE_IDENTITY()
   INSERT INTO dbo.aspnet_Users(ApplicationID, UserName, LoweredUserName, IsAnonymous, LastActivityDate)
   VALUES(@ApplicationId, 'marlene.eaton@aastocks.com', 'marlene.eaton@aastocks.com', 0, '2019-06-07 05:28:54')
   SELECT @AspNetUserID = UserId FROM aspnet_Users WHERE Username = 'marlene.eaton@aastocks.com'
   INSERT INTO dbo.aspnet_Membership(ApplicationID, UserID, Password, PasswordFormat, PasswordSalt, Email, LoweredEmail, IsApproved, IsLockedOut, CreateDate, LastLoginDate, LastPasswordChangedDate, LastLockoutDate, FailedPasswordAttemptCount, FailedPasswordAttemptWindowStart, FailedPasswordAnswerAttemptCount, FailedPasswordAnswerAttemptWindowStart)
   VALUES(@ApplicationID, @AspNetUserID, 'aMoPu/jMK8Yc4dxEEtAWm+RvKkFRjT38n/c1ORi3HgGWXJI15kNozQ==', 2, 'ub/Nej8BunZL3H6o+Z7+sg==', 'marlene.eaton@aastocks.com', 'marlene.eaton@aastocks.com', 1, 0, '2019-06-07 05:28:54', '2019-06-07 05:28:54', '2019-06-07 05:28:54', '1754-01-01 00:00:00.000', 0, '1754-01-01 00:00:00.000', 0, '1754-01-01 00:00:00.000')
   INSERT INTO dbo.dnn_UserPortals(UserID, PortalID, CreatedDate, Authorised, IsDeleted, RefreshRoles)
   VALUES(@UserID, @PortalID, '2019-06-07 05:28:54', 1, 0, 0)
   INSERT INTO dbo.dnn_UserRoles(UserID, RoleID, IsTrialUsed, CreatedByUserID, CreatedOnDate, LastModifiedByUserID, LastModifiedOnDate, [Status], IsOwner)
   VALUES(@UserId, @FemaleRole, 0, 1, '2019-06-07 05:28:54', 1, '2019-06-07 05:28:54', 1, 0)
   INSERT INTO dbo.dnn_Users(Username, FirstName, LastName, Email, DisplayName, UpdatePassword, LastIPAddress, IsDeleted, CreatedByUserID, CreatedOnDate, LastModifiedByUserID, LastModifiedOnDate, PasswordResetToken, PasswordResetExpiration)
   VALUES('h.blackwell@manoramaonline.com', 'Heidi', 'Blackwell', 'h.blackwell@manoramaonline.com', 'Heidi Blackwell', 0, '', 0, 1, '2019-06-07 05:28:54', 1, '2019-06-07 05:28:54', NULL, NULL)
   SELECT @UserID = SCOPE_IDENTITY()
   INSERT INTO dbo.aspnet_Users(ApplicationID, UserName, LoweredUserName, IsAnonymous, LastActivityDate)
   VALUES(@ApplicationId, 'h.blackwell@manoramaonline.com', 'h.blackwell@manoramaonline.com', 0, '2019-06-07 05:28:54')
   SELECT @AspNetUserID = UserId FROM aspnet_Users WHERE Username = 'h.blackwell@manoramaonline.com'
   INSERT INTO dbo.aspnet_Membership(ApplicationID, UserID, Password, PasswordFormat, PasswordSalt, Email, LoweredEmail, IsApproved, IsLockedOut, CreateDate, LastLoginDate, LastPasswordChangedDate, LastLockoutDate, FailedPasswordAttemptCount, FailedPasswordAttemptWindowStart, FailedPasswordAnswerAttemptCount, FailedPasswordAnswerAttemptWindowStart)
   VALUES(@ApplicationID, @AspNetUserID, 'aMoPu/jMK8Yc4dxEEtAWm+RvKkFRjT38n/c1ORi3HgGWXJI15kNozQ==', 2, 'ub/Nej8BunZL3H6o+Z7+sg==', 'h.blackwell@manoramaonline.com', 'h.blackwell@manoramaonline.com', 1, 0, '2019-06-07 05:28:54', '2019-06-07 05:28:54', '2019-06-07 05:28:54', '1754-01-01 00:00:00.000', 0, '1754-01-01 00:00:00.000', 0, '1754-01-01 00:00:00.000')
   INSERT INTO dbo.dnn_UserPortals(UserID, PortalID, CreatedDate, Authorised, IsDeleted, RefreshRoles)
   VALUES(@UserID, @PortalID, '2019-06-07 05:28:54', 1, 0, 0)
   INSERT INTO dbo.dnn_UserRoles(UserID, RoleID, IsTrialUsed, CreatedByUserID, CreatedOnDate, LastModifiedByUserID, LastModifiedOnDate, [Status], IsOwner)
   VALUES(@UserId, @FemaleRole, 0, 1, '2019-06-07 05:28:54', 1, '2019-06-07 05:28:54', 1, 0)
   INSERT INTO dbo.dnn_Users(Username, FirstName, LastName, Email, DisplayName, UpdatePassword, LastIPAddress, IsDeleted, CreatedByUserID, CreatedOnDate, LastModifiedByUserID, LastModifiedOnDate, PasswordResetToken, PasswordResetExpiration)
   VALUES('dyerg@alwafd.org', 'Glenda', 'Dyer', 'dyerg@alwafd.org', 'Glenda Dyer', 0, '', 0, 1, '2019-06-07 05:28:54', 1, '2019-06-07 05:28:54', NULL, NULL)
   SELECT @UserID = SCOPE_IDENTITY()
   INSERT INTO dbo.aspnet_Users(ApplicationID, UserName, LoweredUserName, IsAnonymous, LastActivityDate)
   VALUES(@ApplicationId, 'dyerg@alwafd.org', 'dyerg@alwafd.org', 0, '2019-06-07 05:28:54')
   SELECT @AspNetUserID = UserId FROM aspnet_Users WHERE Username = 'dyerg@alwafd.org'
   INSERT INTO dbo.aspnet_Membership(ApplicationID, UserID, Password, PasswordFormat, PasswordSalt, Email, LoweredEmail, IsApproved, IsLockedOut, CreateDate, LastLoginDate, LastPasswordChangedDate, LastLockoutDate, FailedPasswordAttemptCount, FailedPasswordAttemptWindowStart, FailedPasswordAnswerAttemptCount, FailedPasswordAnswerAttemptWindowStart)
   VALUES(@ApplicationID, @AspNetUserID, 'aMoPu/jMK8Yc4dxEEtAWm+RvKkFRjT38n/c1ORi3HgGWXJI15kNozQ==', 2, 'ub/Nej8BunZL3H6o+Z7+sg==', 'dyerg@alwafd.org', 'dyerg@alwafd.org', 1, 0, '2019-06-07 05:28:54', '2019-06-07 05:28:54', '2019-06-07 05:28:54', '1754-01-01 00:00:00.000', 0, '1754-01-01 00:00:00.000', 0, '1754-01-01 00:00:00.000')
   INSERT INTO dbo.dnn_UserPortals(UserID, PortalID, CreatedDate, Authorised, IsDeleted, RefreshRoles)
   VALUES(@UserID, @PortalID, '2019-06-07 05:28:54', 1, 0, 0)
   INSERT INTO dbo.dnn_UserRoles(UserID, RoleID, IsTrialUsed, CreatedByUserID, CreatedOnDate, LastModifiedByUserID, LastModifiedOnDate, [Status], IsOwner)
   VALUES(@UserId, @FemaleRole, 0, 1, '2019-06-07 05:28:54', 1, '2019-06-07 05:28:54', 1, 0)
   INSERT INTO dbo.dnn_Users(Username, FirstName, LastName, Email, DisplayName, UpdatePassword, LastIPAddress, IsDeleted, CreatedByUserID, CreatedOnDate, LastModifiedByUserID, LastModifiedOnDate, PasswordResetToken, PasswordResetExpiration)
   VALUES('lydia.prince@inquirer.net', 'Lydia', 'Prince', 'lydia.prince@inquirer.net', 'Lydia Prince', 0, '', 0, 1, '2019-06-07 05:28:54', 1, '2019-06-07 05:28:54', NULL, NULL)
   SELECT @UserID = SCOPE_IDENTITY()
   INSERT INTO dbo.aspnet_Users(ApplicationID, UserName, LoweredUserName, IsAnonymous, LastActivityDate)
   VALUES(@ApplicationId, 'lydia.prince@inquirer.net', 'lydia.prince@inquirer.net', 0, '2019-06-07 05:28:54')
   SELECT @AspNetUserID = UserId FROM aspnet_Users WHERE Username = 'lydia.prince@inquirer.net'
   INSERT INTO dbo.aspnet_Membership(ApplicationID, UserID, Password, PasswordFormat, PasswordSalt, Email, LoweredEmail, IsApproved, IsLockedOut, CreateDate, LastLoginDate, LastPasswordChangedDate, LastLockoutDate, FailedPasswordAttemptCount, FailedPasswordAttemptWindowStart, FailedPasswordAnswerAttemptCount, FailedPasswordAnswerAttemptWindowStart)
   VALUES(@ApplicationID, @AspNetUserID, 'aMoPu/jMK8Yc4dxEEtAWm+RvKkFRjT38n/c1ORi3HgGWXJI15kNozQ==', 2, 'ub/Nej8BunZL3H6o+Z7+sg==', 'lydia.prince@inquirer.net', 'lydia.prince@inquirer.net', 1, 0, '2019-06-07 05:28:54', '2019-06-07 05:28:54', '2019-06-07 05:28:54', '1754-01-01 00:00:00.000', 0, '1754-01-01 00:00:00.000', 0, '1754-01-01 00:00:00.000')
   INSERT INTO dbo.dnn_UserPortals(UserID, PortalID, CreatedDate, Authorised, IsDeleted, RefreshRoles)
   VALUES(@UserID, @PortalID, '2019-06-07 05:28:54', 1, 0, 0)
   INSERT INTO dbo.dnn_UserRoles(UserID, RoleID, IsTrialUsed, CreatedByUserID, CreatedOnDate, LastModifiedByUserID, LastModifiedOnDate, [Status], IsOwner)
   VALUES(@UserId, @FemaleRole, 0, 1, '2019-06-07 05:28:54', 1, '2019-06-07 05:28:54', 1, 0)
   INSERT INTO dbo.dnn_Users(Username, FirstName, LastName, Email, DisplayName, UpdatePassword, LastIPAddress, IsDeleted, CreatedByUserID, CreatedOnDate, LastModifiedByUserID, LastModifiedOnDate, PasswordResetToken, PasswordResetExpiration)
   VALUES('v.macdonald@himado.in', 'Viola', 'Macdonald', 'v.macdonald@himado.in', 'Viola Macdonald', 0, '', 0, 1, '2019-06-07 05:28:54', 1, '2019-06-07 05:28:54', NULL, NULL)
   SELECT @UserID = SCOPE_IDENTITY()
   INSERT INTO dbo.aspnet_Users(ApplicationID, UserName, LoweredUserName, IsAnonymous, LastActivityDate)
   VALUES(@ApplicationId, 'v.macdonald@himado.in', 'v.macdonald@himado.in', 0, '2019-06-07 05:28:54')
   SELECT @AspNetUserID = UserId FROM aspnet_Users WHERE Username = 'v.macdonald@himado.in'
   INSERT INTO dbo.aspnet_Membership(ApplicationID, UserID, Password, PasswordFormat, PasswordSalt, Email, LoweredEmail, IsApproved, IsLockedOut, CreateDate, LastLoginDate, LastPasswordChangedDate, LastLockoutDate, FailedPasswordAttemptCount, FailedPasswordAttemptWindowStart, FailedPasswordAnswerAttemptCount, FailedPasswordAnswerAttemptWindowStart)
   VALUES(@ApplicationID, @AspNetUserID, 'aMoPu/jMK8Yc4dxEEtAWm+RvKkFRjT38n/c1ORi3HgGWXJI15kNozQ==', 2, 'ub/Nej8BunZL3H6o+Z7+sg==', 'v.macdonald@himado.in', 'v.macdonald@himado.in', 1, 0, '2019-06-07 05:28:54', '2019-06-07 05:28:54', '2019-06-07 05:28:54', '1754-01-01 00:00:00.000', 0, '1754-01-01 00:00:00.000', 0, '1754-01-01 00:00:00.000')
   INSERT INTO dbo.dnn_UserPortals(UserID, PortalID, CreatedDate, Authorised, IsDeleted, RefreshRoles)
   VALUES(@UserID, @PortalID, '2019-06-07 05:28:54', 1, 0, 0)
   INSERT INTO dbo.dnn_UserRoles(UserID, RoleID, IsTrialUsed, CreatedByUserID, CreatedOnDate, LastModifiedByUserID, LastModifiedOnDate, [Status], IsOwner)
   VALUES(@UserId, @FemaleRole, 0, 1, '2019-06-07 05:28:54', 1, '2019-06-07 05:28:54', 1, 0)
   INSERT INTO dbo.dnn_Users(Username, FirstName, LastName, Email, DisplayName, UpdatePassword, LastIPAddress, IsDeleted, CreatedByUserID, CreatedOnDate, LastModifiedByUserID, LastModifiedOnDate, PasswordResetToken, PasswordResetExpiration)
   VALUES('solomonc@xbox.com', 'Courtney', 'Solomon', 'solomonc@xbox.com', 'Courtney Solomon', 0, '', 0, 1, '2019-06-07 05:28:54', 1, '2019-06-07 05:28:54', NULL, NULL)
   SELECT @UserID = SCOPE_IDENTITY()
   INSERT INTO dbo.aspnet_Users(ApplicationID, UserName, LoweredUserName, IsAnonymous, LastActivityDate)
   VALUES(@ApplicationId, 'solomonc@xbox.com', 'solomonc@xbox.com', 0, '2019-06-07 05:28:54')
   SELECT @AspNetUserID = UserId FROM aspnet_Users WHERE Username = 'solomonc@xbox.com'
   INSERT INTO dbo.aspnet_Membership(ApplicationID, UserID, Password, PasswordFormat, PasswordSalt, Email, LoweredEmail, IsApproved, IsLockedOut, CreateDate, LastLoginDate, LastPasswordChangedDate, LastLockoutDate, FailedPasswordAttemptCount, FailedPasswordAttemptWindowStart, FailedPasswordAnswerAttemptCount, FailedPasswordAnswerAttemptWindowStart)
   VALUES(@ApplicationID, @AspNetUserID, 'aMoPu/jMK8Yc4dxEEtAWm+RvKkFRjT38n/c1ORi3HgGWXJI15kNozQ==', 2, 'ub/Nej8BunZL3H6o+Z7+sg==', 'solomonc@xbox.com', 'solomonc@xbox.com', 1, 0, '2019-06-07 05:28:54', '2019-06-07 05:28:54', '2019-06-07 05:28:54', '1754-01-01 00:00:00.000', 0, '1754-01-01 00:00:00.000', 0, '1754-01-01 00:00:00.000')
   INSERT INTO dbo.dnn_UserPortals(UserID, PortalID, CreatedDate, Authorised, IsDeleted, RefreshRoles)
   VALUES(@UserID, @PortalID, '2019-06-07 05:28:54', 1, 0, 0)
   INSERT INTO dbo.dnn_UserRoles(UserID, RoleID, IsTrialUsed, CreatedByUserID, CreatedOnDate, LastModifiedByUserID, LastModifiedOnDate, [Status], IsOwner)
   VALUES(@UserId, @FemaleRole, 0, 1, '2019-06-07 05:28:54', 1, '2019-06-07 05:28:54', 1, 0)
   INSERT INTO dbo.dnn_Users(Username, FirstName, LastName, Email, DisplayName, UpdatePassword, LastIPAddress, IsDeleted, CreatedByUserID, CreatedOnDate, LastModifiedByUserID, LastModifiedOnDate, PasswordResetToken, PasswordResetExpiration)
   VALUES('marian.guevara@meaww.com', 'Marian', 'Guevara', 'marian.guevara@meaww.com', 'Marian Guevara', 0, '', 0, 1, '2019-06-07 05:28:54', 1, '2019-06-07 05:28:54', NULL, NULL)
   SELECT @UserID = SCOPE_IDENTITY()
   INSERT INTO dbo.aspnet_Users(ApplicationID, UserName, LoweredUserName, IsAnonymous, LastActivityDate)
   VALUES(@ApplicationId, 'marian.guevara@meaww.com', 'marian.guevara@meaww.com', 0, '2019-06-07 05:28:54')
   SELECT @AspNetUserID = UserId FROM aspnet_Users WHERE Username = 'marian.guevara@meaww.com'
   INSERT INTO dbo.aspnet_Membership(ApplicationID, UserID, Password, PasswordFormat, PasswordSalt, Email, LoweredEmail, IsApproved, IsLockedOut, CreateDate, LastLoginDate, LastPasswordChangedDate, LastLockoutDate, FailedPasswordAttemptCount, FailedPasswordAttemptWindowStart, FailedPasswordAnswerAttemptCount, FailedPasswordAnswerAttemptWindowStart)
   VALUES(@ApplicationID, @AspNetUserID, 'aMoPu/jMK8Yc4dxEEtAWm+RvKkFRjT38n/c1ORi3HgGWXJI15kNozQ==', 2, 'ub/Nej8BunZL3H6o+Z7+sg==', 'marian.guevara@meaww.com', 'marian.guevara@meaww.com', 1, 0, '2019-06-07 05:28:54', '2019-06-07 05:28:54', '2019-06-07 05:28:54', '1754-01-01 00:00:00.000', 0, '1754-01-01 00:00:00.000', 0, '1754-01-01 00:00:00.000')
   INSERT INTO dbo.dnn_UserPortals(UserID, PortalID, CreatedDate, Authorised, IsDeleted, RefreshRoles)
   VALUES(@UserID, @PortalID, '2019-06-07 05:28:54', 1, 0, 0)
   INSERT INTO dbo.dnn_UserRoles(UserID, RoleID, IsTrialUsed, CreatedByUserID, CreatedOnDate, LastModifiedByUserID, LastModifiedOnDate, [Status], IsOwner)
   VALUES(@UserId, @FemaleRole, 0, 1, '2019-06-07 05:28:54', 1, '2019-06-07 05:28:54', 1, 0)
   INSERT INTO dbo.dnn_Users(Username, FirstName, LastName, Email, DisplayName, UpdatePassword, LastIPAddress, IsDeleted, CreatedByUserID, CreatedOnDate, LastModifiedByUserID, LastModifiedOnDate, PasswordResetToken, PasswordResetExpiration)
   VALUES('s.stafford@pogo.com', 'Stella', 'Stafford', 's.stafford@pogo.com', 'Stella Stafford', 0, '', 0, 1, '2019-06-07 05:28:54', 1, '2019-06-07 05:28:54', NULL, NULL)
   SELECT @UserID = SCOPE_IDENTITY()
   INSERT INTO dbo.aspnet_Users(ApplicationID, UserName, LoweredUserName, IsAnonymous, LastActivityDate)
   VALUES(@ApplicationId, 's.stafford@pogo.com', 's.stafford@pogo.com', 0, '2019-06-07 05:28:54')
   SELECT @AspNetUserID = UserId FROM aspnet_Users WHERE Username = 's.stafford@pogo.com'
   INSERT INTO dbo.aspnet_Membership(ApplicationID, UserID, Password, PasswordFormat, PasswordSalt, Email, LoweredEmail, IsApproved, IsLockedOut, CreateDate, LastLoginDate, LastPasswordChangedDate, LastLockoutDate, FailedPasswordAttemptCount, FailedPasswordAttemptWindowStart, FailedPasswordAnswerAttemptCount, FailedPasswordAnswerAttemptWindowStart)
   VALUES(@ApplicationID, @AspNetUserID, 'aMoPu/jMK8Yc4dxEEtAWm+RvKkFRjT38n/c1ORi3HgGWXJI15kNozQ==', 2, 'ub/Nej8BunZL3H6o+Z7+sg==', 's.stafford@pogo.com', 's.stafford@pogo.com', 1, 0, '2019-06-07 05:28:54', '2019-06-07 05:28:54', '2019-06-07 05:28:54', '1754-01-01 00:00:00.000', 0, '1754-01-01 00:00:00.000', 0, '1754-01-01 00:00:00.000')
   INSERT INTO dbo.dnn_UserPortals(UserID, PortalID, CreatedDate, Authorised, IsDeleted, RefreshRoles)
   VALUES(@UserID, @PortalID, '2019-06-07 05:28:54', 1, 0, 0)
   INSERT INTO dbo.dnn_UserRoles(UserID, RoleID, IsTrialUsed, CreatedByUserID, CreatedOnDate, LastModifiedByUserID, LastModifiedOnDate, [Status], IsOwner)
   VALUES(@UserId, @FemaleRole, 0, 1, '2019-06-07 05:28:54', 1, '2019-06-07 05:28:54', 1, 0)
   INSERT INTO dbo.dnn_Users(Username, FirstName, LastName, Email, DisplayName, UpdatePassword, LastIPAddress, IsDeleted, CreatedByUserID, CreatedOnDate, LastModifiedByUserID, LastModifiedOnDate, PasswordResetToken, PasswordResetExpiration)
   VALUES('englishc@redfin.com', 'Caroline', 'English', 'englishc@redfin.com', 'Caroline English', 0, '', 0, 1, '2019-06-07 05:28:54', 1, '2019-06-07 05:28:54', NULL, NULL)
   SELECT @UserID = SCOPE_IDENTITY()
   INSERT INTO dbo.aspnet_Users(ApplicationID, UserName, LoweredUserName, IsAnonymous, LastActivityDate)
   VALUES(@ApplicationId, 'englishc@redfin.com', 'englishc@redfin.com', 0, '2019-06-07 05:28:54')
   SELECT @AspNetUserID = UserId FROM aspnet_Users WHERE Username = 'englishc@redfin.com'
   INSERT INTO dbo.aspnet_Membership(ApplicationID, UserID, Password, PasswordFormat, PasswordSalt, Email, LoweredEmail, IsApproved, IsLockedOut, CreateDate, LastLoginDate, LastPasswordChangedDate, LastLockoutDate, FailedPasswordAttemptCount, FailedPasswordAttemptWindowStart, FailedPasswordAnswerAttemptCount, FailedPasswordAnswerAttemptWindowStart)
   VALUES(@ApplicationID, @AspNetUserID, 'aMoPu/jMK8Yc4dxEEtAWm+RvKkFRjT38n/c1ORi3HgGWXJI15kNozQ==', 2, 'ub/Nej8BunZL3H6o+Z7+sg==', 'englishc@redfin.com', 'englishc@redfin.com', 1, 0, '2019-06-07 05:28:54', '2019-06-07 05:28:54', '2019-06-07 05:28:54', '1754-01-01 00:00:00.000', 0, '1754-01-01 00:00:00.000', 0, '1754-01-01 00:00:00.000')
   INSERT INTO dbo.dnn_UserPortals(UserID, PortalID, CreatedDate, Authorised, IsDeleted, RefreshRoles)
   VALUES(@UserID, @PortalID, '2019-06-07 05:28:54', 1, 0, 0)
   INSERT INTO dbo.dnn_UserRoles(UserID, RoleID, IsTrialUsed, CreatedByUserID, CreatedOnDate, LastModifiedByUserID, LastModifiedOnDate, [Status], IsOwner)
   VALUES(@UserId, @FemaleRole, 0, 1, '2019-06-07 05:28:54', 1, '2019-06-07 05:28:54', 1, 0)
   INSERT INTO dbo.dnn_UserRoles(UserID, RoleID, IsTrialUsed, CreatedByUserID, CreatedOnDate, LastModifiedByUserID, LastModifiedOnDate, [Status], IsOwner)
   VALUES(@UserId, @ManagerRole, 0, 1, '2019-06-07 05:28:54', 1, '2019-06-07 05:28:54', 1, 0)
   INSERT INTO dbo.dnn_Users(Username, FirstName, LastName, Email, DisplayName, UpdatePassword, LastIPAddress, IsDeleted, CreatedByUserID, CreatedOnDate, LastModifiedByUserID, LastModifiedOnDate, PasswordResetToken, PasswordResetExpiration)
   VALUES('dora.hurst@buy.tmall.com', 'Dora', 'Hurst', 'dora.hurst@buy.tmall.com', 'Dora Hurst', 0, '', 0, 1, '2019-06-07 05:28:54', 1, '2019-06-07 05:28:54', NULL, NULL)
   SELECT @UserID = SCOPE_IDENTITY()
   INSERT INTO dbo.aspnet_Users(ApplicationID, UserName, LoweredUserName, IsAnonymous, LastActivityDate)
   VALUES(@ApplicationId, 'dora.hurst@buy.tmall.com', 'dora.hurst@buy.tmall.com', 0, '2019-06-07 05:28:54')
   SELECT @AspNetUserID = UserId FROM aspnet_Users WHERE Username = 'dora.hurst@buy.tmall.com'
   INSERT INTO dbo.aspnet_Membership(ApplicationID, UserID, Password, PasswordFormat, PasswordSalt, Email, LoweredEmail, IsApproved, IsLockedOut, CreateDate, LastLoginDate, LastPasswordChangedDate, LastLockoutDate, FailedPasswordAttemptCount, FailedPasswordAttemptWindowStart, FailedPasswordAnswerAttemptCount, FailedPasswordAnswerAttemptWindowStart)
   VALUES(@ApplicationID, @AspNetUserID, 'aMoPu/jMK8Yc4dxEEtAWm+RvKkFRjT38n/c1ORi3HgGWXJI15kNozQ==', 2, 'ub/Nej8BunZL3H6o+Z7+sg==', 'dora.hurst@buy.tmall.com', 'dora.hurst@buy.tmall.com', 1, 0, '2019-06-07 05:28:54', '2019-06-07 05:28:54', '2019-06-07 05:28:54', '1754-01-01 00:00:00.000', 0, '1754-01-01 00:00:00.000', 0, '1754-01-01 00:00:00.000')
   INSERT INTO dbo.dnn_UserPortals(UserID, PortalID, CreatedDate, Authorised, IsDeleted, RefreshRoles)
   VALUES(@UserID, @PortalID, '2019-06-07 05:28:54', 1, 0, 0)
   INSERT INTO dbo.dnn_UserRoles(UserID, RoleID, IsTrialUsed, CreatedByUserID, CreatedOnDate, LastModifiedByUserID, LastModifiedOnDate, [Status], IsOwner)
   VALUES(@UserId, @FemaleRole, 0, 1, '2019-06-07 05:28:54', 1, '2019-06-07 05:28:54', 1, 0)
   INSERT INTO dbo.dnn_Users(Username, FirstName, LastName, Email, DisplayName, UpdatePassword, LastIPAddress, IsDeleted, CreatedByUserID, CreatedOnDate, LastModifiedByUserID, LastModifiedOnDate, PasswordResetToken, PasswordResetExpiration)
   VALUES('j.woodard@drom.ru', 'Jo', 'Woodard', 'j.woodard@drom.ru', 'Jo Woodard', 0, '', 0, 1, '2019-06-07 05:28:54', 1, '2019-06-07 05:28:54', NULL, NULL)
   SELECT @UserID = SCOPE_IDENTITY()
   INSERT INTO dbo.aspnet_Users(ApplicationID, UserName, LoweredUserName, IsAnonymous, LastActivityDate)
   VALUES(@ApplicationId, 'j.woodard@drom.ru', 'j.woodard@drom.ru', 0, '2019-06-07 05:28:54')
   SELECT @AspNetUserID = UserId FROM aspnet_Users WHERE Username = 'j.woodard@drom.ru'
   INSERT INTO dbo.aspnet_Membership(ApplicationID, UserID, Password, PasswordFormat, PasswordSalt, Email, LoweredEmail, IsApproved, IsLockedOut, CreateDate, LastLoginDate, LastPasswordChangedDate, LastLockoutDate, FailedPasswordAttemptCount, FailedPasswordAttemptWindowStart, FailedPasswordAnswerAttemptCount, FailedPasswordAnswerAttemptWindowStart)
   VALUES(@ApplicationID, @AspNetUserID, 'aMoPu/jMK8Yc4dxEEtAWm+RvKkFRjT38n/c1ORi3HgGWXJI15kNozQ==', 2, 'ub/Nej8BunZL3H6o+Z7+sg==', 'j.woodard@drom.ru', 'j.woodard@drom.ru', 1, 0, '2019-06-07 05:28:54', '2019-06-07 05:28:54', '2019-06-07 05:28:54', '1754-01-01 00:00:00.000', 0, '1754-01-01 00:00:00.000', 0, '1754-01-01 00:00:00.000')
   INSERT INTO dbo.dnn_UserPortals(UserID, PortalID, CreatedDate, Authorised, IsDeleted, RefreshRoles)
   VALUES(@UserID, @PortalID, '2019-06-07 05:28:54', 1, 0, 0)
   INSERT INTO dbo.dnn_UserRoles(UserID, RoleID, IsTrialUsed, CreatedByUserID, CreatedOnDate, LastModifiedByUserID, LastModifiedOnDate, [Status], IsOwner)
   VALUES(@UserId, @FemaleRole, 0, 1, '2019-06-07 05:28:54', 1, '2019-06-07 05:28:54', 1, 0)
   INSERT INTO dbo.dnn_Users(Username, FirstName, LastName, Email, DisplayName, UpdatePassword, LastIPAddress, IsDeleted, CreatedByUserID, CreatedOnDate, LastModifiedByUserID, LastModifiedOnDate, PasswordResetToken, PasswordResetExpiration)
   VALUES('cortesv@infoseek.co.jp', 'Vickie', 'Cortes', 'cortesv@infoseek.co.jp', 'Vickie Cortes', 0, '', 0, 1, '2019-06-07 05:28:54', 1, '2019-06-07 05:28:54', NULL, NULL)
   SELECT @UserID = SCOPE_IDENTITY()
   INSERT INTO dbo.aspnet_Users(ApplicationID, UserName, LoweredUserName, IsAnonymous, LastActivityDate)
   VALUES(@ApplicationId, 'cortesv@infoseek.co.jp', 'cortesv@infoseek.co.jp', 0, '2019-06-07 05:28:54')
   SELECT @AspNetUserID = UserId FROM aspnet_Users WHERE Username = 'cortesv@infoseek.co.jp'
   INSERT INTO dbo.aspnet_Membership(ApplicationID, UserID, Password, PasswordFormat, PasswordSalt, Email, LoweredEmail, IsApproved, IsLockedOut, CreateDate, LastLoginDate, LastPasswordChangedDate, LastLockoutDate, FailedPasswordAttemptCount, FailedPasswordAttemptWindowStart, FailedPasswordAnswerAttemptCount, FailedPasswordAnswerAttemptWindowStart)
   VALUES(@ApplicationID, @AspNetUserID, 'aMoPu/jMK8Yc4dxEEtAWm+RvKkFRjT38n/c1ORi3HgGWXJI15kNozQ==', 2, 'ub/Nej8BunZL3H6o+Z7+sg==', 'cortesv@infoseek.co.jp', 'cortesv@infoseek.co.jp', 1, 0, '2019-06-07 05:28:54', '2019-06-07 05:28:54', '2019-06-07 05:28:54', '1754-01-01 00:00:00.000', 0, '1754-01-01 00:00:00.000', 0, '1754-01-01 00:00:00.000')
   INSERT INTO dbo.dnn_UserPortals(UserID, PortalID, CreatedDate, Authorised, IsDeleted, RefreshRoles)
   VALUES(@UserID, @PortalID, '2019-06-07 05:28:54', 1, 0, 0)
   INSERT INTO dbo.dnn_UserRoles(UserID, RoleID, IsTrialUsed, CreatedByUserID, CreatedOnDate, LastModifiedByUserID, LastModifiedOnDate, [Status], IsOwner)
   VALUES(@UserId, @FemaleRole, 0, 1, '2019-06-07 05:28:54', 1, '2019-06-07 05:28:54', 1, 0)
   INSERT INTO dbo.dnn_Users(Username, FirstName, LastName, Email, DisplayName, UpdatePassword, LastIPAddress, IsDeleted, CreatedByUserID, CreatedOnDate, LastModifiedByUserID, LastModifiedOnDate, PasswordResetToken, PasswordResetExpiration)
   VALUES('mattie.shannon@buzzfil.net', 'Mattie', 'Shannon', 'mattie.shannon@buzzfil.net', 'Mattie Shannon', 0, '', 0, 1, '2019-06-07 05:28:54', 1, '2019-06-07 05:28:54', NULL, NULL)
   SELECT @UserID = SCOPE_IDENTITY()
   INSERT INTO dbo.aspnet_Users(ApplicationID, UserName, LoweredUserName, IsAnonymous, LastActivityDate)
   VALUES(@ApplicationId, 'mattie.shannon@buzzfil.net', 'mattie.shannon@buzzfil.net', 0, '2019-06-07 05:28:54')
   SELECT @AspNetUserID = UserId FROM aspnet_Users WHERE Username = 'mattie.shannon@buzzfil.net'
   INSERT INTO dbo.aspnet_Membership(ApplicationID, UserID, Password, PasswordFormat, PasswordSalt, Email, LoweredEmail, IsApproved, IsLockedOut, CreateDate, LastLoginDate, LastPasswordChangedDate, LastLockoutDate, FailedPasswordAttemptCount, FailedPasswordAttemptWindowStart, FailedPasswordAnswerAttemptCount, FailedPasswordAnswerAttemptWindowStart)
   VALUES(@ApplicationID, @AspNetUserID, 'aMoPu/jMK8Yc4dxEEtAWm+RvKkFRjT38n/c1ORi3HgGWXJI15kNozQ==', 2, 'ub/Nej8BunZL3H6o+Z7+sg==', 'mattie.shannon@buzzfil.net', 'mattie.shannon@buzzfil.net', 1, 0, '2019-06-07 05:28:54', '2019-06-07 05:28:54', '2019-06-07 05:28:54', '1754-01-01 00:00:00.000', 0, '1754-01-01 00:00:00.000', 0, '1754-01-01 00:00:00.000')
   INSERT INTO dbo.dnn_UserPortals(UserID, PortalID, CreatedDate, Authorised, IsDeleted, RefreshRoles)
   VALUES(@UserID, @PortalID, '2019-06-07 05:28:54', 1, 0, 0)
   INSERT INTO dbo.dnn_UserRoles(UserID, RoleID, IsTrialUsed, CreatedByUserID, CreatedOnDate, LastModifiedByUserID, LastModifiedOnDate, [Status], IsOwner)
   VALUES(@UserId, @FemaleRole, 0, 1, '2019-06-07 05:28:54', 1, '2019-06-07 05:28:54', 1, 0)
   INSERT INTO dbo.dnn_Users(Username, FirstName, LastName, Email, DisplayName, UpdatePassword, LastIPAddress, IsDeleted, CreatedByUserID, CreatedOnDate, LastModifiedByUserID, LastModifiedOnDate, PasswordResetToken, PasswordResetExpiration)
   VALUES('t.kemp@urbandictionary.com', 'Terry', 'Kemp', 't.kemp@urbandictionary.com', 'Terry Kemp', 0, '', 0, 1, '2019-06-07 05:28:54', 1, '2019-06-07 05:28:54', NULL, NULL)
   SELECT @UserID = SCOPE_IDENTITY()
   INSERT INTO dbo.aspnet_Users(ApplicationID, UserName, LoweredUserName, IsAnonymous, LastActivityDate)
   VALUES(@ApplicationId, 't.kemp@urbandictionary.com', 't.kemp@urbandictionary.com', 0, '2019-06-07 05:28:54')
   SELECT @AspNetUserID = UserId FROM aspnet_Users WHERE Username = 't.kemp@urbandictionary.com'
   INSERT INTO dbo.aspnet_Membership(ApplicationID, UserID, Password, PasswordFormat, PasswordSalt, Email, LoweredEmail, IsApproved, IsLockedOut, CreateDate, LastLoginDate, LastPasswordChangedDate, LastLockoutDate, FailedPasswordAttemptCount, FailedPasswordAttemptWindowStart, FailedPasswordAnswerAttemptCount, FailedPasswordAnswerAttemptWindowStart)
   VALUES(@ApplicationID, @AspNetUserID, 'aMoPu/jMK8Yc4dxEEtAWm+RvKkFRjT38n/c1ORi3HgGWXJI15kNozQ==', 2, 'ub/Nej8BunZL3H6o+Z7+sg==', 't.kemp@urbandictionary.com', 't.kemp@urbandictionary.com', 1, 0, '2019-06-07 05:28:54', '2019-06-07 05:28:54', '2019-06-07 05:28:54', '1754-01-01 00:00:00.000', 0, '1754-01-01 00:00:00.000', 0, '1754-01-01 00:00:00.000')
   INSERT INTO dbo.dnn_UserPortals(UserID, PortalID, CreatedDate, Authorised, IsDeleted, RefreshRoles)
   VALUES(@UserID, @PortalID, '2019-06-07 05:28:54', 1, 0, 0)
   INSERT INTO dbo.dnn_UserRoles(UserID, RoleID, IsTrialUsed, CreatedByUserID, CreatedOnDate, LastModifiedByUserID, LastModifiedOnDate, [Status], IsOwner)
   VALUES(@UserId, @FemaleRole, 0, 1, '2019-06-07 05:28:54', 1, '2019-06-07 05:28:54', 1, 0)
   INSERT INTO dbo.dnn_Users(Username, FirstName, LastName, Email, DisplayName, UpdatePassword, LastIPAddress, IsDeleted, CreatedByUserID, CreatedOnDate, LastModifiedByUserID, LastModifiedOnDate, PasswordResetToken, PasswordResetExpiration)
   VALUES('nolanm@mit.edu', 'Maxine', 'Nolan', 'nolanm@mit.edu', 'Maxine Nolan', 0, '', 0, 1, '2019-06-07 05:28:54', 1, '2019-06-07 05:28:54', NULL, NULL)
   SELECT @UserID = SCOPE_IDENTITY()
   INSERT INTO dbo.aspnet_Users(ApplicationID, UserName, LoweredUserName, IsAnonymous, LastActivityDate)
   VALUES(@ApplicationId, 'nolanm@mit.edu', 'nolanm@mit.edu', 0, '2019-06-07 05:28:54')
   SELECT @AspNetUserID = UserId FROM aspnet_Users WHERE Username = 'nolanm@mit.edu'
   INSERT INTO dbo.aspnet_Membership(ApplicationID, UserID, Password, PasswordFormat, PasswordSalt, Email, LoweredEmail, IsApproved, IsLockedOut, CreateDate, LastLoginDate, LastPasswordChangedDate, LastLockoutDate, FailedPasswordAttemptCount, FailedPasswordAttemptWindowStart, FailedPasswordAnswerAttemptCount, FailedPasswordAnswerAttemptWindowStart)
   VALUES(@ApplicationID, @AspNetUserID, 'aMoPu/jMK8Yc4dxEEtAWm+RvKkFRjT38n/c1ORi3HgGWXJI15kNozQ==', 2, 'ub/Nej8BunZL3H6o+Z7+sg==', 'nolanm@mit.edu', 'nolanm@mit.edu', 1, 0, '2019-06-07 05:28:54', '2019-06-07 05:28:54', '2019-06-07 05:28:54', '1754-01-01 00:00:00.000', 0, '1754-01-01 00:00:00.000', 0, '1754-01-01 00:00:00.000')
   INSERT INTO dbo.dnn_UserPortals(UserID, PortalID, CreatedDate, Authorised, IsDeleted, RefreshRoles)
   VALUES(@UserID, @PortalID, '2019-06-07 05:28:54', 1, 0, 0)
   INSERT INTO dbo.dnn_UserRoles(UserID, RoleID, IsTrialUsed, CreatedByUserID, CreatedOnDate, LastModifiedByUserID, LastModifiedOnDate, [Status], IsOwner)
   VALUES(@UserId, @FemaleRole, 0, 1, '2019-06-07 05:28:54', 1, '2019-06-07 05:28:54', 1, 0)
   INSERT INTO dbo.dnn_UserRoles(UserID, RoleID, IsTrialUsed, CreatedByUserID, CreatedOnDate, LastModifiedByUserID, LastModifiedOnDate, [Status], IsOwner)
   VALUES(@UserId, @AcademicRole, 0, 1, '2019-06-07 05:28:54', 1, '2019-06-07 05:28:54', 1, 0)
   INSERT INTO dbo.dnn_Users(Username, FirstName, LastName, Email, DisplayName, UpdatePassword, LastIPAddress, IsDeleted, CreatedByUserID, CreatedOnDate, LastModifiedByUserID, LastModifiedOnDate, PasswordResetToken, PasswordResetExpiration)
   VALUES('irma.mccullough@olx.com.br', 'Irma', 'Mccullough', 'irma.mccullough@olx.com.br', 'Irma Mccullough', 0, '', 0, 1, '2019-06-07 05:28:54', 1, '2019-06-07 05:28:54', NULL, NULL)
   SELECT @UserID = SCOPE_IDENTITY()
   INSERT INTO dbo.aspnet_Users(ApplicationID, UserName, LoweredUserName, IsAnonymous, LastActivityDate)
   VALUES(@ApplicationId, 'irma.mccullough@olx.com.br', 'irma.mccullough@olx.com.br', 0, '2019-06-07 05:28:54')
   SELECT @AspNetUserID = UserId FROM aspnet_Users WHERE Username = 'irma.mccullough@olx.com.br'
   INSERT INTO dbo.aspnet_Membership(ApplicationID, UserID, Password, PasswordFormat, PasswordSalt, Email, LoweredEmail, IsApproved, IsLockedOut, CreateDate, LastLoginDate, LastPasswordChangedDate, LastLockoutDate, FailedPasswordAttemptCount, FailedPasswordAttemptWindowStart, FailedPasswordAnswerAttemptCount, FailedPasswordAnswerAttemptWindowStart)
   VALUES(@ApplicationID, @AspNetUserID, 'aMoPu/jMK8Yc4dxEEtAWm+RvKkFRjT38n/c1ORi3HgGWXJI15kNozQ==', 2, 'ub/Nej8BunZL3H6o+Z7+sg==', 'irma.mccullough@olx.com.br', 'irma.mccullough@olx.com.br', 1, 0, '2019-06-07 05:28:54', '2019-06-07 05:28:54', '2019-06-07 05:28:54', '1754-01-01 00:00:00.000', 0, '1754-01-01 00:00:00.000', 0, '1754-01-01 00:00:00.000')
   INSERT INTO dbo.dnn_UserPortals(UserID, PortalID, CreatedDate, Authorised, IsDeleted, RefreshRoles)
   VALUES(@UserID, @PortalID, '2019-06-07 05:28:54', 1, 0, 0)
   INSERT INTO dbo.dnn_UserRoles(UserID, RoleID, IsTrialUsed, CreatedByUserID, CreatedOnDate, LastModifiedByUserID, LastModifiedOnDate, [Status], IsOwner)
   VALUES(@UserId, @FemaleRole, 0, 1, '2019-06-07 05:28:54', 1, '2019-06-07 05:28:54', 1, 0)
   INSERT INTO dbo.dnn_Users(Username, FirstName, LastName, Email, DisplayName, UpdatePassword, LastIPAddress, IsDeleted, CreatedByUserID, CreatedOnDate, LastModifiedByUserID, LastModifiedOnDate, PasswordResetToken, PasswordResetExpiration)
   VALUES('m.merritt@chinaz.com', 'Mabel', 'Merritt', 'm.merritt@chinaz.com', 'Mabel Merritt', 0, '', 0, 1, '2019-06-07 05:28:54', 1, '2019-06-07 05:28:54', NULL, NULL)
   SELECT @UserID = SCOPE_IDENTITY()
   INSERT INTO dbo.aspnet_Users(ApplicationID, UserName, LoweredUserName, IsAnonymous, LastActivityDate)
   VALUES(@ApplicationId, 'm.merritt@chinaz.com', 'm.merritt@chinaz.com', 0, '2019-06-07 05:28:54')
   SELECT @AspNetUserID = UserId FROM aspnet_Users WHERE Username = 'm.merritt@chinaz.com'
   INSERT INTO dbo.aspnet_Membership(ApplicationID, UserID, Password, PasswordFormat, PasswordSalt, Email, LoweredEmail, IsApproved, IsLockedOut, CreateDate, LastLoginDate, LastPasswordChangedDate, LastLockoutDate, FailedPasswordAttemptCount, FailedPasswordAttemptWindowStart, FailedPasswordAnswerAttemptCount, FailedPasswordAnswerAttemptWindowStart)
   VALUES(@ApplicationID, @AspNetUserID, 'aMoPu/jMK8Yc4dxEEtAWm+RvKkFRjT38n/c1ORi3HgGWXJI15kNozQ==', 2, 'ub/Nej8BunZL3H6o+Z7+sg==', 'm.merritt@chinaz.com', 'm.merritt@chinaz.com', 1, 0, '2019-06-07 05:28:54', '2019-06-07 05:28:54', '2019-06-07 05:28:54', '1754-01-01 00:00:00.000', 0, '1754-01-01 00:00:00.000', 0, '1754-01-01 00:00:00.000')
   INSERT INTO dbo.dnn_UserPortals(UserID, PortalID, CreatedDate, Authorised, IsDeleted, RefreshRoles)
   VALUES(@UserID, @PortalID, '2019-06-07 05:28:54', 1, 0, 0)
   INSERT INTO dbo.dnn_UserRoles(UserID, RoleID, IsTrialUsed, CreatedByUserID, CreatedOnDate, LastModifiedByUserID, LastModifiedOnDate, [Status], IsOwner)
   VALUES(@UserId, @FemaleRole, 0, 1, '2019-06-07 05:28:54', 1, '2019-06-07 05:28:54', 1, 0)
   INSERT INTO dbo.dnn_Users(Username, FirstName, LastName, Email, DisplayName, UpdatePassword, LastIPAddress, IsDeleted, CreatedByUserID, CreatedOnDate, LastModifiedByUserID, LastModifiedOnDate, PasswordResetToken, PasswordResetExpiration)
   VALUES('murillom@chip.de', 'Marsha', 'Murillo', 'murillom@chip.de', 'Marsha Murillo', 0, '', 0, 1, '2019-06-07 05:28:54', 1, '2019-06-07 05:28:54', NULL, NULL)
   SELECT @UserID = SCOPE_IDENTITY()
   INSERT INTO dbo.aspnet_Users(ApplicationID, UserName, LoweredUserName, IsAnonymous, LastActivityDate)
   VALUES(@ApplicationId, 'murillom@chip.de', 'murillom@chip.de', 0, '2019-06-07 05:28:54')
   SELECT @AspNetUserID = UserId FROM aspnet_Users WHERE Username = 'murillom@chip.de'
   INSERT INTO dbo.aspnet_Membership(ApplicationID, UserID, Password, PasswordFormat, PasswordSalt, Email, LoweredEmail, IsApproved, IsLockedOut, CreateDate, LastLoginDate, LastPasswordChangedDate, LastLockoutDate, FailedPasswordAttemptCount, FailedPasswordAttemptWindowStart, FailedPasswordAnswerAttemptCount, FailedPasswordAnswerAttemptWindowStart)
   VALUES(@ApplicationID, @AspNetUserID, 'aMoPu/jMK8Yc4dxEEtAWm+RvKkFRjT38n/c1ORi3HgGWXJI15kNozQ==', 2, 'ub/Nej8BunZL3H6o+Z7+sg==', 'murillom@chip.de', 'murillom@chip.de', 1, 0, '2019-06-07 05:28:54', '2019-06-07 05:28:54', '2019-06-07 05:28:54', '1754-01-01 00:00:00.000', 0, '1754-01-01 00:00:00.000', 0, '1754-01-01 00:00:00.000')
   INSERT INTO dbo.dnn_UserPortals(UserID, PortalID, CreatedDate, Authorised, IsDeleted, RefreshRoles)
   VALUES(@UserID, @PortalID, '2019-06-07 05:28:54', 1, 0, 0)
   INSERT INTO dbo.dnn_UserRoles(UserID, RoleID, IsTrialUsed, CreatedByUserID, CreatedOnDate, LastModifiedByUserID, LastModifiedOnDate, [Status], IsOwner)
   VALUES(@UserId, @FemaleRole, 0, 1, '2019-06-07 05:28:54', 1, '2019-06-07 05:28:54', 1, 0)
   INSERT INTO dbo.dnn_Users(Username, FirstName, LastName, Email, DisplayName, UpdatePassword, LastIPAddress, IsDeleted, CreatedByUserID, CreatedOnDate, LastModifiedByUserID, LastModifiedOnDate, PasswordResetToken, PasswordResetExpiration)
   VALUES('myrtle.moon@panet.co.il', 'Myrtle', 'Moon', 'myrtle.moon@panet.co.il', 'Myrtle Moon', 0, '', 0, 1, '2019-06-07 05:28:54', 1, '2019-06-07 05:28:54', NULL, NULL)
   SELECT @UserID = SCOPE_IDENTITY()
   INSERT INTO dbo.aspnet_Users(ApplicationID, UserName, LoweredUserName, IsAnonymous, LastActivityDate)
   VALUES(@ApplicationId, 'myrtle.moon@panet.co.il', 'myrtle.moon@panet.co.il', 0, '2019-06-07 05:28:54')
   SELECT @AspNetUserID = UserId FROM aspnet_Users WHERE Username = 'myrtle.moon@panet.co.il'
   INSERT INTO dbo.aspnet_Membership(ApplicationID, UserID, Password, PasswordFormat, PasswordSalt, Email, LoweredEmail, IsApproved, IsLockedOut, CreateDate, LastLoginDate, LastPasswordChangedDate, LastLockoutDate, FailedPasswordAttemptCount, FailedPasswordAttemptWindowStart, FailedPasswordAnswerAttemptCount, FailedPasswordAnswerAttemptWindowStart)
   VALUES(@ApplicationID, @AspNetUserID, 'aMoPu/jMK8Yc4dxEEtAWm+RvKkFRjT38n/c1ORi3HgGWXJI15kNozQ==', 2, 'ub/Nej8BunZL3H6o+Z7+sg==', 'myrtle.moon@panet.co.il', 'myrtle.moon@panet.co.il', 1, 0, '2019-06-07 05:28:54', '2019-06-07 05:28:54', '2019-06-07 05:28:54', '1754-01-01 00:00:00.000', 0, '1754-01-01 00:00:00.000', 0, '1754-01-01 00:00:00.000')
   INSERT INTO dbo.dnn_UserPortals(UserID, PortalID, CreatedDate, Authorised, IsDeleted, RefreshRoles)
   VALUES(@UserID, @PortalID, '2019-06-07 05:28:54', 1, 0, 0)
   INSERT INTO dbo.dnn_UserRoles(UserID, RoleID, IsTrialUsed, CreatedByUserID, CreatedOnDate, LastModifiedByUserID, LastModifiedOnDate, [Status], IsOwner)
   VALUES(@UserId, @FemaleRole, 0, 1, '2019-06-07 05:28:54', 1, '2019-06-07 05:28:54', 1, 0)
   INSERT INTO dbo.dnn_Users(Username, FirstName, LastName, Email, DisplayName, UpdatePassword, LastIPAddress, IsDeleted, CreatedByUserID, CreatedOnDate, LastModifiedByUserID, LastModifiedOnDate, PasswordResetToken, PasswordResetExpiration)
   VALUES('l.salgado@gamespot.com', 'Lena', 'Salgado', 'l.salgado@gamespot.com', 'Lena Salgado', 0, '', 0, 1, '2019-06-07 05:28:54', 1, '2019-06-07 05:28:54', NULL, NULL)
   SELECT @UserID = SCOPE_IDENTITY()
   INSERT INTO dbo.aspnet_Users(ApplicationID, UserName, LoweredUserName, IsAnonymous, LastActivityDate)
   VALUES(@ApplicationId, 'l.salgado@gamespot.com', 'l.salgado@gamespot.com', 0, '2019-06-07 05:28:54')
   SELECT @AspNetUserID = UserId FROM aspnet_Users WHERE Username = 'l.salgado@gamespot.com'
   INSERT INTO dbo.aspnet_Membership(ApplicationID, UserID, Password, PasswordFormat, PasswordSalt, Email, LoweredEmail, IsApproved, IsLockedOut, CreateDate, LastLoginDate, LastPasswordChangedDate, LastLockoutDate, FailedPasswordAttemptCount, FailedPasswordAttemptWindowStart, FailedPasswordAnswerAttemptCount, FailedPasswordAnswerAttemptWindowStart)
   VALUES(@ApplicationID, @AspNetUserID, 'aMoPu/jMK8Yc4dxEEtAWm+RvKkFRjT38n/c1ORi3HgGWXJI15kNozQ==', 2, 'ub/Nej8BunZL3H6o+Z7+sg==', 'l.salgado@gamespot.com', 'l.salgado@gamespot.com', 1, 0, '2019-06-07 05:28:54', '2019-06-07 05:28:54', '2019-06-07 05:28:54', '1754-01-01 00:00:00.000', 0, '1754-01-01 00:00:00.000', 0, '1754-01-01 00:00:00.000')
   INSERT INTO dbo.dnn_UserPortals(UserID, PortalID, CreatedDate, Authorised, IsDeleted, RefreshRoles)
   VALUES(@UserID, @PortalID, '2019-06-07 05:28:54', 1, 0, 0)
   INSERT INTO dbo.dnn_UserRoles(UserID, RoleID, IsTrialUsed, CreatedByUserID, CreatedOnDate, LastModifiedByUserID, LastModifiedOnDate, [Status], IsOwner)
   VALUES(@UserId, @FemaleRole, 0, 1, '2019-06-07 05:28:54', 1, '2019-06-07 05:28:54', 1, 0)
   INSERT INTO dbo.dnn_Users(Username, FirstName, LastName, Email, DisplayName, UpdatePassword, LastIPAddress, IsDeleted, CreatedByUserID, CreatedOnDate, LastModifiedByUserID, LastModifiedOnDate, PasswordResetToken, PasswordResetExpiration)
   VALUES('strongc@google.com.ec', 'Christy', 'Strong', 'strongc@google.com.ec', 'Christy Strong', 0, '', 0, 1, '2019-06-07 05:28:54', 1, '2019-06-07 05:28:54', NULL, NULL)
   SELECT @UserID = SCOPE_IDENTITY()
   INSERT INTO dbo.aspnet_Users(ApplicationID, UserName, LoweredUserName, IsAnonymous, LastActivityDate)
   VALUES(@ApplicationId, 'strongc@google.com.ec', 'strongc@google.com.ec', 0, '2019-06-07 05:28:54')
   SELECT @AspNetUserID = UserId FROM aspnet_Users WHERE Username = 'strongc@google.com.ec'
   INSERT INTO dbo.aspnet_Membership(ApplicationID, UserID, Password, PasswordFormat, PasswordSalt, Email, LoweredEmail, IsApproved, IsLockedOut, CreateDate, LastLoginDate, LastPasswordChangedDate, LastLockoutDate, FailedPasswordAttemptCount, FailedPasswordAttemptWindowStart, FailedPasswordAnswerAttemptCount, FailedPasswordAnswerAttemptWindowStart)
   VALUES(@ApplicationID, @AspNetUserID, 'aMoPu/jMK8Yc4dxEEtAWm+RvKkFRjT38n/c1ORi3HgGWXJI15kNozQ==', 2, 'ub/Nej8BunZL3H6o+Z7+sg==', 'strongc@google.com.ec', 'strongc@google.com.ec', 1, 0, '2019-06-07 05:28:54', '2019-06-07 05:28:54', '2019-06-07 05:28:54', '1754-01-01 00:00:00.000', 0, '1754-01-01 00:00:00.000', 0, '1754-01-01 00:00:00.000')
   INSERT INTO dbo.dnn_UserPortals(UserID, PortalID, CreatedDate, Authorised, IsDeleted, RefreshRoles)
   VALUES(@UserID, @PortalID, '2019-06-07 05:28:54', 1, 0, 0)
   INSERT INTO dbo.dnn_UserRoles(UserID, RoleID, IsTrialUsed, CreatedByUserID, CreatedOnDate, LastModifiedByUserID, LastModifiedOnDate, [Status], IsOwner)
   VALUES(@UserId, @FemaleRole, 0, 1, '2019-06-07 05:28:54', 1, '2019-06-07 05:28:54', 1, 0)
   INSERT INTO dbo.dnn_Users(Username, FirstName, LastName, Email, DisplayName, UpdatePassword, LastIPAddress, IsDeleted, CreatedByUserID, CreatedOnDate, LastModifiedByUserID, LastModifiedOnDate, PasswordResetToken, PasswordResetExpiration)
   VALUES('deanna.kline@subito.it', 'Deanna', 'Kline', 'deanna.kline@subito.it', 'Deanna Kline', 0, '', 0, 1, '2019-06-07 05:28:54', 1, '2019-06-07 05:28:54', NULL, NULL)
   SELECT @UserID = SCOPE_IDENTITY()
   INSERT INTO dbo.aspnet_Users(ApplicationID, UserName, LoweredUserName, IsAnonymous, LastActivityDate)
   VALUES(@ApplicationId, 'deanna.kline@subito.it', 'deanna.kline@subito.it', 0, '2019-06-07 05:28:54')
   SELECT @AspNetUserID = UserId FROM aspnet_Users WHERE Username = 'deanna.kline@subito.it'
   INSERT INTO dbo.aspnet_Membership(ApplicationID, UserID, Password, PasswordFormat, PasswordSalt, Email, LoweredEmail, IsApproved, IsLockedOut, CreateDate, LastLoginDate, LastPasswordChangedDate, LastLockoutDate, FailedPasswordAttemptCount, FailedPasswordAttemptWindowStart, FailedPasswordAnswerAttemptCount, FailedPasswordAnswerAttemptWindowStart)
   VALUES(@ApplicationID, @AspNetUserID, 'aMoPu/jMK8Yc4dxEEtAWm+RvKkFRjT38n/c1ORi3HgGWXJI15kNozQ==', 2, 'ub/Nej8BunZL3H6o+Z7+sg==', 'deanna.kline@subito.it', 'deanna.kline@subito.it', 1, 0, '2019-06-07 05:28:54', '2019-06-07 05:28:54', '2019-06-07 05:28:54', '1754-01-01 00:00:00.000', 0, '1754-01-01 00:00:00.000', 0, '1754-01-01 00:00:00.000')
   INSERT INTO dbo.dnn_UserPortals(UserID, PortalID, CreatedDate, Authorised, IsDeleted, RefreshRoles)
   VALUES(@UserID, @PortalID, '2019-06-07 05:28:54', 1, 0, 0)
   INSERT INTO dbo.dnn_UserRoles(UserID, RoleID, IsTrialUsed, CreatedByUserID, CreatedOnDate, LastModifiedByUserID, LastModifiedOnDate, [Status], IsOwner)
   VALUES(@UserId, @FemaleRole, 0, 1, '2019-06-07 05:28:54', 1, '2019-06-07 05:28:54', 1, 0)
   INSERT INTO dbo.dnn_Users(Username, FirstName, LastName, Email, DisplayName, UpdatePassword, LastIPAddress, IsDeleted, CreatedByUserID, CreatedOnDate, LastModifiedByUserID, LastModifiedOnDate, PasswordResetToken, PasswordResetExpiration)
   VALUES('p.cordova@gazetaexpress.com', 'Patsy', 'Cordova', 'p.cordova@gazetaexpress.com', 'Patsy Cordova', 0, '', 0, 1, '2019-06-07 05:28:54', 1, '2019-06-07 05:28:54', NULL, NULL)
   SELECT @UserID = SCOPE_IDENTITY()
   INSERT INTO dbo.aspnet_Users(ApplicationID, UserName, LoweredUserName, IsAnonymous, LastActivityDate)
   VALUES(@ApplicationId, 'p.cordova@gazetaexpress.com', 'p.cordova@gazetaexpress.com', 0, '2019-06-07 05:28:54')
   SELECT @AspNetUserID = UserId FROM aspnet_Users WHERE Username = 'p.cordova@gazetaexpress.com'
   INSERT INTO dbo.aspnet_Membership(ApplicationID, UserID, Password, PasswordFormat, PasswordSalt, Email, LoweredEmail, IsApproved, IsLockedOut, CreateDate, LastLoginDate, LastPasswordChangedDate, LastLockoutDate, FailedPasswordAttemptCount, FailedPasswordAttemptWindowStart, FailedPasswordAnswerAttemptCount, FailedPasswordAnswerAttemptWindowStart)
   VALUES(@ApplicationID, @AspNetUserID, 'aMoPu/jMK8Yc4dxEEtAWm+RvKkFRjT38n/c1ORi3HgGWXJI15kNozQ==', 2, 'ub/Nej8BunZL3H6o+Z7+sg==', 'p.cordova@gazetaexpress.com', 'p.cordova@gazetaexpress.com', 1, 0, '2019-06-07 05:28:54', '2019-06-07 05:28:54', '2019-06-07 05:28:54', '1754-01-01 00:00:00.000', 0, '1754-01-01 00:00:00.000', 0, '1754-01-01 00:00:00.000')
   INSERT INTO dbo.dnn_UserPortals(UserID, PortalID, CreatedDate, Authorised, IsDeleted, RefreshRoles)
   VALUES(@UserID, @PortalID, '2019-06-07 05:28:54', 1, 0, 0)
   INSERT INTO dbo.dnn_UserRoles(UserID, RoleID, IsTrialUsed, CreatedByUserID, CreatedOnDate, LastModifiedByUserID, LastModifiedOnDate, [Status], IsOwner)
   VALUES(@UserId, @FemaleRole, 0, 1, '2019-06-07 05:28:54', 1, '2019-06-07 05:28:54', 1, 0)
   INSERT INTO dbo.dnn_Users(Username, FirstName, LastName, Email, DisplayName, UpdatePassword, LastIPAddress, IsDeleted, CreatedByUserID, CreatedOnDate, LastModifiedByUserID, LastModifiedOnDate, PasswordResetToken, PasswordResetExpiration)
   VALUES('barajash@zara.com', 'Hilda', 'Barajas', 'barajash@zara.com', 'Hilda Barajas', 0, '', 0, 1, '2019-06-07 05:28:54', 1, '2019-06-07 05:28:54', NULL, NULL)
   SELECT @UserID = SCOPE_IDENTITY()
   INSERT INTO dbo.aspnet_Users(ApplicationID, UserName, LoweredUserName, IsAnonymous, LastActivityDate)
   VALUES(@ApplicationId, 'barajash@zara.com', 'barajash@zara.com', 0, '2019-06-07 05:28:54')
   SELECT @AspNetUserID = UserId FROM aspnet_Users WHERE Username = 'barajash@zara.com'
   INSERT INTO dbo.aspnet_Membership(ApplicationID, UserID, Password, PasswordFormat, PasswordSalt, Email, LoweredEmail, IsApproved, IsLockedOut, CreateDate, LastLoginDate, LastPasswordChangedDate, LastLockoutDate, FailedPasswordAttemptCount, FailedPasswordAttemptWindowStart, FailedPasswordAnswerAttemptCount, FailedPasswordAnswerAttemptWindowStart)
   VALUES(@ApplicationID, @AspNetUserID, 'aMoPu/jMK8Yc4dxEEtAWm+RvKkFRjT38n/c1ORi3HgGWXJI15kNozQ==', 2, 'ub/Nej8BunZL3H6o+Z7+sg==', 'barajash@zara.com', 'barajash@zara.com', 1, 0, '2019-06-07 05:28:54', '2019-06-07 05:28:54', '2019-06-07 05:28:54', '1754-01-01 00:00:00.000', 0, '1754-01-01 00:00:00.000', 0, '1754-01-01 00:00:00.000')
   INSERT INTO dbo.dnn_UserPortals(UserID, PortalID, CreatedDate, Authorised, IsDeleted, RefreshRoles)
   VALUES(@UserID, @PortalID, '2019-06-07 05:28:54', 1, 0, 0)
   INSERT INTO dbo.dnn_UserRoles(UserID, RoleID, IsTrialUsed, CreatedByUserID, CreatedOnDate, LastModifiedByUserID, LastModifiedOnDate, [Status], IsOwner)
   VALUES(@UserId, @FemaleRole, 0, 1, '2019-06-07 05:28:54', 1, '2019-06-07 05:28:54', 1, 0)
   INSERT INTO dbo.dnn_Users(Username, FirstName, LastName, Email, DisplayName, UpdatePassword, LastIPAddress, IsDeleted, CreatedByUserID, CreatedOnDate, LastModifiedByUserID, LastModifiedOnDate, PasswordResetToken, PasswordResetExpiration)
   VALUES('gwendolyn.roach@swagbucks.com', 'Gwendolyn', 'Roach', 'gwendolyn.roach@swagbucks.com', 'Gwendolyn Roach', 0, '', 0, 1, '2019-06-07 05:28:54', 1, '2019-06-07 05:28:54', NULL, NULL)
   SELECT @UserID = SCOPE_IDENTITY()
   INSERT INTO dbo.aspnet_Users(ApplicationID, UserName, LoweredUserName, IsAnonymous, LastActivityDate)
   VALUES(@ApplicationId, 'gwendolyn.roach@swagbucks.com', 'gwendolyn.roach@swagbucks.com', 0, '2019-06-07 05:28:54')
   SELECT @AspNetUserID = UserId FROM aspnet_Users WHERE Username = 'gwendolyn.roach@swagbucks.com'
   INSERT INTO dbo.aspnet_Membership(ApplicationID, UserID, Password, PasswordFormat, PasswordSalt, Email, LoweredEmail, IsApproved, IsLockedOut, CreateDate, LastLoginDate, LastPasswordChangedDate, LastLockoutDate, FailedPasswordAttemptCount, FailedPasswordAttemptWindowStart, FailedPasswordAnswerAttemptCount, FailedPasswordAnswerAttemptWindowStart)
   VALUES(@ApplicationID, @AspNetUserID, 'aMoPu/jMK8Yc4dxEEtAWm+RvKkFRjT38n/c1ORi3HgGWXJI15kNozQ==', 2, 'ub/Nej8BunZL3H6o+Z7+sg==', 'gwendolyn.roach@swagbucks.com', 'gwendolyn.roach@swagbucks.com', 1, 0, '2019-06-07 05:28:54', '2019-06-07 05:28:54', '2019-06-07 05:28:54', '1754-01-01 00:00:00.000', 0, '1754-01-01 00:00:00.000', 0, '1754-01-01 00:00:00.000')
   INSERT INTO dbo.dnn_UserPortals(UserID, PortalID, CreatedDate, Authorised, IsDeleted, RefreshRoles)
   VALUES(@UserID, @PortalID, '2019-06-07 05:28:54', 1, 0, 0)
   INSERT INTO dbo.dnn_UserRoles(UserID, RoleID, IsTrialUsed, CreatedByUserID, CreatedOnDate, LastModifiedByUserID, LastModifiedOnDate, [Status], IsOwner)
   VALUES(@UserId, @FemaleRole, 0, 1, '2019-06-07 05:28:54', 1, '2019-06-07 05:28:54', 1, 0)
   INSERT INTO dbo.dnn_Users(Username, FirstName, LastName, Email, DisplayName, UpdatePassword, LastIPAddress, IsDeleted, CreatedByUserID, CreatedOnDate, LastModifiedByUserID, LastModifiedOnDate, PasswordResetToken, PasswordResetExpiration)
   VALUES('j.rosas@tmz.com', 'Jennie', 'Rosas', 'j.rosas@tmz.com', 'Jennie Rosas', 0, '', 0, 1, '2019-06-07 05:28:54', 1, '2019-06-07 05:28:54', NULL, NULL)
   SELECT @UserID = SCOPE_IDENTITY()
   INSERT INTO dbo.aspnet_Users(ApplicationID, UserName, LoweredUserName, IsAnonymous, LastActivityDate)
   VALUES(@ApplicationId, 'j.rosas@tmz.com', 'j.rosas@tmz.com', 0, '2019-06-07 05:28:54')
   SELECT @AspNetUserID = UserId FROM aspnet_Users WHERE Username = 'j.rosas@tmz.com'
   INSERT INTO dbo.aspnet_Membership(ApplicationID, UserID, Password, PasswordFormat, PasswordSalt, Email, LoweredEmail, IsApproved, IsLockedOut, CreateDate, LastLoginDate, LastPasswordChangedDate, LastLockoutDate, FailedPasswordAttemptCount, FailedPasswordAttemptWindowStart, FailedPasswordAnswerAttemptCount, FailedPasswordAnswerAttemptWindowStart)
   VALUES(@ApplicationID, @AspNetUserID, 'aMoPu/jMK8Yc4dxEEtAWm+RvKkFRjT38n/c1ORi3HgGWXJI15kNozQ==', 2, 'ub/Nej8BunZL3H6o+Z7+sg==', 'j.rosas@tmz.com', 'j.rosas@tmz.com', 1, 0, '2019-06-07 05:28:54', '2019-06-07 05:28:54', '2019-06-07 05:28:54', '1754-01-01 00:00:00.000', 0, '1754-01-01 00:00:00.000', 0, '1754-01-01 00:00:00.000')
   INSERT INTO dbo.dnn_UserPortals(UserID, PortalID, CreatedDate, Authorised, IsDeleted, RefreshRoles)
   VALUES(@UserID, @PortalID, '2019-06-07 05:28:54', 1, 0, 0)
   INSERT INTO dbo.dnn_UserRoles(UserID, RoleID, IsTrialUsed, CreatedByUserID, CreatedOnDate, LastModifiedByUserID, LastModifiedOnDate, [Status], IsOwner)
   VALUES(@UserId, @FemaleRole, 0, 1, '2019-06-07 05:28:54', 1, '2019-06-07 05:28:54', 1, 0)
   INSERT INTO dbo.dnn_Users(Username, FirstName, LastName, Email, DisplayName, UpdatePassword, LastIPAddress, IsDeleted, CreatedByUserID, CreatedOnDate, LastModifiedByUserID, LastModifiedOnDate, PasswordResetToken, PasswordResetExpiration)
   VALUES('wintersn@nexusmods.com', 'Nora', 'Winters', 'wintersn@nexusmods.com', 'Nora Winters', 0, '', 0, 1, '2019-06-07 05:28:54', 1, '2019-06-07 05:28:54', NULL, NULL)
   SELECT @UserID = SCOPE_IDENTITY()
   INSERT INTO dbo.aspnet_Users(ApplicationID, UserName, LoweredUserName, IsAnonymous, LastActivityDate)
   VALUES(@ApplicationId, 'wintersn@nexusmods.com', 'wintersn@nexusmods.com', 0, '2019-06-07 05:28:54')
   SELECT @AspNetUserID = UserId FROM aspnet_Users WHERE Username = 'wintersn@nexusmods.com'
   INSERT INTO dbo.aspnet_Membership(ApplicationID, UserID, Password, PasswordFormat, PasswordSalt, Email, LoweredEmail, IsApproved, IsLockedOut, CreateDate, LastLoginDate, LastPasswordChangedDate, LastLockoutDate, FailedPasswordAttemptCount, FailedPasswordAttemptWindowStart, FailedPasswordAnswerAttemptCount, FailedPasswordAnswerAttemptWindowStart)
   VALUES(@ApplicationID, @AspNetUserID, 'aMoPu/jMK8Yc4dxEEtAWm+RvKkFRjT38n/c1ORi3HgGWXJI15kNozQ==', 2, 'ub/Nej8BunZL3H6o+Z7+sg==', 'wintersn@nexusmods.com', 'wintersn@nexusmods.com', 1, 0, '2019-06-07 05:28:54', '2019-06-07 05:28:54', '2019-06-07 05:28:54', '1754-01-01 00:00:00.000', 0, '1754-01-01 00:00:00.000', 0, '1754-01-01 00:00:00.000')
   INSERT INTO dbo.dnn_UserPortals(UserID, PortalID, CreatedDate, Authorised, IsDeleted, RefreshRoles)
   VALUES(@UserID, @PortalID, '2019-06-07 05:28:54', 1, 0, 0)
   INSERT INTO dbo.dnn_UserRoles(UserID, RoleID, IsTrialUsed, CreatedByUserID, CreatedOnDate, LastModifiedByUserID, LastModifiedOnDate, [Status], IsOwner)
   VALUES(@UserId, @FemaleRole, 0, 1, '2019-06-07 05:28:54', 1, '2019-06-07 05:28:54', 1, 0)
   INSERT INTO dbo.dnn_Users(Username, FirstName, LastName, Email, DisplayName, UpdatePassword, LastIPAddress, IsDeleted, CreatedByUserID, CreatedOnDate, LastModifiedByUserID, LastModifiedOnDate, PasswordResetToken, PasswordResetExpiration)
   VALUES('margie.jacobson@tsite.jp', 'Margie', 'Jacobson', 'margie.jacobson@tsite.jp', 'Margie Jacobson', 0, '', 0, 1, '2019-06-07 05:28:54', 1, '2019-06-07 05:28:54', NULL, NULL)
   SELECT @UserID = SCOPE_IDENTITY()
   INSERT INTO dbo.aspnet_Users(ApplicationID, UserName, LoweredUserName, IsAnonymous, LastActivityDate)
   VALUES(@ApplicationId, 'margie.jacobson@tsite.jp', 'margie.jacobson@tsite.jp', 0, '2019-06-07 05:28:54')
   SELECT @AspNetUserID = UserId FROM aspnet_Users WHERE Username = 'margie.jacobson@tsite.jp'
   INSERT INTO dbo.aspnet_Membership(ApplicationID, UserID, Password, PasswordFormat, PasswordSalt, Email, LoweredEmail, IsApproved, IsLockedOut, CreateDate, LastLoginDate, LastPasswordChangedDate, LastLockoutDate, FailedPasswordAttemptCount, FailedPasswordAttemptWindowStart, FailedPasswordAnswerAttemptCount, FailedPasswordAnswerAttemptWindowStart)
   VALUES(@ApplicationID, @AspNetUserID, 'aMoPu/jMK8Yc4dxEEtAWm+RvKkFRjT38n/c1ORi3HgGWXJI15kNozQ==', 2, 'ub/Nej8BunZL3H6o+Z7+sg==', 'margie.jacobson@tsite.jp', 'margie.jacobson@tsite.jp', 1, 0, '2019-06-07 05:28:54', '2019-06-07 05:28:54', '2019-06-07 05:28:54', '1754-01-01 00:00:00.000', 0, '1754-01-01 00:00:00.000', 0, '1754-01-01 00:00:00.000')
   INSERT INTO dbo.dnn_UserPortals(UserID, PortalID, CreatedDate, Authorised, IsDeleted, RefreshRoles)
   VALUES(@UserID, @PortalID, '2019-06-07 05:28:54', 1, 0, 0)
   INSERT INTO dbo.dnn_UserRoles(UserID, RoleID, IsTrialUsed, CreatedByUserID, CreatedOnDate, LastModifiedByUserID, LastModifiedOnDate, [Status], IsOwner)
   VALUES(@UserId, @FemaleRole, 0, 1, '2019-06-07 05:28:54', 1, '2019-06-07 05:28:54', 1, 0)
   INSERT INTO dbo.dnn_Users(Username, FirstName, LastName, Email, DisplayName, UpdatePassword, LastIPAddress, IsDeleted, CreatedByUserID, CreatedOnDate, LastModifiedByUserID, LastModifiedOnDate, PasswordResetToken, PasswordResetExpiration)
   VALUES('n.lester@timeanddate.com', 'Nina', 'Lester', 'n.lester@timeanddate.com', 'Nina Lester', 0, '', 0, 1, '2019-06-07 05:28:54', 1, '2019-06-07 05:28:54', NULL, NULL)
   SELECT @UserID = SCOPE_IDENTITY()
   INSERT INTO dbo.aspnet_Users(ApplicationID, UserName, LoweredUserName, IsAnonymous, LastActivityDate)
   VALUES(@ApplicationId, 'n.lester@timeanddate.com', 'n.lester@timeanddate.com', 0, '2019-06-07 05:28:54')
   SELECT @AspNetUserID = UserId FROM aspnet_Users WHERE Username = 'n.lester@timeanddate.com'
   INSERT INTO dbo.aspnet_Membership(ApplicationID, UserID, Password, PasswordFormat, PasswordSalt, Email, LoweredEmail, IsApproved, IsLockedOut, CreateDate, LastLoginDate, LastPasswordChangedDate, LastLockoutDate, FailedPasswordAttemptCount, FailedPasswordAttemptWindowStart, FailedPasswordAnswerAttemptCount, FailedPasswordAnswerAttemptWindowStart)
   VALUES(@ApplicationID, @AspNetUserID, 'aMoPu/jMK8Yc4dxEEtAWm+RvKkFRjT38n/c1ORi3HgGWXJI15kNozQ==', 2, 'ub/Nej8BunZL3H6o+Z7+sg==', 'n.lester@timeanddate.com', 'n.lester@timeanddate.com', 1, 0, '2019-06-07 05:28:54', '2019-06-07 05:28:54', '2019-06-07 05:28:54', '1754-01-01 00:00:00.000', 0, '1754-01-01 00:00:00.000', 0, '1754-01-01 00:00:00.000')
   INSERT INTO dbo.dnn_UserPortals(UserID, PortalID, CreatedDate, Authorised, IsDeleted, RefreshRoles)
   VALUES(@UserID, @PortalID, '2019-06-07 05:28:54', 1, 0, 0)
   INSERT INTO dbo.dnn_UserRoles(UserID, RoleID, IsTrialUsed, CreatedByUserID, CreatedOnDate, LastModifiedByUserID, LastModifiedOnDate, [Status], IsOwner)
   VALUES(@UserId, @FemaleRole, 0, 1, '2019-06-07 05:28:54', 1, '2019-06-07 05:28:54', 1, 0)
   INSERT INTO dbo.dnn_Users(Username, FirstName, LastName, Email, DisplayName, UpdatePassword, LastIPAddress, IsDeleted, CreatedByUserID, CreatedOnDate, LastModifiedByUserID, LastModifiedOnDate, PasswordResetToken, PasswordResetExpiration)
   VALUES('knoxc@discuss.com.hk', 'Cassandra', 'Knox', 'knoxc@discuss.com.hk', 'Cassandra Knox', 0, '', 0, 1, '2019-06-07 05:28:54', 1, '2019-06-07 05:28:54', NULL, NULL)
   SELECT @UserID = SCOPE_IDENTITY()
   INSERT INTO dbo.aspnet_Users(ApplicationID, UserName, LoweredUserName, IsAnonymous, LastActivityDate)
   VALUES(@ApplicationId, 'knoxc@discuss.com.hk', 'knoxc@discuss.com.hk', 0, '2019-06-07 05:28:54')
   SELECT @AspNetUserID = UserId FROM aspnet_Users WHERE Username = 'knoxc@discuss.com.hk'
   INSERT INTO dbo.aspnet_Membership(ApplicationID, UserID, Password, PasswordFormat, PasswordSalt, Email, LoweredEmail, IsApproved, IsLockedOut, CreateDate, LastLoginDate, LastPasswordChangedDate, LastLockoutDate, FailedPasswordAttemptCount, FailedPasswordAttemptWindowStart, FailedPasswordAnswerAttemptCount, FailedPasswordAnswerAttemptWindowStart)
   VALUES(@ApplicationID, @AspNetUserID, 'aMoPu/jMK8Yc4dxEEtAWm+RvKkFRjT38n/c1ORi3HgGWXJI15kNozQ==', 2, 'ub/Nej8BunZL3H6o+Z7+sg==', 'knoxc@discuss.com.hk', 'knoxc@discuss.com.hk', 1, 0, '2019-06-07 05:28:54', '2019-06-07 05:28:54', '2019-06-07 05:28:54', '1754-01-01 00:00:00.000', 0, '1754-01-01 00:00:00.000', 0, '1754-01-01 00:00:00.000')
   INSERT INTO dbo.dnn_UserPortals(UserID, PortalID, CreatedDate, Authorised, IsDeleted, RefreshRoles)
   VALUES(@UserID, @PortalID, '2019-06-07 05:28:54', 1, 0, 0)
   INSERT INTO dbo.dnn_UserRoles(UserID, RoleID, IsTrialUsed, CreatedByUserID, CreatedOnDate, LastModifiedByUserID, LastModifiedOnDate, [Status], IsOwner)
   VALUES(@UserId, @FemaleRole, 0, 1, '2019-06-07 05:28:54', 1, '2019-06-07 05:28:54', 1, 0)
   INSERT INTO dbo.dnn_Users(Username, FirstName, LastName, Email, DisplayName, UpdatePassword, LastIPAddress, IsDeleted, CreatedByUserID, CreatedOnDate, LastModifiedByUserID, LastModifiedOnDate, PasswordResetToken, PasswordResetExpiration)
   VALUES('leah.bullock@quanjing.com', 'Leah', 'Bullock', 'leah.bullock@quanjing.com', 'Leah Bullock', 0, '', 0, 1, '2019-06-07 05:28:54', 1, '2019-06-07 05:28:54', NULL, NULL)
   SELECT @UserID = SCOPE_IDENTITY()
   INSERT INTO dbo.aspnet_Users(ApplicationID, UserName, LoweredUserName, IsAnonymous, LastActivityDate)
   VALUES(@ApplicationId, 'leah.bullock@quanjing.com', 'leah.bullock@quanjing.com', 0, '2019-06-07 05:28:54')
   SELECT @AspNetUserID = UserId FROM aspnet_Users WHERE Username = 'leah.bullock@quanjing.com'
   INSERT INTO dbo.aspnet_Membership(ApplicationID, UserID, Password, PasswordFormat, PasswordSalt, Email, LoweredEmail, IsApproved, IsLockedOut, CreateDate, LastLoginDate, LastPasswordChangedDate, LastLockoutDate, FailedPasswordAttemptCount, FailedPasswordAttemptWindowStart, FailedPasswordAnswerAttemptCount, FailedPasswordAnswerAttemptWindowStart)
   VALUES(@ApplicationID, @AspNetUserID, 'aMoPu/jMK8Yc4dxEEtAWm+RvKkFRjT38n/c1ORi3HgGWXJI15kNozQ==', 2, 'ub/Nej8BunZL3H6o+Z7+sg==', 'leah.bullock@quanjing.com', 'leah.bullock@quanjing.com', 1, 0, '2019-06-07 05:28:54', '2019-06-07 05:28:54', '2019-06-07 05:28:54', '1754-01-01 00:00:00.000', 0, '1754-01-01 00:00:00.000', 0, '1754-01-01 00:00:00.000')
   INSERT INTO dbo.dnn_UserPortals(UserID, PortalID, CreatedDate, Authorised, IsDeleted, RefreshRoles)
   VALUES(@UserID, @PortalID, '2019-06-07 05:28:54', 1, 0, 0)
   INSERT INTO dbo.dnn_UserRoles(UserID, RoleID, IsTrialUsed, CreatedByUserID, CreatedOnDate, LastModifiedByUserID, LastModifiedOnDate, [Status], IsOwner)
   VALUES(@UserId, @FemaleRole, 0, 1, '2019-06-07 05:28:54', 1, '2019-06-07 05:28:54', 1, 0)
   INSERT INTO dbo.dnn_Users(Username, FirstName, LastName, Email, DisplayName, UpdatePassword, LastIPAddress, IsDeleted, CreatedByUserID, CreatedOnDate, LastModifiedByUserID, LastModifiedOnDate, PasswordResetToken, PasswordResetExpiration)
   VALUES('p.kerr@bhphotovideo.com', 'Penny', 'Kerr', 'p.kerr@bhphotovideo.com', 'Penny Kerr', 0, '', 0, 1, '2019-06-07 05:28:54', 1, '2019-06-07 05:28:54', NULL, NULL)
   SELECT @UserID = SCOPE_IDENTITY()
   INSERT INTO dbo.aspnet_Users(ApplicationID, UserName, LoweredUserName, IsAnonymous, LastActivityDate)
   VALUES(@ApplicationId, 'p.kerr@bhphotovideo.com', 'p.kerr@bhphotovideo.com', 0, '2019-06-07 05:28:54')
   SELECT @AspNetUserID = UserId FROM aspnet_Users WHERE Username = 'p.kerr@bhphotovideo.com'
   INSERT INTO dbo.aspnet_Membership(ApplicationID, UserID, Password, PasswordFormat, PasswordSalt, Email, LoweredEmail, IsApproved, IsLockedOut, CreateDate, LastLoginDate, LastPasswordChangedDate, LastLockoutDate, FailedPasswordAttemptCount, FailedPasswordAttemptWindowStart, FailedPasswordAnswerAttemptCount, FailedPasswordAnswerAttemptWindowStart)
   VALUES(@ApplicationID, @AspNetUserID, 'aMoPu/jMK8Yc4dxEEtAWm+RvKkFRjT38n/c1ORi3HgGWXJI15kNozQ==', 2, 'ub/Nej8BunZL3H6o+Z7+sg==', 'p.kerr@bhphotovideo.com', 'p.kerr@bhphotovideo.com', 1, 0, '2019-06-07 05:28:54', '2019-06-07 05:28:54', '2019-06-07 05:28:54', '1754-01-01 00:00:00.000', 0, '1754-01-01 00:00:00.000', 0, '1754-01-01 00:00:00.000')
   INSERT INTO dbo.dnn_UserPortals(UserID, PortalID, CreatedDate, Authorised, IsDeleted, RefreshRoles)
   VALUES(@UserID, @PortalID, '2019-06-07 05:28:54', 1, 0, 0)
   INSERT INTO dbo.dnn_UserRoles(UserID, RoleID, IsTrialUsed, CreatedByUserID, CreatedOnDate, LastModifiedByUserID, LastModifiedOnDate, [Status], IsOwner)
   VALUES(@UserId, @FemaleRole, 0, 1, '2019-06-07 05:28:54', 1, '2019-06-07 05:28:54', 1, 0)
   INSERT INTO dbo.dnn_Users(Username, FirstName, LastName, Email, DisplayName, UpdatePassword, LastIPAddress, IsDeleted, CreatedByUserID, CreatedOnDate, LastModifiedByUserID, LastModifiedOnDate, PasswordResetToken, PasswordResetExpiration)
   VALUES('leachk@lequipe.fr', 'Kay', 'Leach', 'leachk@lequipe.fr', 'Kay Leach', 0, '', 0, 1, '2019-06-07 05:28:54', 1, '2019-06-07 05:28:54', NULL, NULL)
   SELECT @UserID = SCOPE_IDENTITY()
   INSERT INTO dbo.aspnet_Users(ApplicationID, UserName, LoweredUserName, IsAnonymous, LastActivityDate)
   VALUES(@ApplicationId, 'leachk@lequipe.fr', 'leachk@lequipe.fr', 0, '2019-06-07 05:28:54')
   SELECT @AspNetUserID = UserId FROM aspnet_Users WHERE Username = 'leachk@lequipe.fr'
   INSERT INTO dbo.aspnet_Membership(ApplicationID, UserID, Password, PasswordFormat, PasswordSalt, Email, LoweredEmail, IsApproved, IsLockedOut, CreateDate, LastLoginDate, LastPasswordChangedDate, LastLockoutDate, FailedPasswordAttemptCount, FailedPasswordAttemptWindowStart, FailedPasswordAnswerAttemptCount, FailedPasswordAnswerAttemptWindowStart)
   VALUES(@ApplicationID, @AspNetUserID, 'aMoPu/jMK8Yc4dxEEtAWm+RvKkFRjT38n/c1ORi3HgGWXJI15kNozQ==', 2, 'ub/Nej8BunZL3H6o+Z7+sg==', 'leachk@lequipe.fr', 'leachk@lequipe.fr', 1, 0, '2019-06-07 05:28:54', '2019-06-07 05:28:54', '2019-06-07 05:28:54', '1754-01-01 00:00:00.000', 0, '1754-01-01 00:00:00.000', 0, '1754-01-01 00:00:00.000')
   INSERT INTO dbo.dnn_UserPortals(UserID, PortalID, CreatedDate, Authorised, IsDeleted, RefreshRoles)
   VALUES(@UserID, @PortalID, '2019-06-07 05:28:54', 1, 0, 0)
   INSERT INTO dbo.dnn_UserRoles(UserID, RoleID, IsTrialUsed, CreatedByUserID, CreatedOnDate, LastModifiedByUserID, LastModifiedOnDate, [Status], IsOwner)
   VALUES(@UserId, @FemaleRole, 0, 1, '2019-06-07 05:28:54', 1, '2019-06-07 05:28:54', 1, 0)
   INSERT INTO dbo.dnn_Users(Username, FirstName, LastName, Email, DisplayName, UpdatePassword, LastIPAddress, IsDeleted, CreatedByUserID, CreatedOnDate, LastModifiedByUserID, LastModifiedOnDate, PasswordResetToken, PasswordResetExpiration)
   VALUES('priscilla.meadows@superuser.com', 'Priscilla', 'Meadows', 'priscilla.meadows@superuser.com', 'Priscilla Meadows', 0, '', 0, 1, '2019-06-07 05:28:54', 1, '2019-06-07 05:28:54', NULL, NULL)
   SELECT @UserID = SCOPE_IDENTITY()
   INSERT INTO dbo.aspnet_Users(ApplicationID, UserName, LoweredUserName, IsAnonymous, LastActivityDate)
   VALUES(@ApplicationId, 'priscilla.meadows@superuser.com', 'priscilla.meadows@superuser.com', 0, '2019-06-07 05:28:54')
   SELECT @AspNetUserID = UserId FROM aspnet_Users WHERE Username = 'priscilla.meadows@superuser.com'
   INSERT INTO dbo.aspnet_Membership(ApplicationID, UserID, Password, PasswordFormat, PasswordSalt, Email, LoweredEmail, IsApproved, IsLockedOut, CreateDate, LastLoginDate, LastPasswordChangedDate, LastLockoutDate, FailedPasswordAttemptCount, FailedPasswordAttemptWindowStart, FailedPasswordAnswerAttemptCount, FailedPasswordAnswerAttemptWindowStart)
   VALUES(@ApplicationID, @AspNetUserID, 'aMoPu/jMK8Yc4dxEEtAWm+RvKkFRjT38n/c1ORi3HgGWXJI15kNozQ==', 2, 'ub/Nej8BunZL3H6o+Z7+sg==', 'priscilla.meadows@superuser.com', 'priscilla.meadows@superuser.com', 1, 0, '2019-06-07 05:28:54', '2019-06-07 05:28:54', '2019-06-07 05:28:54', '1754-01-01 00:00:00.000', 0, '1754-01-01 00:00:00.000', 0, '1754-01-01 00:00:00.000')
   INSERT INTO dbo.dnn_UserPortals(UserID, PortalID, CreatedDate, Authorised, IsDeleted, RefreshRoles)
   VALUES(@UserID, @PortalID, '2019-06-07 05:28:54', 1, 0, 0)
   INSERT INTO dbo.dnn_UserRoles(UserID, RoleID, IsTrialUsed, CreatedByUserID, CreatedOnDate, LastModifiedByUserID, LastModifiedOnDate, [Status], IsOwner)
   VALUES(@UserId, @FemaleRole, 0, 1, '2019-06-07 05:28:54', 1, '2019-06-07 05:28:54', 1, 0)
   INSERT INTO dbo.dnn_UserRoles(UserID, RoleID, IsTrialUsed, CreatedByUserID, CreatedOnDate, LastModifiedByUserID, LastModifiedOnDate, [Status], IsOwner)
   VALUES(@UserId, @ManagerRole, 0, 1, '2019-06-07 05:28:54', 1, '2019-06-07 05:28:54', 1, 0)
   INSERT INTO dbo.dnn_Users(Username, FirstName, LastName, Email, DisplayName, UpdatePassword, LastIPAddress, IsDeleted, CreatedByUserID, CreatedOnDate, LastModifiedByUserID, LastModifiedOnDate, PasswordResetToken, PasswordResetExpiration)
   VALUES('n.davila@ero-advertising.com', 'Naomi', 'Davila', 'n.davila@ero-advertising.com', 'Naomi Davila', 0, '', 0, 1, '2019-06-07 05:28:54', 1, '2019-06-07 05:28:54', NULL, NULL)
   SELECT @UserID = SCOPE_IDENTITY()
   INSERT INTO dbo.aspnet_Users(ApplicationID, UserName, LoweredUserName, IsAnonymous, LastActivityDate)
   VALUES(@ApplicationId, 'n.davila@ero-advertising.com', 'n.davila@ero-advertising.com', 0, '2019-06-07 05:28:54')
   SELECT @AspNetUserID = UserId FROM aspnet_Users WHERE Username = 'n.davila@ero-advertising.com'
   INSERT INTO dbo.aspnet_Membership(ApplicationID, UserID, Password, PasswordFormat, PasswordSalt, Email, LoweredEmail, IsApproved, IsLockedOut, CreateDate, LastLoginDate, LastPasswordChangedDate, LastLockoutDate, FailedPasswordAttemptCount, FailedPasswordAttemptWindowStart, FailedPasswordAnswerAttemptCount, FailedPasswordAnswerAttemptWindowStart)
   VALUES(@ApplicationID, @AspNetUserID, 'aMoPu/jMK8Yc4dxEEtAWm+RvKkFRjT38n/c1ORi3HgGWXJI15kNozQ==', 2, 'ub/Nej8BunZL3H6o+Z7+sg==', 'n.davila@ero-advertising.com', 'n.davila@ero-advertising.com', 1, 0, '2019-06-07 05:28:54', '2019-06-07 05:28:54', '2019-06-07 05:28:54', '1754-01-01 00:00:00.000', 0, '1754-01-01 00:00:00.000', 0, '1754-01-01 00:00:00.000')
   INSERT INTO dbo.dnn_UserPortals(UserID, PortalID, CreatedDate, Authorised, IsDeleted, RefreshRoles)
   VALUES(@UserID, @PortalID, '2019-06-07 05:28:54', 1, 0, 0)
   INSERT INTO dbo.dnn_UserRoles(UserID, RoleID, IsTrialUsed, CreatedByUserID, CreatedOnDate, LastModifiedByUserID, LastModifiedOnDate, [Status], IsOwner)
   VALUES(@UserId, @FemaleRole, 0, 1, '2019-06-07 05:28:54', 1, '2019-06-07 05:28:54', 1, 0)
   INSERT INTO dbo.dnn_Users(Username, FirstName, LastName, Email, DisplayName, UpdatePassword, LastIPAddress, IsDeleted, CreatedByUserID, CreatedOnDate, LastModifiedByUserID, LastModifiedOnDate, PasswordResetToken, PasswordResetExpiration)
   VALUES('orrc@myntra.com', 'Carole', 'Orr', 'orrc@myntra.com', 'Carole Orr', 0, '', 0, 1, '2019-06-07 05:28:54', 1, '2019-06-07 05:28:54', NULL, NULL)
   SELECT @UserID = SCOPE_IDENTITY()
   INSERT INTO dbo.aspnet_Users(ApplicationID, UserName, LoweredUserName, IsAnonymous, LastActivityDate)
   VALUES(@ApplicationId, 'orrc@myntra.com', 'orrc@myntra.com', 0, '2019-06-07 05:28:54')
   SELECT @AspNetUserID = UserId FROM aspnet_Users WHERE Username = 'orrc@myntra.com'
   INSERT INTO dbo.aspnet_Membership(ApplicationID, UserID, Password, PasswordFormat, PasswordSalt, Email, LoweredEmail, IsApproved, IsLockedOut, CreateDate, LastLoginDate, LastPasswordChangedDate, LastLockoutDate, FailedPasswordAttemptCount, FailedPasswordAttemptWindowStart, FailedPasswordAnswerAttemptCount, FailedPasswordAnswerAttemptWindowStart)
   VALUES(@ApplicationID, @AspNetUserID, 'aMoPu/jMK8Yc4dxEEtAWm+RvKkFRjT38n/c1ORi3HgGWXJI15kNozQ==', 2, 'ub/Nej8BunZL3H6o+Z7+sg==', 'orrc@myntra.com', 'orrc@myntra.com', 1, 0, '2019-06-07 05:28:54', '2019-06-07 05:28:54', '2019-06-07 05:28:54', '1754-01-01 00:00:00.000', 0, '1754-01-01 00:00:00.000', 0, '1754-01-01 00:00:00.000')
   INSERT INTO dbo.dnn_UserPortals(UserID, PortalID, CreatedDate, Authorised, IsDeleted, RefreshRoles)
   VALUES(@UserID, @PortalID, '2019-06-07 05:28:54', 1, 0, 0)
   INSERT INTO dbo.dnn_UserRoles(UserID, RoleID, IsTrialUsed, CreatedByUserID, CreatedOnDate, LastModifiedByUserID, LastModifiedOnDate, [Status], IsOwner)
   VALUES(@UserId, @FemaleRole, 0, 1, '2019-06-07 05:28:54', 1, '2019-06-07 05:28:54', 1, 0)
   INSERT INTO dbo.dnn_UserRoles(UserID, RoleID, IsTrialUsed, CreatedByUserID, CreatedOnDate, LastModifiedByUserID, LastModifiedOnDate, [Status], IsOwner)
   VALUES(@UserId, @AcademicRole, 0, 1, '2019-06-07 05:28:54', 1, '2019-06-07 05:28:54', 1, 0)
   INSERT INTO dbo.dnn_Users(Username, FirstName, LastName, Email, DisplayName, UpdatePassword, LastIPAddress, IsDeleted, CreatedByUserID, CreatedOnDate, LastModifiedByUserID, LastModifiedOnDate, PasswordResetToken, PasswordResetExpiration)
   VALUES('brandy.whitehead@cdiscount.com', 'Brandy', 'Whitehead', 'brandy.whitehead@cdiscount.com', 'Brandy Whitehead', 0, '', 0, 1, '2019-06-07 05:28:54', 1, '2019-06-07 05:28:54', NULL, NULL)
   SELECT @UserID = SCOPE_IDENTITY()
   INSERT INTO dbo.aspnet_Users(ApplicationID, UserName, LoweredUserName, IsAnonymous, LastActivityDate)
   VALUES(@ApplicationId, 'brandy.whitehead@cdiscount.com', 'brandy.whitehead@cdiscount.com', 0, '2019-06-07 05:28:54')
   SELECT @AspNetUserID = UserId FROM aspnet_Users WHERE Username = 'brandy.whitehead@cdiscount.com'
   INSERT INTO dbo.aspnet_Membership(ApplicationID, UserID, Password, PasswordFormat, PasswordSalt, Email, LoweredEmail, IsApproved, IsLockedOut, CreateDate, LastLoginDate, LastPasswordChangedDate, LastLockoutDate, FailedPasswordAttemptCount, FailedPasswordAttemptWindowStart, FailedPasswordAnswerAttemptCount, FailedPasswordAnswerAttemptWindowStart)
   VALUES(@ApplicationID, @AspNetUserID, 'aMoPu/jMK8Yc4dxEEtAWm+RvKkFRjT38n/c1ORi3HgGWXJI15kNozQ==', 2, 'ub/Nej8BunZL3H6o+Z7+sg==', 'brandy.whitehead@cdiscount.com', 'brandy.whitehead@cdiscount.com', 1, 0, '2019-06-07 05:28:54', '2019-06-07 05:28:54', '2019-06-07 05:28:54', '1754-01-01 00:00:00.000', 0, '1754-01-01 00:00:00.000', 0, '1754-01-01 00:00:00.000')
   INSERT INTO dbo.dnn_UserPortals(UserID, PortalID, CreatedDate, Authorised, IsDeleted, RefreshRoles)
   VALUES(@UserID, @PortalID, '2019-06-07 05:28:54', 1, 0, 0)
   INSERT INTO dbo.dnn_UserRoles(UserID, RoleID, IsTrialUsed, CreatedByUserID, CreatedOnDate, LastModifiedByUserID, LastModifiedOnDate, [Status], IsOwner)
   VALUES(@UserId, @FemaleRole, 0, 1, '2019-06-07 05:28:54', 1, '2019-06-07 05:28:54', 1, 0)
   INSERT INTO dbo.dnn_Users(Username, FirstName, LastName, Email, DisplayName, UpdatePassword, LastIPAddress, IsDeleted, CreatedByUserID, CreatedOnDate, LastModifiedByUserID, LastModifiedOnDate, PasswordResetToken, PasswordResetExpiration)
   VALUES('o.pruitt@issuu.com', 'Olga', 'Pruitt', 'o.pruitt@issuu.com', 'Olga Pruitt', 0, '', 0, 1, '2019-06-07 05:28:54', 1, '2019-06-07 05:28:54', NULL, NULL)
   SELECT @UserID = SCOPE_IDENTITY()
   INSERT INTO dbo.aspnet_Users(ApplicationID, UserName, LoweredUserName, IsAnonymous, LastActivityDate)
   VALUES(@ApplicationId, 'o.pruitt@issuu.com', 'o.pruitt@issuu.com', 0, '2019-06-07 05:28:54')
   SELECT @AspNetUserID = UserId FROM aspnet_Users WHERE Username = 'o.pruitt@issuu.com'
   INSERT INTO dbo.aspnet_Membership(ApplicationID, UserID, Password, PasswordFormat, PasswordSalt, Email, LoweredEmail, IsApproved, IsLockedOut, CreateDate, LastLoginDate, LastPasswordChangedDate, LastLockoutDate, FailedPasswordAttemptCount, FailedPasswordAttemptWindowStart, FailedPasswordAnswerAttemptCount, FailedPasswordAnswerAttemptWindowStart)
   VALUES(@ApplicationID, @AspNetUserID, 'aMoPu/jMK8Yc4dxEEtAWm+RvKkFRjT38n/c1ORi3HgGWXJI15kNozQ==', 2, 'ub/Nej8BunZL3H6o+Z7+sg==', 'o.pruitt@issuu.com', 'o.pruitt@issuu.com', 1, 0, '2019-06-07 05:28:54', '2019-06-07 05:28:54', '2019-06-07 05:28:54', '1754-01-01 00:00:00.000', 0, '1754-01-01 00:00:00.000', 0, '1754-01-01 00:00:00.000')
   INSERT INTO dbo.dnn_UserPortals(UserID, PortalID, CreatedDate, Authorised, IsDeleted, RefreshRoles)
   VALUES(@UserID, @PortalID, '2019-06-07 05:28:54', 1, 0, 0)
   INSERT INTO dbo.dnn_UserRoles(UserID, RoleID, IsTrialUsed, CreatedByUserID, CreatedOnDate, LastModifiedByUserID, LastModifiedOnDate, [Status], IsOwner)
   VALUES(@UserId, @FemaleRole, 0, 1, '2019-06-07 05:28:54', 1, '2019-06-07 05:28:54', 1, 0)
   INSERT INTO dbo.dnn_Users(Username, FirstName, LastName, Email, DisplayName, UpdatePassword, LastIPAddress, IsDeleted, CreatedByUserID, CreatedOnDate, LastModifiedByUserID, LastModifiedOnDate, PasswordResetToken, PasswordResetExpiration)
   VALUES('kentb@filehippo.com', 'Billie', 'Kent', 'kentb@filehippo.com', 'Billie Kent', 0, '', 0, 1, '2019-06-07 05:28:54', 1, '2019-06-07 05:28:54', NULL, NULL)
   SELECT @UserID = SCOPE_IDENTITY()
   INSERT INTO dbo.aspnet_Users(ApplicationID, UserName, LoweredUserName, IsAnonymous, LastActivityDate)
   VALUES(@ApplicationId, 'kentb@filehippo.com', 'kentb@filehippo.com', 0, '2019-06-07 05:28:54')
   SELECT @AspNetUserID = UserId FROM aspnet_Users WHERE Username = 'kentb@filehippo.com'
   INSERT INTO dbo.aspnet_Membership(ApplicationID, UserID, Password, PasswordFormat, PasswordSalt, Email, LoweredEmail, IsApproved, IsLockedOut, CreateDate, LastLoginDate, LastPasswordChangedDate, LastLockoutDate, FailedPasswordAttemptCount, FailedPasswordAttemptWindowStart, FailedPasswordAnswerAttemptCount, FailedPasswordAnswerAttemptWindowStart)
   VALUES(@ApplicationID, @AspNetUserID, 'aMoPu/jMK8Yc4dxEEtAWm+RvKkFRjT38n/c1ORi3HgGWXJI15kNozQ==', 2, 'ub/Nej8BunZL3H6o+Z7+sg==', 'kentb@filehippo.com', 'kentb@filehippo.com', 1, 0, '2019-06-07 05:28:54', '2019-06-07 05:28:54', '2019-06-07 05:28:54', '1754-01-01 00:00:00.000', 0, '1754-01-01 00:00:00.000', 0, '1754-01-01 00:00:00.000')
   INSERT INTO dbo.dnn_UserPortals(UserID, PortalID, CreatedDate, Authorised, IsDeleted, RefreshRoles)
   VALUES(@UserID, @PortalID, '2019-06-07 05:28:54', 1, 0, 0)
   INSERT INTO dbo.dnn_UserRoles(UserID, RoleID, IsTrialUsed, CreatedByUserID, CreatedOnDate, LastModifiedByUserID, LastModifiedOnDate, [Status], IsOwner)
   VALUES(@UserId, @FemaleRole, 0, 1, '2019-06-07 05:28:54', 1, '2019-06-07 05:28:54', 1, 0)
   INSERT INTO dbo.dnn_Users(Username, FirstName, LastName, Email, DisplayName, UpdatePassword, LastIPAddress, IsDeleted, CreatedByUserID, CreatedOnDate, LastModifiedByUserID, LastModifiedOnDate, PasswordResetToken, PasswordResetExpiration)
   VALUES('dianne.conway@vporn.com', 'Dianne', 'Conway', 'dianne.conway@vporn.com', 'Dianne Conway', 0, '', 0, 1, '2019-06-07 05:28:54', 1, '2019-06-07 05:28:54', NULL, NULL)
   SELECT @UserID = SCOPE_IDENTITY()
   INSERT INTO dbo.aspnet_Users(ApplicationID, UserName, LoweredUserName, IsAnonymous, LastActivityDate)
   VALUES(@ApplicationId, 'dianne.conway@vporn.com', 'dianne.conway@vporn.com', 0, '2019-06-07 05:28:54')
   SELECT @AspNetUserID = UserId FROM aspnet_Users WHERE Username = 'dianne.conway@vporn.com'
   INSERT INTO dbo.aspnet_Membership(ApplicationID, UserID, Password, PasswordFormat, PasswordSalt, Email, LoweredEmail, IsApproved, IsLockedOut, CreateDate, LastLoginDate, LastPasswordChangedDate, LastLockoutDate, FailedPasswordAttemptCount, FailedPasswordAttemptWindowStart, FailedPasswordAnswerAttemptCount, FailedPasswordAnswerAttemptWindowStart)
   VALUES(@ApplicationID, @AspNetUserID, 'aMoPu/jMK8Yc4dxEEtAWm+RvKkFRjT38n/c1ORi3HgGWXJI15kNozQ==', 2, 'ub/Nej8BunZL3H6o+Z7+sg==', 'dianne.conway@vporn.com', 'dianne.conway@vporn.com', 1, 0, '2019-06-07 05:28:54', '2019-06-07 05:28:54', '2019-06-07 05:28:54', '1754-01-01 00:00:00.000', 0, '1754-01-01 00:00:00.000', 0, '1754-01-01 00:00:00.000')
   INSERT INTO dbo.dnn_UserPortals(UserID, PortalID, CreatedDate, Authorised, IsDeleted, RefreshRoles)
   VALUES(@UserID, @PortalID, '2019-06-07 05:28:54', 1, 0, 0)
   INSERT INTO dbo.dnn_UserRoles(UserID, RoleID, IsTrialUsed, CreatedByUserID, CreatedOnDate, LastModifiedByUserID, LastModifiedOnDate, [Status], IsOwner)
   VALUES(@UserId, @FemaleRole, 0, 1, '2019-06-07 05:28:54', 1, '2019-06-07 05:28:54', 1, 0)
   INSERT INTO dbo.dnn_Users(Username, FirstName, LastName, Email, DisplayName, UpdatePassword, LastIPAddress, IsDeleted, CreatedByUserID, CreatedOnDate, LastModifiedByUserID, LastModifiedOnDate, PasswordResetToken, PasswordResetExpiration)
   VALUES('t.mckee@quikr.com', 'Tracey', 'Mckee', 't.mckee@quikr.com', 'Tracey Mckee', 0, '', 0, 1, '2019-06-07 05:28:54', 1, '2019-06-07 05:28:54', NULL, NULL)
   SELECT @UserID = SCOPE_IDENTITY()
   INSERT INTO dbo.aspnet_Users(ApplicationID, UserName, LoweredUserName, IsAnonymous, LastActivityDate)
   VALUES(@ApplicationId, 't.mckee@quikr.com', 't.mckee@quikr.com', 0, '2019-06-07 05:28:54')
   SELECT @AspNetUserID = UserId FROM aspnet_Users WHERE Username = 't.mckee@quikr.com'
   INSERT INTO dbo.aspnet_Membership(ApplicationID, UserID, Password, PasswordFormat, PasswordSalt, Email, LoweredEmail, IsApproved, IsLockedOut, CreateDate, LastLoginDate, LastPasswordChangedDate, LastLockoutDate, FailedPasswordAttemptCount, FailedPasswordAttemptWindowStart, FailedPasswordAnswerAttemptCount, FailedPasswordAnswerAttemptWindowStart)
   VALUES(@ApplicationID, @AspNetUserID, 'aMoPu/jMK8Yc4dxEEtAWm+RvKkFRjT38n/c1ORi3HgGWXJI15kNozQ==', 2, 'ub/Nej8BunZL3H6o+Z7+sg==', 't.mckee@quikr.com', 't.mckee@quikr.com', 1, 0, '2019-06-07 05:28:54', '2019-06-07 05:28:54', '2019-06-07 05:28:54', '1754-01-01 00:00:00.000', 0, '1754-01-01 00:00:00.000', 0, '1754-01-01 00:00:00.000')
   INSERT INTO dbo.dnn_UserPortals(UserID, PortalID, CreatedDate, Authorised, IsDeleted, RefreshRoles)
   VALUES(@UserID, @PortalID, '2019-06-07 05:28:54', 1, 0, 0)
   INSERT INTO dbo.dnn_UserRoles(UserID, RoleID, IsTrialUsed, CreatedByUserID, CreatedOnDate, LastModifiedByUserID, LastModifiedOnDate, [Status], IsOwner)
   VALUES(@UserId, @FemaleRole, 0, 1, '2019-06-07 05:28:54', 1, '2019-06-07 05:28:54', 1, 0)
   INSERT INTO dbo.dnn_Users(Username, FirstName, LastName, Email, DisplayName, UpdatePassword, LastIPAddress, IsDeleted, CreatedByUserID, CreatedOnDate, LastModifiedByUserID, LastModifiedOnDate, PasswordResetToken, PasswordResetExpiration)
   VALUES('barrl@axisbank.co.in', 'Leona', 'Barr', 'barrl@axisbank.co.in', 'Leona Barr', 0, '', 0, 1, '2019-06-07 05:28:54', 1, '2019-06-07 05:28:54', NULL, NULL)
   SELECT @UserID = SCOPE_IDENTITY()
   INSERT INTO dbo.aspnet_Users(ApplicationID, UserName, LoweredUserName, IsAnonymous, LastActivityDate)
   VALUES(@ApplicationId, 'barrl@axisbank.co.in', 'barrl@axisbank.co.in', 0, '2019-06-07 05:28:54')
   SELECT @AspNetUserID = UserId FROM aspnet_Users WHERE Username = 'barrl@axisbank.co.in'
   INSERT INTO dbo.aspnet_Membership(ApplicationID, UserID, Password, PasswordFormat, PasswordSalt, Email, LoweredEmail, IsApproved, IsLockedOut, CreateDate, LastLoginDate, LastPasswordChangedDate, LastLockoutDate, FailedPasswordAttemptCount, FailedPasswordAttemptWindowStart, FailedPasswordAnswerAttemptCount, FailedPasswordAnswerAttemptWindowStart)
   VALUES(@ApplicationID, @AspNetUserID, 'aMoPu/jMK8Yc4dxEEtAWm+RvKkFRjT38n/c1ORi3HgGWXJI15kNozQ==', 2, 'ub/Nej8BunZL3H6o+Z7+sg==', 'barrl@axisbank.co.in', 'barrl@axisbank.co.in', 1, 0, '2019-06-07 05:28:54', '2019-06-07 05:28:54', '2019-06-07 05:28:54', '1754-01-01 00:00:00.000', 0, '1754-01-01 00:00:00.000', 0, '1754-01-01 00:00:00.000')
   INSERT INTO dbo.dnn_UserPortals(UserID, PortalID, CreatedDate, Authorised, IsDeleted, RefreshRoles)
   VALUES(@UserID, @PortalID, '2019-06-07 05:28:54', 1, 0, 0)
   INSERT INTO dbo.dnn_UserRoles(UserID, RoleID, IsTrialUsed, CreatedByUserID, CreatedOnDate, LastModifiedByUserID, LastModifiedOnDate, [Status], IsOwner)
   VALUES(@UserId, @FemaleRole, 0, 1, '2019-06-07 05:28:54', 1, '2019-06-07 05:28:54', 1, 0)
   INSERT INTO dbo.dnn_Users(Username, FirstName, LastName, Email, DisplayName, UpdatePassword, LastIPAddress, IsDeleted, CreatedByUserID, CreatedOnDate, LastModifiedByUserID, LastModifiedOnDate, PasswordResetToken, PasswordResetExpiration)
   VALUES('jenny.david@gameforge.com', 'Jenny', 'David', 'jenny.david@gameforge.com', 'Jenny David', 0, '', 0, 1, '2019-06-07 05:28:54', 1, '2019-06-07 05:28:54', NULL, NULL)
   SELECT @UserID = SCOPE_IDENTITY()
   INSERT INTO dbo.aspnet_Users(ApplicationID, UserName, LoweredUserName, IsAnonymous, LastActivityDate)
   VALUES(@ApplicationId, 'jenny.david@gameforge.com', 'jenny.david@gameforge.com', 0, '2019-06-07 05:28:54')
   SELECT @AspNetUserID = UserId FROM aspnet_Users WHERE Username = 'jenny.david@gameforge.com'
   INSERT INTO dbo.aspnet_Membership(ApplicationID, UserID, Password, PasswordFormat, PasswordSalt, Email, LoweredEmail, IsApproved, IsLockedOut, CreateDate, LastLoginDate, LastPasswordChangedDate, LastLockoutDate, FailedPasswordAttemptCount, FailedPasswordAttemptWindowStart, FailedPasswordAnswerAttemptCount, FailedPasswordAnswerAttemptWindowStart)
   VALUES(@ApplicationID, @AspNetUserID, 'aMoPu/jMK8Yc4dxEEtAWm+RvKkFRjT38n/c1ORi3HgGWXJI15kNozQ==', 2, 'ub/Nej8BunZL3H6o+Z7+sg==', 'jenny.david@gameforge.com', 'jenny.david@gameforge.com', 1, 0, '2019-06-07 05:28:54', '2019-06-07 05:28:54', '2019-06-07 05:28:54', '1754-01-01 00:00:00.000', 0, '1754-01-01 00:00:00.000', 0, '1754-01-01 00:00:00.000')
   INSERT INTO dbo.dnn_UserPortals(UserID, PortalID, CreatedDate, Authorised, IsDeleted, RefreshRoles)
   VALUES(@UserID, @PortalID, '2019-06-07 05:28:54', 1, 0, 0)
   INSERT INTO dbo.dnn_UserRoles(UserID, RoleID, IsTrialUsed, CreatedByUserID, CreatedOnDate, LastModifiedByUserID, LastModifiedOnDate, [Status], IsOwner)
   VALUES(@UserId, @FemaleRole, 0, 1, '2019-06-07 05:28:54', 1, '2019-06-07 05:28:54', 1, 0)
   INSERT INTO dbo.dnn_Users(Username, FirstName, LastName, Email, DisplayName, UpdatePassword, LastIPAddress, IsDeleted, CreatedByUserID, CreatedOnDate, LastModifiedByUserID, LastModifiedOnDate, PasswordResetToken, PasswordResetExpiration)
   VALUES('f.dejesus@twoo.com', 'Felicia', 'Dejesus', 'f.dejesus@twoo.com', 'Felicia Dejesus', 0, '', 0, 1, '2019-06-07 05:28:54', 1, '2019-06-07 05:28:54', NULL, NULL)
   SELECT @UserID = SCOPE_IDENTITY()
   INSERT INTO dbo.aspnet_Users(ApplicationID, UserName, LoweredUserName, IsAnonymous, LastActivityDate)
   VALUES(@ApplicationId, 'f.dejesus@twoo.com', 'f.dejesus@twoo.com', 0, '2019-06-07 05:28:54')
   SELECT @AspNetUserID = UserId FROM aspnet_Users WHERE Username = 'f.dejesus@twoo.com'
   INSERT INTO dbo.aspnet_Membership(ApplicationID, UserID, Password, PasswordFormat, PasswordSalt, Email, LoweredEmail, IsApproved, IsLockedOut, CreateDate, LastLoginDate, LastPasswordChangedDate, LastLockoutDate, FailedPasswordAttemptCount, FailedPasswordAttemptWindowStart, FailedPasswordAnswerAttemptCount, FailedPasswordAnswerAttemptWindowStart)
   VALUES(@ApplicationID, @AspNetUserID, 'aMoPu/jMK8Yc4dxEEtAWm+RvKkFRjT38n/c1ORi3HgGWXJI15kNozQ==', 2, 'ub/Nej8BunZL3H6o+Z7+sg==', 'f.dejesus@twoo.com', 'f.dejesus@twoo.com', 1, 0, '2019-06-07 05:28:54', '2019-06-07 05:28:54', '2019-06-07 05:28:54', '1754-01-01 00:00:00.000', 0, '1754-01-01 00:00:00.000', 0, '1754-01-01 00:00:00.000')
   INSERT INTO dbo.dnn_UserPortals(UserID, PortalID, CreatedDate, Authorised, IsDeleted, RefreshRoles)
   VALUES(@UserID, @PortalID, '2019-06-07 05:28:54', 1, 0, 0)
   INSERT INTO dbo.dnn_UserRoles(UserID, RoleID, IsTrialUsed, CreatedByUserID, CreatedOnDate, LastModifiedByUserID, LastModifiedOnDate, [Status], IsOwner)
   VALUES(@UserId, @FemaleRole, 0, 1, '2019-06-07 05:28:54', 1, '2019-06-07 05:28:54', 1, 0)
   INSERT INTO dbo.dnn_Users(Username, FirstName, LastName, Email, DisplayName, UpdatePassword, LastIPAddress, IsDeleted, CreatedByUserID, CreatedOnDate, LastModifiedByUserID, LastModifiedOnDate, PasswordResetToken, PasswordResetExpiration)
   VALUES('marins@4pda.ru', 'Sonia', 'Marin', 'marins@4pda.ru', 'Sonia Marin', 0, '', 0, 1, '2019-06-07 05:28:54', 1, '2019-06-07 05:28:54', NULL, NULL)
   SELECT @UserID = SCOPE_IDENTITY()
   INSERT INTO dbo.aspnet_Users(ApplicationID, UserName, LoweredUserName, IsAnonymous, LastActivityDate)
   VALUES(@ApplicationId, 'marins@4pda.ru', 'marins@4pda.ru', 0, '2019-06-07 05:28:54')
   SELECT @AspNetUserID = UserId FROM aspnet_Users WHERE Username = 'marins@4pda.ru'
   INSERT INTO dbo.aspnet_Membership(ApplicationID, UserID, Password, PasswordFormat, PasswordSalt, Email, LoweredEmail, IsApproved, IsLockedOut, CreateDate, LastLoginDate, LastPasswordChangedDate, LastLockoutDate, FailedPasswordAttemptCount, FailedPasswordAttemptWindowStart, FailedPasswordAnswerAttemptCount, FailedPasswordAnswerAttemptWindowStart)
   VALUES(@ApplicationID, @AspNetUserID, 'aMoPu/jMK8Yc4dxEEtAWm+RvKkFRjT38n/c1ORi3HgGWXJI15kNozQ==', 2, 'ub/Nej8BunZL3H6o+Z7+sg==', 'marins@4pda.ru', 'marins@4pda.ru', 1, 0, '2019-06-07 05:28:54', '2019-06-07 05:28:54', '2019-06-07 05:28:54', '1754-01-01 00:00:00.000', 0, '1754-01-01 00:00:00.000', 0, '1754-01-01 00:00:00.000')
   INSERT INTO dbo.dnn_UserPortals(UserID, PortalID, CreatedDate, Authorised, IsDeleted, RefreshRoles)
   VALUES(@UserID, @PortalID, '2019-06-07 05:28:54', 1, 0, 0)
   INSERT INTO dbo.dnn_UserRoles(UserID, RoleID, IsTrialUsed, CreatedByUserID, CreatedOnDate, LastModifiedByUserID, LastModifiedOnDate, [Status], IsOwner)
   VALUES(@UserId, @FemaleRole, 0, 1, '2019-06-07 05:28:54', 1, '2019-06-07 05:28:54', 1, 0)
   INSERT INTO dbo.dnn_Users(Username, FirstName, LastName, Email, DisplayName, UpdatePassword, LastIPAddress, IsDeleted, CreatedByUserID, CreatedOnDate, LastModifiedByUserID, LastModifiedOnDate, PasswordResetToken, PasswordResetExpiration)
   VALUES('miriam.berger@java.com', 'Miriam', 'Berger', 'miriam.berger@java.com', 'Miriam Berger', 0, '', 0, 1, '2019-06-07 05:28:54', 1, '2019-06-07 05:28:54', NULL, NULL)
   SELECT @UserID = SCOPE_IDENTITY()
   INSERT INTO dbo.aspnet_Users(ApplicationID, UserName, LoweredUserName, IsAnonymous, LastActivityDate)
   VALUES(@ApplicationId, 'miriam.berger@java.com', 'miriam.berger@java.com', 0, '2019-06-07 05:28:54')
   SELECT @AspNetUserID = UserId FROM aspnet_Users WHERE Username = 'miriam.berger@java.com'
   INSERT INTO dbo.aspnet_Membership(ApplicationID, UserID, Password, PasswordFormat, PasswordSalt, Email, LoweredEmail, IsApproved, IsLockedOut, CreateDate, LastLoginDate, LastPasswordChangedDate, LastLockoutDate, FailedPasswordAttemptCount, FailedPasswordAttemptWindowStart, FailedPasswordAnswerAttemptCount, FailedPasswordAnswerAttemptWindowStart)
   VALUES(@ApplicationID, @AspNetUserID, 'aMoPu/jMK8Yc4dxEEtAWm+RvKkFRjT38n/c1ORi3HgGWXJI15kNozQ==', 2, 'ub/Nej8BunZL3H6o+Z7+sg==', 'miriam.berger@java.com', 'miriam.berger@java.com', 1, 0, '2019-06-07 05:28:54', '2019-06-07 05:28:54', '2019-06-07 05:28:54', '1754-01-01 00:00:00.000', 0, '1754-01-01 00:00:00.000', 0, '1754-01-01 00:00:00.000')
   INSERT INTO dbo.dnn_UserPortals(UserID, PortalID, CreatedDate, Authorised, IsDeleted, RefreshRoles)
   VALUES(@UserID, @PortalID, '2019-06-07 05:28:54', 1, 0, 0)
   INSERT INTO dbo.dnn_UserRoles(UserID, RoleID, IsTrialUsed, CreatedByUserID, CreatedOnDate, LastModifiedByUserID, LastModifiedOnDate, [Status], IsOwner)
   VALUES(@UserId, @FemaleRole, 0, 1, '2019-06-07 05:28:54', 1, '2019-06-07 05:28:54', 1, 0)
   INSERT INTO dbo.dnn_Users(Username, FirstName, LastName, Email, DisplayName, UpdatePassword, LastIPAddress, IsDeleted, CreatedByUserID, CreatedOnDate, LastModifiedByUserID, LastModifiedOnDate, PasswordResetToken, PasswordResetExpiration)
   VALUES('v.mcintyre@blogspot.mx', 'Velma', 'Mcintyre', 'v.mcintyre@blogspot.mx', 'Velma Mcintyre', 0, '', 0, 1, '2019-06-07 05:28:54', 1, '2019-06-07 05:28:54', NULL, NULL)
   SELECT @UserID = SCOPE_IDENTITY()
   INSERT INTO dbo.aspnet_Users(ApplicationID, UserName, LoweredUserName, IsAnonymous, LastActivityDate)
   VALUES(@ApplicationId, 'v.mcintyre@blogspot.mx', 'v.mcintyre@blogspot.mx', 0, '2019-06-07 05:28:54')
   SELECT @AspNetUserID = UserId FROM aspnet_Users WHERE Username = 'v.mcintyre@blogspot.mx'
   INSERT INTO dbo.aspnet_Membership(ApplicationID, UserID, Password, PasswordFormat, PasswordSalt, Email, LoweredEmail, IsApproved, IsLockedOut, CreateDate, LastLoginDate, LastPasswordChangedDate, LastLockoutDate, FailedPasswordAttemptCount, FailedPasswordAttemptWindowStart, FailedPasswordAnswerAttemptCount, FailedPasswordAnswerAttemptWindowStart)
   VALUES(@ApplicationID, @AspNetUserID, 'aMoPu/jMK8Yc4dxEEtAWm+RvKkFRjT38n/c1ORi3HgGWXJI15kNozQ==', 2, 'ub/Nej8BunZL3H6o+Z7+sg==', 'v.mcintyre@blogspot.mx', 'v.mcintyre@blogspot.mx', 1, 0, '2019-06-07 05:28:54', '2019-06-07 05:28:54', '2019-06-07 05:28:54', '1754-01-01 00:00:00.000', 0, '1754-01-01 00:00:00.000', 0, '1754-01-01 00:00:00.000')
   INSERT INTO dbo.dnn_UserPortals(UserID, PortalID, CreatedDate, Authorised, IsDeleted, RefreshRoles)
   VALUES(@UserID, @PortalID, '2019-06-07 05:28:54', 1, 0, 0)
   INSERT INTO dbo.dnn_UserRoles(UserID, RoleID, IsTrialUsed, CreatedByUserID, CreatedOnDate, LastModifiedByUserID, LastModifiedOnDate, [Status], IsOwner)
   VALUES(@UserId, @FemaleRole, 0, 1, '2019-06-07 05:28:54', 1, '2019-06-07 05:28:54', 1, 0)
   INSERT INTO dbo.dnn_Users(Username, FirstName, LastName, Email, DisplayName, UpdatePassword, LastIPAddress, IsDeleted, CreatedByUserID, CreatedOnDate, LastModifiedByUserID, LastModifiedOnDate, PasswordResetToken, PasswordResetExpiration)
   VALUES('blankenshipb@spankbang.com', 'Becky', 'Blankenship', 'blankenshipb@spankbang.com', 'Becky Blankenship', 0, '', 0, 1, '2019-06-07 05:28:54', 1, '2019-06-07 05:28:54', NULL, NULL)
   SELECT @UserID = SCOPE_IDENTITY()
   INSERT INTO dbo.aspnet_Users(ApplicationID, UserName, LoweredUserName, IsAnonymous, LastActivityDate)
   VALUES(@ApplicationId, 'blankenshipb@spankbang.com', 'blankenshipb@spankbang.com', 0, '2019-06-07 05:28:54')
   SELECT @AspNetUserID = UserId FROM aspnet_Users WHERE Username = 'blankenshipb@spankbang.com'
   INSERT INTO dbo.aspnet_Membership(ApplicationID, UserID, Password, PasswordFormat, PasswordSalt, Email, LoweredEmail, IsApproved, IsLockedOut, CreateDate, LastLoginDate, LastPasswordChangedDate, LastLockoutDate, FailedPasswordAttemptCount, FailedPasswordAttemptWindowStart, FailedPasswordAnswerAttemptCount, FailedPasswordAnswerAttemptWindowStart)
   VALUES(@ApplicationID, @AspNetUserID, 'aMoPu/jMK8Yc4dxEEtAWm+RvKkFRjT38n/c1ORi3HgGWXJI15kNozQ==', 2, 'ub/Nej8BunZL3H6o+Z7+sg==', 'blankenshipb@spankbang.com', 'blankenshipb@spankbang.com', 1, 0, '2019-06-07 05:28:54', '2019-06-07 05:28:54', '2019-06-07 05:28:54', '1754-01-01 00:00:00.000', 0, '1754-01-01 00:00:00.000', 0, '1754-01-01 00:00:00.000')
   INSERT INTO dbo.dnn_UserPortals(UserID, PortalID, CreatedDate, Authorised, IsDeleted, RefreshRoles)
   VALUES(@UserID, @PortalID, '2019-06-07 05:28:54', 1, 0, 0)
   INSERT INTO dbo.dnn_UserRoles(UserID, RoleID, IsTrialUsed, CreatedByUserID, CreatedOnDate, LastModifiedByUserID, LastModifiedOnDate, [Status], IsOwner)
   VALUES(@UserId, @FemaleRole, 0, 1, '2019-06-07 05:28:54', 1, '2019-06-07 05:28:54', 1, 0)
   INSERT INTO dbo.dnn_Users(Username, FirstName, LastName, Email, DisplayName, UpdatePassword, LastIPAddress, IsDeleted, CreatedByUserID, CreatedOnDate, LastModifiedByUserID, LastModifiedOnDate, PasswordResetToken, PasswordResetExpiration)
   VALUES('bobbie.gaines@discover.com', 'Bobbie', 'Gaines', 'bobbie.gaines@discover.com', 'Bobbie Gaines', 0, '', 0, 1, '2019-06-07 05:28:54', 1, '2019-06-07 05:28:54', NULL, NULL)
   SELECT @UserID = SCOPE_IDENTITY()
   INSERT INTO dbo.aspnet_Users(ApplicationID, UserName, LoweredUserName, IsAnonymous, LastActivityDate)
   VALUES(@ApplicationId, 'bobbie.gaines@discover.com', 'bobbie.gaines@discover.com', 0, '2019-06-07 05:28:54')
   SELECT @AspNetUserID = UserId FROM aspnet_Users WHERE Username = 'bobbie.gaines@discover.com'
   INSERT INTO dbo.aspnet_Membership(ApplicationID, UserID, Password, PasswordFormat, PasswordSalt, Email, LoweredEmail, IsApproved, IsLockedOut, CreateDate, LastLoginDate, LastPasswordChangedDate, LastLockoutDate, FailedPasswordAttemptCount, FailedPasswordAttemptWindowStart, FailedPasswordAnswerAttemptCount, FailedPasswordAnswerAttemptWindowStart)
   VALUES(@ApplicationID, @AspNetUserID, 'aMoPu/jMK8Yc4dxEEtAWm+RvKkFRjT38n/c1ORi3HgGWXJI15kNozQ==', 2, 'ub/Nej8BunZL3H6o+Z7+sg==', 'bobbie.gaines@discover.com', 'bobbie.gaines@discover.com', 1, 0, '2019-06-07 05:28:54', '2019-06-07 05:28:54', '2019-06-07 05:28:54', '1754-01-01 00:00:00.000', 0, '1754-01-01 00:00:00.000', 0, '1754-01-01 00:00:00.000')
   INSERT INTO dbo.dnn_UserPortals(UserID, PortalID, CreatedDate, Authorised, IsDeleted, RefreshRoles)
   VALUES(@UserID, @PortalID, '2019-06-07 05:28:54', 1, 0, 0)
   INSERT INTO dbo.dnn_UserRoles(UserID, RoleID, IsTrialUsed, CreatedByUserID, CreatedOnDate, LastModifiedByUserID, LastModifiedOnDate, [Status], IsOwner)
   VALUES(@UserId, @FemaleRole, 0, 1, '2019-06-07 05:28:54', 1, '2019-06-07 05:28:54', 1, 0)
   INSERT INTO dbo.dnn_Users(Username, FirstName, LastName, Email, DisplayName, UpdatePassword, LastIPAddress, IsDeleted, CreatedByUserID, CreatedOnDate, LastModifiedByUserID, LastModifiedOnDate, PasswordResetToken, PasswordResetExpiration)
   VALUES('v.palacios@kdnet.net', 'Violet', 'Palacios', 'v.palacios@kdnet.net', 'Violet Palacios', 0, '', 0, 1, '2019-06-07 05:28:54', 1, '2019-06-07 05:28:54', NULL, NULL)
   SELECT @UserID = SCOPE_IDENTITY()
   INSERT INTO dbo.aspnet_Users(ApplicationID, UserName, LoweredUserName, IsAnonymous, LastActivityDate)
   VALUES(@ApplicationId, 'v.palacios@kdnet.net', 'v.palacios@kdnet.net', 0, '2019-06-07 05:28:54')
   SELECT @AspNetUserID = UserId FROM aspnet_Users WHERE Username = 'v.palacios@kdnet.net'
   INSERT INTO dbo.aspnet_Membership(ApplicationID, UserID, Password, PasswordFormat, PasswordSalt, Email, LoweredEmail, IsApproved, IsLockedOut, CreateDate, LastLoginDate, LastPasswordChangedDate, LastLockoutDate, FailedPasswordAttemptCount, FailedPasswordAttemptWindowStart, FailedPasswordAnswerAttemptCount, FailedPasswordAnswerAttemptWindowStart)
   VALUES(@ApplicationID, @AspNetUserID, 'aMoPu/jMK8Yc4dxEEtAWm+RvKkFRjT38n/c1ORi3HgGWXJI15kNozQ==', 2, 'ub/Nej8BunZL3H6o+Z7+sg==', 'v.palacios@kdnet.net', 'v.palacios@kdnet.net', 1, 0, '2019-06-07 05:28:54', '2019-06-07 05:28:54', '2019-06-07 05:28:54', '1754-01-01 00:00:00.000', 0, '1754-01-01 00:00:00.000', 0, '1754-01-01 00:00:00.000')
   INSERT INTO dbo.dnn_UserPortals(UserID, PortalID, CreatedDate, Authorised, IsDeleted, RefreshRoles)
   VALUES(@UserID, @PortalID, '2019-06-07 05:28:54', 1, 0, 0)
   INSERT INTO dbo.dnn_UserRoles(UserID, RoleID, IsTrialUsed, CreatedByUserID, CreatedOnDate, LastModifiedByUserID, LastModifiedOnDate, [Status], IsOwner)
   VALUES(@UserId, @FemaleRole, 0, 1, '2019-06-07 05:28:54', 1, '2019-06-07 05:28:54', 1, 0)
   INSERT INTO dbo.dnn_Users(Username, FirstName, LastName, Email, DisplayName, UpdatePassword, LastIPAddress, IsDeleted, CreatedByUserID, CreatedOnDate, LastModifiedByUserID, LastModifiedOnDate, PasswordResetToken, PasswordResetExpiration)
   VALUES('cuevask@agar.io', 'Kristina', 'Cuevas', 'cuevask@agar.io', 'Kristina Cuevas', 0, '', 0, 1, '2019-06-07 05:28:54', 1, '2019-06-07 05:28:54', NULL, NULL)
   SELECT @UserID = SCOPE_IDENTITY()
   INSERT INTO dbo.aspnet_Users(ApplicationID, UserName, LoweredUserName, IsAnonymous, LastActivityDate)
   VALUES(@ApplicationId, 'cuevask@agar.io', 'cuevask@agar.io', 0, '2019-06-07 05:28:54')
   SELECT @AspNetUserID = UserId FROM aspnet_Users WHERE Username = 'cuevask@agar.io'
   INSERT INTO dbo.aspnet_Membership(ApplicationID, UserID, Password, PasswordFormat, PasswordSalt, Email, LoweredEmail, IsApproved, IsLockedOut, CreateDate, LastLoginDate, LastPasswordChangedDate, LastLockoutDate, FailedPasswordAttemptCount, FailedPasswordAttemptWindowStart, FailedPasswordAnswerAttemptCount, FailedPasswordAnswerAttemptWindowStart)
   VALUES(@ApplicationID, @AspNetUserID, 'aMoPu/jMK8Yc4dxEEtAWm+RvKkFRjT38n/c1ORi3HgGWXJI15kNozQ==', 2, 'ub/Nej8BunZL3H6o+Z7+sg==', 'cuevask@agar.io', 'cuevask@agar.io', 1, 0, '2019-06-07 05:28:54', '2019-06-07 05:28:54', '2019-06-07 05:28:54', '1754-01-01 00:00:00.000', 0, '1754-01-01 00:00:00.000', 0, '1754-01-01 00:00:00.000')
   INSERT INTO dbo.dnn_UserPortals(UserID, PortalID, CreatedDate, Authorised, IsDeleted, RefreshRoles)
   VALUES(@UserID, @PortalID, '2019-06-07 05:28:54', 1, 0, 0)
   INSERT INTO dbo.dnn_UserRoles(UserID, RoleID, IsTrialUsed, CreatedByUserID, CreatedOnDate, LastModifiedByUserID, LastModifiedOnDate, [Status], IsOwner)
   VALUES(@UserId, @FemaleRole, 0, 1, '2019-06-07 05:28:54', 1, '2019-06-07 05:28:54', 1, 0)
   INSERT INTO dbo.dnn_Users(Username, FirstName, LastName, Email, DisplayName, UpdatePassword, LastIPAddress, IsDeleted, CreatedByUserID, CreatedOnDate, LastModifiedByUserID, LastModifiedOnDate, PasswordResetToken, PasswordResetExpiration)
   VALUES('toni.bartlett@priceline.com', 'Toni', 'Bartlett', 'toni.bartlett@priceline.com', 'Toni Bartlett', 0, '', 0, 1, '2019-06-07 05:28:54', 1, '2019-06-07 05:28:54', NULL, NULL)
   SELECT @UserID = SCOPE_IDENTITY()
   INSERT INTO dbo.aspnet_Users(ApplicationID, UserName, LoweredUserName, IsAnonymous, LastActivityDate)
   VALUES(@ApplicationId, 'toni.bartlett@priceline.com', 'toni.bartlett@priceline.com', 0, '2019-06-07 05:28:54')
   SELECT @AspNetUserID = UserId FROM aspnet_Users WHERE Username = 'toni.bartlett@priceline.com'
   INSERT INTO dbo.aspnet_Membership(ApplicationID, UserID, Password, PasswordFormat, PasswordSalt, Email, LoweredEmail, IsApproved, IsLockedOut, CreateDate, LastLoginDate, LastPasswordChangedDate, LastLockoutDate, FailedPasswordAttemptCount, FailedPasswordAttemptWindowStart, FailedPasswordAnswerAttemptCount, FailedPasswordAnswerAttemptWindowStart)
   VALUES(@ApplicationID, @AspNetUserID, 'aMoPu/jMK8Yc4dxEEtAWm+RvKkFRjT38n/c1ORi3HgGWXJI15kNozQ==', 2, 'ub/Nej8BunZL3H6o+Z7+sg==', 'toni.bartlett@priceline.com', 'toni.bartlett@priceline.com', 1, 0, '2019-06-07 05:28:54', '2019-06-07 05:28:54', '2019-06-07 05:28:54', '1754-01-01 00:00:00.000', 0, '1754-01-01 00:00:00.000', 0, '1754-01-01 00:00:00.000')
   INSERT INTO dbo.dnn_UserPortals(UserID, PortalID, CreatedDate, Authorised, IsDeleted, RefreshRoles)
   VALUES(@UserID, @PortalID, '2019-06-07 05:28:54', 1, 0, 0)
   INSERT INTO dbo.dnn_UserRoles(UserID, RoleID, IsTrialUsed, CreatedByUserID, CreatedOnDate, LastModifiedByUserID, LastModifiedOnDate, [Status], IsOwner)
   VALUES(@UserId, @FemaleRole, 0, 1, '2019-06-07 05:28:54', 1, '2019-06-07 05:28:54', 1, 0)
   INSERT INTO dbo.dnn_Users(Username, FirstName, LastName, Email, DisplayName, UpdatePassword, LastIPAddress, IsDeleted, CreatedByUserID, CreatedOnDate, LastModifiedByUserID, LastModifiedOnDate, PasswordResetToken, PasswordResetExpiration)
   VALUES('m.durham@mercadolibre.com.mx', 'Misty', 'Durham', 'm.durham@mercadolibre.com.mx', 'Misty Durham', 0, '', 0, 1, '2019-06-07 05:28:54', 1, '2019-06-07 05:28:54', NULL, NULL)
   SELECT @UserID = SCOPE_IDENTITY()
   INSERT INTO dbo.aspnet_Users(ApplicationID, UserName, LoweredUserName, IsAnonymous, LastActivityDate)
   VALUES(@ApplicationId, 'm.durham@mercadolibre.com.mx', 'm.durham@mercadolibre.com.mx', 0, '2019-06-07 05:28:54')
   SELECT @AspNetUserID = UserId FROM aspnet_Users WHERE Username = 'm.durham@mercadolibre.com.mx'
   INSERT INTO dbo.aspnet_Membership(ApplicationID, UserID, Password, PasswordFormat, PasswordSalt, Email, LoweredEmail, IsApproved, IsLockedOut, CreateDate, LastLoginDate, LastPasswordChangedDate, LastLockoutDate, FailedPasswordAttemptCount, FailedPasswordAttemptWindowStart, FailedPasswordAnswerAttemptCount, FailedPasswordAnswerAttemptWindowStart)
   VALUES(@ApplicationID, @AspNetUserID, 'aMoPu/jMK8Yc4dxEEtAWm+RvKkFRjT38n/c1ORi3HgGWXJI15kNozQ==', 2, 'ub/Nej8BunZL3H6o+Z7+sg==', 'm.durham@mercadolibre.com.mx', 'm.durham@mercadolibre.com.mx', 1, 0, '2019-06-07 05:28:54', '2019-06-07 05:28:54', '2019-06-07 05:28:54', '1754-01-01 00:00:00.000', 0, '1754-01-01 00:00:00.000', 0, '1754-01-01 00:00:00.000')
   INSERT INTO dbo.dnn_UserPortals(UserID, PortalID, CreatedDate, Authorised, IsDeleted, RefreshRoles)
   VALUES(@UserID, @PortalID, '2019-06-07 05:28:54', 1, 0, 0)
   INSERT INTO dbo.dnn_UserRoles(UserID, RoleID, IsTrialUsed, CreatedByUserID, CreatedOnDate, LastModifiedByUserID, LastModifiedOnDate, [Status], IsOwner)
   VALUES(@UserId, @FemaleRole, 0, 1, '2019-06-07 05:28:54', 1, '2019-06-07 05:28:54', 1, 0)
   INSERT INTO dbo.dnn_Users(Username, FirstName, LastName, Email, DisplayName, UpdatePassword, LastIPAddress, IsDeleted, CreatedByUserID, CreatedOnDate, LastModifiedByUserID, LastModifiedOnDate, PasswordResetToken, PasswordResetExpiration)
   VALUES('dorseym@atwiki.jp', 'Mae', 'Dorsey', 'dorseym@atwiki.jp', 'Mae Dorsey', 0, '', 0, 1, '2019-06-07 05:28:54', 1, '2019-06-07 05:28:54', NULL, NULL)
   SELECT @UserID = SCOPE_IDENTITY()
   INSERT INTO dbo.aspnet_Users(ApplicationID, UserName, LoweredUserName, IsAnonymous, LastActivityDate)
   VALUES(@ApplicationId, 'dorseym@atwiki.jp', 'dorseym@atwiki.jp', 0, '2019-06-07 05:28:54')
   SELECT @AspNetUserID = UserId FROM aspnet_Users WHERE Username = 'dorseym@atwiki.jp'
   INSERT INTO dbo.aspnet_Membership(ApplicationID, UserID, Password, PasswordFormat, PasswordSalt, Email, LoweredEmail, IsApproved, IsLockedOut, CreateDate, LastLoginDate, LastPasswordChangedDate, LastLockoutDate, FailedPasswordAttemptCount, FailedPasswordAttemptWindowStart, FailedPasswordAnswerAttemptCount, FailedPasswordAnswerAttemptWindowStart)
   VALUES(@ApplicationID, @AspNetUserID, 'aMoPu/jMK8Yc4dxEEtAWm+RvKkFRjT38n/c1ORi3HgGWXJI15kNozQ==', 2, 'ub/Nej8BunZL3H6o+Z7+sg==', 'dorseym@atwiki.jp', 'dorseym@atwiki.jp', 1, 0, '2019-06-07 05:28:54', '2019-06-07 05:28:54', '2019-06-07 05:28:54', '1754-01-01 00:00:00.000', 0, '1754-01-01 00:00:00.000', 0, '1754-01-01 00:00:00.000')
   INSERT INTO dbo.dnn_UserPortals(UserID, PortalID, CreatedDate, Authorised, IsDeleted, RefreshRoles)
   VALUES(@UserID, @PortalID, '2019-06-07 05:28:54', 1, 0, 0)
   INSERT INTO dbo.dnn_UserRoles(UserID, RoleID, IsTrialUsed, CreatedByUserID, CreatedOnDate, LastModifiedByUserID, LastModifiedOnDate, [Status], IsOwner)
   VALUES(@UserId, @FemaleRole, 0, 1, '2019-06-07 05:28:54', 1, '2019-06-07 05:28:54', 1, 0)
   INSERT INTO dbo.dnn_Users(Username, FirstName, LastName, Email, DisplayName, UpdatePassword, LastIPAddress, IsDeleted, CreatedByUserID, CreatedOnDate, LastModifiedByUserID, LastModifiedOnDate, PasswordResetToken, PasswordResetExpiration)
   VALUES('shelly.mccall@audible.com', 'Shelly', 'Mccall', 'shelly.mccall@audible.com', 'Shelly Mccall', 0, '', 0, 1, '2019-06-07 05:28:54', 1, '2019-06-07 05:28:54', NULL, NULL)
   SELECT @UserID = SCOPE_IDENTITY()
   INSERT INTO dbo.aspnet_Users(ApplicationID, UserName, LoweredUserName, IsAnonymous, LastActivityDate)
   VALUES(@ApplicationId, 'shelly.mccall@audible.com', 'shelly.mccall@audible.com', 0, '2019-06-07 05:28:54')
   SELECT @AspNetUserID = UserId FROM aspnet_Users WHERE Username = 'shelly.mccall@audible.com'
   INSERT INTO dbo.aspnet_Membership(ApplicationID, UserID, Password, PasswordFormat, PasswordSalt, Email, LoweredEmail, IsApproved, IsLockedOut, CreateDate, LastLoginDate, LastPasswordChangedDate, LastLockoutDate, FailedPasswordAttemptCount, FailedPasswordAttemptWindowStart, FailedPasswordAnswerAttemptCount, FailedPasswordAnswerAttemptWindowStart)
   VALUES(@ApplicationID, @AspNetUserID, 'aMoPu/jMK8Yc4dxEEtAWm+RvKkFRjT38n/c1ORi3HgGWXJI15kNozQ==', 2, 'ub/Nej8BunZL3H6o+Z7+sg==', 'shelly.mccall@audible.com', 'shelly.mccall@audible.com', 1, 0, '2019-06-07 05:28:54', '2019-06-07 05:28:54', '2019-06-07 05:28:54', '1754-01-01 00:00:00.000', 0, '1754-01-01 00:00:00.000', 0, '1754-01-01 00:00:00.000')
   INSERT INTO dbo.dnn_UserPortals(UserID, PortalID, CreatedDate, Authorised, IsDeleted, RefreshRoles)
   VALUES(@UserID, @PortalID, '2019-06-07 05:28:54', 1, 0, 0)
   INSERT INTO dbo.dnn_UserRoles(UserID, RoleID, IsTrialUsed, CreatedByUserID, CreatedOnDate, LastModifiedByUserID, LastModifiedOnDate, [Status], IsOwner)
   VALUES(@UserId, @FemaleRole, 0, 1, '2019-06-07 05:28:54', 1, '2019-06-07 05:28:54', 1, 0)
   INSERT INTO dbo.dnn_Users(Username, FirstName, LastName, Email, DisplayName, UpdatePassword, LastIPAddress, IsDeleted, CreatedByUserID, CreatedOnDate, LastModifiedByUserID, LastModifiedOnDate, PasswordResetToken, PasswordResetExpiration)
   VALUES('d.odonnell@mynavi.jp', 'Daisy', 'Odonnell', 'd.odonnell@mynavi.jp', 'Daisy Odonnell', 0, '', 0, 1, '2019-06-07 05:28:54', 1, '2019-06-07 05:28:54', NULL, NULL)
   SELECT @UserID = SCOPE_IDENTITY()
   INSERT INTO dbo.aspnet_Users(ApplicationID, UserName, LoweredUserName, IsAnonymous, LastActivityDate)
   VALUES(@ApplicationId, 'd.odonnell@mynavi.jp', 'd.odonnell@mynavi.jp', 0, '2019-06-07 05:28:54')
   SELECT @AspNetUserID = UserId FROM aspnet_Users WHERE Username = 'd.odonnell@mynavi.jp'
   INSERT INTO dbo.aspnet_Membership(ApplicationID, UserID, Password, PasswordFormat, PasswordSalt, Email, LoweredEmail, IsApproved, IsLockedOut, CreateDate, LastLoginDate, LastPasswordChangedDate, LastLockoutDate, FailedPasswordAttemptCount, FailedPasswordAttemptWindowStart, FailedPasswordAnswerAttemptCount, FailedPasswordAnswerAttemptWindowStart)
   VALUES(@ApplicationID, @AspNetUserID, 'aMoPu/jMK8Yc4dxEEtAWm+RvKkFRjT38n/c1ORi3HgGWXJI15kNozQ==', 2, 'ub/Nej8BunZL3H6o+Z7+sg==', 'd.odonnell@mynavi.jp', 'd.odonnell@mynavi.jp', 1, 0, '2019-06-07 05:28:54', '2019-06-07 05:28:54', '2019-06-07 05:28:54', '1754-01-01 00:00:00.000', 0, '1754-01-01 00:00:00.000', 0, '1754-01-01 00:00:00.000')
   INSERT INTO dbo.dnn_UserPortals(UserID, PortalID, CreatedDate, Authorised, IsDeleted, RefreshRoles)
   VALUES(@UserID, @PortalID, '2019-06-07 05:28:54', 1, 0, 0)
   INSERT INTO dbo.dnn_UserRoles(UserID, RoleID, IsTrialUsed, CreatedByUserID, CreatedOnDate, LastModifiedByUserID, LastModifiedOnDate, [Status], IsOwner)
   VALUES(@UserId, @FemaleRole, 0, 1, '2019-06-07 05:28:54', 1, '2019-06-07 05:28:54', 1, 0)
   INSERT INTO dbo.dnn_Users(Username, FirstName, LastName, Email, DisplayName, UpdatePassword, LastIPAddress, IsDeleted, CreatedByUserID, CreatedOnDate, LastModifiedByUserID, LastModifiedOnDate, PasswordResetToken, PasswordResetExpiration)
   VALUES('steinr@vodlocker.com', 'Ramona', 'Stein', 'steinr@vodlocker.com', 'Ramona Stein', 0, '', 0, 1, '2019-06-07 05:28:54', 1, '2019-06-07 05:28:54', NULL, NULL)
   SELECT @UserID = SCOPE_IDENTITY()
   INSERT INTO dbo.aspnet_Users(ApplicationID, UserName, LoweredUserName, IsAnonymous, LastActivityDate)
   VALUES(@ApplicationId, 'steinr@vodlocker.com', 'steinr@vodlocker.com', 0, '2019-06-07 05:28:54')
   SELECT @AspNetUserID = UserId FROM aspnet_Users WHERE Username = 'steinr@vodlocker.com'
   INSERT INTO dbo.aspnet_Membership(ApplicationID, UserID, Password, PasswordFormat, PasswordSalt, Email, LoweredEmail, IsApproved, IsLockedOut, CreateDate, LastLoginDate, LastPasswordChangedDate, LastLockoutDate, FailedPasswordAttemptCount, FailedPasswordAttemptWindowStart, FailedPasswordAnswerAttemptCount, FailedPasswordAnswerAttemptWindowStart)
   VALUES(@ApplicationID, @AspNetUserID, 'aMoPu/jMK8Yc4dxEEtAWm+RvKkFRjT38n/c1ORi3HgGWXJI15kNozQ==', 2, 'ub/Nej8BunZL3H6o+Z7+sg==', 'steinr@vodlocker.com', 'steinr@vodlocker.com', 1, 0, '2019-06-07 05:28:54', '2019-06-07 05:28:54', '2019-06-07 05:28:54', '1754-01-01 00:00:00.000', 0, '1754-01-01 00:00:00.000', 0, '1754-01-01 00:00:00.000')
   INSERT INTO dbo.dnn_UserPortals(UserID, PortalID, CreatedDate, Authorised, IsDeleted, RefreshRoles)
   VALUES(@UserID, @PortalID, '2019-06-07 05:28:54', 1, 0, 0)
   INSERT INTO dbo.dnn_UserRoles(UserID, RoleID, IsTrialUsed, CreatedByUserID, CreatedOnDate, LastModifiedByUserID, LastModifiedOnDate, [Status], IsOwner)
   VALUES(@UserId, @FemaleRole, 0, 1, '2019-06-07 05:28:54', 1, '2019-06-07 05:28:54', 1, 0)
   INSERT INTO dbo.dnn_UserRoles(UserID, RoleID, IsTrialUsed, CreatedByUserID, CreatedOnDate, LastModifiedByUserID, LastModifiedOnDate, [Status], IsOwner)
   VALUES(@UserId, @AcademicRole, 0, 1, '2019-06-07 05:28:54', 1, '2019-06-07 05:28:54', 1, 0)
   INSERT INTO dbo.dnn_Users(Username, FirstName, LastName, Email, DisplayName, UpdatePassword, LastIPAddress, IsDeleted, CreatedByUserID, CreatedOnDate, LastModifiedByUserID, LastModifiedOnDate, PasswordResetToken, PasswordResetExpiration)
   VALUES('sherri.browning@sky.com', 'Sherri', 'Browning', 'sherri.browning@sky.com', 'Sherri Browning', 0, '', 0, 1, '2019-06-07 05:28:54', 1, '2019-06-07 05:28:54', NULL, NULL)
   SELECT @UserID = SCOPE_IDENTITY()
   INSERT INTO dbo.aspnet_Users(ApplicationID, UserName, LoweredUserName, IsAnonymous, LastActivityDate)
   VALUES(@ApplicationId, 'sherri.browning@sky.com', 'sherri.browning@sky.com', 0, '2019-06-07 05:28:54')
   SELECT @AspNetUserID = UserId FROM aspnet_Users WHERE Username = 'sherri.browning@sky.com'
   INSERT INTO dbo.aspnet_Membership(ApplicationID, UserID, Password, PasswordFormat, PasswordSalt, Email, LoweredEmail, IsApproved, IsLockedOut, CreateDate, LastLoginDate, LastPasswordChangedDate, LastLockoutDate, FailedPasswordAttemptCount, FailedPasswordAttemptWindowStart, FailedPasswordAnswerAttemptCount, FailedPasswordAnswerAttemptWindowStart)
   VALUES(@ApplicationID, @AspNetUserID, 'aMoPu/jMK8Yc4dxEEtAWm+RvKkFRjT38n/c1ORi3HgGWXJI15kNozQ==', 2, 'ub/Nej8BunZL3H6o+Z7+sg==', 'sherri.browning@sky.com', 'sherri.browning@sky.com', 1, 0, '2019-06-07 05:28:54', '2019-06-07 05:28:54', '2019-06-07 05:28:54', '1754-01-01 00:00:00.000', 0, '1754-01-01 00:00:00.000', 0, '1754-01-01 00:00:00.000')
   INSERT INTO dbo.dnn_UserPortals(UserID, PortalID, CreatedDate, Authorised, IsDeleted, RefreshRoles)
   VALUES(@UserID, @PortalID, '2019-06-07 05:28:54', 1, 0, 0)
   INSERT INTO dbo.dnn_UserRoles(UserID, RoleID, IsTrialUsed, CreatedByUserID, CreatedOnDate, LastModifiedByUserID, LastModifiedOnDate, [Status], IsOwner)
   VALUES(@UserId, @FemaleRole, 0, 1, '2019-06-07 05:28:54', 1, '2019-06-07 05:28:54', 1, 0)
   INSERT INTO dbo.dnn_Users(Username, FirstName, LastName, Email, DisplayName, UpdatePassword, LastIPAddress, IsDeleted, CreatedByUserID, CreatedOnDate, LastModifiedByUserID, LastModifiedOnDate, PasswordResetToken, PasswordResetExpiration)
   VALUES('e.stout@sciencedirect.com', 'Erika', 'Stout', 'e.stout@sciencedirect.com', 'Erika Stout', 0, '', 0, 1, '2019-06-07 05:28:54', 1, '2019-06-07 05:28:54', NULL, NULL)
   SELECT @UserID = SCOPE_IDENTITY()
   INSERT INTO dbo.aspnet_Users(ApplicationID, UserName, LoweredUserName, IsAnonymous, LastActivityDate)
   VALUES(@ApplicationId, 'e.stout@sciencedirect.com', 'e.stout@sciencedirect.com', 0, '2019-06-07 05:28:54')
   SELECT @AspNetUserID = UserId FROM aspnet_Users WHERE Username = 'e.stout@sciencedirect.com'
   INSERT INTO dbo.aspnet_Membership(ApplicationID, UserID, Password, PasswordFormat, PasswordSalt, Email, LoweredEmail, IsApproved, IsLockedOut, CreateDate, LastLoginDate, LastPasswordChangedDate, LastLockoutDate, FailedPasswordAttemptCount, FailedPasswordAttemptWindowStart, FailedPasswordAnswerAttemptCount, FailedPasswordAnswerAttemptWindowStart)
   VALUES(@ApplicationID, @AspNetUserID, 'aMoPu/jMK8Yc4dxEEtAWm+RvKkFRjT38n/c1ORi3HgGWXJI15kNozQ==', 2, 'ub/Nej8BunZL3H6o+Z7+sg==', 'e.stout@sciencedirect.com', 'e.stout@sciencedirect.com', 1, 0, '2019-06-07 05:28:54', '2019-06-07 05:28:54', '2019-06-07 05:28:54', '1754-01-01 00:00:00.000', 0, '1754-01-01 00:00:00.000', 0, '1754-01-01 00:00:00.000')
   INSERT INTO dbo.dnn_UserPortals(UserID, PortalID, CreatedDate, Authorised, IsDeleted, RefreshRoles)
   VALUES(@UserID, @PortalID, '2019-06-07 05:28:54', 1, 0, 0)
   INSERT INTO dbo.dnn_UserRoles(UserID, RoleID, IsTrialUsed, CreatedByUserID, CreatedOnDate, LastModifiedByUserID, LastModifiedOnDate, [Status], IsOwner)
   VALUES(@UserId, @FemaleRole, 0, 1, '2019-06-07 05:28:54', 1, '2019-06-07 05:28:54', 1, 0)
   INSERT INTO dbo.dnn_UserRoles(UserID, RoleID, IsTrialUsed, CreatedByUserID, CreatedOnDate, LastModifiedByUserID, LastModifiedOnDate, [Status], IsOwner)
   VALUES(@UserId, @ManagerRole, 0, 1, '2019-06-07 05:28:54', 1, '2019-06-07 05:28:54', 1, 0)
   INSERT INTO dbo.dnn_Users(Username, FirstName, LastName, Email, DisplayName, UpdatePassword, LastIPAddress, IsDeleted, CreatedByUserID, CreatedOnDate, LastModifiedByUserID, LastModifiedOnDate, PasswordResetToken, PasswordResetExpiration)
   VALUES('loweryk@gigazine.net', 'Katrina', 'Lowery', 'loweryk@gigazine.net', 'Katrina Lowery', 0, '', 0, 1, '2019-06-07 05:28:54', 1, '2019-06-07 05:28:54', NULL, NULL)
   SELECT @UserID = SCOPE_IDENTITY()
   INSERT INTO dbo.aspnet_Users(ApplicationID, UserName, LoweredUserName, IsAnonymous, LastActivityDate)
   VALUES(@ApplicationId, 'loweryk@gigazine.net', 'loweryk@gigazine.net', 0, '2019-06-07 05:28:54')
   SELECT @AspNetUserID = UserId FROM aspnet_Users WHERE Username = 'loweryk@gigazine.net'
   INSERT INTO dbo.aspnet_Membership(ApplicationID, UserID, Password, PasswordFormat, PasswordSalt, Email, LoweredEmail, IsApproved, IsLockedOut, CreateDate, LastLoginDate, LastPasswordChangedDate, LastLockoutDate, FailedPasswordAttemptCount, FailedPasswordAttemptWindowStart, FailedPasswordAnswerAttemptCount, FailedPasswordAnswerAttemptWindowStart)
   VALUES(@ApplicationID, @AspNetUserID, 'aMoPu/jMK8Yc4dxEEtAWm+RvKkFRjT38n/c1ORi3HgGWXJI15kNozQ==', 2, 'ub/Nej8BunZL3H6o+Z7+sg==', 'loweryk@gigazine.net', 'loweryk@gigazine.net', 1, 0, '2019-06-07 05:28:54', '2019-06-07 05:28:54', '2019-06-07 05:28:54', '1754-01-01 00:00:00.000', 0, '1754-01-01 00:00:00.000', 0, '1754-01-01 00:00:00.000')
   INSERT INTO dbo.dnn_UserPortals(UserID, PortalID, CreatedDate, Authorised, IsDeleted, RefreshRoles)
   VALUES(@UserID, @PortalID, '2019-06-07 05:28:54', 1, 0, 0)
   INSERT INTO dbo.dnn_UserRoles(UserID, RoleID, IsTrialUsed, CreatedByUserID, CreatedOnDate, LastModifiedByUserID, LastModifiedOnDate, [Status], IsOwner)
   VALUES(@UserId, @FemaleRole, 0, 1, '2019-06-07 05:28:54', 1, '2019-06-07 05:28:54', 1, 0)
   INSERT INTO dbo.dnn_Users(Username, FirstName, LastName, Email, DisplayName, UpdatePassword, LastIPAddress, IsDeleted, CreatedByUserID, CreatedOnDate, LastModifiedByUserID, LastModifiedOnDate, PasswordResetToken, PasswordResetExpiration)
   VALUES('claire.sloan@olx.ua', 'Claire', 'Sloan', 'claire.sloan@olx.ua', 'Claire Sloan', 0, '', 0, 1, '2019-06-07 05:28:54', 1, '2019-06-07 05:28:54', NULL, NULL)
   SELECT @UserID = SCOPE_IDENTITY()
   INSERT INTO dbo.aspnet_Users(ApplicationID, UserName, LoweredUserName, IsAnonymous, LastActivityDate)
   VALUES(@ApplicationId, 'claire.sloan@olx.ua', 'claire.sloan@olx.ua', 0, '2019-06-07 05:28:54')
   SELECT @AspNetUserID = UserId FROM aspnet_Users WHERE Username = 'claire.sloan@olx.ua'
   INSERT INTO dbo.aspnet_Membership(ApplicationID, UserID, Password, PasswordFormat, PasswordSalt, Email, LoweredEmail, IsApproved, IsLockedOut, CreateDate, LastLoginDate, LastPasswordChangedDate, LastLockoutDate, FailedPasswordAttemptCount, FailedPasswordAttemptWindowStart, FailedPasswordAnswerAttemptCount, FailedPasswordAnswerAttemptWindowStart)
   VALUES(@ApplicationID, @AspNetUserID, 'aMoPu/jMK8Yc4dxEEtAWm+RvKkFRjT38n/c1ORi3HgGWXJI15kNozQ==', 2, 'ub/Nej8BunZL3H6o+Z7+sg==', 'claire.sloan@olx.ua', 'claire.sloan@olx.ua', 1, 0, '2019-06-07 05:28:54', '2019-06-07 05:28:54', '2019-06-07 05:28:54', '1754-01-01 00:00:00.000', 0, '1754-01-01 00:00:00.000', 0, '1754-01-01 00:00:00.000')
   INSERT INTO dbo.dnn_UserPortals(UserID, PortalID, CreatedDate, Authorised, IsDeleted, RefreshRoles)
   VALUES(@UserID, @PortalID, '2019-06-07 05:28:54', 1, 0, 0)
   INSERT INTO dbo.dnn_UserRoles(UserID, RoleID, IsTrialUsed, CreatedByUserID, CreatedOnDate, LastModifiedByUserID, LastModifiedOnDate, [Status], IsOwner)
   VALUES(@UserId, @FemaleRole, 0, 1, '2019-06-07 05:28:54', 1, '2019-06-07 05:28:54', 1, 0)
   INSERT INTO dbo.dnn_Users(Username, FirstName, LastName, Email, DisplayName, UpdatePassword, LastIPAddress, IsDeleted, CreatedByUserID, CreatedOnDate, LastModifiedByUserID, LastModifiedOnDate, PasswordResetToken, PasswordResetExpiration)
   VALUES('l.mclean@livescore.com', 'Lindsey', 'Mclean', 'l.mclean@livescore.com', 'Lindsey Mclean', 0, '', 0, 1, '2019-06-07 05:28:54', 1, '2019-06-07 05:28:54', NULL, NULL)
   SELECT @UserID = SCOPE_IDENTITY()
   INSERT INTO dbo.aspnet_Users(ApplicationID, UserName, LoweredUserName, IsAnonymous, LastActivityDate)
   VALUES(@ApplicationId, 'l.mclean@livescore.com', 'l.mclean@livescore.com', 0, '2019-06-07 05:28:54')
   SELECT @AspNetUserID = UserId FROM aspnet_Users WHERE Username = 'l.mclean@livescore.com'
   INSERT INTO dbo.aspnet_Membership(ApplicationID, UserID, Password, PasswordFormat, PasswordSalt, Email, LoweredEmail, IsApproved, IsLockedOut, CreateDate, LastLoginDate, LastPasswordChangedDate, LastLockoutDate, FailedPasswordAttemptCount, FailedPasswordAttemptWindowStart, FailedPasswordAnswerAttemptCount, FailedPasswordAnswerAttemptWindowStart)
   VALUES(@ApplicationID, @AspNetUserID, 'aMoPu/jMK8Yc4dxEEtAWm+RvKkFRjT38n/c1ORi3HgGWXJI15kNozQ==', 2, 'ub/Nej8BunZL3H6o+Z7+sg==', 'l.mclean@livescore.com', 'l.mclean@livescore.com', 1, 0, '2019-06-07 05:28:54', '2019-06-07 05:28:54', '2019-06-07 05:28:54', '1754-01-01 00:00:00.000', 0, '1754-01-01 00:00:00.000', 0, '1754-01-01 00:00:00.000')
   INSERT INTO dbo.dnn_UserPortals(UserID, PortalID, CreatedDate, Authorised, IsDeleted, RefreshRoles)
   VALUES(@UserID, @PortalID, '2019-06-07 05:28:54', 1, 0, 0)
   INSERT INTO dbo.dnn_UserRoles(UserID, RoleID, IsTrialUsed, CreatedByUserID, CreatedOnDate, LastModifiedByUserID, LastModifiedOnDate, [Status], IsOwner)
   VALUES(@UserId, @FemaleRole, 0, 1, '2019-06-07 05:28:54', 1, '2019-06-07 05:28:54', 1, 0)
   INSERT INTO dbo.dnn_Users(Username, FirstName, LastName, Email, DisplayName, UpdatePassword, LastIPAddress, IsDeleted, CreatedByUserID, CreatedOnDate, LastModifiedByUserID, LastModifiedOnDate, PasswordResetToken, PasswordResetExpiration)
   VALUES('hendricksl@58.com', 'Lindsay', 'Hendricks', 'hendricksl@58.com', 'Lindsay Hendricks', 0, '', 0, 1, '2019-06-07 05:28:54', 1, '2019-06-07 05:28:54', NULL, NULL)
   SELECT @UserID = SCOPE_IDENTITY()
   INSERT INTO dbo.aspnet_Users(ApplicationID, UserName, LoweredUserName, IsAnonymous, LastActivityDate)
   VALUES(@ApplicationId, 'hendricksl@58.com', 'hendricksl@58.com', 0, '2019-06-07 05:28:54')
   SELECT @AspNetUserID = UserId FROM aspnet_Users WHERE Username = 'hendricksl@58.com'
   INSERT INTO dbo.aspnet_Membership(ApplicationID, UserID, Password, PasswordFormat, PasswordSalt, Email, LoweredEmail, IsApproved, IsLockedOut, CreateDate, LastLoginDate, LastPasswordChangedDate, LastLockoutDate, FailedPasswordAttemptCount, FailedPasswordAttemptWindowStart, FailedPasswordAnswerAttemptCount, FailedPasswordAnswerAttemptWindowStart)
   VALUES(@ApplicationID, @AspNetUserID, 'aMoPu/jMK8Yc4dxEEtAWm+RvKkFRjT38n/c1ORi3HgGWXJI15kNozQ==', 2, 'ub/Nej8BunZL3H6o+Z7+sg==', 'hendricksl@58.com', 'hendricksl@58.com', 1, 0, '2019-06-07 05:28:54', '2019-06-07 05:28:54', '2019-06-07 05:28:54', '1754-01-01 00:00:00.000', 0, '1754-01-01 00:00:00.000', 0, '1754-01-01 00:00:00.000')
   INSERT INTO dbo.dnn_UserPortals(UserID, PortalID, CreatedDate, Authorised, IsDeleted, RefreshRoles)
   VALUES(@UserID, @PortalID, '2019-06-07 05:28:54', 1, 0, 0)
   INSERT INTO dbo.dnn_UserRoles(UserID, RoleID, IsTrialUsed, CreatedByUserID, CreatedOnDate, LastModifiedByUserID, LastModifiedOnDate, [Status], IsOwner)
   VALUES(@UserId, @FemaleRole, 0, 1, '2019-06-07 05:28:54', 1, '2019-06-07 05:28:54', 1, 0)
   INSERT INTO dbo.dnn_Users(Username, FirstName, LastName, Email, DisplayName, UpdatePassword, LastIPAddress, IsDeleted, CreatedByUserID, CreatedOnDate, LastModifiedByUserID, LastModifiedOnDate, PasswordResetToken, PasswordResetExpiration)
   VALUES('geneva.calhoun@syosetu.com', 'Geneva', 'Calhoun', 'geneva.calhoun@syosetu.com', 'Geneva Calhoun', 0, '', 0, 1, '2019-06-07 05:28:54', 1, '2019-06-07 05:28:54', NULL, NULL)
   SELECT @UserID = SCOPE_IDENTITY()
   INSERT INTO dbo.aspnet_Users(ApplicationID, UserName, LoweredUserName, IsAnonymous, LastActivityDate)
   VALUES(@ApplicationId, 'geneva.calhoun@syosetu.com', 'geneva.calhoun@syosetu.com', 0, '2019-06-07 05:28:54')
   SELECT @AspNetUserID = UserId FROM aspnet_Users WHERE Username = 'geneva.calhoun@syosetu.com'
   INSERT INTO dbo.aspnet_Membership(ApplicationID, UserID, Password, PasswordFormat, PasswordSalt, Email, LoweredEmail, IsApproved, IsLockedOut, CreateDate, LastLoginDate, LastPasswordChangedDate, LastLockoutDate, FailedPasswordAttemptCount, FailedPasswordAttemptWindowStart, FailedPasswordAnswerAttemptCount, FailedPasswordAnswerAttemptWindowStart)
   VALUES(@ApplicationID, @AspNetUserID, 'aMoPu/jMK8Yc4dxEEtAWm+RvKkFRjT38n/c1ORi3HgGWXJI15kNozQ==', 2, 'ub/Nej8BunZL3H6o+Z7+sg==', 'geneva.calhoun@syosetu.com', 'geneva.calhoun@syosetu.com', 1, 0, '2019-06-07 05:28:54', '2019-06-07 05:28:54', '2019-06-07 05:28:54', '1754-01-01 00:00:00.000', 0, '1754-01-01 00:00:00.000', 0, '1754-01-01 00:00:00.000')
   INSERT INTO dbo.dnn_UserPortals(UserID, PortalID, CreatedDate, Authorised, IsDeleted, RefreshRoles)
   VALUES(@UserID, @PortalID, '2019-06-07 05:28:54', 1, 0, 0)
   INSERT INTO dbo.dnn_UserRoles(UserID, RoleID, IsTrialUsed, CreatedByUserID, CreatedOnDate, LastModifiedByUserID, LastModifiedOnDate, [Status], IsOwner)
   VALUES(@UserId, @FemaleRole, 0, 1, '2019-06-07 05:28:54', 1, '2019-06-07 05:28:54', 1, 0)
   INSERT INTO dbo.dnn_Users(Username, FirstName, LastName, Email, DisplayName, UpdatePassword, LastIPAddress, IsDeleted, CreatedByUserID, CreatedOnDate, LastModifiedByUserID, LastModifiedOnDate, PasswordResetToken, PasswordResetExpiration)
   VALUES('g.sexton@prezi.com', 'Guadalupe', 'Sexton', 'g.sexton@prezi.com', 'Guadalupe Sexton', 0, '', 0, 1, '2019-06-07 05:28:54', 1, '2019-06-07 05:28:54', NULL, NULL)
   SELECT @UserID = SCOPE_IDENTITY()
   INSERT INTO dbo.aspnet_Users(ApplicationID, UserName, LoweredUserName, IsAnonymous, LastActivityDate)
   VALUES(@ApplicationId, 'g.sexton@prezi.com', 'g.sexton@prezi.com', 0, '2019-06-07 05:28:54')
   SELECT @AspNetUserID = UserId FROM aspnet_Users WHERE Username = 'g.sexton@prezi.com'
   INSERT INTO dbo.aspnet_Membership(ApplicationID, UserID, Password, PasswordFormat, PasswordSalt, Email, LoweredEmail, IsApproved, IsLockedOut, CreateDate, LastLoginDate, LastPasswordChangedDate, LastLockoutDate, FailedPasswordAttemptCount, FailedPasswordAttemptWindowStart, FailedPasswordAnswerAttemptCount, FailedPasswordAnswerAttemptWindowStart)
   VALUES(@ApplicationID, @AspNetUserID, 'aMoPu/jMK8Yc4dxEEtAWm+RvKkFRjT38n/c1ORi3HgGWXJI15kNozQ==', 2, 'ub/Nej8BunZL3H6o+Z7+sg==', 'g.sexton@prezi.com', 'g.sexton@prezi.com', 1, 0, '2019-06-07 05:28:54', '2019-06-07 05:28:54', '2019-06-07 05:28:54', '1754-01-01 00:00:00.000', 0, '1754-01-01 00:00:00.000', 0, '1754-01-01 00:00:00.000')
   INSERT INTO dbo.dnn_UserPortals(UserID, PortalID, CreatedDate, Authorised, IsDeleted, RefreshRoles)
   VALUES(@UserID, @PortalID, '2019-06-07 05:28:54', 1, 0, 0)
   INSERT INTO dbo.dnn_UserRoles(UserID, RoleID, IsTrialUsed, CreatedByUserID, CreatedOnDate, LastModifiedByUserID, LastModifiedOnDate, [Status], IsOwner)
   VALUES(@UserId, @FemaleRole, 0, 1, '2019-06-07 05:28:54', 1, '2019-06-07 05:28:54', 1, 0)
   INSERT INTO dbo.dnn_Users(Username, FirstName, LastName, Email, DisplayName, UpdatePassword, LastIPAddress, IsDeleted, CreatedByUserID, CreatedOnDate, LastModifiedByUserID, LastModifiedOnDate, PasswordResetToken, PasswordResetExpiration)
   VALUES('chungb@hotnewhiphop.com', 'Belinda', 'Chung', 'chungb@hotnewhiphop.com', 'Belinda Chung', 0, '', 0, 1, '2019-06-07 05:28:54', 1, '2019-06-07 05:28:54', NULL, NULL)
   SELECT @UserID = SCOPE_IDENTITY()
   INSERT INTO dbo.aspnet_Users(ApplicationID, UserName, LoweredUserName, IsAnonymous, LastActivityDate)
   VALUES(@ApplicationId, 'chungb@hotnewhiphop.com', 'chungb@hotnewhiphop.com', 0, '2019-06-07 05:28:54')
   SELECT @AspNetUserID = UserId FROM aspnet_Users WHERE Username = 'chungb@hotnewhiphop.com'
   INSERT INTO dbo.aspnet_Membership(ApplicationID, UserID, Password, PasswordFormat, PasswordSalt, Email, LoweredEmail, IsApproved, IsLockedOut, CreateDate, LastLoginDate, LastPasswordChangedDate, LastLockoutDate, FailedPasswordAttemptCount, FailedPasswordAttemptWindowStart, FailedPasswordAnswerAttemptCount, FailedPasswordAnswerAttemptWindowStart)
   VALUES(@ApplicationID, @AspNetUserID, 'aMoPu/jMK8Yc4dxEEtAWm+RvKkFRjT38n/c1ORi3HgGWXJI15kNozQ==', 2, 'ub/Nej8BunZL3H6o+Z7+sg==', 'chungb@hotnewhiphop.com', 'chungb@hotnewhiphop.com', 1, 0, '2019-06-07 05:28:54', '2019-06-07 05:28:54', '2019-06-07 05:28:54', '1754-01-01 00:00:00.000', 0, '1754-01-01 00:00:00.000', 0, '1754-01-01 00:00:00.000')
   INSERT INTO dbo.dnn_UserPortals(UserID, PortalID, CreatedDate, Authorised, IsDeleted, RefreshRoles)
   VALUES(@UserID, @PortalID, '2019-06-07 05:28:54', 1, 0, 0)
   INSERT INTO dbo.dnn_UserRoles(UserID, RoleID, IsTrialUsed, CreatedByUserID, CreatedOnDate, LastModifiedByUserID, LastModifiedOnDate, [Status], IsOwner)
   VALUES(@UserId, @FemaleRole, 0, 1, '2019-06-07 05:28:54', 1, '2019-06-07 05:28:54', 1, 0)
   INSERT INTO dbo.dnn_Users(Username, FirstName, LastName, Email, DisplayName, UpdatePassword, LastIPAddress, IsDeleted, CreatedByUserID, CreatedOnDate, LastModifiedByUserID, LastModifiedOnDate, PasswordResetToken, PasswordResetExpiration)
   VALUES('margarita.gentry@jcpenney.com', 'Margarita', 'Gentry', 'margarita.gentry@jcpenney.com', 'Margarita Gentry', 0, '', 0, 1, '2019-06-07 05:28:54', 1, '2019-06-07 05:28:54', NULL, NULL)
   SELECT @UserID = SCOPE_IDENTITY()
   INSERT INTO dbo.aspnet_Users(ApplicationID, UserName, LoweredUserName, IsAnonymous, LastActivityDate)
   VALUES(@ApplicationId, 'margarita.gentry@jcpenney.com', 'margarita.gentry@jcpenney.com', 0, '2019-06-07 05:28:54')
   SELECT @AspNetUserID = UserId FROM aspnet_Users WHERE Username = 'margarita.gentry@jcpenney.com'
   INSERT INTO dbo.aspnet_Membership(ApplicationID, UserID, Password, PasswordFormat, PasswordSalt, Email, LoweredEmail, IsApproved, IsLockedOut, CreateDate, LastLoginDate, LastPasswordChangedDate, LastLockoutDate, FailedPasswordAttemptCount, FailedPasswordAttemptWindowStart, FailedPasswordAnswerAttemptCount, FailedPasswordAnswerAttemptWindowStart)
   VALUES(@ApplicationID, @AspNetUserID, 'aMoPu/jMK8Yc4dxEEtAWm+RvKkFRjT38n/c1ORi3HgGWXJI15kNozQ==', 2, 'ub/Nej8BunZL3H6o+Z7+sg==', 'margarita.gentry@jcpenney.com', 'margarita.gentry@jcpenney.com', 1, 0, '2019-06-07 05:28:54', '2019-06-07 05:28:54', '2019-06-07 05:28:54', '1754-01-01 00:00:00.000', 0, '1754-01-01 00:00:00.000', 0, '1754-01-01 00:00:00.000')
   INSERT INTO dbo.dnn_UserPortals(UserID, PortalID, CreatedDate, Authorised, IsDeleted, RefreshRoles)
   VALUES(@UserID, @PortalID, '2019-06-07 05:28:54', 1, 0, 0)
   INSERT INTO dbo.dnn_UserRoles(UserID, RoleID, IsTrialUsed, CreatedByUserID, CreatedOnDate, LastModifiedByUserID, LastModifiedOnDate, [Status], IsOwner)
   VALUES(@UserId, @FemaleRole, 0, 1, '2019-06-07 05:28:54', 1, '2019-06-07 05:28:54', 1, 0)
   INSERT INTO dbo.dnn_Users(Username, FirstName, LastName, Email, DisplayName, UpdatePassword, LastIPAddress, IsDeleted, CreatedByUserID, CreatedOnDate, LastModifiedByUserID, LastModifiedOnDate, PasswordResetToken, PasswordResetExpiration)
   VALUES('s.hull@ero-video.net', 'Sheryl', 'Hull', 's.hull@ero-video.net', 'Sheryl Hull', 0, '', 0, 1, '2019-06-07 05:28:54', 1, '2019-06-07 05:28:54', NULL, NULL)
   SELECT @UserID = SCOPE_IDENTITY()
   INSERT INTO dbo.aspnet_Users(ApplicationID, UserName, LoweredUserName, IsAnonymous, LastActivityDate)
   VALUES(@ApplicationId, 's.hull@ero-video.net', 's.hull@ero-video.net', 0, '2019-06-07 05:28:54')
   SELECT @AspNetUserID = UserId FROM aspnet_Users WHERE Username = 's.hull@ero-video.net'
   INSERT INTO dbo.aspnet_Membership(ApplicationID, UserID, Password, PasswordFormat, PasswordSalt, Email, LoweredEmail, IsApproved, IsLockedOut, CreateDate, LastLoginDate, LastPasswordChangedDate, LastLockoutDate, FailedPasswordAttemptCount, FailedPasswordAttemptWindowStart, FailedPasswordAnswerAttemptCount, FailedPasswordAnswerAttemptWindowStart)
   VALUES(@ApplicationID, @AspNetUserID, 'aMoPu/jMK8Yc4dxEEtAWm+RvKkFRjT38n/c1ORi3HgGWXJI15kNozQ==', 2, 'ub/Nej8BunZL3H6o+Z7+sg==', 's.hull@ero-video.net', 's.hull@ero-video.net', 1, 0, '2019-06-07 05:28:54', '2019-06-07 05:28:54', '2019-06-07 05:28:54', '1754-01-01 00:00:00.000', 0, '1754-01-01 00:00:00.000', 0, '1754-01-01 00:00:00.000')
   INSERT INTO dbo.dnn_UserPortals(UserID, PortalID, CreatedDate, Authorised, IsDeleted, RefreshRoles)
   VALUES(@UserID, @PortalID, '2019-06-07 05:28:54', 1, 0, 0)
   INSERT INTO dbo.dnn_UserRoles(UserID, RoleID, IsTrialUsed, CreatedByUserID, CreatedOnDate, LastModifiedByUserID, LastModifiedOnDate, [Status], IsOwner)
   VALUES(@UserId, @FemaleRole, 0, 1, '2019-06-07 05:28:54', 1, '2019-06-07 05:28:54', 1, 0)
   INSERT INTO dbo.dnn_Users(Username, FirstName, LastName, Email, DisplayName, UpdatePassword, LastIPAddress, IsDeleted, CreatedByUserID, CreatedOnDate, LastModifiedByUserID, LastModifiedOnDate, PasswordResetToken, PasswordResetExpiration)
   VALUES('duartec@nypost.com', 'Cora', 'Duarte', 'duartec@nypost.com', 'Cora Duarte', 0, '', 0, 1, '2019-06-07 05:28:54', 1, '2019-06-07 05:28:54', NULL, NULL)
   SELECT @UserID = SCOPE_IDENTITY()
   INSERT INTO dbo.aspnet_Users(ApplicationID, UserName, LoweredUserName, IsAnonymous, LastActivityDate)
   VALUES(@ApplicationId, 'duartec@nypost.com', 'duartec@nypost.com', 0, '2019-06-07 05:28:54')
   SELECT @AspNetUserID = UserId FROM aspnet_Users WHERE Username = 'duartec@nypost.com'
   INSERT INTO dbo.aspnet_Membership(ApplicationID, UserID, Password, PasswordFormat, PasswordSalt, Email, LoweredEmail, IsApproved, IsLockedOut, CreateDate, LastLoginDate, LastPasswordChangedDate, LastLockoutDate, FailedPasswordAttemptCount, FailedPasswordAttemptWindowStart, FailedPasswordAnswerAttemptCount, FailedPasswordAnswerAttemptWindowStart)
   VALUES(@ApplicationID, @AspNetUserID, 'aMoPu/jMK8Yc4dxEEtAWm+RvKkFRjT38n/c1ORi3HgGWXJI15kNozQ==', 2, 'ub/Nej8BunZL3H6o+Z7+sg==', 'duartec@nypost.com', 'duartec@nypost.com', 1, 0, '2019-06-07 05:28:54', '2019-06-07 05:28:54', '2019-06-07 05:28:54', '1754-01-01 00:00:00.000', 0, '1754-01-01 00:00:00.000', 0, '1754-01-01 00:00:00.000')
   INSERT INTO dbo.dnn_UserPortals(UserID, PortalID, CreatedDate, Authorised, IsDeleted, RefreshRoles)
   VALUES(@UserID, @PortalID, '2019-06-07 05:28:54', 1, 0, 0)
   INSERT INTO dbo.dnn_UserRoles(UserID, RoleID, IsTrialUsed, CreatedByUserID, CreatedOnDate, LastModifiedByUserID, LastModifiedOnDate, [Status], IsOwner)
   VALUES(@UserId, @FemaleRole, 0, 1, '2019-06-07 05:28:54', 1, '2019-06-07 05:28:54', 1, 0)
   INSERT INTO dbo.dnn_Users(Username, FirstName, LastName, Email, DisplayName, UpdatePassword, LastIPAddress, IsDeleted, CreatedByUserID, CreatedOnDate, LastModifiedByUserID, LastModifiedOnDate, PasswordResetToken, PasswordResetExpiration)
   VALUES('faye.ellison@nydailynews.com', 'Faye', 'Ellison', 'faye.ellison@nydailynews.com', 'Faye Ellison', 0, '', 0, 1, '2019-06-07 05:28:54', 1, '2019-06-07 05:28:54', NULL, NULL)
   SELECT @UserID = SCOPE_IDENTITY()
   INSERT INTO dbo.aspnet_Users(ApplicationID, UserName, LoweredUserName, IsAnonymous, LastActivityDate)
   VALUES(@ApplicationId, 'faye.ellison@nydailynews.com', 'faye.ellison@nydailynews.com', 0, '2019-06-07 05:28:54')
   SELECT @AspNetUserID = UserId FROM aspnet_Users WHERE Username = 'faye.ellison@nydailynews.com'
   INSERT INTO dbo.aspnet_Membership(ApplicationID, UserID, Password, PasswordFormat, PasswordSalt, Email, LoweredEmail, IsApproved, IsLockedOut, CreateDate, LastLoginDate, LastPasswordChangedDate, LastLockoutDate, FailedPasswordAttemptCount, FailedPasswordAttemptWindowStart, FailedPasswordAnswerAttemptCount, FailedPasswordAnswerAttemptWindowStart)
   VALUES(@ApplicationID, @AspNetUserID, 'aMoPu/jMK8Yc4dxEEtAWm+RvKkFRjT38n/c1ORi3HgGWXJI15kNozQ==', 2, 'ub/Nej8BunZL3H6o+Z7+sg==', 'faye.ellison@nydailynews.com', 'faye.ellison@nydailynews.com', 1, 0, '2019-06-07 05:28:54', '2019-06-07 05:28:54', '2019-06-07 05:28:54', '1754-01-01 00:00:00.000', 0, '1754-01-01 00:00:00.000', 0, '1754-01-01 00:00:00.000')
   INSERT INTO dbo.dnn_UserPortals(UserID, PortalID, CreatedDate, Authorised, IsDeleted, RefreshRoles)
   VALUES(@UserID, @PortalID, '2019-06-07 05:28:54', 1, 0, 0)
   INSERT INTO dbo.dnn_UserRoles(UserID, RoleID, IsTrialUsed, CreatedByUserID, CreatedOnDate, LastModifiedByUserID, LastModifiedOnDate, [Status], IsOwner)
   VALUES(@UserId, @FemaleRole, 0, 1, '2019-06-07 05:28:54', 1, '2019-06-07 05:28:54', 1, 0)
   INSERT INTO dbo.dnn_Users(Username, FirstName, LastName, Email, DisplayName, UpdatePassword, LastIPAddress, IsDeleted, CreatedByUserID, CreatedOnDate, LastModifiedByUserID, LastModifiedOnDate, PasswordResetToken, PasswordResetExpiration)
   VALUES('a.nielsen@acunn.com', 'Ada', 'Nielsen', 'a.nielsen@acunn.com', 'Ada Nielsen', 0, '', 0, 1, '2019-06-07 05:28:54', 1, '2019-06-07 05:28:54', NULL, NULL)
   SELECT @UserID = SCOPE_IDENTITY()
   INSERT INTO dbo.aspnet_Users(ApplicationID, UserName, LoweredUserName, IsAnonymous, LastActivityDate)
   VALUES(@ApplicationId, 'a.nielsen@acunn.com', 'a.nielsen@acunn.com', 0, '2019-06-07 05:28:54')
   SELECT @AspNetUserID = UserId FROM aspnet_Users WHERE Username = 'a.nielsen@acunn.com'
   INSERT INTO dbo.aspnet_Membership(ApplicationID, UserID, Password, PasswordFormat, PasswordSalt, Email, LoweredEmail, IsApproved, IsLockedOut, CreateDate, LastLoginDate, LastPasswordChangedDate, LastLockoutDate, FailedPasswordAttemptCount, FailedPasswordAttemptWindowStart, FailedPasswordAnswerAttemptCount, FailedPasswordAnswerAttemptWindowStart)
   VALUES(@ApplicationID, @AspNetUserID, 'aMoPu/jMK8Yc4dxEEtAWm+RvKkFRjT38n/c1ORi3HgGWXJI15kNozQ==', 2, 'ub/Nej8BunZL3H6o+Z7+sg==', 'a.nielsen@acunn.com', 'a.nielsen@acunn.com', 1, 0, '2019-06-07 05:28:54', '2019-06-07 05:28:54', '2019-06-07 05:28:54', '1754-01-01 00:00:00.000', 0, '1754-01-01 00:00:00.000', 0, '1754-01-01 00:00:00.000')
   INSERT INTO dbo.dnn_UserPortals(UserID, PortalID, CreatedDate, Authorised, IsDeleted, RefreshRoles)
   VALUES(@UserID, @PortalID, '2019-06-07 05:28:54', 1, 0, 0)
   INSERT INTO dbo.dnn_UserRoles(UserID, RoleID, IsTrialUsed, CreatedByUserID, CreatedOnDate, LastModifiedByUserID, LastModifiedOnDate, [Status], IsOwner)
   VALUES(@UserId, @FemaleRole, 0, 1, '2019-06-07 05:28:54', 1, '2019-06-07 05:28:54', 1, 0)
   INSERT INTO dbo.dnn_Users(Username, FirstName, LastName, Email, DisplayName, UpdatePassword, LastIPAddress, IsDeleted, CreatedByUserID, CreatedOnDate, LastModifiedByUserID, LastModifiedOnDate, PasswordResetToken, PasswordResetExpiration)
   VALUES('gillespien@foodnetwork.com', 'Natasha', 'Gillespie', 'gillespien@foodnetwork.com', 'Natasha Gillespie', 0, '', 0, 1, '2019-06-07 05:28:54', 1, '2019-06-07 05:28:54', NULL, NULL)
   SELECT @UserID = SCOPE_IDENTITY()
   INSERT INTO dbo.aspnet_Users(ApplicationID, UserName, LoweredUserName, IsAnonymous, LastActivityDate)
   VALUES(@ApplicationId, 'gillespien@foodnetwork.com', 'gillespien@foodnetwork.com', 0, '2019-06-07 05:28:54')
   SELECT @AspNetUserID = UserId FROM aspnet_Users WHERE Username = 'gillespien@foodnetwork.com'
   INSERT INTO dbo.aspnet_Membership(ApplicationID, UserID, Password, PasswordFormat, PasswordSalt, Email, LoweredEmail, IsApproved, IsLockedOut, CreateDate, LastLoginDate, LastPasswordChangedDate, LastLockoutDate, FailedPasswordAttemptCount, FailedPasswordAttemptWindowStart, FailedPasswordAnswerAttemptCount, FailedPasswordAnswerAttemptWindowStart)
   VALUES(@ApplicationID, @AspNetUserID, 'aMoPu/jMK8Yc4dxEEtAWm+RvKkFRjT38n/c1ORi3HgGWXJI15kNozQ==', 2, 'ub/Nej8BunZL3H6o+Z7+sg==', 'gillespien@foodnetwork.com', 'gillespien@foodnetwork.com', 1, 0, '2019-06-07 05:28:54', '2019-06-07 05:28:54', '2019-06-07 05:28:54', '1754-01-01 00:00:00.000', 0, '1754-01-01 00:00:00.000', 0, '1754-01-01 00:00:00.000')
   INSERT INTO dbo.dnn_UserPortals(UserID, PortalID, CreatedDate, Authorised, IsDeleted, RefreshRoles)
   VALUES(@UserID, @PortalID, '2019-06-07 05:28:54', 1, 0, 0)
   INSERT INTO dbo.dnn_UserRoles(UserID, RoleID, IsTrialUsed, CreatedByUserID, CreatedOnDate, LastModifiedByUserID, LastModifiedOnDate, [Status], IsOwner)
   VALUES(@UserId, @FemaleRole, 0, 1, '2019-06-07 05:28:54', 1, '2019-06-07 05:28:54', 1, 0)
   INSERT INTO dbo.dnn_Users(Username, FirstName, LastName, Email, DisplayName, UpdatePassword, LastIPAddress, IsDeleted, CreatedByUserID, CreatedOnDate, LastModifiedByUserID, LastModifiedOnDate, PasswordResetToken, PasswordResetExpiration)
   VALUES('sabrina.buck@mint.com', 'Sabrina', 'Buck', 'sabrina.buck@mint.com', 'Sabrina Buck', 0, '', 0, 1, '2019-06-07 05:28:54', 1, '2019-06-07 05:28:54', NULL, NULL)
   SELECT @UserID = SCOPE_IDENTITY()
   INSERT INTO dbo.aspnet_Users(ApplicationID, UserName, LoweredUserName, IsAnonymous, LastActivityDate)
   VALUES(@ApplicationId, 'sabrina.buck@mint.com', 'sabrina.buck@mint.com', 0, '2019-06-07 05:28:54')
   SELECT @AspNetUserID = UserId FROM aspnet_Users WHERE Username = 'sabrina.buck@mint.com'
   INSERT INTO dbo.aspnet_Membership(ApplicationID, UserID, Password, PasswordFormat, PasswordSalt, Email, LoweredEmail, IsApproved, IsLockedOut, CreateDate, LastLoginDate, LastPasswordChangedDate, LastLockoutDate, FailedPasswordAttemptCount, FailedPasswordAttemptWindowStart, FailedPasswordAnswerAttemptCount, FailedPasswordAnswerAttemptWindowStart)
   VALUES(@ApplicationID, @AspNetUserID, 'aMoPu/jMK8Yc4dxEEtAWm+RvKkFRjT38n/c1ORi3HgGWXJI15kNozQ==', 2, 'ub/Nej8BunZL3H6o+Z7+sg==', 'sabrina.buck@mint.com', 'sabrina.buck@mint.com', 1, 0, '2019-06-07 05:28:54', '2019-06-07 05:28:54', '2019-06-07 05:28:54', '1754-01-01 00:00:00.000', 0, '1754-01-01 00:00:00.000', 0, '1754-01-01 00:00:00.000')
   INSERT INTO dbo.dnn_UserPortals(UserID, PortalID, CreatedDate, Authorised, IsDeleted, RefreshRoles)
   VALUES(@UserID, @PortalID, '2019-06-07 05:28:54', 1, 0, 0)
   INSERT INTO dbo.dnn_UserRoles(UserID, RoleID, IsTrialUsed, CreatedByUserID, CreatedOnDate, LastModifiedByUserID, LastModifiedOnDate, [Status], IsOwner)
   VALUES(@UserId, @FemaleRole, 0, 1, '2019-06-07 05:28:54', 1, '2019-06-07 05:28:54', 1, 0)
   INSERT INTO dbo.dnn_Users(Username, FirstName, LastName, Email, DisplayName, UpdatePassword, LastIPAddress, IsDeleted, CreatedByUserID, CreatedOnDate, LastModifiedByUserID, LastModifiedOnDate, PasswordResetToken, PasswordResetExpiration)
   VALUES('i.middleton@bitbucket.org', 'Isabel', 'Middleton', 'i.middleton@bitbucket.org', 'Isabel Middleton', 0, '', 0, 1, '2019-06-07 05:28:54', 1, '2019-06-07 05:28:54', NULL, NULL)
   SELECT @UserID = SCOPE_IDENTITY()
   INSERT INTO dbo.aspnet_Users(ApplicationID, UserName, LoweredUserName, IsAnonymous, LastActivityDate)
   VALUES(@ApplicationId, 'i.middleton@bitbucket.org', 'i.middleton@bitbucket.org', 0, '2019-06-07 05:28:54')
   SELECT @AspNetUserID = UserId FROM aspnet_Users WHERE Username = 'i.middleton@bitbucket.org'
   INSERT INTO dbo.aspnet_Membership(ApplicationID, UserID, Password, PasswordFormat, PasswordSalt, Email, LoweredEmail, IsApproved, IsLockedOut, CreateDate, LastLoginDate, LastPasswordChangedDate, LastLockoutDate, FailedPasswordAttemptCount, FailedPasswordAttemptWindowStart, FailedPasswordAnswerAttemptCount, FailedPasswordAnswerAttemptWindowStart)
   VALUES(@ApplicationID, @AspNetUserID, 'aMoPu/jMK8Yc4dxEEtAWm+RvKkFRjT38n/c1ORi3HgGWXJI15kNozQ==', 2, 'ub/Nej8BunZL3H6o+Z7+sg==', 'i.middleton@bitbucket.org', 'i.middleton@bitbucket.org', 1, 0, '2019-06-07 05:28:54', '2019-06-07 05:28:54', '2019-06-07 05:28:54', '1754-01-01 00:00:00.000', 0, '1754-01-01 00:00:00.000', 0, '1754-01-01 00:00:00.000')
   INSERT INTO dbo.dnn_UserPortals(UserID, PortalID, CreatedDate, Authorised, IsDeleted, RefreshRoles)
   VALUES(@UserID, @PortalID, '2019-06-07 05:28:54', 1, 0, 0)
   INSERT INTO dbo.dnn_UserRoles(UserID, RoleID, IsTrialUsed, CreatedByUserID, CreatedOnDate, LastModifiedByUserID, LastModifiedOnDate, [Status], IsOwner)
   VALUES(@UserId, @FemaleRole, 0, 1, '2019-06-07 05:28:54', 1, '2019-06-07 05:28:54', 1, 0)
   INSERT INTO dbo.dnn_Users(Username, FirstName, LastName, Email, DisplayName, UpdatePassword, LastIPAddress, IsDeleted, CreatedByUserID, CreatedOnDate, LastModifiedByUserID, LastModifiedOnDate, PasswordResetToken, PasswordResetExpiration)
   VALUES('sellersm@creditkarma.com', 'Marguerite', 'Sellers', 'sellersm@creditkarma.com', 'Marguerite Sellers', 0, '', 0, 1, '2019-06-07 05:28:54', 1, '2019-06-07 05:28:54', NULL, NULL)
   SELECT @UserID = SCOPE_IDENTITY()
   INSERT INTO dbo.aspnet_Users(ApplicationID, UserName, LoweredUserName, IsAnonymous, LastActivityDate)
   VALUES(@ApplicationId, 'sellersm@creditkarma.com', 'sellersm@creditkarma.com', 0, '2019-06-07 05:28:54')
   SELECT @AspNetUserID = UserId FROM aspnet_Users WHERE Username = 'sellersm@creditkarma.com'
   INSERT INTO dbo.aspnet_Membership(ApplicationID, UserID, Password, PasswordFormat, PasswordSalt, Email, LoweredEmail, IsApproved, IsLockedOut, CreateDate, LastLoginDate, LastPasswordChangedDate, LastLockoutDate, FailedPasswordAttemptCount, FailedPasswordAttemptWindowStart, FailedPasswordAnswerAttemptCount, FailedPasswordAnswerAttemptWindowStart)
   VALUES(@ApplicationID, @AspNetUserID, 'aMoPu/jMK8Yc4dxEEtAWm+RvKkFRjT38n/c1ORi3HgGWXJI15kNozQ==', 2, 'ub/Nej8BunZL3H6o+Z7+sg==', 'sellersm@creditkarma.com', 'sellersm@creditkarma.com', 1, 0, '2019-06-07 05:28:54', '2019-06-07 05:28:54', '2019-06-07 05:28:54', '1754-01-01 00:00:00.000', 0, '1754-01-01 00:00:00.000', 0, '1754-01-01 00:00:00.000')
   INSERT INTO dbo.dnn_UserPortals(UserID, PortalID, CreatedDate, Authorised, IsDeleted, RefreshRoles)
   VALUES(@UserID, @PortalID, '2019-06-07 05:28:54', 1, 0, 0)
   INSERT INTO dbo.dnn_UserRoles(UserID, RoleID, IsTrialUsed, CreatedByUserID, CreatedOnDate, LastModifiedByUserID, LastModifiedOnDate, [Status], IsOwner)
   VALUES(@UserId, @FemaleRole, 0, 1, '2019-06-07 05:28:54', 1, '2019-06-07 05:28:54', 1, 0)
   INSERT INTO dbo.dnn_Users(Username, FirstName, LastName, Email, DisplayName, UpdatePassword, LastIPAddress, IsDeleted, CreatedByUserID, CreatedOnDate, LastModifiedByUserID, LastModifiedOnDate, PasswordResetToken, PasswordResetExpiration)
   VALUES('hattie.leblanc@mataharimall.com', 'Hattie', 'Leblanc', 'hattie.leblanc@mataharimall.com', 'Hattie Leblanc', 0, '', 0, 1, '2019-06-07 05:28:54', 1, '2019-06-07 05:28:54', NULL, NULL)
   SELECT @UserID = SCOPE_IDENTITY()
   INSERT INTO dbo.aspnet_Users(ApplicationID, UserName, LoweredUserName, IsAnonymous, LastActivityDate)
   VALUES(@ApplicationId, 'hattie.leblanc@mataharimall.com', 'hattie.leblanc@mataharimall.com', 0, '2019-06-07 05:28:54')
   SELECT @AspNetUserID = UserId FROM aspnet_Users WHERE Username = 'hattie.leblanc@mataharimall.com'
   INSERT INTO dbo.aspnet_Membership(ApplicationID, UserID, Password, PasswordFormat, PasswordSalt, Email, LoweredEmail, IsApproved, IsLockedOut, CreateDate, LastLoginDate, LastPasswordChangedDate, LastLockoutDate, FailedPasswordAttemptCount, FailedPasswordAttemptWindowStart, FailedPasswordAnswerAttemptCount, FailedPasswordAnswerAttemptWindowStart)
   VALUES(@ApplicationID, @AspNetUserID, 'aMoPu/jMK8Yc4dxEEtAWm+RvKkFRjT38n/c1ORi3HgGWXJI15kNozQ==', 2, 'ub/Nej8BunZL3H6o+Z7+sg==', 'hattie.leblanc@mataharimall.com', 'hattie.leblanc@mataharimall.com', 1, 0, '2019-06-07 05:28:54', '2019-06-07 05:28:54', '2019-06-07 05:28:54', '1754-01-01 00:00:00.000', 0, '1754-01-01 00:00:00.000', 0, '1754-01-01 00:00:00.000')
   INSERT INTO dbo.dnn_UserPortals(UserID, PortalID, CreatedDate, Authorised, IsDeleted, RefreshRoles)
   VALUES(@UserID, @PortalID, '2019-06-07 05:28:54', 1, 0, 0)
   INSERT INTO dbo.dnn_UserRoles(UserID, RoleID, IsTrialUsed, CreatedByUserID, CreatedOnDate, LastModifiedByUserID, LastModifiedOnDate, [Status], IsOwner)
   VALUES(@UserId, @FemaleRole, 0, 1, '2019-06-07 05:28:54', 1, '2019-06-07 05:28:54', 1, 0)
   INSERT INTO dbo.dnn_Users(Username, FirstName, LastName, Email, DisplayName, UpdatePassword, LastIPAddress, IsDeleted, CreatedByUserID, CreatedOnDate, LastModifiedByUserID, LastModifiedOnDate, PasswordResetToken, PasswordResetExpiration)
   VALUES('h.esparza@rarbg.to', 'Harriet', 'Esparza', 'h.esparza@rarbg.to', 'Harriet Esparza', 0, '', 0, 1, '2019-06-07 05:28:54', 1, '2019-06-07 05:28:54', NULL, NULL)
   SELECT @UserID = SCOPE_IDENTITY()
   INSERT INTO dbo.aspnet_Users(ApplicationID, UserName, LoweredUserName, IsAnonymous, LastActivityDate)
   VALUES(@ApplicationId, 'h.esparza@rarbg.to', 'h.esparza@rarbg.to', 0, '2019-06-07 05:28:54')
   SELECT @AspNetUserID = UserId FROM aspnet_Users WHERE Username = 'h.esparza@rarbg.to'
   INSERT INTO dbo.aspnet_Membership(ApplicationID, UserID, Password, PasswordFormat, PasswordSalt, Email, LoweredEmail, IsApproved, IsLockedOut, CreateDate, LastLoginDate, LastPasswordChangedDate, LastLockoutDate, FailedPasswordAttemptCount, FailedPasswordAttemptWindowStart, FailedPasswordAnswerAttemptCount, FailedPasswordAnswerAttemptWindowStart)
   VALUES(@ApplicationID, @AspNetUserID, 'aMoPu/jMK8Yc4dxEEtAWm+RvKkFRjT38n/c1ORi3HgGWXJI15kNozQ==', 2, 'ub/Nej8BunZL3H6o+Z7+sg==', 'h.esparza@rarbg.to', 'h.esparza@rarbg.to', 1, 0, '2019-06-07 05:28:54', '2019-06-07 05:28:54', '2019-06-07 05:28:54', '1754-01-01 00:00:00.000', 0, '1754-01-01 00:00:00.000', 0, '1754-01-01 00:00:00.000')
   INSERT INTO dbo.dnn_UserPortals(UserID, PortalID, CreatedDate, Authorised, IsDeleted, RefreshRoles)
   VALUES(@UserID, @PortalID, '2019-06-07 05:28:54', 1, 0, 0)
   INSERT INTO dbo.dnn_UserRoles(UserID, RoleID, IsTrialUsed, CreatedByUserID, CreatedOnDate, LastModifiedByUserID, LastModifiedOnDate, [Status], IsOwner)
   VALUES(@UserId, @FemaleRole, 0, 1, '2019-06-07 05:28:54', 1, '2019-06-07 05:28:54', 1, 0)
   INSERT INTO dbo.dnn_Users(Username, FirstName, LastName, Email, DisplayName, UpdatePassword, LastIPAddress, IsDeleted, CreatedByUserID, CreatedOnDate, LastModifiedByUserID, LastModifiedOnDate, PasswordResetToken, PasswordResetExpiration)
   VALUES('hardinm@tim.it', 'Molly', 'Hardin', 'hardinm@tim.it', 'Molly Hardin', 0, '', 0, 1, '2019-06-07 05:28:54', 1, '2019-06-07 05:28:54', NULL, NULL)
   SELECT @UserID = SCOPE_IDENTITY()
   INSERT INTO dbo.aspnet_Users(ApplicationID, UserName, LoweredUserName, IsAnonymous, LastActivityDate)
   VALUES(@ApplicationId, 'hardinm@tim.it', 'hardinm@tim.it', 0, '2019-06-07 05:28:54')
   SELECT @AspNetUserID = UserId FROM aspnet_Users WHERE Username = 'hardinm@tim.it'
   INSERT INTO dbo.aspnet_Membership(ApplicationID, UserID, Password, PasswordFormat, PasswordSalt, Email, LoweredEmail, IsApproved, IsLockedOut, CreateDate, LastLoginDate, LastPasswordChangedDate, LastLockoutDate, FailedPasswordAttemptCount, FailedPasswordAttemptWindowStart, FailedPasswordAnswerAttemptCount, FailedPasswordAnswerAttemptWindowStart)
   VALUES(@ApplicationID, @AspNetUserID, 'aMoPu/jMK8Yc4dxEEtAWm+RvKkFRjT38n/c1ORi3HgGWXJI15kNozQ==', 2, 'ub/Nej8BunZL3H6o+Z7+sg==', 'hardinm@tim.it', 'hardinm@tim.it', 1, 0, '2019-06-07 05:28:54', '2019-06-07 05:28:54', '2019-06-07 05:28:54', '1754-01-01 00:00:00.000', 0, '1754-01-01 00:00:00.000', 0, '1754-01-01 00:00:00.000')
   INSERT INTO dbo.dnn_UserPortals(UserID, PortalID, CreatedDate, Authorised, IsDeleted, RefreshRoles)
   VALUES(@UserID, @PortalID, '2019-06-07 05:28:54', 1, 0, 0)
   INSERT INTO dbo.dnn_UserRoles(UserID, RoleID, IsTrialUsed, CreatedByUserID, CreatedOnDate, LastModifiedByUserID, LastModifiedOnDate, [Status], IsOwner)
   VALUES(@UserId, @FemaleRole, 0, 1, '2019-06-07 05:28:54', 1, '2019-06-07 05:28:54', 1, 0)
   INSERT INTO dbo.dnn_UserRoles(UserID, RoleID, IsTrialUsed, CreatedByUserID, CreatedOnDate, LastModifiedByUserID, LastModifiedOnDate, [Status], IsOwner)
   VALUES(@UserId, @AcademicRole, 0, 1, '2019-06-07 05:28:54', 1, '2019-06-07 05:28:54', 1, 0)
   INSERT INTO dbo.dnn_Users(Username, FirstName, LastName, Email, DisplayName, UpdatePassword, LastIPAddress, IsDeleted, CreatedByUserID, CreatedOnDate, LastModifiedByUserID, LastModifiedOnDate, PasswordResetToken, PasswordResetExpiration)
   VALUES('cecilia.bradshaw@anitube.se', 'Cecilia', 'Bradshaw', 'cecilia.bradshaw@anitube.se', 'Cecilia Bradshaw', 0, '', 0, 1, '2019-06-07 05:28:54', 1, '2019-06-07 05:28:54', NULL, NULL)
   SELECT @UserID = SCOPE_IDENTITY()
   INSERT INTO dbo.aspnet_Users(ApplicationID, UserName, LoweredUserName, IsAnonymous, LastActivityDate)
   VALUES(@ApplicationId, 'cecilia.bradshaw@anitube.se', 'cecilia.bradshaw@anitube.se', 0, '2019-06-07 05:28:54')
   SELECT @AspNetUserID = UserId FROM aspnet_Users WHERE Username = 'cecilia.bradshaw@anitube.se'
   INSERT INTO dbo.aspnet_Membership(ApplicationID, UserID, Password, PasswordFormat, PasswordSalt, Email, LoweredEmail, IsApproved, IsLockedOut, CreateDate, LastLoginDate, LastPasswordChangedDate, LastLockoutDate, FailedPasswordAttemptCount, FailedPasswordAttemptWindowStart, FailedPasswordAnswerAttemptCount, FailedPasswordAnswerAttemptWindowStart)
   VALUES(@ApplicationID, @AspNetUserID, 'aMoPu/jMK8Yc4dxEEtAWm+RvKkFRjT38n/c1ORi3HgGWXJI15kNozQ==', 2, 'ub/Nej8BunZL3H6o+Z7+sg==', 'cecilia.bradshaw@anitube.se', 'cecilia.bradshaw@anitube.se', 1, 0, '2019-06-07 05:28:54', '2019-06-07 05:28:54', '2019-06-07 05:28:54', '1754-01-01 00:00:00.000', 0, '1754-01-01 00:00:00.000', 0, '1754-01-01 00:00:00.000')
   INSERT INTO dbo.dnn_UserPortals(UserID, PortalID, CreatedDate, Authorised, IsDeleted, RefreshRoles)
   VALUES(@UserID, @PortalID, '2019-06-07 05:28:54', 1, 0, 0)
   INSERT INTO dbo.dnn_UserRoles(UserID, RoleID, IsTrialUsed, CreatedByUserID, CreatedOnDate, LastModifiedByUserID, LastModifiedOnDate, [Status], IsOwner)
   VALUES(@UserId, @FemaleRole, 0, 1, '2019-06-07 05:28:54', 1, '2019-06-07 05:28:54', 1, 0)
   INSERT INTO dbo.dnn_Users(Username, FirstName, LastName, Email, DisplayName, UpdatePassword, LastIPAddress, IsDeleted, CreatedByUserID, CreatedOnDate, LastModifiedByUserID, LastModifiedOnDate, PasswordResetToken, PasswordResetExpiration)
   VALUES('k.mcintosh@mapquest.com', 'Kristi', 'Mcintosh', 'k.mcintosh@mapquest.com', 'Kristi Mcintosh', 0, '', 0, 1, '2019-06-07 05:28:54', 1, '2019-06-07 05:28:54', NULL, NULL)
   SELECT @UserID = SCOPE_IDENTITY()
   INSERT INTO dbo.aspnet_Users(ApplicationID, UserName, LoweredUserName, IsAnonymous, LastActivityDate)
   VALUES(@ApplicationId, 'k.mcintosh@mapquest.com', 'k.mcintosh@mapquest.com', 0, '2019-06-07 05:28:54')
   SELECT @AspNetUserID = UserId FROM aspnet_Users WHERE Username = 'k.mcintosh@mapquest.com'
   INSERT INTO dbo.aspnet_Membership(ApplicationID, UserID, Password, PasswordFormat, PasswordSalt, Email, LoweredEmail, IsApproved, IsLockedOut, CreateDate, LastLoginDate, LastPasswordChangedDate, LastLockoutDate, FailedPasswordAttemptCount, FailedPasswordAttemptWindowStart, FailedPasswordAnswerAttemptCount, FailedPasswordAnswerAttemptWindowStart)
   VALUES(@ApplicationID, @AspNetUserID, 'aMoPu/jMK8Yc4dxEEtAWm+RvKkFRjT38n/c1ORi3HgGWXJI15kNozQ==', 2, 'ub/Nej8BunZL3H6o+Z7+sg==', 'k.mcintosh@mapquest.com', 'k.mcintosh@mapquest.com', 1, 0, '2019-06-07 05:28:54', '2019-06-07 05:28:54', '2019-06-07 05:28:54', '1754-01-01 00:00:00.000', 0, '1754-01-01 00:00:00.000', 0, '1754-01-01 00:00:00.000')
   INSERT INTO dbo.dnn_UserPortals(UserID, PortalID, CreatedDate, Authorised, IsDeleted, RefreshRoles)
   VALUES(@UserID, @PortalID, '2019-06-07 05:28:54', 1, 0, 0)
   INSERT INTO dbo.dnn_UserRoles(UserID, RoleID, IsTrialUsed, CreatedByUserID, CreatedOnDate, LastModifiedByUserID, LastModifiedOnDate, [Status], IsOwner)
   VALUES(@UserId, @FemaleRole, 0, 1, '2019-06-07 05:28:54', 1, '2019-06-07 05:28:54', 1, 0)
   INSERT INTO dbo.dnn_Users(Username, FirstName, LastName, Email, DisplayName, UpdatePassword, LastIPAddress, IsDeleted, CreatedByUserID, CreatedOnDate, LastModifiedByUserID, LastModifiedOnDate, PasswordResetToken, PasswordResetExpiration)
   VALUES('howeb@westernjournalism.com', 'Brandi', 'Howe', 'howeb@westernjournalism.com', 'Brandi Howe', 0, '', 0, 1, '2019-06-07 05:28:54', 1, '2019-06-07 05:28:54', NULL, NULL)
   SELECT @UserID = SCOPE_IDENTITY()
   INSERT INTO dbo.aspnet_Users(ApplicationID, UserName, LoweredUserName, IsAnonymous, LastActivityDate)
   VALUES(@ApplicationId, 'howeb@westernjournalism.com', 'howeb@westernjournalism.com', 0, '2019-06-07 05:28:54')
   SELECT @AspNetUserID = UserId FROM aspnet_Users WHERE Username = 'howeb@westernjournalism.com'
   INSERT INTO dbo.aspnet_Membership(ApplicationID, UserID, Password, PasswordFormat, PasswordSalt, Email, LoweredEmail, IsApproved, IsLockedOut, CreateDate, LastLoginDate, LastPasswordChangedDate, LastLockoutDate, FailedPasswordAttemptCount, FailedPasswordAttemptWindowStart, FailedPasswordAnswerAttemptCount, FailedPasswordAnswerAttemptWindowStart)
   VALUES(@ApplicationID, @AspNetUserID, 'aMoPu/jMK8Yc4dxEEtAWm+RvKkFRjT38n/c1ORi3HgGWXJI15kNozQ==', 2, 'ub/Nej8BunZL3H6o+Z7+sg==', 'howeb@westernjournalism.com', 'howeb@westernjournalism.com', 1, 0, '2019-06-07 05:28:54', '2019-06-07 05:28:54', '2019-06-07 05:28:54', '1754-01-01 00:00:00.000', 0, '1754-01-01 00:00:00.000', 0, '1754-01-01 00:00:00.000')
   INSERT INTO dbo.dnn_UserPortals(UserID, PortalID, CreatedDate, Authorised, IsDeleted, RefreshRoles)
   VALUES(@UserID, @PortalID, '2019-06-07 05:28:54', 1, 0, 0)
   INSERT INTO dbo.dnn_UserRoles(UserID, RoleID, IsTrialUsed, CreatedByUserID, CreatedOnDate, LastModifiedByUserID, LastModifiedOnDate, [Status], IsOwner)
   VALUES(@UserId, @FemaleRole, 0, 1, '2019-06-07 05:28:54', 1, '2019-06-07 05:28:54', 1, 0)
   INSERT INTO dbo.dnn_Users(Username, FirstName, LastName, Email, DisplayName, UpdatePassword, LastIPAddress, IsDeleted, CreatedByUserID, CreatedOnDate, LastModifiedByUserID, LastModifiedOnDate, PasswordResetToken, PasswordResetExpiration)
   VALUES('blanche.livingston@eventbrite.com', 'Blanche', 'Livingston', 'blanche.livingston@eventbrite.com', 'Blanche Livingston', 0, '', 0, 1, '2019-06-07 05:28:54', 1, '2019-06-07 05:28:54', NULL, NULL)
   SELECT @UserID = SCOPE_IDENTITY()
   INSERT INTO dbo.aspnet_Users(ApplicationID, UserName, LoweredUserName, IsAnonymous, LastActivityDate)
   VALUES(@ApplicationId, 'blanche.livingston@eventbrite.com', 'blanche.livingston@eventbrite.com', 0, '2019-06-07 05:28:54')
   SELECT @AspNetUserID = UserId FROM aspnet_Users WHERE Username = 'blanche.livingston@eventbrite.com'
   INSERT INTO dbo.aspnet_Membership(ApplicationID, UserID, Password, PasswordFormat, PasswordSalt, Email, LoweredEmail, IsApproved, IsLockedOut, CreateDate, LastLoginDate, LastPasswordChangedDate, LastLockoutDate, FailedPasswordAttemptCount, FailedPasswordAttemptWindowStart, FailedPasswordAnswerAttemptCount, FailedPasswordAnswerAttemptWindowStart)
   VALUES(@ApplicationID, @AspNetUserID, 'aMoPu/jMK8Yc4dxEEtAWm+RvKkFRjT38n/c1ORi3HgGWXJI15kNozQ==', 2, 'ub/Nej8BunZL3H6o+Z7+sg==', 'blanche.livingston@eventbrite.com', 'blanche.livingston@eventbrite.com', 1, 0, '2019-06-07 05:28:54', '2019-06-07 05:28:54', '2019-06-07 05:28:54', '1754-01-01 00:00:00.000', 0, '1754-01-01 00:00:00.000', 0, '1754-01-01 00:00:00.000')
   INSERT INTO dbo.dnn_UserPortals(UserID, PortalID, CreatedDate, Authorised, IsDeleted, RefreshRoles)
   VALUES(@UserID, @PortalID, '2019-06-07 05:28:54', 1, 0, 0)
   INSERT INTO dbo.dnn_UserRoles(UserID, RoleID, IsTrialUsed, CreatedByUserID, CreatedOnDate, LastModifiedByUserID, LastModifiedOnDate, [Status], IsOwner)
   VALUES(@UserId, @FemaleRole, 0, 1, '2019-06-07 05:28:54', 1, '2019-06-07 05:28:54', 1, 0)
   INSERT INTO dbo.dnn_Users(Username, FirstName, LastName, Email, DisplayName, UpdatePassword, LastIPAddress, IsDeleted, CreatedByUserID, CreatedOnDate, LastModifiedByUserID, LastModifiedOnDate, PasswordResetToken, PasswordResetExpiration)
   VALUES('s.frost@liveinternet.ru', 'Sandy', 'Frost', 's.frost@liveinternet.ru', 'Sandy Frost', 0, '', 0, 1, '2019-06-07 05:28:54', 1, '2019-06-07 05:28:54', NULL, NULL)
   SELECT @UserID = SCOPE_IDENTITY()
   INSERT INTO dbo.aspnet_Users(ApplicationID, UserName, LoweredUserName, IsAnonymous, LastActivityDate)
   VALUES(@ApplicationId, 's.frost@liveinternet.ru', 's.frost@liveinternet.ru', 0, '2019-06-07 05:28:54')
   SELECT @AspNetUserID = UserId FROM aspnet_Users WHERE Username = 's.frost@liveinternet.ru'
   INSERT INTO dbo.aspnet_Membership(ApplicationID, UserID, Password, PasswordFormat, PasswordSalt, Email, LoweredEmail, IsApproved, IsLockedOut, CreateDate, LastLoginDate, LastPasswordChangedDate, LastLockoutDate, FailedPasswordAttemptCount, FailedPasswordAttemptWindowStart, FailedPasswordAnswerAttemptCount, FailedPasswordAnswerAttemptWindowStart)
   VALUES(@ApplicationID, @AspNetUserID, 'aMoPu/jMK8Yc4dxEEtAWm+RvKkFRjT38n/c1ORi3HgGWXJI15kNozQ==', 2, 'ub/Nej8BunZL3H6o+Z7+sg==', 's.frost@liveinternet.ru', 's.frost@liveinternet.ru', 1, 0, '2019-06-07 05:28:54', '2019-06-07 05:28:54', '2019-06-07 05:28:54', '1754-01-01 00:00:00.000', 0, '1754-01-01 00:00:00.000', 0, '1754-01-01 00:00:00.000')
   INSERT INTO dbo.dnn_UserPortals(UserID, PortalID, CreatedDate, Authorised, IsDeleted, RefreshRoles)
   VALUES(@UserID, @PortalID, '2019-06-07 05:28:54', 1, 0, 0)
   INSERT INTO dbo.dnn_UserRoles(UserID, RoleID, IsTrialUsed, CreatedByUserID, CreatedOnDate, LastModifiedByUserID, LastModifiedOnDate, [Status], IsOwner)
   VALUES(@UserId, @FemaleRole, 0, 1, '2019-06-07 05:28:54', 1, '2019-06-07 05:28:54', 1, 0)
   INSERT INTO dbo.dnn_Users(Username, FirstName, LastName, Email, DisplayName, UpdatePassword, LastIPAddress, IsDeleted, CreatedByUserID, CreatedOnDate, LastModifiedByUserID, LastModifiedOnDate, PasswordResetToken, PasswordResetExpiration)
   VALUES('glassr@politico.com', 'Rosie', 'Glass', 'glassr@politico.com', 'Rosie Glass', 0, '', 0, 1, '2019-06-07 05:28:54', 1, '2019-06-07 05:28:54', NULL, NULL)
   SELECT @UserID = SCOPE_IDENTITY()
   INSERT INTO dbo.aspnet_Users(ApplicationID, UserName, LoweredUserName, IsAnonymous, LastActivityDate)
   VALUES(@ApplicationId, 'glassr@politico.com', 'glassr@politico.com', 0, '2019-06-07 05:28:54')
   SELECT @AspNetUserID = UserId FROM aspnet_Users WHERE Username = 'glassr@politico.com'
   INSERT INTO dbo.aspnet_Membership(ApplicationID, UserID, Password, PasswordFormat, PasswordSalt, Email, LoweredEmail, IsApproved, IsLockedOut, CreateDate, LastLoginDate, LastPasswordChangedDate, LastLockoutDate, FailedPasswordAttemptCount, FailedPasswordAttemptWindowStart, FailedPasswordAnswerAttemptCount, FailedPasswordAnswerAttemptWindowStart)
   VALUES(@ApplicationID, @AspNetUserID, 'aMoPu/jMK8Yc4dxEEtAWm+RvKkFRjT38n/c1ORi3HgGWXJI15kNozQ==', 2, 'ub/Nej8BunZL3H6o+Z7+sg==', 'glassr@politico.com', 'glassr@politico.com', 1, 0, '2019-06-07 05:28:54', '2019-06-07 05:28:54', '2019-06-07 05:28:54', '1754-01-01 00:00:00.000', 0, '1754-01-01 00:00:00.000', 0, '1754-01-01 00:00:00.000')
   INSERT INTO dbo.dnn_UserPortals(UserID, PortalID, CreatedDate, Authorised, IsDeleted, RefreshRoles)
   VALUES(@UserID, @PortalID, '2019-06-07 05:28:54', 1, 0, 0)
   INSERT INTO dbo.dnn_UserRoles(UserID, RoleID, IsTrialUsed, CreatedByUserID, CreatedOnDate, LastModifiedByUserID, LastModifiedOnDate, [Status], IsOwner)
   VALUES(@UserId, @FemaleRole, 0, 1, '2019-06-07 05:28:54', 1, '2019-06-07 05:28:54', 1, 0)
   INSERT INTO dbo.dnn_UserRoles(UserID, RoleID, IsTrialUsed, CreatedByUserID, CreatedOnDate, LastModifiedByUserID, LastModifiedOnDate, [Status], IsOwner)
   VALUES(@UserId, @ManagerRole, 0, 1, '2019-06-07 05:28:54', 1, '2019-06-07 05:28:54', 1, 0)
   INSERT INTO dbo.dnn_Users(Username, FirstName, LastName, Email, DisplayName, UpdatePassword, LastIPAddress, IsDeleted, CreatedByUserID, CreatedOnDate, LastModifiedByUserID, LastModifiedOnDate, PasswordResetToken, PasswordResetExpiration)
   VALUES('joanna.morse@android.com', 'Joanna', 'Morse', 'joanna.morse@android.com', 'Joanna Morse', 0, '', 0, 1, '2019-06-07 05:28:54', 1, '2019-06-07 05:28:54', NULL, NULL)
   SELECT @UserID = SCOPE_IDENTITY()
   INSERT INTO dbo.aspnet_Users(ApplicationID, UserName, LoweredUserName, IsAnonymous, LastActivityDate)
   VALUES(@ApplicationId, 'joanna.morse@android.com', 'joanna.morse@android.com', 0, '2019-06-07 05:28:54')
   SELECT @AspNetUserID = UserId FROM aspnet_Users WHERE Username = 'joanna.morse@android.com'
   INSERT INTO dbo.aspnet_Membership(ApplicationID, UserID, Password, PasswordFormat, PasswordSalt, Email, LoweredEmail, IsApproved, IsLockedOut, CreateDate, LastLoginDate, LastPasswordChangedDate, LastLockoutDate, FailedPasswordAttemptCount, FailedPasswordAttemptWindowStart, FailedPasswordAnswerAttemptCount, FailedPasswordAnswerAttemptWindowStart)
   VALUES(@ApplicationID, @AspNetUserID, 'aMoPu/jMK8Yc4dxEEtAWm+RvKkFRjT38n/c1ORi3HgGWXJI15kNozQ==', 2, 'ub/Nej8BunZL3H6o+Z7+sg==', 'joanna.morse@android.com', 'joanna.morse@android.com', 1, 0, '2019-06-07 05:28:54', '2019-06-07 05:28:54', '2019-06-07 05:28:54', '1754-01-01 00:00:00.000', 0, '1754-01-01 00:00:00.000', 0, '1754-01-01 00:00:00.000')
   INSERT INTO dbo.dnn_UserPortals(UserID, PortalID, CreatedDate, Authorised, IsDeleted, RefreshRoles)
   VALUES(@UserID, @PortalID, '2019-06-07 05:28:54', 1, 0, 0)
   INSERT INTO dbo.dnn_UserRoles(UserID, RoleID, IsTrialUsed, CreatedByUserID, CreatedOnDate, LastModifiedByUserID, LastModifiedOnDate, [Status], IsOwner)
   VALUES(@UserId, @FemaleRole, 0, 1, '2019-06-07 05:28:54', 1, '2019-06-07 05:28:54', 1, 0)
   INSERT INTO dbo.dnn_Users(Username, FirstName, LastName, Email, DisplayName, UpdatePassword, LastIPAddress, IsDeleted, CreatedByUserID, CreatedOnDate, LastModifiedByUserID, LastModifiedOnDate, PasswordResetToken, PasswordResetExpiration)
   VALUES('i.knapp@weather.gov', 'Iris', 'Knapp', 'i.knapp@weather.gov', 'Iris Knapp', 0, '', 0, 1, '2019-06-07 05:28:54', 1, '2019-06-07 05:28:54', NULL, NULL)
   SELECT @UserID = SCOPE_IDENTITY()
   INSERT INTO dbo.aspnet_Users(ApplicationID, UserName, LoweredUserName, IsAnonymous, LastActivityDate)
   VALUES(@ApplicationId, 'i.knapp@weather.gov', 'i.knapp@weather.gov', 0, '2019-06-07 05:28:54')
   SELECT @AspNetUserID = UserId FROM aspnet_Users WHERE Username = 'i.knapp@weather.gov'
   INSERT INTO dbo.aspnet_Membership(ApplicationID, UserID, Password, PasswordFormat, PasswordSalt, Email, LoweredEmail, IsApproved, IsLockedOut, CreateDate, LastLoginDate, LastPasswordChangedDate, LastLockoutDate, FailedPasswordAttemptCount, FailedPasswordAttemptWindowStart, FailedPasswordAnswerAttemptCount, FailedPasswordAnswerAttemptWindowStart)
   VALUES(@ApplicationID, @AspNetUserID, 'aMoPu/jMK8Yc4dxEEtAWm+RvKkFRjT38n/c1ORi3HgGWXJI15kNozQ==', 2, 'ub/Nej8BunZL3H6o+Z7+sg==', 'i.knapp@weather.gov', 'i.knapp@weather.gov', 1, 0, '2019-06-07 05:28:54', '2019-06-07 05:28:54', '2019-06-07 05:28:54', '1754-01-01 00:00:00.000', 0, '1754-01-01 00:00:00.000', 0, '1754-01-01 00:00:00.000')
   INSERT INTO dbo.dnn_UserPortals(UserID, PortalID, CreatedDate, Authorised, IsDeleted, RefreshRoles)
   VALUES(@UserID, @PortalID, '2019-06-07 05:28:54', 1, 0, 0)
   INSERT INTO dbo.dnn_UserRoles(UserID, RoleID, IsTrialUsed, CreatedByUserID, CreatedOnDate, LastModifiedByUserID, LastModifiedOnDate, [Status], IsOwner)
   VALUES(@UserId, @FemaleRole, 0, 1, '2019-06-07 05:28:54', 1, '2019-06-07 05:28:54', 1, 0)
   INSERT INTO dbo.dnn_Users(Username, FirstName, LastName, Email, DisplayName, UpdatePassword, LastIPAddress, IsDeleted, CreatedByUserID, CreatedOnDate, LastModifiedByUserID, LastModifiedOnDate, PasswordResetToken, PasswordResetExpiration)
   VALUES('hermane@lun.com', 'Eunice', 'Herman', 'hermane@lun.com', 'Eunice Herman', 0, '', 0, 1, '2019-06-07 05:28:54', 1, '2019-06-07 05:28:54', NULL, NULL)
   SELECT @UserID = SCOPE_IDENTITY()
   INSERT INTO dbo.aspnet_Users(ApplicationID, UserName, LoweredUserName, IsAnonymous, LastActivityDate)
   VALUES(@ApplicationId, 'hermane@lun.com', 'hermane@lun.com', 0, '2019-06-07 05:28:54')
   SELECT @AspNetUserID = UserId FROM aspnet_Users WHERE Username = 'hermane@lun.com'
   INSERT INTO dbo.aspnet_Membership(ApplicationID, UserID, Password, PasswordFormat, PasswordSalt, Email, LoweredEmail, IsApproved, IsLockedOut, CreateDate, LastLoginDate, LastPasswordChangedDate, LastLockoutDate, FailedPasswordAttemptCount, FailedPasswordAttemptWindowStart, FailedPasswordAnswerAttemptCount, FailedPasswordAnswerAttemptWindowStart)
   VALUES(@ApplicationID, @AspNetUserID, 'aMoPu/jMK8Yc4dxEEtAWm+RvKkFRjT38n/c1ORi3HgGWXJI15kNozQ==', 2, 'ub/Nej8BunZL3H6o+Z7+sg==', 'hermane@lun.com', 'hermane@lun.com', 1, 0, '2019-06-07 05:28:54', '2019-06-07 05:28:54', '2019-06-07 05:28:54', '1754-01-01 00:00:00.000', 0, '1754-01-01 00:00:00.000', 0, '1754-01-01 00:00:00.000')
   INSERT INTO dbo.dnn_UserPortals(UserID, PortalID, CreatedDate, Authorised, IsDeleted, RefreshRoles)
   VALUES(@UserID, @PortalID, '2019-06-07 05:28:54', 1, 0, 0)
   INSERT INTO dbo.dnn_UserRoles(UserID, RoleID, IsTrialUsed, CreatedByUserID, CreatedOnDate, LastModifiedByUserID, LastModifiedOnDate, [Status], IsOwner)
   VALUES(@UserId, @FemaleRole, 0, 1, '2019-06-07 05:28:54', 1, '2019-06-07 05:28:54', 1, 0)
   INSERT INTO dbo.dnn_Users(Username, FirstName, LastName, Email, DisplayName, UpdatePassword, LastIPAddress, IsDeleted, CreatedByUserID, CreatedOnDate, LastModifiedByUserID, LastModifiedOnDate, PasswordResetToken, PasswordResetExpiration)
   VALUES('angie.stark@bankmellat.ir', 'Angie', 'Stark', 'angie.stark@bankmellat.ir', 'Angie Stark', 0, '', 0, 1, '2019-06-07 05:28:54', 1, '2019-06-07 05:28:54', NULL, NULL)
   SELECT @UserID = SCOPE_IDENTITY()
   INSERT INTO dbo.aspnet_Users(ApplicationID, UserName, LoweredUserName, IsAnonymous, LastActivityDate)
   VALUES(@ApplicationId, 'angie.stark@bankmellat.ir', 'angie.stark@bankmellat.ir', 0, '2019-06-07 05:28:54')
   SELECT @AspNetUserID = UserId FROM aspnet_Users WHERE Username = 'angie.stark@bankmellat.ir'
   INSERT INTO dbo.aspnet_Membership(ApplicationID, UserID, Password, PasswordFormat, PasswordSalt, Email, LoweredEmail, IsApproved, IsLockedOut, CreateDate, LastLoginDate, LastPasswordChangedDate, LastLockoutDate, FailedPasswordAttemptCount, FailedPasswordAttemptWindowStart, FailedPasswordAnswerAttemptCount, FailedPasswordAnswerAttemptWindowStart)
   VALUES(@ApplicationID, @AspNetUserID, 'aMoPu/jMK8Yc4dxEEtAWm+RvKkFRjT38n/c1ORi3HgGWXJI15kNozQ==', 2, 'ub/Nej8BunZL3H6o+Z7+sg==', 'angie.stark@bankmellat.ir', 'angie.stark@bankmellat.ir', 1, 0, '2019-06-07 05:28:54', '2019-06-07 05:28:54', '2019-06-07 05:28:54', '1754-01-01 00:00:00.000', 0, '1754-01-01 00:00:00.000', 0, '1754-01-01 00:00:00.000')
   INSERT INTO dbo.dnn_UserPortals(UserID, PortalID, CreatedDate, Authorised, IsDeleted, RefreshRoles)
   VALUES(@UserID, @PortalID, '2019-06-07 05:28:54', 1, 0, 0)
   INSERT INTO dbo.dnn_UserRoles(UserID, RoleID, IsTrialUsed, CreatedByUserID, CreatedOnDate, LastModifiedByUserID, LastModifiedOnDate, [Status], IsOwner)
   VALUES(@UserId, @FemaleRole, 0, 1, '2019-06-07 05:28:54', 1, '2019-06-07 05:28:54', 1, 0)
   INSERT INTO dbo.dnn_Users(Username, FirstName, LastName, Email, DisplayName, UpdatePassword, LastIPAddress, IsDeleted, CreatedByUserID, CreatedOnDate, LastModifiedByUserID, LastModifiedOnDate, PasswordResetToken, PasswordResetExpiration)
   VALUES('i.bravo@sfgate.com', 'Inez', 'Bravo', 'i.bravo@sfgate.com', 'Inez Bravo', 0, '', 0, 1, '2019-06-07 05:28:54', 1, '2019-06-07 05:28:54', NULL, NULL)
   SELECT @UserID = SCOPE_IDENTITY()
   INSERT INTO dbo.aspnet_Users(ApplicationID, UserName, LoweredUserName, IsAnonymous, LastActivityDate)
   VALUES(@ApplicationId, 'i.bravo@sfgate.com', 'i.bravo@sfgate.com', 0, '2019-06-07 05:28:54')
   SELECT @AspNetUserID = UserId FROM aspnet_Users WHERE Username = 'i.bravo@sfgate.com'
   INSERT INTO dbo.aspnet_Membership(ApplicationID, UserID, Password, PasswordFormat, PasswordSalt, Email, LoweredEmail, IsApproved, IsLockedOut, CreateDate, LastLoginDate, LastPasswordChangedDate, LastLockoutDate, FailedPasswordAttemptCount, FailedPasswordAttemptWindowStart, FailedPasswordAnswerAttemptCount, FailedPasswordAnswerAttemptWindowStart)
   VALUES(@ApplicationID, @AspNetUserID, 'aMoPu/jMK8Yc4dxEEtAWm+RvKkFRjT38n/c1ORi3HgGWXJI15kNozQ==', 2, 'ub/Nej8BunZL3H6o+Z7+sg==', 'i.bravo@sfgate.com', 'i.bravo@sfgate.com', 1, 0, '2019-06-07 05:28:54', '2019-06-07 05:28:54', '2019-06-07 05:28:54', '1754-01-01 00:00:00.000', 0, '1754-01-01 00:00:00.000', 0, '1754-01-01 00:00:00.000')
   INSERT INTO dbo.dnn_UserPortals(UserID, PortalID, CreatedDate, Authorised, IsDeleted, RefreshRoles)
   VALUES(@UserID, @PortalID, '2019-06-07 05:28:54', 1, 0, 0)
   INSERT INTO dbo.dnn_UserRoles(UserID, RoleID, IsTrialUsed, CreatedByUserID, CreatedOnDate, LastModifiedByUserID, LastModifiedOnDate, [Status], IsOwner)
   VALUES(@UserId, @FemaleRole, 0, 1, '2019-06-07 05:28:54', 1, '2019-06-07 05:28:54', 1, 0)
   INSERT INTO dbo.dnn_Users(Username, FirstName, LastName, Email, DisplayName, UpdatePassword, LastIPAddress, IsDeleted, CreatedByUserID, CreatedOnDate, LastModifiedByUserID, LastModifiedOnDate, PasswordResetToken, PasswordResetExpiration)
   VALUES('noblel@misrjournal.com', 'Lynda', 'Noble', 'noblel@misrjournal.com', 'Lynda Noble', 0, '', 0, 1, '2019-06-07 05:28:54', 1, '2019-06-07 05:28:54', NULL, NULL)
   SELECT @UserID = SCOPE_IDENTITY()
   INSERT INTO dbo.aspnet_Users(ApplicationID, UserName, LoweredUserName, IsAnonymous, LastActivityDate)
   VALUES(@ApplicationId, 'noblel@misrjournal.com', 'noblel@misrjournal.com', 0, '2019-06-07 05:28:54')
   SELECT @AspNetUserID = UserId FROM aspnet_Users WHERE Username = 'noblel@misrjournal.com'
   INSERT INTO dbo.aspnet_Membership(ApplicationID, UserID, Password, PasswordFormat, PasswordSalt, Email, LoweredEmail, IsApproved, IsLockedOut, CreateDate, LastLoginDate, LastPasswordChangedDate, LastLockoutDate, FailedPasswordAttemptCount, FailedPasswordAttemptWindowStart, FailedPasswordAnswerAttemptCount, FailedPasswordAnswerAttemptWindowStart)
   VALUES(@ApplicationID, @AspNetUserID, 'aMoPu/jMK8Yc4dxEEtAWm+RvKkFRjT38n/c1ORi3HgGWXJI15kNozQ==', 2, 'ub/Nej8BunZL3H6o+Z7+sg==', 'noblel@misrjournal.com', 'noblel@misrjournal.com', 1, 0, '2019-06-07 05:28:54', '2019-06-07 05:28:54', '2019-06-07 05:28:54', '1754-01-01 00:00:00.000', 0, '1754-01-01 00:00:00.000', 0, '1754-01-01 00:00:00.000')
   INSERT INTO dbo.dnn_UserPortals(UserID, PortalID, CreatedDate, Authorised, IsDeleted, RefreshRoles)
   VALUES(@UserID, @PortalID, '2019-06-07 05:28:54', 1, 0, 0)
   INSERT INTO dbo.dnn_UserRoles(UserID, RoleID, IsTrialUsed, CreatedByUserID, CreatedOnDate, LastModifiedByUserID, LastModifiedOnDate, [Status], IsOwner)
   VALUES(@UserId, @FemaleRole, 0, 1, '2019-06-07 05:28:54', 1, '2019-06-07 05:28:54', 1, 0)
   INSERT INTO dbo.dnn_Users(Username, FirstName, LastName, Email, DisplayName, UpdatePassword, LastIPAddress, IsDeleted, CreatedByUserID, CreatedOnDate, LastModifiedByUserID, LastModifiedOnDate, PasswordResetToken, PasswordResetExpiration)
   VALUES('madeline.spears@lemonde.fr', 'Madeline', 'Spears', 'madeline.spears@lemonde.fr', 'Madeline Spears', 0, '', 0, 1, '2019-06-07 05:28:54', 1, '2019-06-07 05:28:54', NULL, NULL)
   SELECT @UserID = SCOPE_IDENTITY()
   INSERT INTO dbo.aspnet_Users(ApplicationID, UserName, LoweredUserName, IsAnonymous, LastActivityDate)
   VALUES(@ApplicationId, 'madeline.spears@lemonde.fr', 'madeline.spears@lemonde.fr', 0, '2019-06-07 05:28:54')
   SELECT @AspNetUserID = UserId FROM aspnet_Users WHERE Username = 'madeline.spears@lemonde.fr'
   INSERT INTO dbo.aspnet_Membership(ApplicationID, UserID, Password, PasswordFormat, PasswordSalt, Email, LoweredEmail, IsApproved, IsLockedOut, CreateDate, LastLoginDate, LastPasswordChangedDate, LastLockoutDate, FailedPasswordAttemptCount, FailedPasswordAttemptWindowStart, FailedPasswordAnswerAttemptCount, FailedPasswordAnswerAttemptWindowStart)
   VALUES(@ApplicationID, @AspNetUserID, 'aMoPu/jMK8Yc4dxEEtAWm+RvKkFRjT38n/c1ORi3HgGWXJI15kNozQ==', 2, 'ub/Nej8BunZL3H6o+Z7+sg==', 'madeline.spears@lemonde.fr', 'madeline.spears@lemonde.fr', 1, 0, '2019-06-07 05:28:54', '2019-06-07 05:28:54', '2019-06-07 05:28:54', '1754-01-01 00:00:00.000', 0, '1754-01-01 00:00:00.000', 0, '1754-01-01 00:00:00.000')
   INSERT INTO dbo.dnn_UserPortals(UserID, PortalID, CreatedDate, Authorised, IsDeleted, RefreshRoles)
   VALUES(@UserID, @PortalID, '2019-06-07 05:28:54', 1, 0, 0)
   INSERT INTO dbo.dnn_UserRoles(UserID, RoleID, IsTrialUsed, CreatedByUserID, CreatedOnDate, LastModifiedByUserID, LastModifiedOnDate, [Status], IsOwner)
   VALUES(@UserId, @FemaleRole, 0, 1, '2019-06-07 05:28:54', 1, '2019-06-07 05:28:54', 1, 0)
   INSERT INTO dbo.dnn_Users(Username, FirstName, LastName, Email, DisplayName, UpdatePassword, LastIPAddress, IsDeleted, CreatedByUserID, CreatedOnDate, LastModifiedByUserID, LastModifiedOnDate, PasswordResetToken, PasswordResetExpiration)
   VALUES('a.weeks@uber.com', 'Amelia', 'Weeks', 'a.weeks@uber.com', 'Amelia Weeks', 0, '', 0, 1, '2019-06-07 05:28:54', 1, '2019-06-07 05:28:54', NULL, NULL)
   SELECT @UserID = SCOPE_IDENTITY()
   INSERT INTO dbo.aspnet_Users(ApplicationID, UserName, LoweredUserName, IsAnonymous, LastActivityDate)
   VALUES(@ApplicationId, 'a.weeks@uber.com', 'a.weeks@uber.com', 0, '2019-06-07 05:28:54')
   SELECT @AspNetUserID = UserId FROM aspnet_Users WHERE Username = 'a.weeks@uber.com'
   INSERT INTO dbo.aspnet_Membership(ApplicationID, UserID, Password, PasswordFormat, PasswordSalt, Email, LoweredEmail, IsApproved, IsLockedOut, CreateDate, LastLoginDate, LastPasswordChangedDate, LastLockoutDate, FailedPasswordAttemptCount, FailedPasswordAttemptWindowStart, FailedPasswordAnswerAttemptCount, FailedPasswordAnswerAttemptWindowStart)
   VALUES(@ApplicationID, @AspNetUserID, 'aMoPu/jMK8Yc4dxEEtAWm+RvKkFRjT38n/c1ORi3HgGWXJI15kNozQ==', 2, 'ub/Nej8BunZL3H6o+Z7+sg==', 'a.weeks@uber.com', 'a.weeks@uber.com', 1, 0, '2019-06-07 05:28:54', '2019-06-07 05:28:54', '2019-06-07 05:28:54', '1754-01-01 00:00:00.000', 0, '1754-01-01 00:00:00.000', 0, '1754-01-01 00:00:00.000')
   INSERT INTO dbo.dnn_UserPortals(UserID, PortalID, CreatedDate, Authorised, IsDeleted, RefreshRoles)
   VALUES(@UserID, @PortalID, '2019-06-07 05:28:54', 1, 0, 0)
   INSERT INTO dbo.dnn_UserRoles(UserID, RoleID, IsTrialUsed, CreatedByUserID, CreatedOnDate, LastModifiedByUserID, LastModifiedOnDate, [Status], IsOwner)
   VALUES(@UserId, @FemaleRole, 0, 1, '2019-06-07 05:28:54', 1, '2019-06-07 05:28:54', 1, 0)
   INSERT INTO dbo.dnn_Users(Username, FirstName, LastName, Email, DisplayName, UpdatePassword, LastIPAddress, IsDeleted, CreatedByUserID, CreatedOnDate, LastModifiedByUserID, LastModifiedOnDate, PasswordResetToken, PasswordResetExpiration)
   VALUES('coronaa@givemesport.com', 'Alberta', 'Corona', 'coronaa@givemesport.com', 'Alberta Corona', 0, '', 0, 1, '2019-06-07 05:28:54', 1, '2019-06-07 05:28:54', NULL, NULL)
   SELECT @UserID = SCOPE_IDENTITY()
   INSERT INTO dbo.aspnet_Users(ApplicationID, UserName, LoweredUserName, IsAnonymous, LastActivityDate)
   VALUES(@ApplicationId, 'coronaa@givemesport.com', 'coronaa@givemesport.com', 0, '2019-06-07 05:28:54')
   SELECT @AspNetUserID = UserId FROM aspnet_Users WHERE Username = 'coronaa@givemesport.com'
   INSERT INTO dbo.aspnet_Membership(ApplicationID, UserID, Password, PasswordFormat, PasswordSalt, Email, LoweredEmail, IsApproved, IsLockedOut, CreateDate, LastLoginDate, LastPasswordChangedDate, LastLockoutDate, FailedPasswordAttemptCount, FailedPasswordAttemptWindowStart, FailedPasswordAnswerAttemptCount, FailedPasswordAnswerAttemptWindowStart)
   VALUES(@ApplicationID, @AspNetUserID, 'aMoPu/jMK8Yc4dxEEtAWm+RvKkFRjT38n/c1ORi3HgGWXJI15kNozQ==', 2, 'ub/Nej8BunZL3H6o+Z7+sg==', 'coronaa@givemesport.com', 'coronaa@givemesport.com', 1, 0, '2019-06-07 05:28:54', '2019-06-07 05:28:54', '2019-06-07 05:28:54', '1754-01-01 00:00:00.000', 0, '1754-01-01 00:00:00.000', 0, '1754-01-01 00:00:00.000')
   INSERT INTO dbo.dnn_UserPortals(UserID, PortalID, CreatedDate, Authorised, IsDeleted, RefreshRoles)
   VALUES(@UserID, @PortalID, '2019-06-07 05:28:54', 1, 0, 0)
   INSERT INTO dbo.dnn_UserRoles(UserID, RoleID, IsTrialUsed, CreatedByUserID, CreatedOnDate, LastModifiedByUserID, LastModifiedOnDate, [Status], IsOwner)
   VALUES(@UserId, @FemaleRole, 0, 1, '2019-06-07 05:28:54', 1, '2019-06-07 05:28:54', 1, 0)
   INSERT INTO dbo.dnn_Users(Username, FirstName, LastName, Email, DisplayName, UpdatePassword, LastIPAddress, IsDeleted, CreatedByUserID, CreatedOnDate, LastModifiedByUserID, LastModifiedOnDate, PasswordResetToken, PasswordResetExpiration)
   VALUES('genevieve.frederick@stockstar.com', 'Genevieve', 'Frederick', 'genevieve.frederick@stockstar.com', 'Genevieve Frederick', 0, '', 0, 1, '2019-06-07 05:28:54', 1, '2019-06-07 05:28:54', NULL, NULL)
   SELECT @UserID = SCOPE_IDENTITY()
   INSERT INTO dbo.aspnet_Users(ApplicationID, UserName, LoweredUserName, IsAnonymous, LastActivityDate)
   VALUES(@ApplicationId, 'genevieve.frederick@stockstar.com', 'genevieve.frederick@stockstar.com', 0, '2019-06-07 05:28:54')
   SELECT @AspNetUserID = UserId FROM aspnet_Users WHERE Username = 'genevieve.frederick@stockstar.com'
   INSERT INTO dbo.aspnet_Membership(ApplicationID, UserID, Password, PasswordFormat, PasswordSalt, Email, LoweredEmail, IsApproved, IsLockedOut, CreateDate, LastLoginDate, LastPasswordChangedDate, LastLockoutDate, FailedPasswordAttemptCount, FailedPasswordAttemptWindowStart, FailedPasswordAnswerAttemptCount, FailedPasswordAnswerAttemptWindowStart)
   VALUES(@ApplicationID, @AspNetUserID, 'aMoPu/jMK8Yc4dxEEtAWm+RvKkFRjT38n/c1ORi3HgGWXJI15kNozQ==', 2, 'ub/Nej8BunZL3H6o+Z7+sg==', 'genevieve.frederick@stockstar.com', 'genevieve.frederick@stockstar.com', 1, 0, '2019-06-07 05:28:54', '2019-06-07 05:28:54', '2019-06-07 05:28:54', '1754-01-01 00:00:00.000', 0, '1754-01-01 00:00:00.000', 0, '1754-01-01 00:00:00.000')
   INSERT INTO dbo.dnn_UserPortals(UserID, PortalID, CreatedDate, Authorised, IsDeleted, RefreshRoles)
   VALUES(@UserID, @PortalID, '2019-06-07 05:28:54', 1, 0, 0)
   INSERT INTO dbo.dnn_UserRoles(UserID, RoleID, IsTrialUsed, CreatedByUserID, CreatedOnDate, LastModifiedByUserID, LastModifiedOnDate, [Status], IsOwner)
   VALUES(@UserId, @FemaleRole, 0, 1, '2019-06-07 05:28:54', 1, '2019-06-07 05:28:54', 1, 0)
   INSERT INTO dbo.dnn_Users(Username, FirstName, LastName, Email, DisplayName, UpdatePassword, LastIPAddress, IsDeleted, CreatedByUserID, CreatedOnDate, LastModifiedByUserID, LastModifiedOnDate, PasswordResetToken, PasswordResetExpiration)
   VALUES('m.buckley@wiktionary.org', 'Monique', 'Buckley', 'm.buckley@wiktionary.org', 'Monique Buckley', 0, '', 0, 1, '2019-06-07 05:28:54', 1, '2019-06-07 05:28:54', NULL, NULL)
   SELECT @UserID = SCOPE_IDENTITY()
   INSERT INTO dbo.aspnet_Users(ApplicationID, UserName, LoweredUserName, IsAnonymous, LastActivityDate)
   VALUES(@ApplicationId, 'm.buckley@wiktionary.org', 'm.buckley@wiktionary.org', 0, '2019-06-07 05:28:54')
   SELECT @AspNetUserID = UserId FROM aspnet_Users WHERE Username = 'm.buckley@wiktionary.org'
   INSERT INTO dbo.aspnet_Membership(ApplicationID, UserID, Password, PasswordFormat, PasswordSalt, Email, LoweredEmail, IsApproved, IsLockedOut, CreateDate, LastLoginDate, LastPasswordChangedDate, LastLockoutDate, FailedPasswordAttemptCount, FailedPasswordAttemptWindowStart, FailedPasswordAnswerAttemptCount, FailedPasswordAnswerAttemptWindowStart)
   VALUES(@ApplicationID, @AspNetUserID, 'aMoPu/jMK8Yc4dxEEtAWm+RvKkFRjT38n/c1ORi3HgGWXJI15kNozQ==', 2, 'ub/Nej8BunZL3H6o+Z7+sg==', 'm.buckley@wiktionary.org', 'm.buckley@wiktionary.org', 1, 0, '2019-06-07 05:28:54', '2019-06-07 05:28:54', '2019-06-07 05:28:54', '1754-01-01 00:00:00.000', 0, '1754-01-01 00:00:00.000', 0, '1754-01-01 00:00:00.000')
   INSERT INTO dbo.dnn_UserPortals(UserID, PortalID, CreatedDate, Authorised, IsDeleted, RefreshRoles)
   VALUES(@UserID, @PortalID, '2019-06-07 05:28:54', 1, 0, 0)
   INSERT INTO dbo.dnn_UserRoles(UserID, RoleID, IsTrialUsed, CreatedByUserID, CreatedOnDate, LastModifiedByUserID, LastModifiedOnDate, [Status], IsOwner)
   VALUES(@UserId, @FemaleRole, 0, 1, '2019-06-07 05:28:54', 1, '2019-06-07 05:28:54', 1, 0)
   INSERT INTO dbo.dnn_Users(Username, FirstName, LastName, Email, DisplayName, UpdatePassword, LastIPAddress, IsDeleted, CreatedByUserID, CreatedOnDate, LastModifiedByUserID, LastModifiedOnDate, PasswordResetToken, PasswordResetExpiration)
   VALUES('mcfarlandj@51sole.com', 'Jodi', 'Mcfarland', 'mcfarlandj@51sole.com', 'Jodi Mcfarland', 0, '', 0, 1, '2019-06-07 05:28:54', 1, '2019-06-07 05:28:54', NULL, NULL)
   SELECT @UserID = SCOPE_IDENTITY()
   INSERT INTO dbo.aspnet_Users(ApplicationID, UserName, LoweredUserName, IsAnonymous, LastActivityDate)
   VALUES(@ApplicationId, 'mcfarlandj@51sole.com', 'mcfarlandj@51sole.com', 0, '2019-06-07 05:28:54')
   SELECT @AspNetUserID = UserId FROM aspnet_Users WHERE Username = 'mcfarlandj@51sole.com'
   INSERT INTO dbo.aspnet_Membership(ApplicationID, UserID, Password, PasswordFormat, PasswordSalt, Email, LoweredEmail, IsApproved, IsLockedOut, CreateDate, LastLoginDate, LastPasswordChangedDate, LastLockoutDate, FailedPasswordAttemptCount, FailedPasswordAttemptWindowStart, FailedPasswordAnswerAttemptCount, FailedPasswordAnswerAttemptWindowStart)
   VALUES(@ApplicationID, @AspNetUserID, 'aMoPu/jMK8Yc4dxEEtAWm+RvKkFRjT38n/c1ORi3HgGWXJI15kNozQ==', 2, 'ub/Nej8BunZL3H6o+Z7+sg==', 'mcfarlandj@51sole.com', 'mcfarlandj@51sole.com', 1, 0, '2019-06-07 05:28:54', '2019-06-07 05:28:54', '2019-06-07 05:28:54', '1754-01-01 00:00:00.000', 0, '1754-01-01 00:00:00.000', 0, '1754-01-01 00:00:00.000')
   INSERT INTO dbo.dnn_UserPortals(UserID, PortalID, CreatedDate, Authorised, IsDeleted, RefreshRoles)
   VALUES(@UserID, @PortalID, '2019-06-07 05:28:54', 1, 0, 0)
   INSERT INTO dbo.dnn_UserRoles(UserID, RoleID, IsTrialUsed, CreatedByUserID, CreatedOnDate, LastModifiedByUserID, LastModifiedOnDate, [Status], IsOwner)
   VALUES(@UserId, @FemaleRole, 0, 1, '2019-06-07 05:28:54', 1, '2019-06-07 05:28:54', 1, 0)
   INSERT INTO dbo.dnn_Users(Username, FirstName, LastName, Email, DisplayName, UpdatePassword, LastIPAddress, IsDeleted, CreatedByUserID, CreatedOnDate, LastModifiedByUserID, LastModifiedOnDate, PasswordResetToken, PasswordResetExpiration)
   VALUES('janie.hebert@google.hr', 'Janie', 'Hebert', 'janie.hebert@google.hr', 'Janie Hebert', 0, '', 0, 1, '2019-06-07 05:28:54', 1, '2019-06-07 05:28:54', NULL, NULL)
   SELECT @UserID = SCOPE_IDENTITY()
   INSERT INTO dbo.aspnet_Users(ApplicationID, UserName, LoweredUserName, IsAnonymous, LastActivityDate)
   VALUES(@ApplicationId, 'janie.hebert@google.hr', 'janie.hebert@google.hr', 0, '2019-06-07 05:28:54')
   SELECT @AspNetUserID = UserId FROM aspnet_Users WHERE Username = 'janie.hebert@google.hr'
   INSERT INTO dbo.aspnet_Membership(ApplicationID, UserID, Password, PasswordFormat, PasswordSalt, Email, LoweredEmail, IsApproved, IsLockedOut, CreateDate, LastLoginDate, LastPasswordChangedDate, LastLockoutDate, FailedPasswordAttemptCount, FailedPasswordAttemptWindowStart, FailedPasswordAnswerAttemptCount, FailedPasswordAnswerAttemptWindowStart)
   VALUES(@ApplicationID, @AspNetUserID, 'aMoPu/jMK8Yc4dxEEtAWm+RvKkFRjT38n/c1ORi3HgGWXJI15kNozQ==', 2, 'ub/Nej8BunZL3H6o+Z7+sg==', 'janie.hebert@google.hr', 'janie.hebert@google.hr', 1, 0, '2019-06-07 05:28:54', '2019-06-07 05:28:54', '2019-06-07 05:28:54', '1754-01-01 00:00:00.000', 0, '1754-01-01 00:00:00.000', 0, '1754-01-01 00:00:00.000')
   INSERT INTO dbo.dnn_UserPortals(UserID, PortalID, CreatedDate, Authorised, IsDeleted, RefreshRoles)
   VALUES(@UserID, @PortalID, '2019-06-07 05:28:54', 1, 0, 0)
   INSERT INTO dbo.dnn_UserRoles(UserID, RoleID, IsTrialUsed, CreatedByUserID, CreatedOnDate, LastModifiedByUserID, LastModifiedOnDate, [Status], IsOwner)
   VALUES(@UserId, @FemaleRole, 0, 1, '2019-06-07 05:28:54', 1, '2019-06-07 05:28:54', 1, 0)
   INSERT INTO dbo.dnn_Users(Username, FirstName, LastName, Email, DisplayName, UpdatePassword, LastIPAddress, IsDeleted, CreatedByUserID, CreatedOnDate, LastModifiedByUserID, LastModifiedOnDate, PasswordResetToken, PasswordResetExpiration)
   VALUES('m.enriquez@reverso.net', 'Maggie', 'Enriquez', 'm.enriquez@reverso.net', 'Maggie Enriquez', 0, '', 0, 1, '2019-06-07 05:28:54', 1, '2019-06-07 05:28:54', NULL, NULL)
   SELECT @UserID = SCOPE_IDENTITY()
   INSERT INTO dbo.aspnet_Users(ApplicationID, UserName, LoweredUserName, IsAnonymous, LastActivityDate)
   VALUES(@ApplicationId, 'm.enriquez@reverso.net', 'm.enriquez@reverso.net', 0, '2019-06-07 05:28:54')
   SELECT @AspNetUserID = UserId FROM aspnet_Users WHERE Username = 'm.enriquez@reverso.net'
   INSERT INTO dbo.aspnet_Membership(ApplicationID, UserID, Password, PasswordFormat, PasswordSalt, Email, LoweredEmail, IsApproved, IsLockedOut, CreateDate, LastLoginDate, LastPasswordChangedDate, LastLockoutDate, FailedPasswordAttemptCount, FailedPasswordAttemptWindowStart, FailedPasswordAnswerAttemptCount, FailedPasswordAnswerAttemptWindowStart)
   VALUES(@ApplicationID, @AspNetUserID, 'aMoPu/jMK8Yc4dxEEtAWm+RvKkFRjT38n/c1ORi3HgGWXJI15kNozQ==', 2, 'ub/Nej8BunZL3H6o+Z7+sg==', 'm.enriquez@reverso.net', 'm.enriquez@reverso.net', 1, 0, '2019-06-07 05:28:54', '2019-06-07 05:28:54', '2019-06-07 05:28:54', '1754-01-01 00:00:00.000', 0, '1754-01-01 00:00:00.000', 0, '1754-01-01 00:00:00.000')
   INSERT INTO dbo.dnn_UserPortals(UserID, PortalID, CreatedDate, Authorised, IsDeleted, RefreshRoles)
   VALUES(@UserID, @PortalID, '2019-06-07 05:28:54', 1, 0, 0)
   INSERT INTO dbo.dnn_UserRoles(UserID, RoleID, IsTrialUsed, CreatedByUserID, CreatedOnDate, LastModifiedByUserID, LastModifiedOnDate, [Status], IsOwner)
   VALUES(@UserId, @FemaleRole, 0, 1, '2019-06-07 05:28:54', 1, '2019-06-07 05:28:54', 1, 0)
   INSERT INTO dbo.dnn_Users(Username, FirstName, LastName, Email, DisplayName, UpdatePassword, LastIPAddress, IsDeleted, CreatedByUserID, CreatedOnDate, LastModifiedByUserID, LastModifiedOnDate, PasswordResetToken, PasswordResetExpiration)
   VALUES('hickmank@thehindu.com', 'Kayla', 'Hickman', 'hickmank@thehindu.com', 'Kayla Hickman', 0, '', 0, 1, '2019-06-07 05:28:54', 1, '2019-06-07 05:28:54', NULL, NULL)
   SELECT @UserID = SCOPE_IDENTITY()
   INSERT INTO dbo.aspnet_Users(ApplicationID, UserName, LoweredUserName, IsAnonymous, LastActivityDate)
   VALUES(@ApplicationId, 'hickmank@thehindu.com', 'hickmank@thehindu.com', 0, '2019-06-07 05:28:54')
   SELECT @AspNetUserID = UserId FROM aspnet_Users WHERE Username = 'hickmank@thehindu.com'
   INSERT INTO dbo.aspnet_Membership(ApplicationID, UserID, Password, PasswordFormat, PasswordSalt, Email, LoweredEmail, IsApproved, IsLockedOut, CreateDate, LastLoginDate, LastPasswordChangedDate, LastLockoutDate, FailedPasswordAttemptCount, FailedPasswordAttemptWindowStart, FailedPasswordAnswerAttemptCount, FailedPasswordAnswerAttemptWindowStart)
   VALUES(@ApplicationID, @AspNetUserID, 'aMoPu/jMK8Yc4dxEEtAWm+RvKkFRjT38n/c1ORi3HgGWXJI15kNozQ==', 2, 'ub/Nej8BunZL3H6o+Z7+sg==', 'hickmank@thehindu.com', 'hickmank@thehindu.com', 1, 0, '2019-06-07 05:28:54', '2019-06-07 05:28:54', '2019-06-07 05:28:54', '1754-01-01 00:00:00.000', 0, '1754-01-01 00:00:00.000', 0, '1754-01-01 00:00:00.000')
   INSERT INTO dbo.dnn_UserPortals(UserID, PortalID, CreatedDate, Authorised, IsDeleted, RefreshRoles)
   VALUES(@UserID, @PortalID, '2019-06-07 05:28:54', 1, 0, 0)
   INSERT INTO dbo.dnn_UserRoles(UserID, RoleID, IsTrialUsed, CreatedByUserID, CreatedOnDate, LastModifiedByUserID, LastModifiedOnDate, [Status], IsOwner)
   VALUES(@UserId, @FemaleRole, 0, 1, '2019-06-07 05:28:54', 1, '2019-06-07 05:28:54', 1, 0)
   INSERT INTO dbo.dnn_UserRoles(UserID, RoleID, IsTrialUsed, CreatedByUserID, CreatedOnDate, LastModifiedByUserID, LastModifiedOnDate, [Status], IsOwner)
   VALUES(@UserId, @AcademicRole, 0, 1, '2019-06-07 05:28:54', 1, '2019-06-07 05:28:54', 1, 0)
   INSERT INTO dbo.dnn_Users(Username, FirstName, LastName, Email, DisplayName, UpdatePassword, LastIPAddress, IsDeleted, CreatedByUserID, CreatedOnDate, LastModifiedByUserID, LastModifiedOnDate, PasswordResetToken, PasswordResetExpiration)
   VALUES('sonya.quintero@marriott.com', 'Sonya', 'Quintero', 'sonya.quintero@marriott.com', 'Sonya Quintero', 0, '', 0, 1, '2019-06-07 05:28:54', 1, '2019-06-07 05:28:54', NULL, NULL)
   SELECT @UserID = SCOPE_IDENTITY()
   INSERT INTO dbo.aspnet_Users(ApplicationID, UserName, LoweredUserName, IsAnonymous, LastActivityDate)
   VALUES(@ApplicationId, 'sonya.quintero@marriott.com', 'sonya.quintero@marriott.com', 0, '2019-06-07 05:28:54')
   SELECT @AspNetUserID = UserId FROM aspnet_Users WHERE Username = 'sonya.quintero@marriott.com'
   INSERT INTO dbo.aspnet_Membership(ApplicationID, UserID, Password, PasswordFormat, PasswordSalt, Email, LoweredEmail, IsApproved, IsLockedOut, CreateDate, LastLoginDate, LastPasswordChangedDate, LastLockoutDate, FailedPasswordAttemptCount, FailedPasswordAttemptWindowStart, FailedPasswordAnswerAttemptCount, FailedPasswordAnswerAttemptWindowStart)
   VALUES(@ApplicationID, @AspNetUserID, 'aMoPu/jMK8Yc4dxEEtAWm+RvKkFRjT38n/c1ORi3HgGWXJI15kNozQ==', 2, 'ub/Nej8BunZL3H6o+Z7+sg==', 'sonya.quintero@marriott.com', 'sonya.quintero@marriott.com', 1, 0, '2019-06-07 05:28:54', '2019-06-07 05:28:54', '2019-06-07 05:28:54', '1754-01-01 00:00:00.000', 0, '1754-01-01 00:00:00.000', 0, '1754-01-01 00:00:00.000')
   INSERT INTO dbo.dnn_UserPortals(UserID, PortalID, CreatedDate, Authorised, IsDeleted, RefreshRoles)
   VALUES(@UserID, @PortalID, '2019-06-07 05:28:54', 1, 0, 0)
   INSERT INTO dbo.dnn_UserRoles(UserID, RoleID, IsTrialUsed, CreatedByUserID, CreatedOnDate, LastModifiedByUserID, LastModifiedOnDate, [Status], IsOwner)
   VALUES(@UserId, @FemaleRole, 0, 1, '2019-06-07 05:28:54', 1, '2019-06-07 05:28:54', 1, 0)
   INSERT INTO dbo.dnn_Users(Username, FirstName, LastName, Email, DisplayName, UpdatePassword, LastIPAddress, IsDeleted, CreatedByUserID, CreatedOnDate, LastModifiedByUserID, LastModifiedOnDate, PasswordResetToken, PasswordResetExpiration)
   VALUES('j.randolph@yomiuri.co.jp', 'Jan', 'Randolph', 'j.randolph@yomiuri.co.jp', 'Jan Randolph', 0, '', 0, 1, '2019-06-07 05:28:54', 1, '2019-06-07 05:28:54', NULL, NULL)
   SELECT @UserID = SCOPE_IDENTITY()
   INSERT INTO dbo.aspnet_Users(ApplicationID, UserName, LoweredUserName, IsAnonymous, LastActivityDate)
   VALUES(@ApplicationId, 'j.randolph@yomiuri.co.jp', 'j.randolph@yomiuri.co.jp', 0, '2019-06-07 05:28:54')
   SELECT @AspNetUserID = UserId FROM aspnet_Users WHERE Username = 'j.randolph@yomiuri.co.jp'
   INSERT INTO dbo.aspnet_Membership(ApplicationID, UserID, Password, PasswordFormat, PasswordSalt, Email, LoweredEmail, IsApproved, IsLockedOut, CreateDate, LastLoginDate, LastPasswordChangedDate, LastLockoutDate, FailedPasswordAttemptCount, FailedPasswordAttemptWindowStart, FailedPasswordAnswerAttemptCount, FailedPasswordAnswerAttemptWindowStart)
   VALUES(@ApplicationID, @AspNetUserID, 'aMoPu/jMK8Yc4dxEEtAWm+RvKkFRjT38n/c1ORi3HgGWXJI15kNozQ==', 2, 'ub/Nej8BunZL3H6o+Z7+sg==', 'j.randolph@yomiuri.co.jp', 'j.randolph@yomiuri.co.jp', 1, 0, '2019-06-07 05:28:54', '2019-06-07 05:28:54', '2019-06-07 05:28:54', '1754-01-01 00:00:00.000', 0, '1754-01-01 00:00:00.000', 0, '1754-01-01 00:00:00.000')
   INSERT INTO dbo.dnn_UserPortals(UserID, PortalID, CreatedDate, Authorised, IsDeleted, RefreshRoles)
   VALUES(@UserID, @PortalID, '2019-06-07 05:28:54', 1, 0, 0)
   INSERT INTO dbo.dnn_UserRoles(UserID, RoleID, IsTrialUsed, CreatedByUserID, CreatedOnDate, LastModifiedByUserID, LastModifiedOnDate, [Status], IsOwner)
   VALUES(@UserId, @FemaleRole, 0, 1, '2019-06-07 05:28:54', 1, '2019-06-07 05:28:54', 1, 0)
   INSERT INTO dbo.dnn_Users(Username, FirstName, LastName, Email, DisplayName, UpdatePassword, LastIPAddress, IsDeleted, CreatedByUserID, CreatedOnDate, LastModifiedByUserID, LastModifiedOnDate, PasswordResetToken, PasswordResetExpiration)
   VALUES('schaeferl@topix.com', 'Lee', 'Schaefer', 'schaeferl@topix.com', 'Lee Schaefer', 0, '', 0, 1, '2019-06-07 05:28:54', 1, '2019-06-07 05:28:54', NULL, NULL)
   SELECT @UserID = SCOPE_IDENTITY()
   INSERT INTO dbo.aspnet_Users(ApplicationID, UserName, LoweredUserName, IsAnonymous, LastActivityDate)
   VALUES(@ApplicationId, 'schaeferl@topix.com', 'schaeferl@topix.com', 0, '2019-06-07 05:28:54')
   SELECT @AspNetUserID = UserId FROM aspnet_Users WHERE Username = 'schaeferl@topix.com'
   INSERT INTO dbo.aspnet_Membership(ApplicationID, UserID, Password, PasswordFormat, PasswordSalt, Email, LoweredEmail, IsApproved, IsLockedOut, CreateDate, LastLoginDate, LastPasswordChangedDate, LastLockoutDate, FailedPasswordAttemptCount, FailedPasswordAttemptWindowStart, FailedPasswordAnswerAttemptCount, FailedPasswordAnswerAttemptWindowStart)
   VALUES(@ApplicationID, @AspNetUserID, 'aMoPu/jMK8Yc4dxEEtAWm+RvKkFRjT38n/c1ORi3HgGWXJI15kNozQ==', 2, 'ub/Nej8BunZL3H6o+Z7+sg==', 'schaeferl@topix.com', 'schaeferl@topix.com', 1, 0, '2019-06-07 05:28:54', '2019-06-07 05:28:54', '2019-06-07 05:28:54', '1754-01-01 00:00:00.000', 0, '1754-01-01 00:00:00.000', 0, '1754-01-01 00:00:00.000')
   INSERT INTO dbo.dnn_UserPortals(UserID, PortalID, CreatedDate, Authorised, IsDeleted, RefreshRoles)
   VALUES(@UserID, @PortalID, '2019-06-07 05:28:54', 1, 0, 0)
   INSERT INTO dbo.dnn_UserRoles(UserID, RoleID, IsTrialUsed, CreatedByUserID, CreatedOnDate, LastModifiedByUserID, LastModifiedOnDate, [Status], IsOwner)
   VALUES(@UserId, @FemaleRole, 0, 1, '2019-06-07 05:28:54', 1, '2019-06-07 05:28:54', 1, 0)
   INSERT INTO dbo.dnn_Users(Username, FirstName, LastName, Email, DisplayName, UpdatePassword, LastIPAddress, IsDeleted, CreatedByUserID, CreatedOnDate, LastModifiedByUserID, LastModifiedOnDate, PasswordResetToken, PasswordResetExpiration)
   VALUES('kristine.walls@prpops.com', 'Kristine', 'Walls', 'kristine.walls@prpops.com', 'Kristine Walls', 0, '', 0, 1, '2019-06-07 05:28:54', 1, '2019-06-07 05:28:54', NULL, NULL)
   SELECT @UserID = SCOPE_IDENTITY()
   INSERT INTO dbo.aspnet_Users(ApplicationID, UserName, LoweredUserName, IsAnonymous, LastActivityDate)
   VALUES(@ApplicationId, 'kristine.walls@prpops.com', 'kristine.walls@prpops.com', 0, '2019-06-07 05:28:54')
   SELECT @AspNetUserID = UserId FROM aspnet_Users WHERE Username = 'kristine.walls@prpops.com'
   INSERT INTO dbo.aspnet_Membership(ApplicationID, UserID, Password, PasswordFormat, PasswordSalt, Email, LoweredEmail, IsApproved, IsLockedOut, CreateDate, LastLoginDate, LastPasswordChangedDate, LastLockoutDate, FailedPasswordAttemptCount, FailedPasswordAttemptWindowStart, FailedPasswordAnswerAttemptCount, FailedPasswordAnswerAttemptWindowStart)
   VALUES(@ApplicationID, @AspNetUserID, 'aMoPu/jMK8Yc4dxEEtAWm+RvKkFRjT38n/c1ORi3HgGWXJI15kNozQ==', 2, 'ub/Nej8BunZL3H6o+Z7+sg==', 'kristine.walls@prpops.com', 'kristine.walls@prpops.com', 1, 0, '2019-06-07 05:28:54', '2019-06-07 05:28:54', '2019-06-07 05:28:54', '1754-01-01 00:00:00.000', 0, '1754-01-01 00:00:00.000', 0, '1754-01-01 00:00:00.000')
   INSERT INTO dbo.dnn_UserPortals(UserID, PortalID, CreatedDate, Authorised, IsDeleted, RefreshRoles)
   VALUES(@UserID, @PortalID, '2019-06-07 05:28:54', 1, 0, 0)
   INSERT INTO dbo.dnn_UserRoles(UserID, RoleID, IsTrialUsed, CreatedByUserID, CreatedOnDate, LastModifiedByUserID, LastModifiedOnDate, [Status], IsOwner)
   VALUES(@UserId, @FemaleRole, 0, 1, '2019-06-07 05:28:54', 1, '2019-06-07 05:28:54', 1, 0)
   INSERT INTO dbo.dnn_Users(Username, FirstName, LastName, Email, DisplayName, UpdatePassword, LastIPAddress, IsDeleted, CreatedByUserID, CreatedOnDate, LastModifiedByUserID, LastModifiedOnDate, PasswordResetToken, PasswordResetExpiration)
   VALUES('c.trejo@sankei.com', 'Candace', 'Trejo', 'c.trejo@sankei.com', 'Candace Trejo', 0, '', 0, 1, '2019-06-07 05:28:54', 1, '2019-06-07 05:28:54', NULL, NULL)
   SELECT @UserID = SCOPE_IDENTITY()
   INSERT INTO dbo.aspnet_Users(ApplicationID, UserName, LoweredUserName, IsAnonymous, LastActivityDate)
   VALUES(@ApplicationId, 'c.trejo@sankei.com', 'c.trejo@sankei.com', 0, '2019-06-07 05:28:54')
   SELECT @AspNetUserID = UserId FROM aspnet_Users WHERE Username = 'c.trejo@sankei.com'
   INSERT INTO dbo.aspnet_Membership(ApplicationID, UserID, Password, PasswordFormat, PasswordSalt, Email, LoweredEmail, IsApproved, IsLockedOut, CreateDate, LastLoginDate, LastPasswordChangedDate, LastLockoutDate, FailedPasswordAttemptCount, FailedPasswordAttemptWindowStart, FailedPasswordAnswerAttemptCount, FailedPasswordAnswerAttemptWindowStart)
   VALUES(@ApplicationID, @AspNetUserID, 'aMoPu/jMK8Yc4dxEEtAWm+RvKkFRjT38n/c1ORi3HgGWXJI15kNozQ==', 2, 'ub/Nej8BunZL3H6o+Z7+sg==', 'c.trejo@sankei.com', 'c.trejo@sankei.com', 1, 0, '2019-06-07 05:28:54', '2019-06-07 05:28:54', '2019-06-07 05:28:54', '1754-01-01 00:00:00.000', 0, '1754-01-01 00:00:00.000', 0, '1754-01-01 00:00:00.000')
   INSERT INTO dbo.dnn_UserPortals(UserID, PortalID, CreatedDate, Authorised, IsDeleted, RefreshRoles)
   VALUES(@UserID, @PortalID, '2019-06-07 05:28:54', 1, 0, 0)
   INSERT INTO dbo.dnn_UserRoles(UserID, RoleID, IsTrialUsed, CreatedByUserID, CreatedOnDate, LastModifiedByUserID, LastModifiedOnDate, [Status], IsOwner)
   VALUES(@UserId, @FemaleRole, 0, 1, '2019-06-07 05:28:54', 1, '2019-06-07 05:28:54', 1, 0)
   INSERT INTO dbo.dnn_Users(Username, FirstName, LastName, Email, DisplayName, UpdatePassword, LastIPAddress, IsDeleted, CreatedByUserID, CreatedOnDate, LastModifiedByUserID, LastModifiedOnDate, PasswordResetToken, PasswordResetExpiration)
   VALUES('housef@europa.eu', 'Fannie', 'House', 'housef@europa.eu', 'Fannie House', 0, '', 0, 1, '2019-06-07 05:28:54', 1, '2019-06-07 05:28:54', NULL, NULL)
   SELECT @UserID = SCOPE_IDENTITY()
   INSERT INTO dbo.aspnet_Users(ApplicationID, UserName, LoweredUserName, IsAnonymous, LastActivityDate)
   VALUES(@ApplicationId, 'housef@europa.eu', 'housef@europa.eu', 0, '2019-06-07 05:28:54')
   SELECT @AspNetUserID = UserId FROM aspnet_Users WHERE Username = 'housef@europa.eu'
   INSERT INTO dbo.aspnet_Membership(ApplicationID, UserID, Password, PasswordFormat, PasswordSalt, Email, LoweredEmail, IsApproved, IsLockedOut, CreateDate, LastLoginDate, LastPasswordChangedDate, LastLockoutDate, FailedPasswordAttemptCount, FailedPasswordAttemptWindowStart, FailedPasswordAnswerAttemptCount, FailedPasswordAnswerAttemptWindowStart)
   VALUES(@ApplicationID, @AspNetUserID, 'aMoPu/jMK8Yc4dxEEtAWm+RvKkFRjT38n/c1ORi3HgGWXJI15kNozQ==', 2, 'ub/Nej8BunZL3H6o+Z7+sg==', 'housef@europa.eu', 'housef@europa.eu', 1, 0, '2019-06-07 05:28:54', '2019-06-07 05:28:54', '2019-06-07 05:28:54', '1754-01-01 00:00:00.000', 0, '1754-01-01 00:00:00.000', 0, '1754-01-01 00:00:00.000')
   INSERT INTO dbo.dnn_UserPortals(UserID, PortalID, CreatedDate, Authorised, IsDeleted, RefreshRoles)
   VALUES(@UserID, @PortalID, '2019-06-07 05:28:54', 1, 0, 0)
   INSERT INTO dbo.dnn_UserRoles(UserID, RoleID, IsTrialUsed, CreatedByUserID, CreatedOnDate, LastModifiedByUserID, LastModifiedOnDate, [Status], IsOwner)
   VALUES(@UserId, @FemaleRole, 0, 1, '2019-06-07 05:28:54', 1, '2019-06-07 05:28:54', 1, 0)
   INSERT INTO dbo.dnn_Users(Username, FirstName, LastName, Email, DisplayName, UpdatePassword, LastIPAddress, IsDeleted, CreatedByUserID, CreatedOnDate, LastModifiedByUserID, LastModifiedOnDate, PasswordResetToken, PasswordResetExpiration)
   VALUES('maryann.reilly@pcmag.com', 'Maryann', 'Reilly', 'maryann.reilly@pcmag.com', 'Maryann Reilly', 0, '', 0, 1, '2019-06-07 05:28:54', 1, '2019-06-07 05:28:54', NULL, NULL)
   SELECT @UserID = SCOPE_IDENTITY()
   INSERT INTO dbo.aspnet_Users(ApplicationID, UserName, LoweredUserName, IsAnonymous, LastActivityDate)
   VALUES(@ApplicationId, 'maryann.reilly@pcmag.com', 'maryann.reilly@pcmag.com', 0, '2019-06-07 05:28:54')
   SELECT @AspNetUserID = UserId FROM aspnet_Users WHERE Username = 'maryann.reilly@pcmag.com'
   INSERT INTO dbo.aspnet_Membership(ApplicationID, UserID, Password, PasswordFormat, PasswordSalt, Email, LoweredEmail, IsApproved, IsLockedOut, CreateDate, LastLoginDate, LastPasswordChangedDate, LastLockoutDate, FailedPasswordAttemptCount, FailedPasswordAttemptWindowStart, FailedPasswordAnswerAttemptCount, FailedPasswordAnswerAttemptWindowStart)
   VALUES(@ApplicationID, @AspNetUserID, 'aMoPu/jMK8Yc4dxEEtAWm+RvKkFRjT38n/c1ORi3HgGWXJI15kNozQ==', 2, 'ub/Nej8BunZL3H6o+Z7+sg==', 'maryann.reilly@pcmag.com', 'maryann.reilly@pcmag.com', 1, 0, '2019-06-07 05:28:54', '2019-06-07 05:28:54', '2019-06-07 05:28:54', '1754-01-01 00:00:00.000', 0, '1754-01-01 00:00:00.000', 0, '1754-01-01 00:00:00.000')
   INSERT INTO dbo.dnn_UserPortals(UserID, PortalID, CreatedDate, Authorised, IsDeleted, RefreshRoles)
   VALUES(@UserID, @PortalID, '2019-06-07 05:28:54', 1, 0, 0)
   INSERT INTO dbo.dnn_UserRoles(UserID, RoleID, IsTrialUsed, CreatedByUserID, CreatedOnDate, LastModifiedByUserID, LastModifiedOnDate, [Status], IsOwner)
   VALUES(@UserId, @FemaleRole, 0, 1, '2019-06-07 05:28:54', 1, '2019-06-07 05:28:54', 1, 0)
   INSERT INTO dbo.dnn_Users(Username, FirstName, LastName, Email, DisplayName, UpdatePassword, LastIPAddress, IsDeleted, CreatedByUserID, CreatedOnDate, LastModifiedByUserID, LastModifiedOnDate, PasswordResetToken, PasswordResetExpiration)
   VALUES('o.pennington@constantcontact.com', 'Opal', 'Pennington', 'o.pennington@constantcontact.com', 'Opal Pennington', 0, '', 0, 1, '2019-06-07 05:28:54', 1, '2019-06-07 05:28:54', NULL, NULL)
   SELECT @UserID = SCOPE_IDENTITY()
   INSERT INTO dbo.aspnet_Users(ApplicationID, UserName, LoweredUserName, IsAnonymous, LastActivityDate)
   VALUES(@ApplicationId, 'o.pennington@constantcontact.com', 'o.pennington@constantcontact.com', 0, '2019-06-07 05:28:54')
   SELECT @AspNetUserID = UserId FROM aspnet_Users WHERE Username = 'o.pennington@constantcontact.com'
   INSERT INTO dbo.aspnet_Membership(ApplicationID, UserID, Password, PasswordFormat, PasswordSalt, Email, LoweredEmail, IsApproved, IsLockedOut, CreateDate, LastLoginDate, LastPasswordChangedDate, LastLockoutDate, FailedPasswordAttemptCount, FailedPasswordAttemptWindowStart, FailedPasswordAnswerAttemptCount, FailedPasswordAnswerAttemptWindowStart)
   VALUES(@ApplicationID, @AspNetUserID, 'aMoPu/jMK8Yc4dxEEtAWm+RvKkFRjT38n/c1ORi3HgGWXJI15kNozQ==', 2, 'ub/Nej8BunZL3H6o+Z7+sg==', 'o.pennington@constantcontact.com', 'o.pennington@constantcontact.com', 1, 0, '2019-06-07 05:28:54', '2019-06-07 05:28:54', '2019-06-07 05:28:54', '1754-01-01 00:00:00.000', 0, '1754-01-01 00:00:00.000', 0, '1754-01-01 00:00:00.000')
   INSERT INTO dbo.dnn_UserPortals(UserID, PortalID, CreatedDate, Authorised, IsDeleted, RefreshRoles)
   VALUES(@UserID, @PortalID, '2019-06-07 05:28:54', 1, 0, 0)
   INSERT INTO dbo.dnn_UserRoles(UserID, RoleID, IsTrialUsed, CreatedByUserID, CreatedOnDate, LastModifiedByUserID, LastModifiedOnDate, [Status], IsOwner)
   VALUES(@UserId, @FemaleRole, 0, 1, '2019-06-07 05:28:54', 1, '2019-06-07 05:28:54', 1, 0)
   INSERT INTO dbo.dnn_Users(Username, FirstName, LastName, Email, DisplayName, UpdatePassword, LastIPAddress, IsDeleted, CreatedByUserID, CreatedOnDate, LastModifiedByUserID, LastModifiedOnDate, PasswordResetToken, PasswordResetExpiration)
   VALUES('michaela@battlefield.com', 'Alison', 'Michael', 'michaela@battlefield.com', 'Alison Michael', 0, '', 0, 1, '2019-06-07 05:28:54', 1, '2019-06-07 05:28:54', NULL, NULL)
   SELECT @UserID = SCOPE_IDENTITY()
   INSERT INTO dbo.aspnet_Users(ApplicationID, UserName, LoweredUserName, IsAnonymous, LastActivityDate)
   VALUES(@ApplicationId, 'michaela@battlefield.com', 'michaela@battlefield.com', 0, '2019-06-07 05:28:54')
   SELECT @AspNetUserID = UserId FROM aspnet_Users WHERE Username = 'michaela@battlefield.com'
   INSERT INTO dbo.aspnet_Membership(ApplicationID, UserID, Password, PasswordFormat, PasswordSalt, Email, LoweredEmail, IsApproved, IsLockedOut, CreateDate, LastLoginDate, LastPasswordChangedDate, LastLockoutDate, FailedPasswordAttemptCount, FailedPasswordAttemptWindowStart, FailedPasswordAnswerAttemptCount, FailedPasswordAnswerAttemptWindowStart)
   VALUES(@ApplicationID, @AspNetUserID, 'aMoPu/jMK8Yc4dxEEtAWm+RvKkFRjT38n/c1ORi3HgGWXJI15kNozQ==', 2, 'ub/Nej8BunZL3H6o+Z7+sg==', 'michaela@battlefield.com', 'michaela@battlefield.com', 1, 0, '2019-06-07 05:28:54', '2019-06-07 05:28:54', '2019-06-07 05:28:54', '1754-01-01 00:00:00.000', 0, '1754-01-01 00:00:00.000', 0, '1754-01-01 00:00:00.000')
   INSERT INTO dbo.dnn_UserPortals(UserID, PortalID, CreatedDate, Authorised, IsDeleted, RefreshRoles)
   VALUES(@UserID, @PortalID, '2019-06-07 05:28:54', 1, 0, 0)
   INSERT INTO dbo.dnn_UserRoles(UserID, RoleID, IsTrialUsed, CreatedByUserID, CreatedOnDate, LastModifiedByUserID, LastModifiedOnDate, [Status], IsOwner)
   VALUES(@UserId, @FemaleRole, 0, 1, '2019-06-07 05:28:54', 1, '2019-06-07 05:28:54', 1, 0)
   INSERT INTO dbo.dnn_Users(Username, FirstName, LastName, Email, DisplayName, UpdatePassword, LastIPAddress, IsDeleted, CreatedByUserID, CreatedOnDate, LastModifiedByUserID, LastModifiedOnDate, PasswordResetToken, PasswordResetExpiration)
   VALUES('yvette.conrad@php.net', 'Yvette', 'Conrad', 'yvette.conrad@php.net', 'Yvette Conrad', 0, '', 0, 1, '2019-06-07 05:28:54', 1, '2019-06-07 05:28:54', NULL, NULL)
   SELECT @UserID = SCOPE_IDENTITY()
   INSERT INTO dbo.aspnet_Users(ApplicationID, UserName, LoweredUserName, IsAnonymous, LastActivityDate)
   VALUES(@ApplicationId, 'yvette.conrad@php.net', 'yvette.conrad@php.net', 0, '2019-06-07 05:28:54')
   SELECT @AspNetUserID = UserId FROM aspnet_Users WHERE Username = 'yvette.conrad@php.net'
   INSERT INTO dbo.aspnet_Membership(ApplicationID, UserID, Password, PasswordFormat, PasswordSalt, Email, LoweredEmail, IsApproved, IsLockedOut, CreateDate, LastLoginDate, LastPasswordChangedDate, LastLockoutDate, FailedPasswordAttemptCount, FailedPasswordAttemptWindowStart, FailedPasswordAnswerAttemptCount, FailedPasswordAnswerAttemptWindowStart)
   VALUES(@ApplicationID, @AspNetUserID, 'aMoPu/jMK8Yc4dxEEtAWm+RvKkFRjT38n/c1ORi3HgGWXJI15kNozQ==', 2, 'ub/Nej8BunZL3H6o+Z7+sg==', 'yvette.conrad@php.net', 'yvette.conrad@php.net', 1, 0, '2019-06-07 05:28:54', '2019-06-07 05:28:54', '2019-06-07 05:28:54', '1754-01-01 00:00:00.000', 0, '1754-01-01 00:00:00.000', 0, '1754-01-01 00:00:00.000')
   INSERT INTO dbo.dnn_UserPortals(UserID, PortalID, CreatedDate, Authorised, IsDeleted, RefreshRoles)
   VALUES(@UserID, @PortalID, '2019-06-07 05:28:54', 1, 0, 0)
   INSERT INTO dbo.dnn_UserRoles(UserID, RoleID, IsTrialUsed, CreatedByUserID, CreatedOnDate, LastModifiedByUserID, LastModifiedOnDate, [Status], IsOwner)
   VALUES(@UserId, @FemaleRole, 0, 1, '2019-06-07 05:28:54', 1, '2019-06-07 05:28:54', 1, 0)
   INSERT INTO dbo.dnn_UserRoles(UserID, RoleID, IsTrialUsed, CreatedByUserID, CreatedOnDate, LastModifiedByUserID, LastModifiedOnDate, [Status], IsOwner)
   VALUES(@UserId, @ManagerRole, 0, 1, '2019-06-07 05:28:54', 1, '2019-06-07 05:28:54', 1, 0)
   INSERT INTO dbo.dnn_Users(Username, FirstName, LastName, Email, DisplayName, UpdatePassword, LastIPAddress, IsDeleted, CreatedByUserID, CreatedOnDate, LastModifiedByUserID, LastModifiedOnDate, PasswordResetToken, PasswordResetExpiration)
   VALUES('m.giles@ria.ru', 'Melody', 'Giles', 'm.giles@ria.ru', 'Melody Giles', 0, '', 0, 1, '2019-06-07 05:28:54', 1, '2019-06-07 05:28:54', NULL, NULL)
   SELECT @UserID = SCOPE_IDENTITY()
   INSERT INTO dbo.aspnet_Users(ApplicationID, UserName, LoweredUserName, IsAnonymous, LastActivityDate)
   VALUES(@ApplicationId, 'm.giles@ria.ru', 'm.giles@ria.ru', 0, '2019-06-07 05:28:54')
   SELECT @AspNetUserID = UserId FROM aspnet_Users WHERE Username = 'm.giles@ria.ru'
   INSERT INTO dbo.aspnet_Membership(ApplicationID, UserID, Password, PasswordFormat, PasswordSalt, Email, LoweredEmail, IsApproved, IsLockedOut, CreateDate, LastLoginDate, LastPasswordChangedDate, LastLockoutDate, FailedPasswordAttemptCount, FailedPasswordAttemptWindowStart, FailedPasswordAnswerAttemptCount, FailedPasswordAnswerAttemptWindowStart)
   VALUES(@ApplicationID, @AspNetUserID, 'aMoPu/jMK8Yc4dxEEtAWm+RvKkFRjT38n/c1ORi3HgGWXJI15kNozQ==', 2, 'ub/Nej8BunZL3H6o+Z7+sg==', 'm.giles@ria.ru', 'm.giles@ria.ru', 1, 0, '2019-06-07 05:28:54', '2019-06-07 05:28:54', '2019-06-07 05:28:54', '1754-01-01 00:00:00.000', 0, '1754-01-01 00:00:00.000', 0, '1754-01-01 00:00:00.000')
   INSERT INTO dbo.dnn_UserPortals(UserID, PortalID, CreatedDate, Authorised, IsDeleted, RefreshRoles)
   VALUES(@UserID, @PortalID, '2019-06-07 05:28:54', 1, 0, 0)
   INSERT INTO dbo.dnn_UserRoles(UserID, RoleID, IsTrialUsed, CreatedByUserID, CreatedOnDate, LastModifiedByUserID, LastModifiedOnDate, [Status], IsOwner)
   VALUES(@UserId, @FemaleRole, 0, 1, '2019-06-07 05:28:54', 1, '2019-06-07 05:28:54', 1, 0)
   INSERT INTO dbo.dnn_Users(Username, FirstName, LastName, Email, DisplayName, UpdatePassword, LastIPAddress, IsDeleted, CreatedByUserID, CreatedOnDate, LastModifiedByUserID, LastModifiedOnDate, PasswordResetToken, PasswordResetExpiration)
   VALUES('benjaminl@fanpage.gr', 'Luz', 'Benjamin', 'benjaminl@fanpage.gr', 'Luz Benjamin', 0, '', 0, 1, '2019-06-07 05:28:54', 1, '2019-06-07 05:28:54', NULL, NULL)
   SELECT @UserID = SCOPE_IDENTITY()
   INSERT INTO dbo.aspnet_Users(ApplicationID, UserName, LoweredUserName, IsAnonymous, LastActivityDate)
   VALUES(@ApplicationId, 'benjaminl@fanpage.gr', 'benjaminl@fanpage.gr', 0, '2019-06-07 05:28:54')
   SELECT @AspNetUserID = UserId FROM aspnet_Users WHERE Username = 'benjaminl@fanpage.gr'
   INSERT INTO dbo.aspnet_Membership(ApplicationID, UserID, Password, PasswordFormat, PasswordSalt, Email, LoweredEmail, IsApproved, IsLockedOut, CreateDate, LastLoginDate, LastPasswordChangedDate, LastLockoutDate, FailedPasswordAttemptCount, FailedPasswordAttemptWindowStart, FailedPasswordAnswerAttemptCount, FailedPasswordAnswerAttemptWindowStart)
   VALUES(@ApplicationID, @AspNetUserID, 'aMoPu/jMK8Yc4dxEEtAWm+RvKkFRjT38n/c1ORi3HgGWXJI15kNozQ==', 2, 'ub/Nej8BunZL3H6o+Z7+sg==', 'benjaminl@fanpage.gr', 'benjaminl@fanpage.gr', 1, 0, '2019-06-07 05:28:54', '2019-06-07 05:28:54', '2019-06-07 05:28:54', '1754-01-01 00:00:00.000', 0, '1754-01-01 00:00:00.000', 0, '1754-01-01 00:00:00.000')
   INSERT INTO dbo.dnn_UserPortals(UserID, PortalID, CreatedDate, Authorised, IsDeleted, RefreshRoles)
   VALUES(@UserID, @PortalID, '2019-06-07 05:28:54', 1, 0, 0)
   INSERT INTO dbo.dnn_UserRoles(UserID, RoleID, IsTrialUsed, CreatedByUserID, CreatedOnDate, LastModifiedByUserID, LastModifiedOnDate, [Status], IsOwner)
   VALUES(@UserId, @FemaleRole, 0, 1, '2019-06-07 05:28:54', 1, '2019-06-07 05:28:54', 1, 0)
   INSERT INTO dbo.dnn_Users(Username, FirstName, LastName, Email, DisplayName, UpdatePassword, LastIPAddress, IsDeleted, CreatedByUserID, CreatedOnDate, LastModifiedByUserID, LastModifiedOnDate, PasswordResetToken, PasswordResetExpiration)
   VALUES('susie.crosby@getpocket.com', 'Susie', 'Crosby', 'susie.crosby@getpocket.com', 'Susie Crosby', 0, '', 0, 1, '2019-06-07 05:28:54', 1, '2019-06-07 05:28:54', NULL, NULL)
   SELECT @UserID = SCOPE_IDENTITY()
   INSERT INTO dbo.aspnet_Users(ApplicationID, UserName, LoweredUserName, IsAnonymous, LastActivityDate)
   VALUES(@ApplicationId, 'susie.crosby@getpocket.com', 'susie.crosby@getpocket.com', 0, '2019-06-07 05:28:54')
   SELECT @AspNetUserID = UserId FROM aspnet_Users WHERE Username = 'susie.crosby@getpocket.com'
   INSERT INTO dbo.aspnet_Membership(ApplicationID, UserID, Password, PasswordFormat, PasswordSalt, Email, LoweredEmail, IsApproved, IsLockedOut, CreateDate, LastLoginDate, LastPasswordChangedDate, LastLockoutDate, FailedPasswordAttemptCount, FailedPasswordAttemptWindowStart, FailedPasswordAnswerAttemptCount, FailedPasswordAnswerAttemptWindowStart)
   VALUES(@ApplicationID, @AspNetUserID, 'aMoPu/jMK8Yc4dxEEtAWm+RvKkFRjT38n/c1ORi3HgGWXJI15kNozQ==', 2, 'ub/Nej8BunZL3H6o+Z7+sg==', 'susie.crosby@getpocket.com', 'susie.crosby@getpocket.com', 1, 0, '2019-06-07 05:28:54', '2019-06-07 05:28:54', '2019-06-07 05:28:54', '1754-01-01 00:00:00.000', 0, '1754-01-01 00:00:00.000', 0, '1754-01-01 00:00:00.000')
   INSERT INTO dbo.dnn_UserPortals(UserID, PortalID, CreatedDate, Authorised, IsDeleted, RefreshRoles)
   VALUES(@UserID, @PortalID, '2019-06-07 05:28:54', 1, 0, 0)
   INSERT INTO dbo.dnn_UserRoles(UserID, RoleID, IsTrialUsed, CreatedByUserID, CreatedOnDate, LastModifiedByUserID, LastModifiedOnDate, [Status], IsOwner)
   VALUES(@UserId, @FemaleRole, 0, 1, '2019-06-07 05:28:54', 1, '2019-06-07 05:28:54', 1, 0)
   INSERT INTO dbo.dnn_Users(Username, FirstName, LastName, Email, DisplayName, UpdatePassword, LastIPAddress, IsDeleted, CreatedByUserID, CreatedOnDate, LastModifiedByUserID, LastModifiedOnDate, PasswordResetToken, PasswordResetExpiration)
   VALUES('o.fitzpatrick@cpasbien.cm', 'Olivia', 'Fitzpatrick', 'o.fitzpatrick@cpasbien.cm', 'Olivia Fitzpatrick', 0, '', 0, 1, '2019-06-07 05:28:54', 1, '2019-06-07 05:28:54', NULL, NULL)
   SELECT @UserID = SCOPE_IDENTITY()
   INSERT INTO dbo.aspnet_Users(ApplicationID, UserName, LoweredUserName, IsAnonymous, LastActivityDate)
   VALUES(@ApplicationId, 'o.fitzpatrick@cpasbien.cm', 'o.fitzpatrick@cpasbien.cm', 0, '2019-06-07 05:28:54')
   SELECT @AspNetUserID = UserId FROM aspnet_Users WHERE Username = 'o.fitzpatrick@cpasbien.cm'
   INSERT INTO dbo.aspnet_Membership(ApplicationID, UserID, Password, PasswordFormat, PasswordSalt, Email, LoweredEmail, IsApproved, IsLockedOut, CreateDate, LastLoginDate, LastPasswordChangedDate, LastLockoutDate, FailedPasswordAttemptCount, FailedPasswordAttemptWindowStart, FailedPasswordAnswerAttemptCount, FailedPasswordAnswerAttemptWindowStart)
   VALUES(@ApplicationID, @AspNetUserID, 'aMoPu/jMK8Yc4dxEEtAWm+RvKkFRjT38n/c1ORi3HgGWXJI15kNozQ==', 2, 'ub/Nej8BunZL3H6o+Z7+sg==', 'o.fitzpatrick@cpasbien.cm', 'o.fitzpatrick@cpasbien.cm', 1, 0, '2019-06-07 05:28:54', '2019-06-07 05:28:54', '2019-06-07 05:28:54', '1754-01-01 00:00:00.000', 0, '1754-01-01 00:00:00.000', 0, '1754-01-01 00:00:00.000')
   INSERT INTO dbo.dnn_UserPortals(UserID, PortalID, CreatedDate, Authorised, IsDeleted, RefreshRoles)
   VALUES(@UserID, @PortalID, '2019-06-07 05:28:54', 1, 0, 0)
   INSERT INTO dbo.dnn_UserRoles(UserID, RoleID, IsTrialUsed, CreatedByUserID, CreatedOnDate, LastModifiedByUserID, LastModifiedOnDate, [Status], IsOwner)
   VALUES(@UserId, @FemaleRole, 0, 1, '2019-06-07 05:28:54', 1, '2019-06-07 05:28:54', 1, 0)
   INSERT INTO dbo.dnn_Users(Username, FirstName, LastName, Email, DisplayName, UpdatePassword, LastIPAddress, IsDeleted, CreatedByUserID, CreatedOnDate, LastModifiedByUserID, LastModifiedOnDate, PasswordResetToken, PasswordResetExpiration)
   VALUES('donovanf@diep.io', 'Flora', 'Donovan', 'donovanf@diep.io', 'Flora Donovan', 0, '', 0, 1, '2019-06-07 05:28:54', 1, '2019-06-07 05:28:54', NULL, NULL)
   SELECT @UserID = SCOPE_IDENTITY()
   INSERT INTO dbo.aspnet_Users(ApplicationID, UserName, LoweredUserName, IsAnonymous, LastActivityDate)
   VALUES(@ApplicationId, 'donovanf@diep.io', 'donovanf@diep.io', 0, '2019-06-07 05:28:54')
   SELECT @AspNetUserID = UserId FROM aspnet_Users WHERE Username = 'donovanf@diep.io'
   INSERT INTO dbo.aspnet_Membership(ApplicationID, UserID, Password, PasswordFormat, PasswordSalt, Email, LoweredEmail, IsApproved, IsLockedOut, CreateDate, LastLoginDate, LastPasswordChangedDate, LastLockoutDate, FailedPasswordAttemptCount, FailedPasswordAttemptWindowStart, FailedPasswordAnswerAttemptCount, FailedPasswordAnswerAttemptWindowStart)
   VALUES(@ApplicationID, @AspNetUserID, 'aMoPu/jMK8Yc4dxEEtAWm+RvKkFRjT38n/c1ORi3HgGWXJI15kNozQ==', 2, 'ub/Nej8BunZL3H6o+Z7+sg==', 'donovanf@diep.io', 'donovanf@diep.io', 1, 0, '2019-06-07 05:28:54', '2019-06-07 05:28:54', '2019-06-07 05:28:54', '1754-01-01 00:00:00.000', 0, '1754-01-01 00:00:00.000', 0, '1754-01-01 00:00:00.000')
   INSERT INTO dbo.dnn_UserPortals(UserID, PortalID, CreatedDate, Authorised, IsDeleted, RefreshRoles)
   VALUES(@UserID, @PortalID, '2019-06-07 05:28:54', 1, 0, 0)
   INSERT INTO dbo.dnn_UserRoles(UserID, RoleID, IsTrialUsed, CreatedByUserID, CreatedOnDate, LastModifiedByUserID, LastModifiedOnDate, [Status], IsOwner)
   VALUES(@UserId, @FemaleRole, 0, 1, '2019-06-07 05:28:54', 1, '2019-06-07 05:28:54', 1, 0)
   INSERT INTO dbo.dnn_Users(Username, FirstName, LastName, Email, DisplayName, UpdatePassword, LastIPAddress, IsDeleted, CreatedByUserID, CreatedOnDate, LastModifiedByUserID, LastModifiedOnDate, PasswordResetToken, PasswordResetExpiration)
   VALUES('shelley.mays@rightmove.co.uk', 'Shelley', 'Mays', 'shelley.mays@rightmove.co.uk', 'Shelley Mays', 0, '', 0, 1, '2019-06-07 05:28:54', 1, '2019-06-07 05:28:54', NULL, NULL)
   SELECT @UserID = SCOPE_IDENTITY()
   INSERT INTO dbo.aspnet_Users(ApplicationID, UserName, LoweredUserName, IsAnonymous, LastActivityDate)
   VALUES(@ApplicationId, 'shelley.mays@rightmove.co.uk', 'shelley.mays@rightmove.co.uk', 0, '2019-06-07 05:28:54')
   SELECT @AspNetUserID = UserId FROM aspnet_Users WHERE Username = 'shelley.mays@rightmove.co.uk'
   INSERT INTO dbo.aspnet_Membership(ApplicationID, UserID, Password, PasswordFormat, PasswordSalt, Email, LoweredEmail, IsApproved, IsLockedOut, CreateDate, LastLoginDate, LastPasswordChangedDate, LastLockoutDate, FailedPasswordAttemptCount, FailedPasswordAttemptWindowStart, FailedPasswordAnswerAttemptCount, FailedPasswordAnswerAttemptWindowStart)
   VALUES(@ApplicationID, @AspNetUserID, 'aMoPu/jMK8Yc4dxEEtAWm+RvKkFRjT38n/c1ORi3HgGWXJI15kNozQ==', 2, 'ub/Nej8BunZL3H6o+Z7+sg==', 'shelley.mays@rightmove.co.uk', 'shelley.mays@rightmove.co.uk', 1, 0, '2019-06-07 05:28:54', '2019-06-07 05:28:54', '2019-06-07 05:28:54', '1754-01-01 00:00:00.000', 0, '1754-01-01 00:00:00.000', 0, '1754-01-01 00:00:00.000')
   INSERT INTO dbo.dnn_UserPortals(UserID, PortalID, CreatedDate, Authorised, IsDeleted, RefreshRoles)
   VALUES(@UserID, @PortalID, '2019-06-07 05:28:54', 1, 0, 0)
   INSERT INTO dbo.dnn_UserRoles(UserID, RoleID, IsTrialUsed, CreatedByUserID, CreatedOnDate, LastModifiedByUserID, LastModifiedOnDate, [Status], IsOwner)
   VALUES(@UserId, @FemaleRole, 0, 1, '2019-06-07 05:28:54', 1, '2019-06-07 05:28:54', 1, 0)
   INSERT INTO dbo.dnn_Users(Username, FirstName, LastName, Email, DisplayName, UpdatePassword, LastIPAddress, IsDeleted, CreatedByUserID, CreatedOnDate, LastModifiedByUserID, LastModifiedOnDate, PasswordResetToken, PasswordResetExpiration)
   VALUES('k.mahoney@sfr.fr', 'Kristy', 'Mahoney', 'k.mahoney@sfr.fr', 'Kristy Mahoney', 0, '', 0, 1, '2019-06-07 05:28:54', 1, '2019-06-07 05:28:54', NULL, NULL)
   SELECT @UserID = SCOPE_IDENTITY()
   INSERT INTO dbo.aspnet_Users(ApplicationID, UserName, LoweredUserName, IsAnonymous, LastActivityDate)
   VALUES(@ApplicationId, 'k.mahoney@sfr.fr', 'k.mahoney@sfr.fr', 0, '2019-06-07 05:28:54')
   SELECT @AspNetUserID = UserId FROM aspnet_Users WHERE Username = 'k.mahoney@sfr.fr'
   INSERT INTO dbo.aspnet_Membership(ApplicationID, UserID, Password, PasswordFormat, PasswordSalt, Email, LoweredEmail, IsApproved, IsLockedOut, CreateDate, LastLoginDate, LastPasswordChangedDate, LastLockoutDate, FailedPasswordAttemptCount, FailedPasswordAttemptWindowStart, FailedPasswordAnswerAttemptCount, FailedPasswordAnswerAttemptWindowStart)
   VALUES(@ApplicationID, @AspNetUserID, 'aMoPu/jMK8Yc4dxEEtAWm+RvKkFRjT38n/c1ORi3HgGWXJI15kNozQ==', 2, 'ub/Nej8BunZL3H6o+Z7+sg==', 'k.mahoney@sfr.fr', 'k.mahoney@sfr.fr', 1, 0, '2019-06-07 05:28:54', '2019-06-07 05:28:54', '2019-06-07 05:28:54', '1754-01-01 00:00:00.000', 0, '1754-01-01 00:00:00.000', 0, '1754-01-01 00:00:00.000')
   INSERT INTO dbo.dnn_UserPortals(UserID, PortalID, CreatedDate, Authorised, IsDeleted, RefreshRoles)
   VALUES(@UserID, @PortalID, '2019-06-07 05:28:54', 1, 0, 0)
   INSERT INTO dbo.dnn_UserRoles(UserID, RoleID, IsTrialUsed, CreatedByUserID, CreatedOnDate, LastModifiedByUserID, LastModifiedOnDate, [Status], IsOwner)
   VALUES(@UserId, @FemaleRole, 0, 1, '2019-06-07 05:28:54', 1, '2019-06-07 05:28:54', 1, 0)
   INSERT INTO dbo.dnn_Users(Username, FirstName, LastName, Email, DisplayName, UpdatePassword, LastIPAddress, IsDeleted, CreatedByUserID, CreatedOnDate, LastModifiedByUserID, LastModifiedOnDate, PasswordResetToken, PasswordResetExpiration)
   VALUES('valentinem@hilton.com', 'Mamie', 'Valentine', 'valentinem@hilton.com', 'Mamie Valentine', 0, '', 0, 1, '2019-06-07 05:28:54', 1, '2019-06-07 05:28:54', NULL, NULL)
   SELECT @UserID = SCOPE_IDENTITY()
   INSERT INTO dbo.aspnet_Users(ApplicationID, UserName, LoweredUserName, IsAnonymous, LastActivityDate)
   VALUES(@ApplicationId, 'valentinem@hilton.com', 'valentinem@hilton.com', 0, '2019-06-07 05:28:54')
   SELECT @AspNetUserID = UserId FROM aspnet_Users WHERE Username = 'valentinem@hilton.com'
   INSERT INTO dbo.aspnet_Membership(ApplicationID, UserID, Password, PasswordFormat, PasswordSalt, Email, LoweredEmail, IsApproved, IsLockedOut, CreateDate, LastLoginDate, LastPasswordChangedDate, LastLockoutDate, FailedPasswordAttemptCount, FailedPasswordAttemptWindowStart, FailedPasswordAnswerAttemptCount, FailedPasswordAnswerAttemptWindowStart)
   VALUES(@ApplicationID, @AspNetUserID, 'aMoPu/jMK8Yc4dxEEtAWm+RvKkFRjT38n/c1ORi3HgGWXJI15kNozQ==', 2, 'ub/Nej8BunZL3H6o+Z7+sg==', 'valentinem@hilton.com', 'valentinem@hilton.com', 1, 0, '2019-06-07 05:28:54', '2019-06-07 05:28:54', '2019-06-07 05:28:54', '1754-01-01 00:00:00.000', 0, '1754-01-01 00:00:00.000', 0, '1754-01-01 00:00:00.000')
   INSERT INTO dbo.dnn_UserPortals(UserID, PortalID, CreatedDate, Authorised, IsDeleted, RefreshRoles)
   VALUES(@UserID, @PortalID, '2019-06-07 05:28:54', 1, 0, 0)
   INSERT INTO dbo.dnn_UserRoles(UserID, RoleID, IsTrialUsed, CreatedByUserID, CreatedOnDate, LastModifiedByUserID, LastModifiedOnDate, [Status], IsOwner)
   VALUES(@UserId, @FemaleRole, 0, 1, '2019-06-07 05:28:54', 1, '2019-06-07 05:28:54', 1, 0)
   INSERT INTO dbo.dnn_Users(Username, FirstName, LastName, Email, DisplayName, UpdatePassword, LastIPAddress, IsDeleted, CreatedByUserID, CreatedOnDate, LastModifiedByUserID, LastModifiedOnDate, PasswordResetToken, PasswordResetExpiration)
   VALUES('lula.raymond@sozcu.com.tr', 'Lula', 'Raymond', 'lula.raymond@sozcu.com.tr', 'Lula Raymond', 0, '', 0, 1, '2019-06-07 05:28:54', 1, '2019-06-07 05:28:54', NULL, NULL)
   SELECT @UserID = SCOPE_IDENTITY()
   INSERT INTO dbo.aspnet_Users(ApplicationID, UserName, LoweredUserName, IsAnonymous, LastActivityDate)
   VALUES(@ApplicationId, 'lula.raymond@sozcu.com.tr', 'lula.raymond@sozcu.com.tr', 0, '2019-06-07 05:28:54')
   SELECT @AspNetUserID = UserId FROM aspnet_Users WHERE Username = 'lula.raymond@sozcu.com.tr'
   INSERT INTO dbo.aspnet_Membership(ApplicationID, UserID, Password, PasswordFormat, PasswordSalt, Email, LoweredEmail, IsApproved, IsLockedOut, CreateDate, LastLoginDate, LastPasswordChangedDate, LastLockoutDate, FailedPasswordAttemptCount, FailedPasswordAttemptWindowStart, FailedPasswordAnswerAttemptCount, FailedPasswordAnswerAttemptWindowStart)
   VALUES(@ApplicationID, @AspNetUserID, 'aMoPu/jMK8Yc4dxEEtAWm+RvKkFRjT38n/c1ORi3HgGWXJI15kNozQ==', 2, 'ub/Nej8BunZL3H6o+Z7+sg==', 'lula.raymond@sozcu.com.tr', 'lula.raymond@sozcu.com.tr', 1, 0, '2019-06-07 05:28:54', '2019-06-07 05:28:54', '2019-06-07 05:28:54', '1754-01-01 00:00:00.000', 0, '1754-01-01 00:00:00.000', 0, '1754-01-01 00:00:00.000')
   INSERT INTO dbo.dnn_UserPortals(UserID, PortalID, CreatedDate, Authorised, IsDeleted, RefreshRoles)
   VALUES(@UserID, @PortalID, '2019-06-07 05:28:54', 1, 0, 0)
   INSERT INTO dbo.dnn_UserRoles(UserID, RoleID, IsTrialUsed, CreatedByUserID, CreatedOnDate, LastModifiedByUserID, LastModifiedOnDate, [Status], IsOwner)
   VALUES(@UserId, @FemaleRole, 0, 1, '2019-06-07 05:28:54', 1, '2019-06-07 05:28:54', 1, 0)
   INSERT INTO dbo.dnn_Users(Username, FirstName, LastName, Email, DisplayName, UpdatePassword, LastIPAddress, IsDeleted, CreatedByUserID, CreatedOnDate, LastModifiedByUserID, LastModifiedOnDate, PasswordResetToken, PasswordResetExpiration)
   VALUES('l.medrano@blog-newstime.com', 'Lola', 'Medrano', 'l.medrano@blog-newstime.com', 'Lola Medrano', 0, '', 0, 1, '2019-06-07 05:28:54', 1, '2019-06-07 05:28:54', NULL, NULL)
   SELECT @UserID = SCOPE_IDENTITY()
   INSERT INTO dbo.aspnet_Users(ApplicationID, UserName, LoweredUserName, IsAnonymous, LastActivityDate)
   VALUES(@ApplicationId, 'l.medrano@blog-newstime.com', 'l.medrano@blog-newstime.com', 0, '2019-06-07 05:28:54')
   SELECT @AspNetUserID = UserId FROM aspnet_Users WHERE Username = 'l.medrano@blog-newstime.com'
   INSERT INTO dbo.aspnet_Membership(ApplicationID, UserID, Password, PasswordFormat, PasswordSalt, Email, LoweredEmail, IsApproved, IsLockedOut, CreateDate, LastLoginDate, LastPasswordChangedDate, LastLockoutDate, FailedPasswordAttemptCount, FailedPasswordAttemptWindowStart, FailedPasswordAnswerAttemptCount, FailedPasswordAnswerAttemptWindowStart)
   VALUES(@ApplicationID, @AspNetUserID, 'aMoPu/jMK8Yc4dxEEtAWm+RvKkFRjT38n/c1ORi3HgGWXJI15kNozQ==', 2, 'ub/Nej8BunZL3H6o+Z7+sg==', 'l.medrano@blog-newstime.com', 'l.medrano@blog-newstime.com', 1, 0, '2019-06-07 05:28:54', '2019-06-07 05:28:54', '2019-06-07 05:28:54', '1754-01-01 00:00:00.000', 0, '1754-01-01 00:00:00.000', 0, '1754-01-01 00:00:00.000')
   INSERT INTO dbo.dnn_UserPortals(UserID, PortalID, CreatedDate, Authorised, IsDeleted, RefreshRoles)
   VALUES(@UserID, @PortalID, '2019-06-07 05:28:54', 1, 0, 0)
   INSERT INTO dbo.dnn_UserRoles(UserID, RoleID, IsTrialUsed, CreatedByUserID, CreatedOnDate, LastModifiedByUserID, LastModifiedOnDate, [Status], IsOwner)
   VALUES(@UserId, @FemaleRole, 0, 1, '2019-06-07 05:28:54', 1, '2019-06-07 05:28:54', 1, 0)
   INSERT INTO dbo.dnn_Users(Username, FirstName, LastName, Email, DisplayName, UpdatePassword, LastIPAddress, IsDeleted, CreatedByUserID, CreatedOnDate, LastModifiedByUserID, LastModifiedOnDate, PasswordResetToken, PasswordResetExpiration)
   VALUES('hahnv@agoda.com', 'Verna', 'Hahn', 'hahnv@agoda.com', 'Verna Hahn', 0, '', 0, 1, '2019-06-07 05:28:54', 1, '2019-06-07 05:28:54', NULL, NULL)
   SELECT @UserID = SCOPE_IDENTITY()
   INSERT INTO dbo.aspnet_Users(ApplicationID, UserName, LoweredUserName, IsAnonymous, LastActivityDate)
   VALUES(@ApplicationId, 'hahnv@agoda.com', 'hahnv@agoda.com', 0, '2019-06-07 05:28:54')
   SELECT @AspNetUserID = UserId FROM aspnet_Users WHERE Username = 'hahnv@agoda.com'
   INSERT INTO dbo.aspnet_Membership(ApplicationID, UserID, Password, PasswordFormat, PasswordSalt, Email, LoweredEmail, IsApproved, IsLockedOut, CreateDate, LastLoginDate, LastPasswordChangedDate, LastLockoutDate, FailedPasswordAttemptCount, FailedPasswordAttemptWindowStart, FailedPasswordAnswerAttemptCount, FailedPasswordAnswerAttemptWindowStart)
   VALUES(@ApplicationID, @AspNetUserID, 'aMoPu/jMK8Yc4dxEEtAWm+RvKkFRjT38n/c1ORi3HgGWXJI15kNozQ==', 2, 'ub/Nej8BunZL3H6o+Z7+sg==', 'hahnv@agoda.com', 'hahnv@agoda.com', 1, 0, '2019-06-07 05:28:54', '2019-06-07 05:28:54', '2019-06-07 05:28:54', '1754-01-01 00:00:00.000', 0, '1754-01-01 00:00:00.000', 0, '1754-01-01 00:00:00.000')
   INSERT INTO dbo.dnn_UserPortals(UserID, PortalID, CreatedDate, Authorised, IsDeleted, RefreshRoles)
   VALUES(@UserID, @PortalID, '2019-06-07 05:28:54', 1, 0, 0)
   INSERT INTO dbo.dnn_UserRoles(UserID, RoleID, IsTrialUsed, CreatedByUserID, CreatedOnDate, LastModifiedByUserID, LastModifiedOnDate, [Status], IsOwner)
   VALUES(@UserId, @FemaleRole, 0, 1, '2019-06-07 05:28:54', 1, '2019-06-07 05:28:54', 1, 0)
   INSERT INTO dbo.dnn_UserRoles(UserID, RoleID, IsTrialUsed, CreatedByUserID, CreatedOnDate, LastModifiedByUserID, LastModifiedOnDate, [Status], IsOwner)
   VALUES(@UserId, @AcademicRole, 0, 1, '2019-06-07 05:28:54', 1, '2019-06-07 05:28:54', 1, 0)
   INSERT INTO dbo.dnn_Users(Username, FirstName, LastName, Email, DisplayName, UpdatePassword, LastIPAddress, IsDeleted, CreatedByUserID, CreatedOnDate, LastModifiedByUserID, LastModifiedOnDate, PasswordResetToken, PasswordResetExpiration)
   VALUES('beulah.mcmillan@india.com', 'Beulah', 'Mcmillan', 'beulah.mcmillan@india.com', 'Beulah Mcmillan', 0, '', 0, 1, '2019-06-07 05:28:54', 1, '2019-06-07 05:28:54', NULL, NULL)
   SELECT @UserID = SCOPE_IDENTITY()
   INSERT INTO dbo.aspnet_Users(ApplicationID, UserName, LoweredUserName, IsAnonymous, LastActivityDate)
   VALUES(@ApplicationId, 'beulah.mcmillan@india.com', 'beulah.mcmillan@india.com', 0, '2019-06-07 05:28:54')
   SELECT @AspNetUserID = UserId FROM aspnet_Users WHERE Username = 'beulah.mcmillan@india.com'
   INSERT INTO dbo.aspnet_Membership(ApplicationID, UserID, Password, PasswordFormat, PasswordSalt, Email, LoweredEmail, IsApproved, IsLockedOut, CreateDate, LastLoginDate, LastPasswordChangedDate, LastLockoutDate, FailedPasswordAttemptCount, FailedPasswordAttemptWindowStart, FailedPasswordAnswerAttemptCount, FailedPasswordAnswerAttemptWindowStart)
   VALUES(@ApplicationID, @AspNetUserID, 'aMoPu/jMK8Yc4dxEEtAWm+RvKkFRjT38n/c1ORi3HgGWXJI15kNozQ==', 2, 'ub/Nej8BunZL3H6o+Z7+sg==', 'beulah.mcmillan@india.com', 'beulah.mcmillan@india.com', 1, 0, '2019-06-07 05:28:54', '2019-06-07 05:28:54', '2019-06-07 05:28:54', '1754-01-01 00:00:00.000', 0, '1754-01-01 00:00:00.000', 0, '1754-01-01 00:00:00.000')
   INSERT INTO dbo.dnn_UserPortals(UserID, PortalID, CreatedDate, Authorised, IsDeleted, RefreshRoles)
   VALUES(@UserID, @PortalID, '2019-06-07 05:28:54', 1, 0, 0)
   INSERT INTO dbo.dnn_UserRoles(UserID, RoleID, IsTrialUsed, CreatedByUserID, CreatedOnDate, LastModifiedByUserID, LastModifiedOnDate, [Status], IsOwner)
   VALUES(@UserId, @FemaleRole, 0, 1, '2019-06-07 05:28:54', 1, '2019-06-07 05:28:54', 1, 0)
   INSERT INTO dbo.dnn_Users(Username, FirstName, LastName, Email, DisplayName, UpdatePassword, LastIPAddress, IsDeleted, CreatedByUserID, CreatedOnDate, LastModifiedByUserID, LastModifiedOnDate, PasswordResetToken, PasswordResetExpiration)
   VALUES('a.small@bodybuilding.com', 'Antoinette', 'Small', 'a.small@bodybuilding.com', 'Antoinette Small', 0, '', 0, 1, '2019-06-07 05:28:54', 1, '2019-06-07 05:28:54', NULL, NULL)
   SELECT @UserID = SCOPE_IDENTITY()
   INSERT INTO dbo.aspnet_Users(ApplicationID, UserName, LoweredUserName, IsAnonymous, LastActivityDate)
   VALUES(@ApplicationId, 'a.small@bodybuilding.com', 'a.small@bodybuilding.com', 0, '2019-06-07 05:28:54')
   SELECT @AspNetUserID = UserId FROM aspnet_Users WHERE Username = 'a.small@bodybuilding.com'
   INSERT INTO dbo.aspnet_Membership(ApplicationID, UserID, Password, PasswordFormat, PasswordSalt, Email, LoweredEmail, IsApproved, IsLockedOut, CreateDate, LastLoginDate, LastPasswordChangedDate, LastLockoutDate, FailedPasswordAttemptCount, FailedPasswordAttemptWindowStart, FailedPasswordAnswerAttemptCount, FailedPasswordAnswerAttemptWindowStart)
   VALUES(@ApplicationID, @AspNetUserID, 'aMoPu/jMK8Yc4dxEEtAWm+RvKkFRjT38n/c1ORi3HgGWXJI15kNozQ==', 2, 'ub/Nej8BunZL3H6o+Z7+sg==', 'a.small@bodybuilding.com', 'a.small@bodybuilding.com', 1, 0, '2019-06-07 05:28:54', '2019-06-07 05:28:54', '2019-06-07 05:28:54', '1754-01-01 00:00:00.000', 0, '1754-01-01 00:00:00.000', 0, '1754-01-01 00:00:00.000')
   INSERT INTO dbo.dnn_UserPortals(UserID, PortalID, CreatedDate, Authorised, IsDeleted, RefreshRoles)
   VALUES(@UserID, @PortalID, '2019-06-07 05:28:54', 1, 0, 0)
   INSERT INTO dbo.dnn_UserRoles(UserID, RoleID, IsTrialUsed, CreatedByUserID, CreatedOnDate, LastModifiedByUserID, LastModifiedOnDate, [Status], IsOwner)
   VALUES(@UserId, @FemaleRole, 0, 1, '2019-06-07 05:28:54', 1, '2019-06-07 05:28:54', 1, 0)
   INSERT INTO dbo.dnn_Users(Username, FirstName, LastName, Email, DisplayName, UpdatePassword, LastIPAddress, IsDeleted, CreatedByUserID, CreatedOnDate, LastModifiedByUserID, LastModifiedOnDate, PasswordResetToken, PasswordResetExpiration)
   VALUES('bentleyc@techcrunch.com', 'Candice', 'Bentley', 'bentleyc@techcrunch.com', 'Candice Bentley', 0, '', 0, 1, '2019-06-07 05:28:54', 1, '2019-06-07 05:28:54', NULL, NULL)
   SELECT @UserID = SCOPE_IDENTITY()
   INSERT INTO dbo.aspnet_Users(ApplicationID, UserName, LoweredUserName, IsAnonymous, LastActivityDate)
   VALUES(@ApplicationId, 'bentleyc@techcrunch.com', 'bentleyc@techcrunch.com', 0, '2019-06-07 05:28:54')
   SELECT @AspNetUserID = UserId FROM aspnet_Users WHERE Username = 'bentleyc@techcrunch.com'
   INSERT INTO dbo.aspnet_Membership(ApplicationID, UserID, Password, PasswordFormat, PasswordSalt, Email, LoweredEmail, IsApproved, IsLockedOut, CreateDate, LastLoginDate, LastPasswordChangedDate, LastLockoutDate, FailedPasswordAttemptCount, FailedPasswordAttemptWindowStart, FailedPasswordAnswerAttemptCount, FailedPasswordAnswerAttemptWindowStart)
   VALUES(@ApplicationID, @AspNetUserID, 'aMoPu/jMK8Yc4dxEEtAWm+RvKkFRjT38n/c1ORi3HgGWXJI15kNozQ==', 2, 'ub/Nej8BunZL3H6o+Z7+sg==', 'bentleyc@techcrunch.com', 'bentleyc@techcrunch.com', 1, 0, '2019-06-07 05:28:54', '2019-06-07 05:28:54', '2019-06-07 05:28:54', '1754-01-01 00:00:00.000', 0, '1754-01-01 00:00:00.000', 0, '1754-01-01 00:00:00.000')
   INSERT INTO dbo.dnn_UserPortals(UserID, PortalID, CreatedDate, Authorised, IsDeleted, RefreshRoles)
   VALUES(@UserID, @PortalID, '2019-06-07 05:28:54', 1, 0, 0)
   INSERT INTO dbo.dnn_UserRoles(UserID, RoleID, IsTrialUsed, CreatedByUserID, CreatedOnDate, LastModifiedByUserID, LastModifiedOnDate, [Status], IsOwner)
   VALUES(@UserId, @FemaleRole, 0, 1, '2019-06-07 05:28:54', 1, '2019-06-07 05:28:54', 1, 0)
   INSERT INTO dbo.dnn_Users(Username, FirstName, LastName, Email, DisplayName, UpdatePassword, LastIPAddress, IsDeleted, CreatedByUserID, CreatedOnDate, LastModifiedByUserID, LastModifiedOnDate, PasswordResetToken, PasswordResetExpiration)
   VALUES('juana.felix@thisav.com', 'Juana', 'Felix', 'juana.felix@thisav.com', 'Juana Felix', 0, '', 0, 1, '2019-06-07 05:28:54', 1, '2019-06-07 05:28:54', NULL, NULL)
   SELECT @UserID = SCOPE_IDENTITY()
   INSERT INTO dbo.aspnet_Users(ApplicationID, UserName, LoweredUserName, IsAnonymous, LastActivityDate)
   VALUES(@ApplicationId, 'juana.felix@thisav.com', 'juana.felix@thisav.com', 0, '2019-06-07 05:28:54')
   SELECT @AspNetUserID = UserId FROM aspnet_Users WHERE Username = 'juana.felix@thisav.com'
   INSERT INTO dbo.aspnet_Membership(ApplicationID, UserID, Password, PasswordFormat, PasswordSalt, Email, LoweredEmail, IsApproved, IsLockedOut, CreateDate, LastLoginDate, LastPasswordChangedDate, LastLockoutDate, FailedPasswordAttemptCount, FailedPasswordAttemptWindowStart, FailedPasswordAnswerAttemptCount, FailedPasswordAnswerAttemptWindowStart)
   VALUES(@ApplicationID, @AspNetUserID, 'aMoPu/jMK8Yc4dxEEtAWm+RvKkFRjT38n/c1ORi3HgGWXJI15kNozQ==', 2, 'ub/Nej8BunZL3H6o+Z7+sg==', 'juana.felix@thisav.com', 'juana.felix@thisav.com', 1, 0, '2019-06-07 05:28:54', '2019-06-07 05:28:54', '2019-06-07 05:28:54', '1754-01-01 00:00:00.000', 0, '1754-01-01 00:00:00.000', 0, '1754-01-01 00:00:00.000')
   INSERT INTO dbo.dnn_UserPortals(UserID, PortalID, CreatedDate, Authorised, IsDeleted, RefreshRoles)
   VALUES(@UserID, @PortalID, '2019-06-07 05:28:54', 1, 0, 0)
   INSERT INTO dbo.dnn_UserRoles(UserID, RoleID, IsTrialUsed, CreatedByUserID, CreatedOnDate, LastModifiedByUserID, LastModifiedOnDate, [Status], IsOwner)
   VALUES(@UserId, @FemaleRole, 0, 1, '2019-06-07 05:28:54', 1, '2019-06-07 05:28:54', 1, 0)
   INSERT INTO dbo.dnn_Users(Username, FirstName, LastName, Email, DisplayName, UpdatePassword, LastIPAddress, IsDeleted, CreatedByUserID, CreatedOnDate, LastModifiedByUserID, LastModifiedOnDate, PasswordResetToken, PasswordResetExpiration)
   VALUES('j.peck@hbogo.com', 'Jeannette', 'Peck', 'j.peck@hbogo.com', 'Jeannette Peck', 0, '', 0, 1, '2019-06-07 05:28:54', 1, '2019-06-07 05:28:54', NULL, NULL)
   SELECT @UserID = SCOPE_IDENTITY()
   INSERT INTO dbo.aspnet_Users(ApplicationID, UserName, LoweredUserName, IsAnonymous, LastActivityDate)
   VALUES(@ApplicationId, 'j.peck@hbogo.com', 'j.peck@hbogo.com', 0, '2019-06-07 05:28:54')
   SELECT @AspNetUserID = UserId FROM aspnet_Users WHERE Username = 'j.peck@hbogo.com'
   INSERT INTO dbo.aspnet_Membership(ApplicationID, UserID, Password, PasswordFormat, PasswordSalt, Email, LoweredEmail, IsApproved, IsLockedOut, CreateDate, LastLoginDate, LastPasswordChangedDate, LastLockoutDate, FailedPasswordAttemptCount, FailedPasswordAttemptWindowStart, FailedPasswordAnswerAttemptCount, FailedPasswordAnswerAttemptWindowStart)
   VALUES(@ApplicationID, @AspNetUserID, 'aMoPu/jMK8Yc4dxEEtAWm+RvKkFRjT38n/c1ORi3HgGWXJI15kNozQ==', 2, 'ub/Nej8BunZL3H6o+Z7+sg==', 'j.peck@hbogo.com', 'j.peck@hbogo.com', 1, 0, '2019-06-07 05:28:54', '2019-06-07 05:28:54', '2019-06-07 05:28:54', '1754-01-01 00:00:00.000', 0, '1754-01-01 00:00:00.000', 0, '1754-01-01 00:00:00.000')
   INSERT INTO dbo.dnn_UserPortals(UserID, PortalID, CreatedDate, Authorised, IsDeleted, RefreshRoles)
   VALUES(@UserID, @PortalID, '2019-06-07 05:28:54', 1, 0, 0)
   INSERT INTO dbo.dnn_UserRoles(UserID, RoleID, IsTrialUsed, CreatedByUserID, CreatedOnDate, LastModifiedByUserID, LastModifiedOnDate, [Status], IsOwner)
   VALUES(@UserId, @FemaleRole, 0, 1, '2019-06-07 05:28:54', 1, '2019-06-07 05:28:54', 1, 0)
   INSERT INTO dbo.dnn_Users(Username, FirstName, LastName, Email, DisplayName, UpdatePassword, LastIPAddress, IsDeleted, CreatedByUserID, CreatedOnDate, LastModifiedByUserID, LastModifiedOnDate, PasswordResetToken, PasswordResetExpiration)
   VALUES('lucerop@zappos.com', 'Pam', 'Lucero', 'lucerop@zappos.com', 'Pam Lucero', 0, '', 0, 1, '2019-06-07 05:28:54', 1, '2019-06-07 05:28:54', NULL, NULL)
   SELECT @UserID = SCOPE_IDENTITY()
   INSERT INTO dbo.aspnet_Users(ApplicationID, UserName, LoweredUserName, IsAnonymous, LastActivityDate)
   VALUES(@ApplicationId, 'lucerop@zappos.com', 'lucerop@zappos.com', 0, '2019-06-07 05:28:54')
   SELECT @AspNetUserID = UserId FROM aspnet_Users WHERE Username = 'lucerop@zappos.com'
   INSERT INTO dbo.aspnet_Membership(ApplicationID, UserID, Password, PasswordFormat, PasswordSalt, Email, LoweredEmail, IsApproved, IsLockedOut, CreateDate, LastLoginDate, LastPasswordChangedDate, LastLockoutDate, FailedPasswordAttemptCount, FailedPasswordAttemptWindowStart, FailedPasswordAnswerAttemptCount, FailedPasswordAnswerAttemptWindowStart)
   VALUES(@ApplicationID, @AspNetUserID, 'aMoPu/jMK8Yc4dxEEtAWm+RvKkFRjT38n/c1ORi3HgGWXJI15kNozQ==', 2, 'ub/Nej8BunZL3H6o+Z7+sg==', 'lucerop@zappos.com', 'lucerop@zappos.com', 1, 0, '2019-06-07 05:28:54', '2019-06-07 05:28:54', '2019-06-07 05:28:54', '1754-01-01 00:00:00.000', 0, '1754-01-01 00:00:00.000', 0, '1754-01-01 00:00:00.000')
   INSERT INTO dbo.dnn_UserPortals(UserID, PortalID, CreatedDate, Authorised, IsDeleted, RefreshRoles)
   VALUES(@UserID, @PortalID, '2019-06-07 05:28:54', 1, 0, 0)
   INSERT INTO dbo.dnn_UserRoles(UserID, RoleID, IsTrialUsed, CreatedByUserID, CreatedOnDate, LastModifiedByUserID, LastModifiedOnDate, [Status], IsOwner)
   VALUES(@UserId, @FemaleRole, 0, 1, '2019-06-07 05:28:54', 1, '2019-06-07 05:28:54', 1, 0)
   INSERT INTO dbo.dnn_Users(Username, FirstName, LastName, Email, DisplayName, UpdatePassword, LastIPAddress, IsDeleted, CreatedByUserID, CreatedOnDate, LastModifiedByUserID, LastModifiedOnDate, PasswordResetToken, PasswordResetExpiration)
   VALUES('kelli.boyle@google.lt', 'Kelli', 'Boyle', 'kelli.boyle@google.lt', 'Kelli Boyle', 0, '', 0, 1, '2019-06-07 05:28:54', 1, '2019-06-07 05:28:54', NULL, NULL)
   SELECT @UserID = SCOPE_IDENTITY()
   INSERT INTO dbo.aspnet_Users(ApplicationID, UserName, LoweredUserName, IsAnonymous, LastActivityDate)
   VALUES(@ApplicationId, 'kelli.boyle@google.lt', 'kelli.boyle@google.lt', 0, '2019-06-07 05:28:54')
   SELECT @AspNetUserID = UserId FROM aspnet_Users WHERE Username = 'kelli.boyle@google.lt'
   INSERT INTO dbo.aspnet_Membership(ApplicationID, UserID, Password, PasswordFormat, PasswordSalt, Email, LoweredEmail, IsApproved, IsLockedOut, CreateDate, LastLoginDate, LastPasswordChangedDate, LastLockoutDate, FailedPasswordAttemptCount, FailedPasswordAttemptWindowStart, FailedPasswordAnswerAttemptCount, FailedPasswordAnswerAttemptWindowStart)
   VALUES(@ApplicationID, @AspNetUserID, 'aMoPu/jMK8Yc4dxEEtAWm+RvKkFRjT38n/c1ORi3HgGWXJI15kNozQ==', 2, 'ub/Nej8BunZL3H6o+Z7+sg==', 'kelli.boyle@google.lt', 'kelli.boyle@google.lt', 1, 0, '2019-06-07 05:28:54', '2019-06-07 05:28:54', '2019-06-07 05:28:54', '1754-01-01 00:00:00.000', 0, '1754-01-01 00:00:00.000', 0, '1754-01-01 00:00:00.000')
   INSERT INTO dbo.dnn_UserPortals(UserID, PortalID, CreatedDate, Authorised, IsDeleted, RefreshRoles)
   VALUES(@UserID, @PortalID, '2019-06-07 05:28:54', 1, 0, 0)
   INSERT INTO dbo.dnn_UserRoles(UserID, RoleID, IsTrialUsed, CreatedByUserID, CreatedOnDate, LastModifiedByUserID, LastModifiedOnDate, [Status], IsOwner)
   VALUES(@UserId, @FemaleRole, 0, 1, '2019-06-07 05:28:54', 1, '2019-06-07 05:28:54', 1, 0)
   INSERT INTO dbo.dnn_Users(Username, FirstName, LastName, Email, DisplayName, UpdatePassword, LastIPAddress, IsDeleted, CreatedByUserID, CreatedOnDate, LastModifiedByUserID, LastModifiedOnDate, PasswordResetToken, PasswordResetExpiration)
   VALUES('h.hanna@appledaily.com.tw', 'Hannah', 'Hanna', 'h.hanna@appledaily.com.tw', 'Hannah Hanna', 0, '', 0, 1, '2019-06-07 05:28:54', 1, '2019-06-07 05:28:54', NULL, NULL)
   SELECT @UserID = SCOPE_IDENTITY()
   INSERT INTO dbo.aspnet_Users(ApplicationID, UserName, LoweredUserName, IsAnonymous, LastActivityDate)
   VALUES(@ApplicationId, 'h.hanna@appledaily.com.tw', 'h.hanna@appledaily.com.tw', 0, '2019-06-07 05:28:54')
   SELECT @AspNetUserID = UserId FROM aspnet_Users WHERE Username = 'h.hanna@appledaily.com.tw'
   INSERT INTO dbo.aspnet_Membership(ApplicationID, UserID, Password, PasswordFormat, PasswordSalt, Email, LoweredEmail, IsApproved, IsLockedOut, CreateDate, LastLoginDate, LastPasswordChangedDate, LastLockoutDate, FailedPasswordAttemptCount, FailedPasswordAttemptWindowStart, FailedPasswordAnswerAttemptCount, FailedPasswordAnswerAttemptWindowStart)
   VALUES(@ApplicationID, @AspNetUserID, 'aMoPu/jMK8Yc4dxEEtAWm+RvKkFRjT38n/c1ORi3HgGWXJI15kNozQ==', 2, 'ub/Nej8BunZL3H6o+Z7+sg==', 'h.hanna@appledaily.com.tw', 'h.hanna@appledaily.com.tw', 1, 0, '2019-06-07 05:28:54', '2019-06-07 05:28:54', '2019-06-07 05:28:54', '1754-01-01 00:00:00.000', 0, '1754-01-01 00:00:00.000', 0, '1754-01-01 00:00:00.000')
   INSERT INTO dbo.dnn_UserPortals(UserID, PortalID, CreatedDate, Authorised, IsDeleted, RefreshRoles)
   VALUES(@UserID, @PortalID, '2019-06-07 05:28:54', 1, 0, 0)
   INSERT INTO dbo.dnn_UserRoles(UserID, RoleID, IsTrialUsed, CreatedByUserID, CreatedOnDate, LastModifiedByUserID, LastModifiedOnDate, [Status], IsOwner)
   VALUES(@UserId, @FemaleRole, 0, 1, '2019-06-07 05:28:54', 1, '2019-06-07 05:28:54', 1, 0)
   INSERT INTO dbo.dnn_Users(Username, FirstName, LastName, Email, DisplayName, UpdatePassword, LastIPAddress, IsDeleted, CreatedByUserID, CreatedOnDate, LastModifiedByUserID, LastModifiedOnDate, PasswordResetToken, PasswordResetExpiration)
   VALUES('pacew@geocities.jp', 'Whitney', 'Pace', 'pacew@geocities.jp', 'Whitney Pace', 0, '', 0, 1, '2019-06-07 05:28:54', 1, '2019-06-07 05:28:54', NULL, NULL)
   SELECT @UserID = SCOPE_IDENTITY()
   INSERT INTO dbo.aspnet_Users(ApplicationID, UserName, LoweredUserName, IsAnonymous, LastActivityDate)
   VALUES(@ApplicationId, 'pacew@geocities.jp', 'pacew@geocities.jp', 0, '2019-06-07 05:28:54')
   SELECT @AspNetUserID = UserId FROM aspnet_Users WHERE Username = 'pacew@geocities.jp'
   INSERT INTO dbo.aspnet_Membership(ApplicationID, UserID, Password, PasswordFormat, PasswordSalt, Email, LoweredEmail, IsApproved, IsLockedOut, CreateDate, LastLoginDate, LastPasswordChangedDate, LastLockoutDate, FailedPasswordAttemptCount, FailedPasswordAttemptWindowStart, FailedPasswordAnswerAttemptCount, FailedPasswordAnswerAttemptWindowStart)
   VALUES(@ApplicationID, @AspNetUserID, 'aMoPu/jMK8Yc4dxEEtAWm+RvKkFRjT38n/c1ORi3HgGWXJI15kNozQ==', 2, 'ub/Nej8BunZL3H6o+Z7+sg==', 'pacew@geocities.jp', 'pacew@geocities.jp', 1, 0, '2019-06-07 05:28:54', '2019-06-07 05:28:54', '2019-06-07 05:28:54', '1754-01-01 00:00:00.000', 0, '1754-01-01 00:00:00.000', 0, '1754-01-01 00:00:00.000')
   INSERT INTO dbo.dnn_UserPortals(UserID, PortalID, CreatedDate, Authorised, IsDeleted, RefreshRoles)
   VALUES(@UserID, @PortalID, '2019-06-07 05:28:54', 1, 0, 0)
   INSERT INTO dbo.dnn_UserRoles(UserID, RoleID, IsTrialUsed, CreatedByUserID, CreatedOnDate, LastModifiedByUserID, LastModifiedOnDate, [Status], IsOwner)
   VALUES(@UserId, @FemaleRole, 0, 1, '2019-06-07 05:28:54', 1, '2019-06-07 05:28:54', 1, 0)
   INSERT INTO dbo.dnn_Users(Username, FirstName, LastName, Email, DisplayName, UpdatePassword, LastIPAddress, IsDeleted, CreatedByUserID, CreatedOnDate, LastModifiedByUserID, LastModifiedOnDate, PasswordResetToken, PasswordResetExpiration)
   VALUES('bridget.rush@duckduckgo.com', 'Bridget', 'Rush', 'bridget.rush@duckduckgo.com', 'Bridget Rush', 0, '', 0, 1, '2019-06-07 05:28:54', 1, '2019-06-07 05:28:54', NULL, NULL)
   SELECT @UserID = SCOPE_IDENTITY()
   INSERT INTO dbo.aspnet_Users(ApplicationID, UserName, LoweredUserName, IsAnonymous, LastActivityDate)
   VALUES(@ApplicationId, 'bridget.rush@duckduckgo.com', 'bridget.rush@duckduckgo.com', 0, '2019-06-07 05:28:54')
   SELECT @AspNetUserID = UserId FROM aspnet_Users WHERE Username = 'bridget.rush@duckduckgo.com'
   INSERT INTO dbo.aspnet_Membership(ApplicationID, UserID, Password, PasswordFormat, PasswordSalt, Email, LoweredEmail, IsApproved, IsLockedOut, CreateDate, LastLoginDate, LastPasswordChangedDate, LastLockoutDate, FailedPasswordAttemptCount, FailedPasswordAttemptWindowStart, FailedPasswordAnswerAttemptCount, FailedPasswordAnswerAttemptWindowStart)
   VALUES(@ApplicationID, @AspNetUserID, 'aMoPu/jMK8Yc4dxEEtAWm+RvKkFRjT38n/c1ORi3HgGWXJI15kNozQ==', 2, 'ub/Nej8BunZL3H6o+Z7+sg==', 'bridget.rush@duckduckgo.com', 'bridget.rush@duckduckgo.com', 1, 0, '2019-06-07 05:28:54', '2019-06-07 05:28:54', '2019-06-07 05:28:54', '1754-01-01 00:00:00.000', 0, '1754-01-01 00:00:00.000', 0, '1754-01-01 00:00:00.000')
   INSERT INTO dbo.dnn_UserPortals(UserID, PortalID, CreatedDate, Authorised, IsDeleted, RefreshRoles)
   VALUES(@UserID, @PortalID, '2019-06-07 05:28:54', 1, 0, 0)
   INSERT INTO dbo.dnn_UserRoles(UserID, RoleID, IsTrialUsed, CreatedByUserID, CreatedOnDate, LastModifiedByUserID, LastModifiedOnDate, [Status], IsOwner)
   VALUES(@UserId, @FemaleRole, 0, 1, '2019-06-07 05:28:54', 1, '2019-06-07 05:28:54', 1, 0)
   INSERT INTO dbo.dnn_Users(Username, FirstName, LastName, Email, DisplayName, UpdatePassword, LastIPAddress, IsDeleted, CreatedByUserID, CreatedOnDate, LastModifiedByUserID, LastModifiedOnDate, PasswordResetToken, PasswordResetExpiration)
   VALUES('k.hurley@irs.gov', 'Karla', 'Hurley', 'k.hurley@irs.gov', 'Karla Hurley', 0, '', 0, 1, '2019-06-07 05:28:54', 1, '2019-06-07 05:28:54', NULL, NULL)
   SELECT @UserID = SCOPE_IDENTITY()
   INSERT INTO dbo.aspnet_Users(ApplicationID, UserName, LoweredUserName, IsAnonymous, LastActivityDate)
   VALUES(@ApplicationId, 'k.hurley@irs.gov', 'k.hurley@irs.gov', 0, '2019-06-07 05:28:54')
   SELECT @AspNetUserID = UserId FROM aspnet_Users WHERE Username = 'k.hurley@irs.gov'
   INSERT INTO dbo.aspnet_Membership(ApplicationID, UserID, Password, PasswordFormat, PasswordSalt, Email, LoweredEmail, IsApproved, IsLockedOut, CreateDate, LastLoginDate, LastPasswordChangedDate, LastLockoutDate, FailedPasswordAttemptCount, FailedPasswordAttemptWindowStart, FailedPasswordAnswerAttemptCount, FailedPasswordAnswerAttemptWindowStart)
   VALUES(@ApplicationID, @AspNetUserID, 'aMoPu/jMK8Yc4dxEEtAWm+RvKkFRjT38n/c1ORi3HgGWXJI15kNozQ==', 2, 'ub/Nej8BunZL3H6o+Z7+sg==', 'k.hurley@irs.gov', 'k.hurley@irs.gov', 1, 0, '2019-06-07 05:28:54', '2019-06-07 05:28:54', '2019-06-07 05:28:54', '1754-01-01 00:00:00.000', 0, '1754-01-01 00:00:00.000', 0, '1754-01-01 00:00:00.000')
   INSERT INTO dbo.dnn_UserPortals(UserID, PortalID, CreatedDate, Authorised, IsDeleted, RefreshRoles)
   VALUES(@UserID, @PortalID, '2019-06-07 05:28:54', 1, 0, 0)
   INSERT INTO dbo.dnn_UserRoles(UserID, RoleID, IsTrialUsed, CreatedByUserID, CreatedOnDate, LastModifiedByUserID, LastModifiedOnDate, [Status], IsOwner)
   VALUES(@UserId, @FemaleRole, 0, 1, '2019-06-07 05:28:54', 1, '2019-06-07 05:28:54', 1, 0)
   INSERT INTO dbo.dnn_Users(Username, FirstName, LastName, Email, DisplayName, UpdatePassword, LastIPAddress, IsDeleted, CreatedByUserID, CreatedOnDate, LastModifiedByUserID, LastModifiedOnDate, PasswordResetToken, PasswordResetExpiration)
   VALUES('hardingc@kotaku.com', 'Celia', 'Harding', 'hardingc@kotaku.com', 'Celia Harding', 0, '', 0, 1, '2019-06-07 05:28:54', 1, '2019-06-07 05:28:54', NULL, NULL)
   SELECT @UserID = SCOPE_IDENTITY()
   INSERT INTO dbo.aspnet_Users(ApplicationID, UserName, LoweredUserName, IsAnonymous, LastActivityDate)
   VALUES(@ApplicationId, 'hardingc@kotaku.com', 'hardingc@kotaku.com', 0, '2019-06-07 05:28:54')
   SELECT @AspNetUserID = UserId FROM aspnet_Users WHERE Username = 'hardingc@kotaku.com'
   INSERT INTO dbo.aspnet_Membership(ApplicationID, UserID, Password, PasswordFormat, PasswordSalt, Email, LoweredEmail, IsApproved, IsLockedOut, CreateDate, LastLoginDate, LastPasswordChangedDate, LastLockoutDate, FailedPasswordAttemptCount, FailedPasswordAttemptWindowStart, FailedPasswordAnswerAttemptCount, FailedPasswordAnswerAttemptWindowStart)
   VALUES(@ApplicationID, @AspNetUserID, 'aMoPu/jMK8Yc4dxEEtAWm+RvKkFRjT38n/c1ORi3HgGWXJI15kNozQ==', 2, 'ub/Nej8BunZL3H6o+Z7+sg==', 'hardingc@kotaku.com', 'hardingc@kotaku.com', 1, 0, '2019-06-07 05:28:54', '2019-06-07 05:28:54', '2019-06-07 05:28:54', '1754-01-01 00:00:00.000', 0, '1754-01-01 00:00:00.000', 0, '1754-01-01 00:00:00.000')
   INSERT INTO dbo.dnn_UserPortals(UserID, PortalID, CreatedDate, Authorised, IsDeleted, RefreshRoles)
   VALUES(@UserID, @PortalID, '2019-06-07 05:28:54', 1, 0, 0)
   INSERT INTO dbo.dnn_UserRoles(UserID, RoleID, IsTrialUsed, CreatedByUserID, CreatedOnDate, LastModifiedByUserID, LastModifiedOnDate, [Status], IsOwner)
   VALUES(@UserId, @FemaleRole, 0, 1, '2019-06-07 05:28:54', 1, '2019-06-07 05:28:54', 1, 0)
   INSERT INTO dbo.dnn_Users(Username, FirstName, LastName, Email, DisplayName, UpdatePassword, LastIPAddress, IsDeleted, CreatedByUserID, CreatedOnDate, LastModifiedByUserID, LastModifiedOnDate, PasswordResetToken, PasswordResetExpiration)
   VALUES('latoya.mcconnell@marktplaats.nl', 'Latoya', 'Mcconnell', 'latoya.mcconnell@marktplaats.nl', 'Latoya Mcconnell', 0, '', 0, 1, '2019-06-07 05:28:54', 1, '2019-06-07 05:28:54', NULL, NULL)
   SELECT @UserID = SCOPE_IDENTITY()
   INSERT INTO dbo.aspnet_Users(ApplicationID, UserName, LoweredUserName, IsAnonymous, LastActivityDate)
   VALUES(@ApplicationId, 'latoya.mcconnell@marktplaats.nl', 'latoya.mcconnell@marktplaats.nl', 0, '2019-06-07 05:28:54')
   SELECT @AspNetUserID = UserId FROM aspnet_Users WHERE Username = 'latoya.mcconnell@marktplaats.nl'
   INSERT INTO dbo.aspnet_Membership(ApplicationID, UserID, Password, PasswordFormat, PasswordSalt, Email, LoweredEmail, IsApproved, IsLockedOut, CreateDate, LastLoginDate, LastPasswordChangedDate, LastLockoutDate, FailedPasswordAttemptCount, FailedPasswordAttemptWindowStart, FailedPasswordAnswerAttemptCount, FailedPasswordAnswerAttemptWindowStart)
   VALUES(@ApplicationID, @AspNetUserID, 'aMoPu/jMK8Yc4dxEEtAWm+RvKkFRjT38n/c1ORi3HgGWXJI15kNozQ==', 2, 'ub/Nej8BunZL3H6o+Z7+sg==', 'latoya.mcconnell@marktplaats.nl', 'latoya.mcconnell@marktplaats.nl', 1, 0, '2019-06-07 05:28:54', '2019-06-07 05:28:54', '2019-06-07 05:28:54', '1754-01-01 00:00:00.000', 0, '1754-01-01 00:00:00.000', 0, '1754-01-01 00:00:00.000')
   INSERT INTO dbo.dnn_UserPortals(UserID, PortalID, CreatedDate, Authorised, IsDeleted, RefreshRoles)
   VALUES(@UserID, @PortalID, '2019-06-07 05:28:54', 1, 0, 0)
   INSERT INTO dbo.dnn_UserRoles(UserID, RoleID, IsTrialUsed, CreatedByUserID, CreatedOnDate, LastModifiedByUserID, LastModifiedOnDate, [Status], IsOwner)
   VALUES(@UserId, @FemaleRole, 0, 1, '2019-06-07 05:28:54', 1, '2019-06-07 05:28:54', 1, 0)
   INSERT INTO dbo.dnn_Users(Username, FirstName, LastName, Email, DisplayName, UpdatePassword, LastIPAddress, IsDeleted, CreatedByUserID, CreatedOnDate, LastModifiedByUserID, LastModifiedOnDate, PasswordResetToken, PasswordResetExpiration)
   VALUES('p.bernal@eroterest.net', 'Patty', 'Bernal', 'p.bernal@eroterest.net', 'Patty Bernal', 0, '', 0, 1, '2019-06-07 05:28:54', 1, '2019-06-07 05:28:54', NULL, NULL)
   SELECT @UserID = SCOPE_IDENTITY()
   INSERT INTO dbo.aspnet_Users(ApplicationID, UserName, LoweredUserName, IsAnonymous, LastActivityDate)
   VALUES(@ApplicationId, 'p.bernal@eroterest.net', 'p.bernal@eroterest.net', 0, '2019-06-07 05:28:54')
   SELECT @AspNetUserID = UserId FROM aspnet_Users WHERE Username = 'p.bernal@eroterest.net'
   INSERT INTO dbo.aspnet_Membership(ApplicationID, UserID, Password, PasswordFormat, PasswordSalt, Email, LoweredEmail, IsApproved, IsLockedOut, CreateDate, LastLoginDate, LastPasswordChangedDate, LastLockoutDate, FailedPasswordAttemptCount, FailedPasswordAttemptWindowStart, FailedPasswordAnswerAttemptCount, FailedPasswordAnswerAttemptWindowStart)
   VALUES(@ApplicationID, @AspNetUserID, 'aMoPu/jMK8Yc4dxEEtAWm+RvKkFRjT38n/c1ORi3HgGWXJI15kNozQ==', 2, 'ub/Nej8BunZL3H6o+Z7+sg==', 'p.bernal@eroterest.net', 'p.bernal@eroterest.net', 1, 0, '2019-06-07 05:28:54', '2019-06-07 05:28:54', '2019-06-07 05:28:54', '1754-01-01 00:00:00.000', 0, '1754-01-01 00:00:00.000', 0, '1754-01-01 00:00:00.000')
   INSERT INTO dbo.dnn_UserPortals(UserID, PortalID, CreatedDate, Authorised, IsDeleted, RefreshRoles)
   VALUES(@UserID, @PortalID, '2019-06-07 05:28:54', 1, 0, 0)
   INSERT INTO dbo.dnn_UserRoles(UserID, RoleID, IsTrialUsed, CreatedByUserID, CreatedOnDate, LastModifiedByUserID, LastModifiedOnDate, [Status], IsOwner)
   VALUES(@UserId, @FemaleRole, 0, 1, '2019-06-07 05:28:54', 1, '2019-06-07 05:28:54', 1, 0)
   INSERT INTO dbo.dnn_UserRoles(UserID, RoleID, IsTrialUsed, CreatedByUserID, CreatedOnDate, LastModifiedByUserID, LastModifiedOnDate, [Status], IsOwner)
   VALUES(@UserId, @ManagerRole, 0, 1, '2019-06-07 05:28:54', 1, '2019-06-07 05:28:54', 1, 0)
   INSERT INTO dbo.dnn_Users(Username, FirstName, LastName, Email, DisplayName, UpdatePassword, LastIPAddress, IsDeleted, CreatedByUserID, CreatedOnDate, LastModifiedByUserID, LastModifiedOnDate, PasswordResetToken, PasswordResetExpiration)
   VALUES('navas@duolingo.com', 'Shelia', 'Nava', 'navas@duolingo.com', 'Shelia Nava', 0, '', 0, 1, '2019-06-07 05:28:54', 1, '2019-06-07 05:28:54', NULL, NULL)
   SELECT @UserID = SCOPE_IDENTITY()
   INSERT INTO dbo.aspnet_Users(ApplicationID, UserName, LoweredUserName, IsAnonymous, LastActivityDate)
   VALUES(@ApplicationId, 'navas@duolingo.com', 'navas@duolingo.com', 0, '2019-06-07 05:28:54')
   SELECT @AspNetUserID = UserId FROM aspnet_Users WHERE Username = 'navas@duolingo.com'
   INSERT INTO dbo.aspnet_Membership(ApplicationID, UserID, Password, PasswordFormat, PasswordSalt, Email, LoweredEmail, IsApproved, IsLockedOut, CreateDate, LastLoginDate, LastPasswordChangedDate, LastLockoutDate, FailedPasswordAttemptCount, FailedPasswordAttemptWindowStart, FailedPasswordAnswerAttemptCount, FailedPasswordAnswerAttemptWindowStart)
   VALUES(@ApplicationID, @AspNetUserID, 'aMoPu/jMK8Yc4dxEEtAWm+RvKkFRjT38n/c1ORi3HgGWXJI15kNozQ==', 2, 'ub/Nej8BunZL3H6o+Z7+sg==', 'navas@duolingo.com', 'navas@duolingo.com', 1, 0, '2019-06-07 05:28:54', '2019-06-07 05:28:54', '2019-06-07 05:28:54', '1754-01-01 00:00:00.000', 0, '1754-01-01 00:00:00.000', 0, '1754-01-01 00:00:00.000')
   INSERT INTO dbo.dnn_UserPortals(UserID, PortalID, CreatedDate, Authorised, IsDeleted, RefreshRoles)
   VALUES(@UserID, @PortalID, '2019-06-07 05:28:54', 1, 0, 0)
   INSERT INTO dbo.dnn_UserRoles(UserID, RoleID, IsTrialUsed, CreatedByUserID, CreatedOnDate, LastModifiedByUserID, LastModifiedOnDate, [Status], IsOwner)
   VALUES(@UserId, @FemaleRole, 0, 1, '2019-06-07 05:28:54', 1, '2019-06-07 05:28:54', 1, 0)
   INSERT INTO dbo.dnn_Users(Username, FirstName, LastName, Email, DisplayName, UpdatePassword, LastIPAddress, IsDeleted, CreatedByUserID, CreatedOnDate, LastModifiedByUserID, LastModifiedOnDate, PasswordResetToken, PasswordResetExpiration)
   VALUES('gayle.ayers@ebay.fr', 'Gayle', 'Ayers', 'gayle.ayers@ebay.fr', 'Gayle Ayers', 0, '', 0, 1, '2019-06-07 05:28:54', 1, '2019-06-07 05:28:54', NULL, NULL)
   SELECT @UserID = SCOPE_IDENTITY()
   INSERT INTO dbo.aspnet_Users(ApplicationID, UserName, LoweredUserName, IsAnonymous, LastActivityDate)
   VALUES(@ApplicationId, 'gayle.ayers@ebay.fr', 'gayle.ayers@ebay.fr', 0, '2019-06-07 05:28:54')
   SELECT @AspNetUserID = UserId FROM aspnet_Users WHERE Username = 'gayle.ayers@ebay.fr'
   INSERT INTO dbo.aspnet_Membership(ApplicationID, UserID, Password, PasswordFormat, PasswordSalt, Email, LoweredEmail, IsApproved, IsLockedOut, CreateDate, LastLoginDate, LastPasswordChangedDate, LastLockoutDate, FailedPasswordAttemptCount, FailedPasswordAttemptWindowStart, FailedPasswordAnswerAttemptCount, FailedPasswordAnswerAttemptWindowStart)
   VALUES(@ApplicationID, @AspNetUserID, 'aMoPu/jMK8Yc4dxEEtAWm+RvKkFRjT38n/c1ORi3HgGWXJI15kNozQ==', 2, 'ub/Nej8BunZL3H6o+Z7+sg==', 'gayle.ayers@ebay.fr', 'gayle.ayers@ebay.fr', 1, 0, '2019-06-07 05:28:54', '2019-06-07 05:28:54', '2019-06-07 05:28:54', '1754-01-01 00:00:00.000', 0, '1754-01-01 00:00:00.000', 0, '1754-01-01 00:00:00.000')
   INSERT INTO dbo.dnn_UserPortals(UserID, PortalID, CreatedDate, Authorised, IsDeleted, RefreshRoles)
   VALUES(@UserID, @PortalID, '2019-06-07 05:28:54', 1, 0, 0)
   INSERT INTO dbo.dnn_UserRoles(UserID, RoleID, IsTrialUsed, CreatedByUserID, CreatedOnDate, LastModifiedByUserID, LastModifiedOnDate, [Status], IsOwner)
   VALUES(@UserId, @FemaleRole, 0, 1, '2019-06-07 05:28:54', 1, '2019-06-07 05:28:54', 1, 0)
   INSERT INTO dbo.dnn_Users(Username, FirstName, LastName, Email, DisplayName, UpdatePassword, LastIPAddress, IsDeleted, CreatedByUserID, CreatedOnDate, LastModifiedByUserID, LastModifiedOnDate, PasswordResetToken, PasswordResetExpiration)
   VALUES('d.everett@wp.com', 'Della', 'Everett', 'd.everett@wp.com', 'Della Everett', 0, '', 0, 1, '2019-06-07 05:28:54', 1, '2019-06-07 05:28:54', NULL, NULL)
   SELECT @UserID = SCOPE_IDENTITY()
   INSERT INTO dbo.aspnet_Users(ApplicationID, UserName, LoweredUserName, IsAnonymous, LastActivityDate)
   VALUES(@ApplicationId, 'd.everett@wp.com', 'd.everett@wp.com', 0, '2019-06-07 05:28:54')
   SELECT @AspNetUserID = UserId FROM aspnet_Users WHERE Username = 'd.everett@wp.com'
   INSERT INTO dbo.aspnet_Membership(ApplicationID, UserID, Password, PasswordFormat, PasswordSalt, Email, LoweredEmail, IsApproved, IsLockedOut, CreateDate, LastLoginDate, LastPasswordChangedDate, LastLockoutDate, FailedPasswordAttemptCount, FailedPasswordAttemptWindowStart, FailedPasswordAnswerAttemptCount, FailedPasswordAnswerAttemptWindowStart)
   VALUES(@ApplicationID, @AspNetUserID, 'aMoPu/jMK8Yc4dxEEtAWm+RvKkFRjT38n/c1ORi3HgGWXJI15kNozQ==', 2, 'ub/Nej8BunZL3H6o+Z7+sg==', 'd.everett@wp.com', 'd.everett@wp.com', 1, 0, '2019-06-07 05:28:54', '2019-06-07 05:28:54', '2019-06-07 05:28:54', '1754-01-01 00:00:00.000', 0, '1754-01-01 00:00:00.000', 0, '1754-01-01 00:00:00.000')
   INSERT INTO dbo.dnn_UserPortals(UserID, PortalID, CreatedDate, Authorised, IsDeleted, RefreshRoles)
   VALUES(@UserID, @PortalID, '2019-06-07 05:28:54', 1, 0, 0)
   INSERT INTO dbo.dnn_UserRoles(UserID, RoleID, IsTrialUsed, CreatedByUserID, CreatedOnDate, LastModifiedByUserID, LastModifiedOnDate, [Status], IsOwner)
   VALUES(@UserId, @FemaleRole, 0, 1, '2019-06-07 05:28:54', 1, '2019-06-07 05:28:54', 1, 0)
   INSERT INTO dbo.dnn_Users(Username, FirstName, LastName, Email, DisplayName, UpdatePassword, LastIPAddress, IsDeleted, CreatedByUserID, CreatedOnDate, LastModifiedByUserID, LastModifiedOnDate, PasswordResetToken, PasswordResetExpiration)
   VALUES('venturav@jin115.com', 'Vicky', 'Ventura', 'venturav@jin115.com', 'Vicky Ventura', 0, '', 0, 1, '2019-06-07 05:28:54', 1, '2019-06-07 05:28:54', NULL, NULL)
   SELECT @UserID = SCOPE_IDENTITY()
   INSERT INTO dbo.aspnet_Users(ApplicationID, UserName, LoweredUserName, IsAnonymous, LastActivityDate)
   VALUES(@ApplicationId, 'venturav@jin115.com', 'venturav@jin115.com', 0, '2019-06-07 05:28:54')
   SELECT @AspNetUserID = UserId FROM aspnet_Users WHERE Username = 'venturav@jin115.com'
   INSERT INTO dbo.aspnet_Membership(ApplicationID, UserID, Password, PasswordFormat, PasswordSalt, Email, LoweredEmail, IsApproved, IsLockedOut, CreateDate, LastLoginDate, LastPasswordChangedDate, LastLockoutDate, FailedPasswordAttemptCount, FailedPasswordAttemptWindowStart, FailedPasswordAnswerAttemptCount, FailedPasswordAnswerAttemptWindowStart)
   VALUES(@ApplicationID, @AspNetUserID, 'aMoPu/jMK8Yc4dxEEtAWm+RvKkFRjT38n/c1ORi3HgGWXJI15kNozQ==', 2, 'ub/Nej8BunZL3H6o+Z7+sg==', 'venturav@jin115.com', 'venturav@jin115.com', 1, 0, '2019-06-07 05:28:54', '2019-06-07 05:28:54', '2019-06-07 05:28:54', '1754-01-01 00:00:00.000', 0, '1754-01-01 00:00:00.000', 0, '1754-01-01 00:00:00.000')
   INSERT INTO dbo.dnn_UserPortals(UserID, PortalID, CreatedDate, Authorised, IsDeleted, RefreshRoles)
   VALUES(@UserID, @PortalID, '2019-06-07 05:28:54', 1, 0, 0)
   INSERT INTO dbo.dnn_UserRoles(UserID, RoleID, IsTrialUsed, CreatedByUserID, CreatedOnDate, LastModifiedByUserID, LastModifiedOnDate, [Status], IsOwner)
   VALUES(@UserId, @FemaleRole, 0, 1, '2019-06-07 05:28:54', 1, '2019-06-07 05:28:54', 1, 0)
   INSERT INTO dbo.dnn_Users(Username, FirstName, LastName, Email, DisplayName, UpdatePassword, LastIPAddress, IsDeleted, CreatedByUserID, CreatedOnDate, LastModifiedByUserID, LastModifiedOnDate, PasswordResetToken, PasswordResetExpiration)
   VALUES('lynne.avery@staples.com', 'Lynne', 'Avery', 'lynne.avery@staples.com', 'Lynne Avery', 0, '', 0, 1, '2019-06-07 05:28:54', 1, '2019-06-07 05:28:54', NULL, NULL)
   SELECT @UserID = SCOPE_IDENTITY()
   INSERT INTO dbo.aspnet_Users(ApplicationID, UserName, LoweredUserName, IsAnonymous, LastActivityDate)
   VALUES(@ApplicationId, 'lynne.avery@staples.com', 'lynne.avery@staples.com', 0, '2019-06-07 05:28:54')
   SELECT @AspNetUserID = UserId FROM aspnet_Users WHERE Username = 'lynne.avery@staples.com'
   INSERT INTO dbo.aspnet_Membership(ApplicationID, UserID, Password, PasswordFormat, PasswordSalt, Email, LoweredEmail, IsApproved, IsLockedOut, CreateDate, LastLoginDate, LastPasswordChangedDate, LastLockoutDate, FailedPasswordAttemptCount, FailedPasswordAttemptWindowStart, FailedPasswordAnswerAttemptCount, FailedPasswordAnswerAttemptWindowStart)
   VALUES(@ApplicationID, @AspNetUserID, 'aMoPu/jMK8Yc4dxEEtAWm+RvKkFRjT38n/c1ORi3HgGWXJI15kNozQ==', 2, 'ub/Nej8BunZL3H6o+Z7+sg==', 'lynne.avery@staples.com', 'lynne.avery@staples.com', 1, 0, '2019-06-07 05:28:54', '2019-06-07 05:28:54', '2019-06-07 05:28:54', '1754-01-01 00:00:00.000', 0, '1754-01-01 00:00:00.000', 0, '1754-01-01 00:00:00.000')
   INSERT INTO dbo.dnn_UserPortals(UserID, PortalID, CreatedDate, Authorised, IsDeleted, RefreshRoles)
   VALUES(@UserID, @PortalID, '2019-06-07 05:28:54', 1, 0, 0)
   INSERT INTO dbo.dnn_UserRoles(UserID, RoleID, IsTrialUsed, CreatedByUserID, CreatedOnDate, LastModifiedByUserID, LastModifiedOnDate, [Status], IsOwner)
   VALUES(@UserId, @FemaleRole, 0, 1, '2019-06-07 05:28:54', 1, '2019-06-07 05:28:54', 1, 0)
   INSERT INTO dbo.dnn_Users(Username, FirstName, LastName, Email, DisplayName, UpdatePassword, LastIPAddress, IsDeleted, CreatedByUserID, CreatedOnDate, LastModifiedByUserID, LastModifiedOnDate, PasswordResetToken, PasswordResetExpiration)
   VALUES('s.pugh@youjizz.com', 'Sheri', 'Pugh', 's.pugh@youjizz.com', 'Sheri Pugh', 0, '', 0, 1, '2019-06-07 05:28:54', 1, '2019-06-07 05:28:54', NULL, NULL)
   SELECT @UserID = SCOPE_IDENTITY()
   INSERT INTO dbo.aspnet_Users(ApplicationID, UserName, LoweredUserName, IsAnonymous, LastActivityDate)
   VALUES(@ApplicationId, 's.pugh@youjizz.com', 's.pugh@youjizz.com', 0, '2019-06-07 05:28:54')
   SELECT @AspNetUserID = UserId FROM aspnet_Users WHERE Username = 's.pugh@youjizz.com'
   INSERT INTO dbo.aspnet_Membership(ApplicationID, UserID, Password, PasswordFormat, PasswordSalt, Email, LoweredEmail, IsApproved, IsLockedOut, CreateDate, LastLoginDate, LastPasswordChangedDate, LastLockoutDate, FailedPasswordAttemptCount, FailedPasswordAttemptWindowStart, FailedPasswordAnswerAttemptCount, FailedPasswordAnswerAttemptWindowStart)
   VALUES(@ApplicationID, @AspNetUserID, 'aMoPu/jMK8Yc4dxEEtAWm+RvKkFRjT38n/c1ORi3HgGWXJI15kNozQ==', 2, 'ub/Nej8BunZL3H6o+Z7+sg==', 's.pugh@youjizz.com', 's.pugh@youjizz.com', 1, 0, '2019-06-07 05:28:54', '2019-06-07 05:28:54', '2019-06-07 05:28:54', '1754-01-01 00:00:00.000', 0, '1754-01-01 00:00:00.000', 0, '1754-01-01 00:00:00.000')
   INSERT INTO dbo.dnn_UserPortals(UserID, PortalID, CreatedDate, Authorised, IsDeleted, RefreshRoles)
   VALUES(@UserID, @PortalID, '2019-06-07 05:28:54', 1, 0, 0)
   INSERT INTO dbo.dnn_UserRoles(UserID, RoleID, IsTrialUsed, CreatedByUserID, CreatedOnDate, LastModifiedByUserID, LastModifiedOnDate, [Status], IsOwner)
   VALUES(@UserId, @FemaleRole, 0, 1, '2019-06-07 05:28:54', 1, '2019-06-07 05:28:54', 1, 0)
   INSERT INTO dbo.dnn_Users(Username, FirstName, LastName, Email, DisplayName, UpdatePassword, LastIPAddress, IsDeleted, CreatedByUserID, CreatedOnDate, LastModifiedByUserID, LastModifiedOnDate, PasswordResetToken, PasswordResetExpiration)
   VALUES('mayerm@fanfiction.net', 'Marianne', 'Mayer', 'mayerm@fanfiction.net', 'Marianne Mayer', 0, '', 0, 1, '2019-06-07 05:28:54', 1, '2019-06-07 05:28:54', NULL, NULL)
   SELECT @UserID = SCOPE_IDENTITY()
   INSERT INTO dbo.aspnet_Users(ApplicationID, UserName, LoweredUserName, IsAnonymous, LastActivityDate)
   VALUES(@ApplicationId, 'mayerm@fanfiction.net', 'mayerm@fanfiction.net', 0, '2019-06-07 05:28:54')
   SELECT @AspNetUserID = UserId FROM aspnet_Users WHERE Username = 'mayerm@fanfiction.net'
   INSERT INTO dbo.aspnet_Membership(ApplicationID, UserID, Password, PasswordFormat, PasswordSalt, Email, LoweredEmail, IsApproved, IsLockedOut, CreateDate, LastLoginDate, LastPasswordChangedDate, LastLockoutDate, FailedPasswordAttemptCount, FailedPasswordAttemptWindowStart, FailedPasswordAnswerAttemptCount, FailedPasswordAnswerAttemptWindowStart)
   VALUES(@ApplicationID, @AspNetUserID, 'aMoPu/jMK8Yc4dxEEtAWm+RvKkFRjT38n/c1ORi3HgGWXJI15kNozQ==', 2, 'ub/Nej8BunZL3H6o+Z7+sg==', 'mayerm@fanfiction.net', 'mayerm@fanfiction.net', 1, 0, '2019-06-07 05:28:54', '2019-06-07 05:28:54', '2019-06-07 05:28:54', '1754-01-01 00:00:00.000', 0, '1754-01-01 00:00:00.000', 0, '1754-01-01 00:00:00.000')
   INSERT INTO dbo.dnn_UserPortals(UserID, PortalID, CreatedDate, Authorised, IsDeleted, RefreshRoles)
   VALUES(@UserID, @PortalID, '2019-06-07 05:28:54', 1, 0, 0)
   INSERT INTO dbo.dnn_UserRoles(UserID, RoleID, IsTrialUsed, CreatedByUserID, CreatedOnDate, LastModifiedByUserID, LastModifiedOnDate, [Status], IsOwner)
   VALUES(@UserId, @FemaleRole, 0, 1, '2019-06-07 05:28:54', 1, '2019-06-07 05:28:54', 1, 0)
   INSERT INTO dbo.dnn_UserRoles(UserID, RoleID, IsTrialUsed, CreatedByUserID, CreatedOnDate, LastModifiedByUserID, LastModifiedOnDate, [Status], IsOwner)
   VALUES(@UserId, @AcademicRole, 0, 1, '2019-06-07 05:28:54', 1, '2019-06-07 05:28:54', 1, 0)
   INSERT INTO dbo.dnn_Users(Username, FirstName, LastName, Email, DisplayName, UpdatePassword, LastIPAddress, IsDeleted, CreatedByUserID, CreatedOnDate, LastModifiedByUserID, LastModifiedOnDate, PasswordResetToken, PasswordResetExpiration)
   VALUES('kara.bender@walgreens.com', 'Kara', 'Bender', 'kara.bender@walgreens.com', 'Kara Bender', 0, '', 0, 1, '2019-06-07 05:28:54', 1, '2019-06-07 05:28:54', NULL, NULL)
   SELECT @UserID = SCOPE_IDENTITY()
   INSERT INTO dbo.aspnet_Users(ApplicationID, UserName, LoweredUserName, IsAnonymous, LastActivityDate)
   VALUES(@ApplicationId, 'kara.bender@walgreens.com', 'kara.bender@walgreens.com', 0, '2019-06-07 05:28:54')
   SELECT @AspNetUserID = UserId FROM aspnet_Users WHERE Username = 'kara.bender@walgreens.com'
   INSERT INTO dbo.aspnet_Membership(ApplicationID, UserID, Password, PasswordFormat, PasswordSalt, Email, LoweredEmail, IsApproved, IsLockedOut, CreateDate, LastLoginDate, LastPasswordChangedDate, LastLockoutDate, FailedPasswordAttemptCount, FailedPasswordAttemptWindowStart, FailedPasswordAnswerAttemptCount, FailedPasswordAnswerAttemptWindowStart)
   VALUES(@ApplicationID, @AspNetUserID, 'aMoPu/jMK8Yc4dxEEtAWm+RvKkFRjT38n/c1ORi3HgGWXJI15kNozQ==', 2, 'ub/Nej8BunZL3H6o+Z7+sg==', 'kara.bender@walgreens.com', 'kara.bender@walgreens.com', 1, 0, '2019-06-07 05:28:54', '2019-06-07 05:28:54', '2019-06-07 05:28:54', '1754-01-01 00:00:00.000', 0, '1754-01-01 00:00:00.000', 0, '1754-01-01 00:00:00.000')
   INSERT INTO dbo.dnn_UserPortals(UserID, PortalID, CreatedDate, Authorised, IsDeleted, RefreshRoles)
   VALUES(@UserID, @PortalID, '2019-06-07 05:28:54', 1, 0, 0)
   INSERT INTO dbo.dnn_UserRoles(UserID, RoleID, IsTrialUsed, CreatedByUserID, CreatedOnDate, LastModifiedByUserID, LastModifiedOnDate, [Status], IsOwner)
   VALUES(@UserId, @FemaleRole, 0, 1, '2019-06-07 05:28:54', 1, '2019-06-07 05:28:54', 1, 0)
   INSERT INTO dbo.dnn_Users(Username, FirstName, LastName, Email, DisplayName, UpdatePassword, LastIPAddress, IsDeleted, CreatedByUserID, CreatedOnDate, LastModifiedByUserID, LastModifiedOnDate, PasswordResetToken, PasswordResetExpiration)
   VALUES('j.shepard@bt.com', 'Jacquelyn', 'Shepard', 'j.shepard@bt.com', 'Jacquelyn Shepard', 0, '', 0, 1, '2019-06-07 05:28:54', 1, '2019-06-07 05:28:54', NULL, NULL)
   SELECT @UserID = SCOPE_IDENTITY()
   INSERT INTO dbo.aspnet_Users(ApplicationID, UserName, LoweredUserName, IsAnonymous, LastActivityDate)
   VALUES(@ApplicationId, 'j.shepard@bt.com', 'j.shepard@bt.com', 0, '2019-06-07 05:28:54')
   SELECT @AspNetUserID = UserId FROM aspnet_Users WHERE Username = 'j.shepard@bt.com'
   INSERT INTO dbo.aspnet_Membership(ApplicationID, UserID, Password, PasswordFormat, PasswordSalt, Email, LoweredEmail, IsApproved, IsLockedOut, CreateDate, LastLoginDate, LastPasswordChangedDate, LastLockoutDate, FailedPasswordAttemptCount, FailedPasswordAttemptWindowStart, FailedPasswordAnswerAttemptCount, FailedPasswordAnswerAttemptWindowStart)
   VALUES(@ApplicationID, @AspNetUserID, 'aMoPu/jMK8Yc4dxEEtAWm+RvKkFRjT38n/c1ORi3HgGWXJI15kNozQ==', 2, 'ub/Nej8BunZL3H6o+Z7+sg==', 'j.shepard@bt.com', 'j.shepard@bt.com', 1, 0, '2019-06-07 05:28:54', '2019-06-07 05:28:54', '2019-06-07 05:28:54', '1754-01-01 00:00:00.000', 0, '1754-01-01 00:00:00.000', 0, '1754-01-01 00:00:00.000')
   INSERT INTO dbo.dnn_UserPortals(UserID, PortalID, CreatedDate, Authorised, IsDeleted, RefreshRoles)
   VALUES(@UserID, @PortalID, '2019-06-07 05:28:54', 1, 0, 0)
   INSERT INTO dbo.dnn_UserRoles(UserID, RoleID, IsTrialUsed, CreatedByUserID, CreatedOnDate, LastModifiedByUserID, LastModifiedOnDate, [Status], IsOwner)
   VALUES(@UserId, @FemaleRole, 0, 1, '2019-06-07 05:28:54', 1, '2019-06-07 05:28:54', 1, 0)
   INSERT INTO dbo.dnn_Users(Username, FirstName, LastName, Email, DisplayName, UpdatePassword, LastIPAddress, IsDeleted, CreatedByUserID, CreatedOnDate, LastModifiedByUserID, LastModifiedOnDate, PasswordResetToken, PasswordResetExpiration)
   VALUES('mcmahone@microsoftstore.com', 'Erma', 'Mcmahon', 'mcmahone@microsoftstore.com', 'Erma Mcmahon', 0, '', 0, 1, '2019-06-07 05:28:54', 1, '2019-06-07 05:28:54', NULL, NULL)
   SELECT @UserID = SCOPE_IDENTITY()
   INSERT INTO dbo.aspnet_Users(ApplicationID, UserName, LoweredUserName, IsAnonymous, LastActivityDate)
   VALUES(@ApplicationId, 'mcmahone@microsoftstore.com', 'mcmahone@microsoftstore.com', 0, '2019-06-07 05:28:54')
   SELECT @AspNetUserID = UserId FROM aspnet_Users WHERE Username = 'mcmahone@microsoftstore.com'
   INSERT INTO dbo.aspnet_Membership(ApplicationID, UserID, Password, PasswordFormat, PasswordSalt, Email, LoweredEmail, IsApproved, IsLockedOut, CreateDate, LastLoginDate, LastPasswordChangedDate, LastLockoutDate, FailedPasswordAttemptCount, FailedPasswordAttemptWindowStart, FailedPasswordAnswerAttemptCount, FailedPasswordAnswerAttemptWindowStart)
   VALUES(@ApplicationID, @AspNetUserID, 'aMoPu/jMK8Yc4dxEEtAWm+RvKkFRjT38n/c1ORi3HgGWXJI15kNozQ==', 2, 'ub/Nej8BunZL3H6o+Z7+sg==', 'mcmahone@microsoftstore.com', 'mcmahone@microsoftstore.com', 1, 0, '2019-06-07 05:28:54', '2019-06-07 05:28:54', '2019-06-07 05:28:54', '1754-01-01 00:00:00.000', 0, '1754-01-01 00:00:00.000', 0, '1754-01-01 00:00:00.000')
   INSERT INTO dbo.dnn_UserPortals(UserID, PortalID, CreatedDate, Authorised, IsDeleted, RefreshRoles)
   VALUES(@UserID, @PortalID, '2019-06-07 05:28:54', 1, 0, 0)
   INSERT INTO dbo.dnn_UserRoles(UserID, RoleID, IsTrialUsed, CreatedByUserID, CreatedOnDate, LastModifiedByUserID, LastModifiedOnDate, [Status], IsOwner)
   VALUES(@UserId, @FemaleRole, 0, 1, '2019-06-07 05:28:54', 1, '2019-06-07 05:28:54', 1, 0)
   INSERT INTO dbo.dnn_Users(Username, FirstName, LastName, Email, DisplayName, UpdatePassword, LastIPAddress, IsDeleted, CreatedByUserID, CreatedOnDate, LastModifiedByUserID, LastModifiedOnDate, PasswordResetToken, PasswordResetExpiration)
   VALUES('blanca.landry@123movies.to', 'Blanca', 'Landry', 'blanca.landry@123movies.to', 'Blanca Landry', 0, '', 0, 1, '2019-06-07 05:28:54', 1, '2019-06-07 05:28:54', NULL, NULL)
   SELECT @UserID = SCOPE_IDENTITY()
   INSERT INTO dbo.aspnet_Users(ApplicationID, UserName, LoweredUserName, IsAnonymous, LastActivityDate)
   VALUES(@ApplicationId, 'blanca.landry@123movies.to', 'blanca.landry@123movies.to', 0, '2019-06-07 05:28:54')
   SELECT @AspNetUserID = UserId FROM aspnet_Users WHERE Username = 'blanca.landry@123movies.to'
   INSERT INTO dbo.aspnet_Membership(ApplicationID, UserID, Password, PasswordFormat, PasswordSalt, Email, LoweredEmail, IsApproved, IsLockedOut, CreateDate, LastLoginDate, LastPasswordChangedDate, LastLockoutDate, FailedPasswordAttemptCount, FailedPasswordAttemptWindowStart, FailedPasswordAnswerAttemptCount, FailedPasswordAnswerAttemptWindowStart)
   VALUES(@ApplicationID, @AspNetUserID, 'aMoPu/jMK8Yc4dxEEtAWm+RvKkFRjT38n/c1ORi3HgGWXJI15kNozQ==', 2, 'ub/Nej8BunZL3H6o+Z7+sg==', 'blanca.landry@123movies.to', 'blanca.landry@123movies.to', 1, 0, '2019-06-07 05:28:54', '2019-06-07 05:28:54', '2019-06-07 05:28:54', '1754-01-01 00:00:00.000', 0, '1754-01-01 00:00:00.000', 0, '1754-01-01 00:00:00.000')
   INSERT INTO dbo.dnn_UserPortals(UserID, PortalID, CreatedDate, Authorised, IsDeleted, RefreshRoles)
   VALUES(@UserID, @PortalID, '2019-06-07 05:28:54', 1, 0, 0)
   INSERT INTO dbo.dnn_UserRoles(UserID, RoleID, IsTrialUsed, CreatedByUserID, CreatedOnDate, LastModifiedByUserID, LastModifiedOnDate, [Status], IsOwner)
   VALUES(@UserId, @FemaleRole, 0, 1, '2019-06-07 05:28:54', 1, '2019-06-07 05:28:54', 1, 0)
   INSERT INTO dbo.dnn_Users(Username, FirstName, LastName, Email, DisplayName, UpdatePassword, LastIPAddress, IsDeleted, CreatedByUserID, CreatedOnDate, LastModifiedByUserID, LastModifiedOnDate, PasswordResetToken, PasswordResetExpiration)
   VALUES('m.case@126.com', 'Myra', 'Case', 'm.case@126.com', 'Myra Case', 0, '', 0, 1, '2019-06-07 05:28:54', 1, '2019-06-07 05:28:54', NULL, NULL)
   SELECT @UserID = SCOPE_IDENTITY()
   INSERT INTO dbo.aspnet_Users(ApplicationID, UserName, LoweredUserName, IsAnonymous, LastActivityDate)
   VALUES(@ApplicationId, 'm.case@126.com', 'm.case@126.com', 0, '2019-06-07 05:28:54')
   SELECT @AspNetUserID = UserId FROM aspnet_Users WHERE Username = 'm.case@126.com'
   INSERT INTO dbo.aspnet_Membership(ApplicationID, UserID, Password, PasswordFormat, PasswordSalt, Email, LoweredEmail, IsApproved, IsLockedOut, CreateDate, LastLoginDate, LastPasswordChangedDate, LastLockoutDate, FailedPasswordAttemptCount, FailedPasswordAttemptWindowStart, FailedPasswordAnswerAttemptCount, FailedPasswordAnswerAttemptWindowStart)
   VALUES(@ApplicationID, @AspNetUserID, 'aMoPu/jMK8Yc4dxEEtAWm+RvKkFRjT38n/c1ORi3HgGWXJI15kNozQ==', 2, 'ub/Nej8BunZL3H6o+Z7+sg==', 'm.case@126.com', 'm.case@126.com', 1, 0, '2019-06-07 05:28:54', '2019-06-07 05:28:54', '2019-06-07 05:28:54', '1754-01-01 00:00:00.000', 0, '1754-01-01 00:00:00.000', 0, '1754-01-01 00:00:00.000')
   INSERT INTO dbo.dnn_UserPortals(UserID, PortalID, CreatedDate, Authorised, IsDeleted, RefreshRoles)
   VALUES(@UserID, @PortalID, '2019-06-07 05:28:54', 1, 0, 0)
   INSERT INTO dbo.dnn_UserRoles(UserID, RoleID, IsTrialUsed, CreatedByUserID, CreatedOnDate, LastModifiedByUserID, LastModifiedOnDate, [Status], IsOwner)
   VALUES(@UserId, @FemaleRole, 0, 1, '2019-06-07 05:28:54', 1, '2019-06-07 05:28:54', 1, 0)
   INSERT INTO dbo.dnn_Users(Username, FirstName, LastName, Email, DisplayName, UpdatePassword, LastIPAddress, IsDeleted, CreatedByUserID, CreatedOnDate, LastModifiedByUserID, LastModifiedOnDate, PasswordResetToken, PasswordResetExpiration)
   VALUES('sampsonl@exblog.jp', 'Leticia', 'Sampson', 'sampsonl@exblog.jp', 'Leticia Sampson', 0, '', 0, 1, '2019-06-07 05:28:54', 1, '2019-06-07 05:28:54', NULL, NULL)
   SELECT @UserID = SCOPE_IDENTITY()
   INSERT INTO dbo.aspnet_Users(ApplicationID, UserName, LoweredUserName, IsAnonymous, LastActivityDate)
   VALUES(@ApplicationId, 'sampsonl@exblog.jp', 'sampsonl@exblog.jp', 0, '2019-06-07 05:28:54')
   SELECT @AspNetUserID = UserId FROM aspnet_Users WHERE Username = 'sampsonl@exblog.jp'
   INSERT INTO dbo.aspnet_Membership(ApplicationID, UserID, Password, PasswordFormat, PasswordSalt, Email, LoweredEmail, IsApproved, IsLockedOut, CreateDate, LastLoginDate, LastPasswordChangedDate, LastLockoutDate, FailedPasswordAttemptCount, FailedPasswordAttemptWindowStart, FailedPasswordAnswerAttemptCount, FailedPasswordAnswerAttemptWindowStart)
   VALUES(@ApplicationID, @AspNetUserID, 'aMoPu/jMK8Yc4dxEEtAWm+RvKkFRjT38n/c1ORi3HgGWXJI15kNozQ==', 2, 'ub/Nej8BunZL3H6o+Z7+sg==', 'sampsonl@exblog.jp', 'sampsonl@exblog.jp', 1, 0, '2019-06-07 05:28:54', '2019-06-07 05:28:54', '2019-06-07 05:28:54', '1754-01-01 00:00:00.000', 0, '1754-01-01 00:00:00.000', 0, '1754-01-01 00:00:00.000')
   INSERT INTO dbo.dnn_UserPortals(UserID, PortalID, CreatedDate, Authorised, IsDeleted, RefreshRoles)
   VALUES(@UserID, @PortalID, '2019-06-07 05:28:54', 1, 0, 0)
   INSERT INTO dbo.dnn_UserRoles(UserID, RoleID, IsTrialUsed, CreatedByUserID, CreatedOnDate, LastModifiedByUserID, LastModifiedOnDate, [Status], IsOwner)
   VALUES(@UserId, @FemaleRole, 0, 1, '2019-06-07 05:28:54', 1, '2019-06-07 05:28:54', 1, 0)
   INSERT INTO dbo.dnn_Users(Username, FirstName, LastName, Email, DisplayName, UpdatePassword, LastIPAddress, IsDeleted, CreatedByUserID, CreatedOnDate, LastModifiedByUserID, LastModifiedOnDate, PasswordResetToken, PasswordResetExpiration)
   VALUES('pat.moses@yjc.ir', 'Pat', 'Moses', 'pat.moses@yjc.ir', 'Pat Moses', 0, '', 0, 1, '2019-06-07 05:28:54', 1, '2019-06-07 05:28:54', NULL, NULL)
   SELECT @UserID = SCOPE_IDENTITY()
   INSERT INTO dbo.aspnet_Users(ApplicationID, UserName, LoweredUserName, IsAnonymous, LastActivityDate)
   VALUES(@ApplicationId, 'pat.moses@yjc.ir', 'pat.moses@yjc.ir', 0, '2019-06-07 05:28:54')
   SELECT @AspNetUserID = UserId FROM aspnet_Users WHERE Username = 'pat.moses@yjc.ir'
   INSERT INTO dbo.aspnet_Membership(ApplicationID, UserID, Password, PasswordFormat, PasswordSalt, Email, LoweredEmail, IsApproved, IsLockedOut, CreateDate, LastLoginDate, LastPasswordChangedDate, LastLockoutDate, FailedPasswordAttemptCount, FailedPasswordAttemptWindowStart, FailedPasswordAnswerAttemptCount, FailedPasswordAnswerAttemptWindowStart)
   VALUES(@ApplicationID, @AspNetUserID, 'aMoPu/jMK8Yc4dxEEtAWm+RvKkFRjT38n/c1ORi3HgGWXJI15kNozQ==', 2, 'ub/Nej8BunZL3H6o+Z7+sg==', 'pat.moses@yjc.ir', 'pat.moses@yjc.ir', 1, 0, '2019-06-07 05:28:54', '2019-06-07 05:28:54', '2019-06-07 05:28:54', '1754-01-01 00:00:00.000', 0, '1754-01-01 00:00:00.000', 0, '1754-01-01 00:00:00.000')
   INSERT INTO dbo.dnn_UserPortals(UserID, PortalID, CreatedDate, Authorised, IsDeleted, RefreshRoles)
   VALUES(@UserID, @PortalID, '2019-06-07 05:28:54', 1, 0, 0)
   INSERT INTO dbo.dnn_UserRoles(UserID, RoleID, IsTrialUsed, CreatedByUserID, CreatedOnDate, LastModifiedByUserID, LastModifiedOnDate, [Status], IsOwner)
   VALUES(@UserId, @FemaleRole, 0, 1, '2019-06-07 05:28:54', 1, '2019-06-07 05:28:54', 1, 0)
   INSERT INTO dbo.dnn_Users(Username, FirstName, LastName, Email, DisplayName, UpdatePassword, LastIPAddress, IsDeleted, CreatedByUserID, CreatedOnDate, LastModifiedByUserID, LastModifiedOnDate, PasswordResetToken, PasswordResetExpiration)
   VALUES('k.magana@t-mobile.com', 'Krista', 'Magana', 'k.magana@t-mobile.com', 'Krista Magana', 0, '', 0, 1, '2019-06-07 05:28:54', 1, '2019-06-07 05:28:54', NULL, NULL)
   SELECT @UserID = SCOPE_IDENTITY()
   INSERT INTO dbo.aspnet_Users(ApplicationID, UserName, LoweredUserName, IsAnonymous, LastActivityDate)
   VALUES(@ApplicationId, 'k.magana@t-mobile.com', 'k.magana@t-mobile.com', 0, '2019-06-07 05:28:54')
   SELECT @AspNetUserID = UserId FROM aspnet_Users WHERE Username = 'k.magana@t-mobile.com'
   INSERT INTO dbo.aspnet_Membership(ApplicationID, UserID, Password, PasswordFormat, PasswordSalt, Email, LoweredEmail, IsApproved, IsLockedOut, CreateDate, LastLoginDate, LastPasswordChangedDate, LastLockoutDate, FailedPasswordAttemptCount, FailedPasswordAttemptWindowStart, FailedPasswordAnswerAttemptCount, FailedPasswordAnswerAttemptWindowStart)
   VALUES(@ApplicationID, @AspNetUserID, 'aMoPu/jMK8Yc4dxEEtAWm+RvKkFRjT38n/c1ORi3HgGWXJI15kNozQ==', 2, 'ub/Nej8BunZL3H6o+Z7+sg==', 'k.magana@t-mobile.com', 'k.magana@t-mobile.com', 1, 0, '2019-06-07 05:28:54', '2019-06-07 05:28:54', '2019-06-07 05:28:54', '1754-01-01 00:00:00.000', 0, '1754-01-01 00:00:00.000', 0, '1754-01-01 00:00:00.000')
   INSERT INTO dbo.dnn_UserPortals(UserID, PortalID, CreatedDate, Authorised, IsDeleted, RefreshRoles)
   VALUES(@UserID, @PortalID, '2019-06-07 05:28:54', 1, 0, 0)
   INSERT INTO dbo.dnn_UserRoles(UserID, RoleID, IsTrialUsed, CreatedByUserID, CreatedOnDate, LastModifiedByUserID, LastModifiedOnDate, [Status], IsOwner)
   VALUES(@UserId, @FemaleRole, 0, 1, '2019-06-07 05:28:54', 1, '2019-06-07 05:28:54', 1, 0)
   INSERT INTO dbo.dnn_Users(Username, FirstName, LastName, Email, DisplayName, UpdatePassword, LastIPAddress, IsDeleted, CreatedByUserID, CreatedOnDate, LastModifiedByUserID, LastModifiedOnDate, PasswordResetToken, PasswordResetExpiration)
   VALUES('blackburnr@farsnews.com', 'Roxanne', 'Blackburn', 'blackburnr@farsnews.com', 'Roxanne Blackburn', 0, '', 0, 1, '2019-06-07 05:28:54', 1, '2019-06-07 05:28:54', NULL, NULL)
   SELECT @UserID = SCOPE_IDENTITY()
   INSERT INTO dbo.aspnet_Users(ApplicationID, UserName, LoweredUserName, IsAnonymous, LastActivityDate)
   VALUES(@ApplicationId, 'blackburnr@farsnews.com', 'blackburnr@farsnews.com', 0, '2019-06-07 05:28:54')
   SELECT @AspNetUserID = UserId FROM aspnet_Users WHERE Username = 'blackburnr@farsnews.com'
   INSERT INTO dbo.aspnet_Membership(ApplicationID, UserID, Password, PasswordFormat, PasswordSalt, Email, LoweredEmail, IsApproved, IsLockedOut, CreateDate, LastLoginDate, LastPasswordChangedDate, LastLockoutDate, FailedPasswordAttemptCount, FailedPasswordAttemptWindowStart, FailedPasswordAnswerAttemptCount, FailedPasswordAnswerAttemptWindowStart)
   VALUES(@ApplicationID, @AspNetUserID, 'aMoPu/jMK8Yc4dxEEtAWm+RvKkFRjT38n/c1ORi3HgGWXJI15kNozQ==', 2, 'ub/Nej8BunZL3H6o+Z7+sg==', 'blackburnr@farsnews.com', 'blackburnr@farsnews.com', 1, 0, '2019-06-07 05:28:54', '2019-06-07 05:28:54', '2019-06-07 05:28:54', '1754-01-01 00:00:00.000', 0, '1754-01-01 00:00:00.000', 0, '1754-01-01 00:00:00.000')
   INSERT INTO dbo.dnn_UserPortals(UserID, PortalID, CreatedDate, Authorised, IsDeleted, RefreshRoles)
   VALUES(@UserID, @PortalID, '2019-06-07 05:28:54', 1, 0, 0)
   INSERT INTO dbo.dnn_UserRoles(UserID, RoleID, IsTrialUsed, CreatedByUserID, CreatedOnDate, LastModifiedByUserID, LastModifiedOnDate, [Status], IsOwner)
   VALUES(@UserId, @FemaleRole, 0, 1, '2019-06-07 05:28:54', 1, '2019-06-07 05:28:54', 1, 0)
   INSERT INTO dbo.dnn_Users(Username, FirstName, LastName, Email, DisplayName, UpdatePassword, LastIPAddress, IsDeleted, CreatedByUserID, CreatedOnDate, LastModifiedByUserID, LastModifiedOnDate, PasswordResetToken, PasswordResetExpiration)
   VALUES('angelica.dunlap@chron.com', 'Angelica', 'Dunlap', 'angelica.dunlap@chron.com', 'Angelica Dunlap', 0, '', 0, 1, '2019-06-07 05:28:54', 1, '2019-06-07 05:28:54', NULL, NULL)
   SELECT @UserID = SCOPE_IDENTITY()
   INSERT INTO dbo.aspnet_Users(ApplicationID, UserName, LoweredUserName, IsAnonymous, LastActivityDate)
   VALUES(@ApplicationId, 'angelica.dunlap@chron.com', 'angelica.dunlap@chron.com', 0, '2019-06-07 05:28:54')
   SELECT @AspNetUserID = UserId FROM aspnet_Users WHERE Username = 'angelica.dunlap@chron.com'
   INSERT INTO dbo.aspnet_Membership(ApplicationID, UserID, Password, PasswordFormat, PasswordSalt, Email, LoweredEmail, IsApproved, IsLockedOut, CreateDate, LastLoginDate, LastPasswordChangedDate, LastLockoutDate, FailedPasswordAttemptCount, FailedPasswordAttemptWindowStart, FailedPasswordAnswerAttemptCount, FailedPasswordAnswerAttemptWindowStart)
   VALUES(@ApplicationID, @AspNetUserID, 'aMoPu/jMK8Yc4dxEEtAWm+RvKkFRjT38n/c1ORi3HgGWXJI15kNozQ==', 2, 'ub/Nej8BunZL3H6o+Z7+sg==', 'angelica.dunlap@chron.com', 'angelica.dunlap@chron.com', 1, 0, '2019-06-07 05:28:54', '2019-06-07 05:28:54', '2019-06-07 05:28:54', '1754-01-01 00:00:00.000', 0, '1754-01-01 00:00:00.000', 0, '1754-01-01 00:00:00.000')
   INSERT INTO dbo.dnn_UserPortals(UserID, PortalID, CreatedDate, Authorised, IsDeleted, RefreshRoles)
   VALUES(@UserID, @PortalID, '2019-06-07 05:28:54', 1, 0, 0)
   INSERT INTO dbo.dnn_UserRoles(UserID, RoleID, IsTrialUsed, CreatedByUserID, CreatedOnDate, LastModifiedByUserID, LastModifiedOnDate, [Status], IsOwner)
   VALUES(@UserId, @FemaleRole, 0, 1, '2019-06-07 05:28:54', 1, '2019-06-07 05:28:54', 1, 0)
   INSERT INTO dbo.dnn_Users(Username, FirstName, LastName, Email, DisplayName, UpdatePassword, LastIPAddress, IsDeleted, CreatedByUserID, CreatedOnDate, LastModifiedByUserID, LastModifiedOnDate, PasswordResetToken, PasswordResetExpiration)
   VALUES('j.gould@stumbleupon.com', 'Johnnie', 'Gould', 'j.gould@stumbleupon.com', 'Johnnie Gould', 0, '', 0, 1, '2019-06-07 05:28:54', 1, '2019-06-07 05:28:54', NULL, NULL)
   SELECT @UserID = SCOPE_IDENTITY()
   INSERT INTO dbo.aspnet_Users(ApplicationID, UserName, LoweredUserName, IsAnonymous, LastActivityDate)
   VALUES(@ApplicationId, 'j.gould@stumbleupon.com', 'j.gould@stumbleupon.com', 0, '2019-06-07 05:28:54')
   SELECT @AspNetUserID = UserId FROM aspnet_Users WHERE Username = 'j.gould@stumbleupon.com'
   INSERT INTO dbo.aspnet_Membership(ApplicationID, UserID, Password, PasswordFormat, PasswordSalt, Email, LoweredEmail, IsApproved, IsLockedOut, CreateDate, LastLoginDate, LastPasswordChangedDate, LastLockoutDate, FailedPasswordAttemptCount, FailedPasswordAttemptWindowStart, FailedPasswordAnswerAttemptCount, FailedPasswordAnswerAttemptWindowStart)
   VALUES(@ApplicationID, @AspNetUserID, 'aMoPu/jMK8Yc4dxEEtAWm+RvKkFRjT38n/c1ORi3HgGWXJI15kNozQ==', 2, 'ub/Nej8BunZL3H6o+Z7+sg==', 'j.gould@stumbleupon.com', 'j.gould@stumbleupon.com', 1, 0, '2019-06-07 05:28:54', '2019-06-07 05:28:54', '2019-06-07 05:28:54', '1754-01-01 00:00:00.000', 0, '1754-01-01 00:00:00.000', 0, '1754-01-01 00:00:00.000')
   INSERT INTO dbo.dnn_UserPortals(UserID, PortalID, CreatedDate, Authorised, IsDeleted, RefreshRoles)
   VALUES(@UserID, @PortalID, '2019-06-07 05:28:54', 1, 0, 0)
   INSERT INTO dbo.dnn_UserRoles(UserID, RoleID, IsTrialUsed, CreatedByUserID, CreatedOnDate, LastModifiedByUserID, LastModifiedOnDate, [Status], IsOwner)
   VALUES(@UserId, @FemaleRole, 0, 1, '2019-06-07 05:28:54', 1, '2019-06-07 05:28:54', 1, 0)
   INSERT INTO dbo.dnn_Users(Username, FirstName, LastName, Email, DisplayName, UpdatePassword, LastIPAddress, IsDeleted, CreatedByUserID, CreatedOnDate, LastModifiedByUserID, LastModifiedOnDate, PasswordResetToken, PasswordResetExpiration)
   VALUES('duffyr@parentanswercentre.com', 'Robyn', 'Duffy', 'duffyr@parentanswercentre.com', 'Robyn Duffy', 0, '', 0, 1, '2019-06-07 05:28:54', 1, '2019-06-07 05:28:54', NULL, NULL)
   SELECT @UserID = SCOPE_IDENTITY()
   INSERT INTO dbo.aspnet_Users(ApplicationID, UserName, LoweredUserName, IsAnonymous, LastActivityDate)
   VALUES(@ApplicationId, 'duffyr@parentanswercentre.com', 'duffyr@parentanswercentre.com', 0, '2019-06-07 05:28:54')
   SELECT @AspNetUserID = UserId FROM aspnet_Users WHERE Username = 'duffyr@parentanswercentre.com'
   INSERT INTO dbo.aspnet_Membership(ApplicationID, UserID, Password, PasswordFormat, PasswordSalt, Email, LoweredEmail, IsApproved, IsLockedOut, CreateDate, LastLoginDate, LastPasswordChangedDate, LastLockoutDate, FailedPasswordAttemptCount, FailedPasswordAttemptWindowStart, FailedPasswordAnswerAttemptCount, FailedPasswordAnswerAttemptWindowStart)
   VALUES(@ApplicationID, @AspNetUserID, 'aMoPu/jMK8Yc4dxEEtAWm+RvKkFRjT38n/c1ORi3HgGWXJI15kNozQ==', 2, 'ub/Nej8BunZL3H6o+Z7+sg==', 'duffyr@parentanswercentre.com', 'duffyr@parentanswercentre.com', 1, 0, '2019-06-07 05:28:54', '2019-06-07 05:28:54', '2019-06-07 05:28:54', '1754-01-01 00:00:00.000', 0, '1754-01-01 00:00:00.000', 0, '1754-01-01 00:00:00.000')
   INSERT INTO dbo.dnn_UserPortals(UserID, PortalID, CreatedDate, Authorised, IsDeleted, RefreshRoles)
   VALUES(@UserID, @PortalID, '2019-06-07 05:28:54', 1, 0, 0)
   INSERT INTO dbo.dnn_UserRoles(UserID, RoleID, IsTrialUsed, CreatedByUserID, CreatedOnDate, LastModifiedByUserID, LastModifiedOnDate, [Status], IsOwner)
   VALUES(@UserId, @FemaleRole, 0, 1, '2019-06-07 05:28:54', 1, '2019-06-07 05:28:54', 1, 0)
   INSERT INTO dbo.dnn_Users(Username, FirstName, LastName, Email, DisplayName, UpdatePassword, LastIPAddress, IsDeleted, CreatedByUserID, CreatedOnDate, LastModifiedByUserID, LastModifiedOnDate, PasswordResetToken, PasswordResetExpiration)
   VALUES('francis.vaughan@123rf.com', 'Francis', 'Vaughan', 'francis.vaughan@123rf.com', 'Francis Vaughan', 0, '', 0, 1, '2019-06-07 05:28:54', 1, '2019-06-07 05:28:54', NULL, NULL)
   SELECT @UserID = SCOPE_IDENTITY()
   INSERT INTO dbo.aspnet_Users(ApplicationID, UserName, LoweredUserName, IsAnonymous, LastActivityDate)
   VALUES(@ApplicationId, 'francis.vaughan@123rf.com', 'francis.vaughan@123rf.com', 0, '2019-06-07 05:28:54')
   SELECT @AspNetUserID = UserId FROM aspnet_Users WHERE Username = 'francis.vaughan@123rf.com'
   INSERT INTO dbo.aspnet_Membership(ApplicationID, UserID, Password, PasswordFormat, PasswordSalt, Email, LoweredEmail, IsApproved, IsLockedOut, CreateDate, LastLoginDate, LastPasswordChangedDate, LastLockoutDate, FailedPasswordAttemptCount, FailedPasswordAttemptWindowStart, FailedPasswordAnswerAttemptCount, FailedPasswordAnswerAttemptWindowStart)
   VALUES(@ApplicationID, @AspNetUserID, 'aMoPu/jMK8Yc4dxEEtAWm+RvKkFRjT38n/c1ORi3HgGWXJI15kNozQ==', 2, 'ub/Nej8BunZL3H6o+Z7+sg==', 'francis.vaughan@123rf.com', 'francis.vaughan@123rf.com', 1, 0, '2019-06-07 05:28:54', '2019-06-07 05:28:54', '2019-06-07 05:28:54', '1754-01-01 00:00:00.000', 0, '1754-01-01 00:00:00.000', 0, '1754-01-01 00:00:00.000')
   INSERT INTO dbo.dnn_UserPortals(UserID, PortalID, CreatedDate, Authorised, IsDeleted, RefreshRoles)
   VALUES(@UserID, @PortalID, '2019-06-07 05:28:54', 1, 0, 0)
   INSERT INTO dbo.dnn_UserRoles(UserID, RoleID, IsTrialUsed, CreatedByUserID, CreatedOnDate, LastModifiedByUserID, LastModifiedOnDate, [Status], IsOwner)
   VALUES(@UserId, @FemaleRole, 0, 1, '2019-06-07 05:28:54', 1, '2019-06-07 05:28:54', 1, 0)
   INSERT INTO dbo.dnn_Users(Username, FirstName, LastName, Email, DisplayName, UpdatePassword, LastIPAddress, IsDeleted, CreatedByUserID, CreatedOnDate, LastModifiedByUserID, LastModifiedOnDate, PasswordResetToken, PasswordResetExpiration)
   VALUES('a.herring@breitbart.com', 'Adrienne', 'Herring', 'a.herring@breitbart.com', 'Adrienne Herring', 0, '', 0, 1, '2019-06-07 05:28:54', 1, '2019-06-07 05:28:54', NULL, NULL)
   SELECT @UserID = SCOPE_IDENTITY()
   INSERT INTO dbo.aspnet_Users(ApplicationID, UserName, LoweredUserName, IsAnonymous, LastActivityDate)
   VALUES(@ApplicationId, 'a.herring@breitbart.com', 'a.herring@breitbart.com', 0, '2019-06-07 05:28:54')
   SELECT @AspNetUserID = UserId FROM aspnet_Users WHERE Username = 'a.herring@breitbart.com'
   INSERT INTO dbo.aspnet_Membership(ApplicationID, UserID, Password, PasswordFormat, PasswordSalt, Email, LoweredEmail, IsApproved, IsLockedOut, CreateDate, LastLoginDate, LastPasswordChangedDate, LastLockoutDate, FailedPasswordAttemptCount, FailedPasswordAttemptWindowStart, FailedPasswordAnswerAttemptCount, FailedPasswordAnswerAttemptWindowStart)
   VALUES(@ApplicationID, @AspNetUserID, 'aMoPu/jMK8Yc4dxEEtAWm+RvKkFRjT38n/c1ORi3HgGWXJI15kNozQ==', 2, 'ub/Nej8BunZL3H6o+Z7+sg==', 'a.herring@breitbart.com', 'a.herring@breitbart.com', 1, 0, '2019-06-07 05:28:54', '2019-06-07 05:28:54', '2019-06-07 05:28:54', '1754-01-01 00:00:00.000', 0, '1754-01-01 00:00:00.000', 0, '1754-01-01 00:00:00.000')
   INSERT INTO dbo.dnn_UserPortals(UserID, PortalID, CreatedDate, Authorised, IsDeleted, RefreshRoles)
   VALUES(@UserID, @PortalID, '2019-06-07 05:28:54', 1, 0, 0)
   INSERT INTO dbo.dnn_UserRoles(UserID, RoleID, IsTrialUsed, CreatedByUserID, CreatedOnDate, LastModifiedByUserID, LastModifiedOnDate, [Status], IsOwner)
   VALUES(@UserId, @FemaleRole, 0, 1, '2019-06-07 05:28:54', 1, '2019-06-07 05:28:54', 1, 0)
   INSERT INTO dbo.dnn_Users(Username, FirstName, LastName, Email, DisplayName, UpdatePassword, LastIPAddress, IsDeleted, CreatedByUserID, CreatedOnDate, LastModifiedByUserID, LastModifiedOnDate, PasswordResetToken, PasswordResetExpiration)
   VALUES('mckayr@hh.ru', 'Rosalie', 'Mckay', 'mckayr@hh.ru', 'Rosalie Mckay', 0, '', 0, 1, '2019-06-07 05:28:54', 1, '2019-06-07 05:28:54', NULL, NULL)
   SELECT @UserID = SCOPE_IDENTITY()
   INSERT INTO dbo.aspnet_Users(ApplicationID, UserName, LoweredUserName, IsAnonymous, LastActivityDate)
   VALUES(@ApplicationId, 'mckayr@hh.ru', 'mckayr@hh.ru', 0, '2019-06-07 05:28:54')
   SELECT @AspNetUserID = UserId FROM aspnet_Users WHERE Username = 'mckayr@hh.ru'
   INSERT INTO dbo.aspnet_Membership(ApplicationID, UserID, Password, PasswordFormat, PasswordSalt, Email, LoweredEmail, IsApproved, IsLockedOut, CreateDate, LastLoginDate, LastPasswordChangedDate, LastLockoutDate, FailedPasswordAttemptCount, FailedPasswordAttemptWindowStart, FailedPasswordAnswerAttemptCount, FailedPasswordAnswerAttemptWindowStart)
   VALUES(@ApplicationID, @AspNetUserID, 'aMoPu/jMK8Yc4dxEEtAWm+RvKkFRjT38n/c1ORi3HgGWXJI15kNozQ==', 2, 'ub/Nej8BunZL3H6o+Z7+sg==', 'mckayr@hh.ru', 'mckayr@hh.ru', 1, 0, '2019-06-07 05:28:54', '2019-06-07 05:28:54', '2019-06-07 05:28:54', '1754-01-01 00:00:00.000', 0, '1754-01-01 00:00:00.000', 0, '1754-01-01 00:00:00.000')
   INSERT INTO dbo.dnn_UserPortals(UserID, PortalID, CreatedDate, Authorised, IsDeleted, RefreshRoles)
   VALUES(@UserID, @PortalID, '2019-06-07 05:28:54', 1, 0, 0)
   INSERT INTO dbo.dnn_UserRoles(UserID, RoleID, IsTrialUsed, CreatedByUserID, CreatedOnDate, LastModifiedByUserID, LastModifiedOnDate, [Status], IsOwner)
   VALUES(@UserId, @FemaleRole, 0, 1, '2019-06-07 05:28:54', 1, '2019-06-07 05:28:54', 1, 0)
   INSERT INTO dbo.dnn_Users(Username, FirstName, LastName, Email, DisplayName, UpdatePassword, LastIPAddress, IsDeleted, CreatedByUserID, CreatedOnDate, LastModifiedByUserID, LastModifiedOnDate, PasswordResetToken, PasswordResetExpiration)
   VALUES('alexandra.espinosa@cbssports.com', 'Alexandra', 'Espinosa', 'alexandra.espinosa@cbssports.com', 'Alexandra Espinosa', 0, '', 0, 1, '2019-06-07 05:28:54', 1, '2019-06-07 05:28:54', NULL, NULL)
   SELECT @UserID = SCOPE_IDENTITY()
   INSERT INTO dbo.aspnet_Users(ApplicationID, UserName, LoweredUserName, IsAnonymous, LastActivityDate)
   VALUES(@ApplicationId, 'alexandra.espinosa@cbssports.com', 'alexandra.espinosa@cbssports.com', 0, '2019-06-07 05:28:54')
   SELECT @AspNetUserID = UserId FROM aspnet_Users WHERE Username = 'alexandra.espinosa@cbssports.com'
   INSERT INTO dbo.aspnet_Membership(ApplicationID, UserID, Password, PasswordFormat, PasswordSalt, Email, LoweredEmail, IsApproved, IsLockedOut, CreateDate, LastLoginDate, LastPasswordChangedDate, LastLockoutDate, FailedPasswordAttemptCount, FailedPasswordAttemptWindowStart, FailedPasswordAnswerAttemptCount, FailedPasswordAnswerAttemptWindowStart)
   VALUES(@ApplicationID, @AspNetUserID, 'aMoPu/jMK8Yc4dxEEtAWm+RvKkFRjT38n/c1ORi3HgGWXJI15kNozQ==', 2, 'ub/Nej8BunZL3H6o+Z7+sg==', 'alexandra.espinosa@cbssports.com', 'alexandra.espinosa@cbssports.com', 1, 0, '2019-06-07 05:28:54', '2019-06-07 05:28:54', '2019-06-07 05:28:54', '1754-01-01 00:00:00.000', 0, '1754-01-01 00:00:00.000', 0, '1754-01-01 00:00:00.000')
   INSERT INTO dbo.dnn_UserPortals(UserID, PortalID, CreatedDate, Authorised, IsDeleted, RefreshRoles)
   VALUES(@UserID, @PortalID, '2019-06-07 05:28:54', 1, 0, 0)
   INSERT INTO dbo.dnn_UserRoles(UserID, RoleID, IsTrialUsed, CreatedByUserID, CreatedOnDate, LastModifiedByUserID, LastModifiedOnDate, [Status], IsOwner)
   VALUES(@UserId, @FemaleRole, 0, 1, '2019-06-07 05:28:54', 1, '2019-06-07 05:28:54', 1, 0)
   INSERT INTO dbo.dnn_Users(Username, FirstName, LastName, Email, DisplayName, UpdatePassword, LastIPAddress, IsDeleted, CreatedByUserID, CreatedOnDate, LastModifiedByUserID, LastModifiedOnDate, PasswordResetToken, PasswordResetExpiration)
   VALUES('b.rivers@sex.com', 'Brooke', 'Rivers', 'b.rivers@sex.com', 'Brooke Rivers', 0, '', 0, 1, '2019-06-07 05:28:54', 1, '2019-06-07 05:28:54', NULL, NULL)
   SELECT @UserID = SCOPE_IDENTITY()
   INSERT INTO dbo.aspnet_Users(ApplicationID, UserName, LoweredUserName, IsAnonymous, LastActivityDate)
   VALUES(@ApplicationId, 'b.rivers@sex.com', 'b.rivers@sex.com', 0, '2019-06-07 05:28:54')
   SELECT @AspNetUserID = UserId FROM aspnet_Users WHERE Username = 'b.rivers@sex.com'
   INSERT INTO dbo.aspnet_Membership(ApplicationID, UserID, Password, PasswordFormat, PasswordSalt, Email, LoweredEmail, IsApproved, IsLockedOut, CreateDate, LastLoginDate, LastPasswordChangedDate, LastLockoutDate, FailedPasswordAttemptCount, FailedPasswordAttemptWindowStart, FailedPasswordAnswerAttemptCount, FailedPasswordAnswerAttemptWindowStart)
   VALUES(@ApplicationID, @AspNetUserID, 'aMoPu/jMK8Yc4dxEEtAWm+RvKkFRjT38n/c1ORi3HgGWXJI15kNozQ==', 2, 'ub/Nej8BunZL3H6o+Z7+sg==', 'b.rivers@sex.com', 'b.rivers@sex.com', 1, 0, '2019-06-07 05:28:54', '2019-06-07 05:28:54', '2019-06-07 05:28:54', '1754-01-01 00:00:00.000', 0, '1754-01-01 00:00:00.000', 0, '1754-01-01 00:00:00.000')
   INSERT INTO dbo.dnn_UserPortals(UserID, PortalID, CreatedDate, Authorised, IsDeleted, RefreshRoles)
   VALUES(@UserID, @PortalID, '2019-06-07 05:28:54', 1, 0, 0)
   INSERT INTO dbo.dnn_UserRoles(UserID, RoleID, IsTrialUsed, CreatedByUserID, CreatedOnDate, LastModifiedByUserID, LastModifiedOnDate, [Status], IsOwner)
   VALUES(@UserId, @FemaleRole, 0, 1, '2019-06-07 05:28:54', 1, '2019-06-07 05:28:54', 1, 0)
   INSERT INTO dbo.dnn_Users(Username, FirstName, LastName, Email, DisplayName, UpdatePassword, LastIPAddress, IsDeleted, CreatedByUserID, CreatedOnDate, LastModifiedByUserID, LastModifiedOnDate, PasswordResetToken, PasswordResetExpiration)
   VALUES('farleyb@pnc.com', 'Bethany', 'Farley', 'farleyb@pnc.com', 'Bethany Farley', 0, '', 0, 1, '2019-06-07 05:28:54', 1, '2019-06-07 05:28:54', NULL, NULL)
   SELECT @UserID = SCOPE_IDENTITY()
   INSERT INTO dbo.aspnet_Users(ApplicationID, UserName, LoweredUserName, IsAnonymous, LastActivityDate)
   VALUES(@ApplicationId, 'farleyb@pnc.com', 'farleyb@pnc.com', 0, '2019-06-07 05:28:54')
   SELECT @AspNetUserID = UserId FROM aspnet_Users WHERE Username = 'farleyb@pnc.com'
   INSERT INTO dbo.aspnet_Membership(ApplicationID, UserID, Password, PasswordFormat, PasswordSalt, Email, LoweredEmail, IsApproved, IsLockedOut, CreateDate, LastLoginDate, LastPasswordChangedDate, LastLockoutDate, FailedPasswordAttemptCount, FailedPasswordAttemptWindowStart, FailedPasswordAnswerAttemptCount, FailedPasswordAnswerAttemptWindowStart)
   VALUES(@ApplicationID, @AspNetUserID, 'aMoPu/jMK8Yc4dxEEtAWm+RvKkFRjT38n/c1ORi3HgGWXJI15kNozQ==', 2, 'ub/Nej8BunZL3H6o+Z7+sg==', 'farleyb@pnc.com', 'farleyb@pnc.com', 1, 0, '2019-06-07 05:28:54', '2019-06-07 05:28:54', '2019-06-07 05:28:54', '1754-01-01 00:00:00.000', 0, '1754-01-01 00:00:00.000', 0, '1754-01-01 00:00:00.000')
   INSERT INTO dbo.dnn_UserPortals(UserID, PortalID, CreatedDate, Authorised, IsDeleted, RefreshRoles)
   VALUES(@UserID, @PortalID, '2019-06-07 05:28:54', 1, 0, 0)
   INSERT INTO dbo.dnn_UserRoles(UserID, RoleID, IsTrialUsed, CreatedByUserID, CreatedOnDate, LastModifiedByUserID, LastModifiedOnDate, [Status], IsOwner)
   VALUES(@UserId, @FemaleRole, 0, 1, '2019-06-07 05:28:54', 1, '2019-06-07 05:28:54', 1, 0)
   INSERT INTO dbo.dnn_UserRoles(UserID, RoleID, IsTrialUsed, CreatedByUserID, CreatedOnDate, LastModifiedByUserID, LastModifiedOnDate, [Status], IsOwner)
   VALUES(@UserId, @ManagerRole, 0, 1, '2019-06-07 05:28:54', 1, '2019-06-07 05:28:54', 1, 0)
   INSERT INTO dbo.dnn_Users(Username, FirstName, LastName, Email, DisplayName, UpdatePassword, LastIPAddress, IsDeleted, CreatedByUserID, CreatedOnDate, LastModifiedByUserID, LastModifiedOnDate, PasswordResetToken, PasswordResetExpiration)
   VALUES('sadie.bernard@mega.co.nz', 'Sadie', 'Bernard', 'sadie.bernard@mega.co.nz', 'Sadie Bernard', 0, '', 0, 1, '2019-06-07 05:28:54', 1, '2019-06-07 05:28:54', NULL, NULL)
   SELECT @UserID = SCOPE_IDENTITY()
   INSERT INTO dbo.aspnet_Users(ApplicationID, UserName, LoweredUserName, IsAnonymous, LastActivityDate)
   VALUES(@ApplicationId, 'sadie.bernard@mega.co.nz', 'sadie.bernard@mega.co.nz', 0, '2019-06-07 05:28:54')
   SELECT @AspNetUserID = UserId FROM aspnet_Users WHERE Username = 'sadie.bernard@mega.co.nz'
   INSERT INTO dbo.aspnet_Membership(ApplicationID, UserID, Password, PasswordFormat, PasswordSalt, Email, LoweredEmail, IsApproved, IsLockedOut, CreateDate, LastLoginDate, LastPasswordChangedDate, LastLockoutDate, FailedPasswordAttemptCount, FailedPasswordAttemptWindowStart, FailedPasswordAnswerAttemptCount, FailedPasswordAnswerAttemptWindowStart)
   VALUES(@ApplicationID, @AspNetUserID, 'aMoPu/jMK8Yc4dxEEtAWm+RvKkFRjT38n/c1ORi3HgGWXJI15kNozQ==', 2, 'ub/Nej8BunZL3H6o+Z7+sg==', 'sadie.bernard@mega.co.nz', 'sadie.bernard@mega.co.nz', 1, 0, '2019-06-07 05:28:54', '2019-06-07 05:28:54', '2019-06-07 05:28:54', '1754-01-01 00:00:00.000', 0, '1754-01-01 00:00:00.000', 0, '1754-01-01 00:00:00.000')
   INSERT INTO dbo.dnn_UserPortals(UserID, PortalID, CreatedDate, Authorised, IsDeleted, RefreshRoles)
   VALUES(@UserID, @PortalID, '2019-06-07 05:28:54', 1, 0, 0)
   INSERT INTO dbo.dnn_UserRoles(UserID, RoleID, IsTrialUsed, CreatedByUserID, CreatedOnDate, LastModifiedByUserID, LastModifiedOnDate, [Status], IsOwner)
   VALUES(@UserId, @FemaleRole, 0, 1, '2019-06-07 05:28:54', 1, '2019-06-07 05:28:54', 1, 0)
   INSERT INTO dbo.dnn_Users(Username, FirstName, LastName, Email, DisplayName, UpdatePassword, LastIPAddress, IsDeleted, CreatedByUserID, CreatedOnDate, LastModifiedByUserID, LastModifiedOnDate, PasswordResetToken, PasswordResetExpiration)
   VALUES('b.ashley@lazada.co.id', 'Bernadette', 'Ashley', 'b.ashley@lazada.co.id', 'Bernadette Ashley', 0, '', 0, 1, '2019-06-07 05:28:54', 1, '2019-06-07 05:28:54', NULL, NULL)
   SELECT @UserID = SCOPE_IDENTITY()
   INSERT INTO dbo.aspnet_Users(ApplicationID, UserName, LoweredUserName, IsAnonymous, LastActivityDate)
   VALUES(@ApplicationId, 'b.ashley@lazada.co.id', 'b.ashley@lazada.co.id', 0, '2019-06-07 05:28:54')
   SELECT @AspNetUserID = UserId FROM aspnet_Users WHERE Username = 'b.ashley@lazada.co.id'
   INSERT INTO dbo.aspnet_Membership(ApplicationID, UserID, Password, PasswordFormat, PasswordSalt, Email, LoweredEmail, IsApproved, IsLockedOut, CreateDate, LastLoginDate, LastPasswordChangedDate, LastLockoutDate, FailedPasswordAttemptCount, FailedPasswordAttemptWindowStart, FailedPasswordAnswerAttemptCount, FailedPasswordAnswerAttemptWindowStart)
   VALUES(@ApplicationID, @AspNetUserID, 'aMoPu/jMK8Yc4dxEEtAWm+RvKkFRjT38n/c1ORi3HgGWXJI15kNozQ==', 2, 'ub/Nej8BunZL3H6o+Z7+sg==', 'b.ashley@lazada.co.id', 'b.ashley@lazada.co.id', 1, 0, '2019-06-07 05:28:54', '2019-06-07 05:28:54', '2019-06-07 05:28:54', '1754-01-01 00:00:00.000', 0, '1754-01-01 00:00:00.000', 0, '1754-01-01 00:00:00.000')
   INSERT INTO dbo.dnn_UserPortals(UserID, PortalID, CreatedDate, Authorised, IsDeleted, RefreshRoles)
   VALUES(@UserID, @PortalID, '2019-06-07 05:28:54', 1, 0, 0)
   INSERT INTO dbo.dnn_UserRoles(UserID, RoleID, IsTrialUsed, CreatedByUserID, CreatedOnDate, LastModifiedByUserID, LastModifiedOnDate, [Status], IsOwner)
   VALUES(@UserId, @FemaleRole, 0, 1, '2019-06-07 05:28:54', 1, '2019-06-07 05:28:54', 1, 0)
   INSERT INTO dbo.dnn_Users(Username, FirstName, LastName, Email, DisplayName, UpdatePassword, LastIPAddress, IsDeleted, CreatedByUserID, CreatedOnDate, LastModifiedByUserID, LastModifiedOnDate, PasswordResetToken, PasswordResetExpiration)
   VALUES('friedmant@marketwatch.com', 'Traci', 'Friedman', 'friedmant@marketwatch.com', 'Traci Friedman', 0, '', 0, 1, '2019-06-07 05:28:54', 1, '2019-06-07 05:28:54', NULL, NULL)
   SELECT @UserID = SCOPE_IDENTITY()
   INSERT INTO dbo.aspnet_Users(ApplicationID, UserName, LoweredUserName, IsAnonymous, LastActivityDate)
   VALUES(@ApplicationId, 'friedmant@marketwatch.com', 'friedmant@marketwatch.com', 0, '2019-06-07 05:28:54')
   SELECT @AspNetUserID = UserId FROM aspnet_Users WHERE Username = 'friedmant@marketwatch.com'
   INSERT INTO dbo.aspnet_Membership(ApplicationID, UserID, Password, PasswordFormat, PasswordSalt, Email, LoweredEmail, IsApproved, IsLockedOut, CreateDate, LastLoginDate, LastPasswordChangedDate, LastLockoutDate, FailedPasswordAttemptCount, FailedPasswordAttemptWindowStart, FailedPasswordAnswerAttemptCount, FailedPasswordAnswerAttemptWindowStart)
   VALUES(@ApplicationID, @AspNetUserID, 'aMoPu/jMK8Yc4dxEEtAWm+RvKkFRjT38n/c1ORi3HgGWXJI15kNozQ==', 2, 'ub/Nej8BunZL3H6o+Z7+sg==', 'friedmant@marketwatch.com', 'friedmant@marketwatch.com', 1, 0, '2019-06-07 05:28:54', '2019-06-07 05:28:54', '2019-06-07 05:28:54', '1754-01-01 00:00:00.000', 0, '1754-01-01 00:00:00.000', 0, '1754-01-01 00:00:00.000')
   INSERT INTO dbo.dnn_UserPortals(UserID, PortalID, CreatedDate, Authorised, IsDeleted, RefreshRoles)
   VALUES(@UserID, @PortalID, '2019-06-07 05:28:54', 1, 0, 0)
   INSERT INTO dbo.dnn_UserRoles(UserID, RoleID, IsTrialUsed, CreatedByUserID, CreatedOnDate, LastModifiedByUserID, LastModifiedOnDate, [Status], IsOwner)
   VALUES(@UserId, @FemaleRole, 0, 1, '2019-06-07 05:28:54', 1, '2019-06-07 05:28:54', 1, 0)
   INSERT INTO dbo.dnn_UserRoles(UserID, RoleID, IsTrialUsed, CreatedByUserID, CreatedOnDate, LastModifiedByUserID, LastModifiedOnDate, [Status], IsOwner)
   VALUES(@UserId, @AcademicRole, 0, 1, '2019-06-07 05:28:54', 1, '2019-06-07 05:28:54', 1, 0)
   INSERT INTO dbo.dnn_Users(Username, FirstName, LastName, Email, DisplayName, UpdatePassword, LastIPAddress, IsDeleted, CreatedByUserID, CreatedOnDate, LastModifiedByUserID, LastModifiedOnDate, PasswordResetToken, PasswordResetExpiration)
   VALUES('jody.potts@ew.com', 'Jody', 'Potts', 'jody.potts@ew.com', 'Jody Potts', 0, '', 0, 1, '2019-06-07 05:28:54', 1, '2019-06-07 05:28:54', NULL, NULL)
   SELECT @UserID = SCOPE_IDENTITY()
   INSERT INTO dbo.aspnet_Users(ApplicationID, UserName, LoweredUserName, IsAnonymous, LastActivityDate)
   VALUES(@ApplicationId, 'jody.potts@ew.com', 'jody.potts@ew.com', 0, '2019-06-07 05:28:54')
   SELECT @AspNetUserID = UserId FROM aspnet_Users WHERE Username = 'jody.potts@ew.com'
   INSERT INTO dbo.aspnet_Membership(ApplicationID, UserID, Password, PasswordFormat, PasswordSalt, Email, LoweredEmail, IsApproved, IsLockedOut, CreateDate, LastLoginDate, LastPasswordChangedDate, LastLockoutDate, FailedPasswordAttemptCount, FailedPasswordAttemptWindowStart, FailedPasswordAnswerAttemptCount, FailedPasswordAnswerAttemptWindowStart)
   VALUES(@ApplicationID, @AspNetUserID, 'aMoPu/jMK8Yc4dxEEtAWm+RvKkFRjT38n/c1ORi3HgGWXJI15kNozQ==', 2, 'ub/Nej8BunZL3H6o+Z7+sg==', 'jody.potts@ew.com', 'jody.potts@ew.com', 1, 0, '2019-06-07 05:28:54', '2019-06-07 05:28:54', '2019-06-07 05:28:54', '1754-01-01 00:00:00.000', 0, '1754-01-01 00:00:00.000', 0, '1754-01-01 00:00:00.000')
   INSERT INTO dbo.dnn_UserPortals(UserID, PortalID, CreatedDate, Authorised, IsDeleted, RefreshRoles)
   VALUES(@UserID, @PortalID, '2019-06-07 05:28:54', 1, 0, 0)
   INSERT INTO dbo.dnn_UserRoles(UserID, RoleID, IsTrialUsed, CreatedByUserID, CreatedOnDate, LastModifiedByUserID, LastModifiedOnDate, [Status], IsOwner)
   VALUES(@UserId, @FemaleRole, 0, 1, '2019-06-07 05:28:54', 1, '2019-06-07 05:28:54', 1, 0)
   INSERT INTO dbo.dnn_Users(Username, FirstName, LastName, Email, DisplayName, UpdatePassword, LastIPAddress, IsDeleted, CreatedByUserID, CreatedOnDate, LastModifiedByUserID, LastModifiedOnDate, PasswordResetToken, PasswordResetExpiration)
   VALUES('k.truong@ryanair.com', 'Kendra', 'Truong', 'k.truong@ryanair.com', 'Kendra Truong', 0, '', 0, 1, '2019-06-07 05:28:54', 1, '2019-06-07 05:28:54', NULL, NULL)
   SELECT @UserID = SCOPE_IDENTITY()
   INSERT INTO dbo.aspnet_Users(ApplicationID, UserName, LoweredUserName, IsAnonymous, LastActivityDate)
   VALUES(@ApplicationId, 'k.truong@ryanair.com', 'k.truong@ryanair.com', 0, '2019-06-07 05:28:54')
   SELECT @AspNetUserID = UserId FROM aspnet_Users WHERE Username = 'k.truong@ryanair.com'
   INSERT INTO dbo.aspnet_Membership(ApplicationID, UserID, Password, PasswordFormat, PasswordSalt, Email, LoweredEmail, IsApproved, IsLockedOut, CreateDate, LastLoginDate, LastPasswordChangedDate, LastLockoutDate, FailedPasswordAttemptCount, FailedPasswordAttemptWindowStart, FailedPasswordAnswerAttemptCount, FailedPasswordAnswerAttemptWindowStart)
   VALUES(@ApplicationID, @AspNetUserID, 'aMoPu/jMK8Yc4dxEEtAWm+RvKkFRjT38n/c1ORi3HgGWXJI15kNozQ==', 2, 'ub/Nej8BunZL3H6o+Z7+sg==', 'k.truong@ryanair.com', 'k.truong@ryanair.com', 1, 0, '2019-06-07 05:28:54', '2019-06-07 05:28:54', '2019-06-07 05:28:54', '1754-01-01 00:00:00.000', 0, '1754-01-01 00:00:00.000', 0, '1754-01-01 00:00:00.000')
   INSERT INTO dbo.dnn_UserPortals(UserID, PortalID, CreatedDate, Authorised, IsDeleted, RefreshRoles)
   VALUES(@UserID, @PortalID, '2019-06-07 05:28:54', 1, 0, 0)
   INSERT INTO dbo.dnn_UserRoles(UserID, RoleID, IsTrialUsed, CreatedByUserID, CreatedOnDate, LastModifiedByUserID, LastModifiedOnDate, [Status], IsOwner)
   VALUES(@UserId, @FemaleRole, 0, 1, '2019-06-07 05:28:54', 1, '2019-06-07 05:28:54', 1, 0)
   INSERT INTO dbo.dnn_Users(Username, FirstName, LastName, Email, DisplayName, UpdatePassword, LastIPAddress, IsDeleted, CreatedByUserID, CreatedOnDate, LastModifiedByUserID, LastModifiedOnDate, PasswordResetToken, PasswordResetExpiration)
   VALUES('costaj@gazeta.pl', 'Jasmine', 'Costa', 'costaj@gazeta.pl', 'Jasmine Costa', 0, '', 0, 1, '2019-06-07 05:28:54', 1, '2019-06-07 05:28:54', NULL, NULL)
   SELECT @UserID = SCOPE_IDENTITY()
   INSERT INTO dbo.aspnet_Users(ApplicationID, UserName, LoweredUserName, IsAnonymous, LastActivityDate)
   VALUES(@ApplicationId, 'costaj@gazeta.pl', 'costaj@gazeta.pl', 0, '2019-06-07 05:28:54')
   SELECT @AspNetUserID = UserId FROM aspnet_Users WHERE Username = 'costaj@gazeta.pl'
   INSERT INTO dbo.aspnet_Membership(ApplicationID, UserID, Password, PasswordFormat, PasswordSalt, Email, LoweredEmail, IsApproved, IsLockedOut, CreateDate, LastLoginDate, LastPasswordChangedDate, LastLockoutDate, FailedPasswordAttemptCount, FailedPasswordAttemptWindowStart, FailedPasswordAnswerAttemptCount, FailedPasswordAnswerAttemptWindowStart)
   VALUES(@ApplicationID, @AspNetUserID, 'aMoPu/jMK8Yc4dxEEtAWm+RvKkFRjT38n/c1ORi3HgGWXJI15kNozQ==', 2, 'ub/Nej8BunZL3H6o+Z7+sg==', 'costaj@gazeta.pl', 'costaj@gazeta.pl', 1, 0, '2019-06-07 05:28:54', '2019-06-07 05:28:54', '2019-06-07 05:28:54', '1754-01-01 00:00:00.000', 0, '1754-01-01 00:00:00.000', 0, '1754-01-01 00:00:00.000')
   INSERT INTO dbo.dnn_UserPortals(UserID, PortalID, CreatedDate, Authorised, IsDeleted, RefreshRoles)
   VALUES(@UserID, @PortalID, '2019-06-07 05:28:54', 1, 0, 0)
   INSERT INTO dbo.dnn_UserRoles(UserID, RoleID, IsTrialUsed, CreatedByUserID, CreatedOnDate, LastModifiedByUserID, LastModifiedOnDate, [Status], IsOwner)
   VALUES(@UserId, @FemaleRole, 0, 1, '2019-06-07 05:28:54', 1, '2019-06-07 05:28:54', 1, 0)
   INSERT INTO dbo.dnn_Users(Username, FirstName, LastName, Email, DisplayName, UpdatePassword, LastIPAddress, IsDeleted, CreatedByUserID, CreatedOnDate, LastModifiedByUserID, LastModifiedOnDate, PasswordResetToken, PasswordResetExpiration)
   VALUES('nichole.correa@gmanetwork.com', 'Nichole', 'Correa', 'nichole.correa@gmanetwork.com', 'Nichole Correa', 0, '', 0, 1, '2019-06-07 05:28:54', 1, '2019-06-07 05:28:54', NULL, NULL)
   SELECT @UserID = SCOPE_IDENTITY()
   INSERT INTO dbo.aspnet_Users(ApplicationID, UserName, LoweredUserName, IsAnonymous, LastActivityDate)
   VALUES(@ApplicationId, 'nichole.correa@gmanetwork.com', 'nichole.correa@gmanetwork.com', 0, '2019-06-07 05:28:54')
   SELECT @AspNetUserID = UserId FROM aspnet_Users WHERE Username = 'nichole.correa@gmanetwork.com'
   INSERT INTO dbo.aspnet_Membership(ApplicationID, UserID, Password, PasswordFormat, PasswordSalt, Email, LoweredEmail, IsApproved, IsLockedOut, CreateDate, LastLoginDate, LastPasswordChangedDate, LastLockoutDate, FailedPasswordAttemptCount, FailedPasswordAttemptWindowStart, FailedPasswordAnswerAttemptCount, FailedPasswordAnswerAttemptWindowStart)
   VALUES(@ApplicationID, @AspNetUserID, 'aMoPu/jMK8Yc4dxEEtAWm+RvKkFRjT38n/c1ORi3HgGWXJI15kNozQ==', 2, 'ub/Nej8BunZL3H6o+Z7+sg==', 'nichole.correa@gmanetwork.com', 'nichole.correa@gmanetwork.com', 1, 0, '2019-06-07 05:28:54', '2019-06-07 05:28:54', '2019-06-07 05:28:54', '1754-01-01 00:00:00.000', 0, '1754-01-01 00:00:00.000', 0, '1754-01-01 00:00:00.000')
   INSERT INTO dbo.dnn_UserPortals(UserID, PortalID, CreatedDate, Authorised, IsDeleted, RefreshRoles)
   VALUES(@UserID, @PortalID, '2019-06-07 05:28:54', 1, 0, 0)
   INSERT INTO dbo.dnn_UserRoles(UserID, RoleID, IsTrialUsed, CreatedByUserID, CreatedOnDate, LastModifiedByUserID, LastModifiedOnDate, [Status], IsOwner)
   VALUES(@UserId, @FemaleRole, 0, 1, '2019-06-07 05:28:54', 1, '2019-06-07 05:28:54', 1, 0)
   INSERT INTO dbo.dnn_Users(Username, FirstName, LastName, Email, DisplayName, UpdatePassword, LastIPAddress, IsDeleted, CreatedByUserID, CreatedOnDate, LastModifiedByUserID, LastModifiedOnDate, PasswordResetToken, PasswordResetExpiration)
   VALUES('r.blevins@dcinside.com', 'Rachael', 'Blevins', 'r.blevins@dcinside.com', 'Rachael Blevins', 0, '', 0, 1, '2019-06-07 05:28:54', 1, '2019-06-07 05:28:54', NULL, NULL)
   SELECT @UserID = SCOPE_IDENTITY()
   INSERT INTO dbo.aspnet_Users(ApplicationID, UserName, LoweredUserName, IsAnonymous, LastActivityDate)
   VALUES(@ApplicationId, 'r.blevins@dcinside.com', 'r.blevins@dcinside.com', 0, '2019-06-07 05:28:54')
   SELECT @AspNetUserID = UserId FROM aspnet_Users WHERE Username = 'r.blevins@dcinside.com'
   INSERT INTO dbo.aspnet_Membership(ApplicationID, UserID, Password, PasswordFormat, PasswordSalt, Email, LoweredEmail, IsApproved, IsLockedOut, CreateDate, LastLoginDate, LastPasswordChangedDate, LastLockoutDate, FailedPasswordAttemptCount, FailedPasswordAttemptWindowStart, FailedPasswordAnswerAttemptCount, FailedPasswordAnswerAttemptWindowStart)
   VALUES(@ApplicationID, @AspNetUserID, 'aMoPu/jMK8Yc4dxEEtAWm+RvKkFRjT38n/c1ORi3HgGWXJI15kNozQ==', 2, 'ub/Nej8BunZL3H6o+Z7+sg==', 'r.blevins@dcinside.com', 'r.blevins@dcinside.com', 1, 0, '2019-06-07 05:28:54', '2019-06-07 05:28:54', '2019-06-07 05:28:54', '1754-01-01 00:00:00.000', 0, '1754-01-01 00:00:00.000', 0, '1754-01-01 00:00:00.000')
   INSERT INTO dbo.dnn_UserPortals(UserID, PortalID, CreatedDate, Authorised, IsDeleted, RefreshRoles)
   VALUES(@UserID, @PortalID, '2019-06-07 05:28:54', 1, 0, 0)
   INSERT INTO dbo.dnn_UserRoles(UserID, RoleID, IsTrialUsed, CreatedByUserID, CreatedOnDate, LastModifiedByUserID, LastModifiedOnDate, [Status], IsOwner)
   VALUES(@UserId, @FemaleRole, 0, 1, '2019-06-07 05:28:54', 1, '2019-06-07 05:28:54', 1, 0)
   INSERT INTO dbo.dnn_Users(Username, FirstName, LastName, Email, DisplayName, UpdatePassword, LastIPAddress, IsDeleted, CreatedByUserID, CreatedOnDate, LastModifiedByUserID, LastModifiedOnDate, PasswordResetToken, PasswordResetExpiration)
   VALUES('nixonc@ampclicks.com', 'Chelsea', 'Nixon', 'nixonc@ampclicks.com', 'Chelsea Nixon', 0, '', 0, 1, '2019-06-07 05:28:54', 1, '2019-06-07 05:28:54', NULL, NULL)
   SELECT @UserID = SCOPE_IDENTITY()
   INSERT INTO dbo.aspnet_Users(ApplicationID, UserName, LoweredUserName, IsAnonymous, LastActivityDate)
   VALUES(@ApplicationId, 'nixonc@ampclicks.com', 'nixonc@ampclicks.com', 0, '2019-06-07 05:28:54')
   SELECT @AspNetUserID = UserId FROM aspnet_Users WHERE Username = 'nixonc@ampclicks.com'
   INSERT INTO dbo.aspnet_Membership(ApplicationID, UserID, Password, PasswordFormat, PasswordSalt, Email, LoweredEmail, IsApproved, IsLockedOut, CreateDate, LastLoginDate, LastPasswordChangedDate, LastLockoutDate, FailedPasswordAttemptCount, FailedPasswordAttemptWindowStart, FailedPasswordAnswerAttemptCount, FailedPasswordAnswerAttemptWindowStart)
   VALUES(@ApplicationID, @AspNetUserID, 'aMoPu/jMK8Yc4dxEEtAWm+RvKkFRjT38n/c1ORi3HgGWXJI15kNozQ==', 2, 'ub/Nej8BunZL3H6o+Z7+sg==', 'nixonc@ampclicks.com', 'nixonc@ampclicks.com', 1, 0, '2019-06-07 05:28:54', '2019-06-07 05:28:54', '2019-06-07 05:28:54', '1754-01-01 00:00:00.000', 0, '1754-01-01 00:00:00.000', 0, '1754-01-01 00:00:00.000')
   INSERT INTO dbo.dnn_UserPortals(UserID, PortalID, CreatedDate, Authorised, IsDeleted, RefreshRoles)
   VALUES(@UserID, @PortalID, '2019-06-07 05:28:54', 1, 0, 0)
   INSERT INTO dbo.dnn_UserRoles(UserID, RoleID, IsTrialUsed, CreatedByUserID, CreatedOnDate, LastModifiedByUserID, LastModifiedOnDate, [Status], IsOwner)
   VALUES(@UserId, @FemaleRole, 0, 1, '2019-06-07 05:28:54', 1, '2019-06-07 05:28:54', 1, 0)
   INSERT INTO dbo.dnn_Users(Username, FirstName, LastName, Email, DisplayName, UpdatePassword, LastIPAddress, IsDeleted, CreatedByUserID, CreatedOnDate, LastModifiedByUserID, LastModifiedOnDate, PasswordResetToken, PasswordResetExpiration)
   VALUES('mable.clements@slimspots.com', 'Mable', 'Clements', 'mable.clements@slimspots.com', 'Mable Clements', 0, '', 0, 1, '2019-06-07 05:28:54', 1, '2019-06-07 05:28:54', NULL, NULL)
   SELECT @UserID = SCOPE_IDENTITY()
   INSERT INTO dbo.aspnet_Users(ApplicationID, UserName, LoweredUserName, IsAnonymous, LastActivityDate)
   VALUES(@ApplicationId, 'mable.clements@slimspots.com', 'mable.clements@slimspots.com', 0, '2019-06-07 05:28:54')
   SELECT @AspNetUserID = UserId FROM aspnet_Users WHERE Username = 'mable.clements@slimspots.com'
   INSERT INTO dbo.aspnet_Membership(ApplicationID, UserID, Password, PasswordFormat, PasswordSalt, Email, LoweredEmail, IsApproved, IsLockedOut, CreateDate, LastLoginDate, LastPasswordChangedDate, LastLockoutDate, FailedPasswordAttemptCount, FailedPasswordAttemptWindowStart, FailedPasswordAnswerAttemptCount, FailedPasswordAnswerAttemptWindowStart)
   VALUES(@ApplicationID, @AspNetUserID, 'aMoPu/jMK8Yc4dxEEtAWm+RvKkFRjT38n/c1ORi3HgGWXJI15kNozQ==', 2, 'ub/Nej8BunZL3H6o+Z7+sg==', 'mable.clements@slimspots.com', 'mable.clements@slimspots.com', 1, 0, '2019-06-07 05:28:54', '2019-06-07 05:28:54', '2019-06-07 05:28:54', '1754-01-01 00:00:00.000', 0, '1754-01-01 00:00:00.000', 0, '1754-01-01 00:00:00.000')
   INSERT INTO dbo.dnn_UserPortals(UserID, PortalID, CreatedDate, Authorised, IsDeleted, RefreshRoles)
   VALUES(@UserID, @PortalID, '2019-06-07 05:28:54', 1, 0, 0)
   INSERT INTO dbo.dnn_UserRoles(UserID, RoleID, IsTrialUsed, CreatedByUserID, CreatedOnDate, LastModifiedByUserID, LastModifiedOnDate, [Status], IsOwner)
   VALUES(@UserId, @FemaleRole, 0, 1, '2019-06-07 05:28:54', 1, '2019-06-07 05:28:54', 1, 0)
   INSERT INTO dbo.dnn_Users(Username, FirstName, LastName, Email, DisplayName, UpdatePassword, LastIPAddress, IsDeleted, CreatedByUserID, CreatedOnDate, LastModifiedByUserID, LastModifiedOnDate, PasswordResetToken, PasswordResetExpiration)
   VALUES('e.fry@basecamp.com', 'Ernestine', 'Fry', 'e.fry@basecamp.com', 'Ernestine Fry', 0, '', 0, 1, '2019-06-07 05:28:54', 1, '2019-06-07 05:28:54', NULL, NULL)
   SELECT @UserID = SCOPE_IDENTITY()
   INSERT INTO dbo.aspnet_Users(ApplicationID, UserName, LoweredUserName, IsAnonymous, LastActivityDate)
   VALUES(@ApplicationId, 'e.fry@basecamp.com', 'e.fry@basecamp.com', 0, '2019-06-07 05:28:54')
   SELECT @AspNetUserID = UserId FROM aspnet_Users WHERE Username = 'e.fry@basecamp.com'
   INSERT INTO dbo.aspnet_Membership(ApplicationID, UserID, Password, PasswordFormat, PasswordSalt, Email, LoweredEmail, IsApproved, IsLockedOut, CreateDate, LastLoginDate, LastPasswordChangedDate, LastLockoutDate, FailedPasswordAttemptCount, FailedPasswordAttemptWindowStart, FailedPasswordAnswerAttemptCount, FailedPasswordAnswerAttemptWindowStart)
   VALUES(@ApplicationID, @AspNetUserID, 'aMoPu/jMK8Yc4dxEEtAWm+RvKkFRjT38n/c1ORi3HgGWXJI15kNozQ==', 2, 'ub/Nej8BunZL3H6o+Z7+sg==', 'e.fry@basecamp.com', 'e.fry@basecamp.com', 1, 0, '2019-06-07 05:28:54', '2019-06-07 05:28:54', '2019-06-07 05:28:54', '1754-01-01 00:00:00.000', 0, '1754-01-01 00:00:00.000', 0, '1754-01-01 00:00:00.000')
   INSERT INTO dbo.dnn_UserPortals(UserID, PortalID, CreatedDate, Authorised, IsDeleted, RefreshRoles)
   VALUES(@UserID, @PortalID, '2019-06-07 05:28:54', 1, 0, 0)
   INSERT INTO dbo.dnn_UserRoles(UserID, RoleID, IsTrialUsed, CreatedByUserID, CreatedOnDate, LastModifiedByUserID, LastModifiedOnDate, [Status], IsOwner)
   VALUES(@UserId, @FemaleRole, 0, 1, '2019-06-07 05:28:54', 1, '2019-06-07 05:28:54', 1, 0)
   INSERT INTO dbo.dnn_Users(Username, FirstName, LastName, Email, DisplayName, UpdatePassword, LastIPAddress, IsDeleted, CreatedByUserID, CreatedOnDate, LastModifiedByUserID, LastModifiedOnDate, PasswordResetToken, PasswordResetExpiration)
   VALUES('delarosam@cctv.com', 'Muriel', 'Delarosa', 'delarosam@cctv.com', 'Muriel Delarosa', 0, '', 0, 1, '2019-06-07 05:28:54', 1, '2019-06-07 05:28:54', NULL, NULL)
   SELECT @UserID = SCOPE_IDENTITY()
   INSERT INTO dbo.aspnet_Users(ApplicationID, UserName, LoweredUserName, IsAnonymous, LastActivityDate)
   VALUES(@ApplicationId, 'delarosam@cctv.com', 'delarosam@cctv.com', 0, '2019-06-07 05:28:54')
   SELECT @AspNetUserID = UserId FROM aspnet_Users WHERE Username = 'delarosam@cctv.com'
   INSERT INTO dbo.aspnet_Membership(ApplicationID, UserID, Password, PasswordFormat, PasswordSalt, Email, LoweredEmail, IsApproved, IsLockedOut, CreateDate, LastLoginDate, LastPasswordChangedDate, LastLockoutDate, FailedPasswordAttemptCount, FailedPasswordAttemptWindowStart, FailedPasswordAnswerAttemptCount, FailedPasswordAnswerAttemptWindowStart)
   VALUES(@ApplicationID, @AspNetUserID, 'aMoPu/jMK8Yc4dxEEtAWm+RvKkFRjT38n/c1ORi3HgGWXJI15kNozQ==', 2, 'ub/Nej8BunZL3H6o+Z7+sg==', 'delarosam@cctv.com', 'delarosam@cctv.com', 1, 0, '2019-06-07 05:28:54', '2019-06-07 05:28:54', '2019-06-07 05:28:54', '1754-01-01 00:00:00.000', 0, '1754-01-01 00:00:00.000', 0, '1754-01-01 00:00:00.000')
   INSERT INTO dbo.dnn_UserPortals(UserID, PortalID, CreatedDate, Authorised, IsDeleted, RefreshRoles)
   VALUES(@UserID, @PortalID, '2019-06-07 05:28:54', 1, 0, 0)
   INSERT INTO dbo.dnn_UserRoles(UserID, RoleID, IsTrialUsed, CreatedByUserID, CreatedOnDate, LastModifiedByUserID, LastModifiedOnDate, [Status], IsOwner)
   VALUES(@UserId, @FemaleRole, 0, 1, '2019-06-07 05:28:54', 1, '2019-06-07 05:28:54', 1, 0)
   INSERT INTO dbo.dnn_Users(Username, FirstName, LastName, Email, DisplayName, UpdatePassword, LastIPAddress, IsDeleted, CreatedByUserID, CreatedOnDate, LastModifiedByUserID, LastModifiedOnDate, PasswordResetToken, PasswordResetExpiration)
   VALUES('marcella.best@incometaxindiaefiling.gov.in', 'Marcella', 'Best', 'marcella.best@incometaxindiaefiling.gov.in', 'Marcella Best', 0, '', 0, 1, '2019-06-07 05:28:54', 1, '2019-06-07 05:28:54', NULL, NULL)
   SELECT @UserID = SCOPE_IDENTITY()
   INSERT INTO dbo.aspnet_Users(ApplicationID, UserName, LoweredUserName, IsAnonymous, LastActivityDate)
   VALUES(@ApplicationId, 'marcella.best@incometaxindiaefiling.gov.in', 'marcella.best@incometaxindiaefiling.gov.in', 0, '2019-06-07 05:28:54')
   SELECT @AspNetUserID = UserId FROM aspnet_Users WHERE Username = 'marcella.best@incometaxindiaefiling.gov.in'
   INSERT INTO dbo.aspnet_Membership(ApplicationID, UserID, Password, PasswordFormat, PasswordSalt, Email, LoweredEmail, IsApproved, IsLockedOut, CreateDate, LastLoginDate, LastPasswordChangedDate, LastLockoutDate, FailedPasswordAttemptCount, FailedPasswordAttemptWindowStart, FailedPasswordAnswerAttemptCount, FailedPasswordAnswerAttemptWindowStart)
   VALUES(@ApplicationID, @AspNetUserID, 'aMoPu/jMK8Yc4dxEEtAWm+RvKkFRjT38n/c1ORi3HgGWXJI15kNozQ==', 2, 'ub/Nej8BunZL3H6o+Z7+sg==', 'marcella.best@incometaxindiaefiling.gov.in', 'marcella.best@incometaxindiaefiling.gov.in', 1, 0, '2019-06-07 05:28:54', '2019-06-07 05:28:54', '2019-06-07 05:28:54', '1754-01-01 00:00:00.000', 0, '1754-01-01 00:00:00.000', 0, '1754-01-01 00:00:00.000')
   INSERT INTO dbo.dnn_UserPortals(UserID, PortalID, CreatedDate, Authorised, IsDeleted, RefreshRoles)
   VALUES(@UserID, @PortalID, '2019-06-07 05:28:54', 1, 0, 0)
   INSERT INTO dbo.dnn_UserRoles(UserID, RoleID, IsTrialUsed, CreatedByUserID, CreatedOnDate, LastModifiedByUserID, LastModifiedOnDate, [Status], IsOwner)
   VALUES(@UserId, @FemaleRole, 0, 1, '2019-06-07 05:28:54', 1, '2019-06-07 05:28:54', 1, 0)
   INSERT INTO dbo.dnn_Users(Username, FirstName, LastName, Email, DisplayName, UpdatePassword, LastIPAddress, IsDeleted, CreatedByUserID, CreatedOnDate, LastModifiedByUserID, LastModifiedOnDate, PasswordResetToken, PasswordResetExpiration)
   VALUES('e.benton@citibank.co.in', 'Elena', 'Benton', 'e.benton@citibank.co.in', 'Elena Benton', 0, '', 0, 1, '2019-06-07 05:28:54', 1, '2019-06-07 05:28:54', NULL, NULL)
   SELECT @UserID = SCOPE_IDENTITY()
   INSERT INTO dbo.aspnet_Users(ApplicationID, UserName, LoweredUserName, IsAnonymous, LastActivityDate)
   VALUES(@ApplicationId, 'e.benton@citibank.co.in', 'e.benton@citibank.co.in', 0, '2019-06-07 05:28:54')
   SELECT @AspNetUserID = UserId FROM aspnet_Users WHERE Username = 'e.benton@citibank.co.in'
   INSERT INTO dbo.aspnet_Membership(ApplicationID, UserID, Password, PasswordFormat, PasswordSalt, Email, LoweredEmail, IsApproved, IsLockedOut, CreateDate, LastLoginDate, LastPasswordChangedDate, LastLockoutDate, FailedPasswordAttemptCount, FailedPasswordAttemptWindowStart, FailedPasswordAnswerAttemptCount, FailedPasswordAnswerAttemptWindowStart)
   VALUES(@ApplicationID, @AspNetUserID, 'aMoPu/jMK8Yc4dxEEtAWm+RvKkFRjT38n/c1ORi3HgGWXJI15kNozQ==', 2, 'ub/Nej8BunZL3H6o+Z7+sg==', 'e.benton@citibank.co.in', 'e.benton@citibank.co.in', 1, 0, '2019-06-07 05:28:54', '2019-06-07 05:28:54', '2019-06-07 05:28:54', '1754-01-01 00:00:00.000', 0, '1754-01-01 00:00:00.000', 0, '1754-01-01 00:00:00.000')
   INSERT INTO dbo.dnn_UserPortals(UserID, PortalID, CreatedDate, Authorised, IsDeleted, RefreshRoles)
   VALUES(@UserID, @PortalID, '2019-06-07 05:28:54', 1, 0, 0)
   INSERT INTO dbo.dnn_UserRoles(UserID, RoleID, IsTrialUsed, CreatedByUserID, CreatedOnDate, LastModifiedByUserID, LastModifiedOnDate, [Status], IsOwner)
   VALUES(@UserId, @FemaleRole, 0, 1, '2019-06-07 05:28:54', 1, '2019-06-07 05:28:54', 1, 0)
   INSERT INTO dbo.dnn_Users(Username, FirstName, LastName, Email, DisplayName, UpdatePassword, LastIPAddress, IsDeleted, CreatedByUserID, CreatedOnDate, LastModifiedByUserID, LastModifiedOnDate, PasswordResetToken, PasswordResetExpiration)
   VALUES('lugok@brightonclick.com', 'Krystal', 'Lugo', 'lugok@brightonclick.com', 'Krystal Lugo', 0, '', 0, 1, '2019-06-07 05:28:54', 1, '2019-06-07 05:28:54', NULL, NULL)
   SELECT @UserID = SCOPE_IDENTITY()
   INSERT INTO dbo.aspnet_Users(ApplicationID, UserName, LoweredUserName, IsAnonymous, LastActivityDate)
   VALUES(@ApplicationId, 'lugok@brightonclick.com', 'lugok@brightonclick.com', 0, '2019-06-07 05:28:54')
   SELECT @AspNetUserID = UserId FROM aspnet_Users WHERE Username = 'lugok@brightonclick.com'
   INSERT INTO dbo.aspnet_Membership(ApplicationID, UserID, Password, PasswordFormat, PasswordSalt, Email, LoweredEmail, IsApproved, IsLockedOut, CreateDate, LastLoginDate, LastPasswordChangedDate, LastLockoutDate, FailedPasswordAttemptCount, FailedPasswordAttemptWindowStart, FailedPasswordAnswerAttemptCount, FailedPasswordAnswerAttemptWindowStart)
   VALUES(@ApplicationID, @AspNetUserID, 'aMoPu/jMK8Yc4dxEEtAWm+RvKkFRjT38n/c1ORi3HgGWXJI15kNozQ==', 2, 'ub/Nej8BunZL3H6o+Z7+sg==', 'lugok@brightonclick.com', 'lugok@brightonclick.com', 1, 0, '2019-06-07 05:28:54', '2019-06-07 05:28:54', '2019-06-07 05:28:54', '1754-01-01 00:00:00.000', 0, '1754-01-01 00:00:00.000', 0, '1754-01-01 00:00:00.000')
   INSERT INTO dbo.dnn_UserPortals(UserID, PortalID, CreatedDate, Authorised, IsDeleted, RefreshRoles)
   VALUES(@UserID, @PortalID, '2019-06-07 05:28:54', 1, 0, 0)
   INSERT INTO dbo.dnn_UserRoles(UserID, RoleID, IsTrialUsed, CreatedByUserID, CreatedOnDate, LastModifiedByUserID, LastModifiedOnDate, [Status], IsOwner)
   VALUES(@UserId, @FemaleRole, 0, 1, '2019-06-07 05:28:54', 1, '2019-06-07 05:28:54', 1, 0)
   INSERT INTO dbo.dnn_Users(Username, FirstName, LastName, Email, DisplayName, UpdatePassword, LastIPAddress, IsDeleted, CreatedByUserID, CreatedOnDate, LastModifiedByUserID, LastModifiedOnDate, PasswordResetToken, PasswordResetExpiration)
   VALUES('angelina.portillo@gazzetta.it', 'Angelina', 'Portillo', 'angelina.portillo@gazzetta.it', 'Angelina Portillo', 0, '', 0, 1, '2019-06-07 05:28:54', 1, '2019-06-07 05:28:54', NULL, NULL)
   SELECT @UserID = SCOPE_IDENTITY()
   INSERT INTO dbo.aspnet_Users(ApplicationID, UserName, LoweredUserName, IsAnonymous, LastActivityDate)
   VALUES(@ApplicationId, 'angelina.portillo@gazzetta.it', 'angelina.portillo@gazzetta.it', 0, '2019-06-07 05:28:54')
   SELECT @AspNetUserID = UserId FROM aspnet_Users WHERE Username = 'angelina.portillo@gazzetta.it'
   INSERT INTO dbo.aspnet_Membership(ApplicationID, UserID, Password, PasswordFormat, PasswordSalt, Email, LoweredEmail, IsApproved, IsLockedOut, CreateDate, LastLoginDate, LastPasswordChangedDate, LastLockoutDate, FailedPasswordAttemptCount, FailedPasswordAttemptWindowStart, FailedPasswordAnswerAttemptCount, FailedPasswordAnswerAttemptWindowStart)
   VALUES(@ApplicationID, @AspNetUserID, 'aMoPu/jMK8Yc4dxEEtAWm+RvKkFRjT38n/c1ORi3HgGWXJI15kNozQ==', 2, 'ub/Nej8BunZL3H6o+Z7+sg==', 'angelina.portillo@gazzetta.it', 'angelina.portillo@gazzetta.it', 1, 0, '2019-06-07 05:28:54', '2019-06-07 05:28:54', '2019-06-07 05:28:54', '1754-01-01 00:00:00.000', 0, '1754-01-01 00:00:00.000', 0, '1754-01-01 00:00:00.000')
   INSERT INTO dbo.dnn_UserPortals(UserID, PortalID, CreatedDate, Authorised, IsDeleted, RefreshRoles)
   VALUES(@UserID, @PortalID, '2019-06-07 05:28:54', 1, 0, 0)
   INSERT INTO dbo.dnn_UserRoles(UserID, RoleID, IsTrialUsed, CreatedByUserID, CreatedOnDate, LastModifiedByUserID, LastModifiedOnDate, [Status], IsOwner)
   VALUES(@UserId, @FemaleRole, 0, 1, '2019-06-07 05:28:54', 1, '2019-06-07 05:28:54', 1, 0)
   INSERT INTO dbo.dnn_Users(Username, FirstName, LastName, Email, DisplayName, UpdatePassword, LastIPAddress, IsDeleted, CreatedByUserID, CreatedOnDate, LastModifiedByUserID, LastModifiedOnDate, PasswordResetToken, PasswordResetExpiration)
   VALUES('n.dougherty@indianrail.gov.in', 'Nadine', 'Dougherty', 'n.dougherty@indianrail.gov.in', 'Nadine Dougherty', 0, '', 0, 1, '2019-06-07 05:28:54', 1, '2019-06-07 05:28:54', NULL, NULL)
   SELECT @UserID = SCOPE_IDENTITY()
   INSERT INTO dbo.aspnet_Users(ApplicationID, UserName, LoweredUserName, IsAnonymous, LastActivityDate)
   VALUES(@ApplicationId, 'n.dougherty@indianrail.gov.in', 'n.dougherty@indianrail.gov.in', 0, '2019-06-07 05:28:54')
   SELECT @AspNetUserID = UserId FROM aspnet_Users WHERE Username = 'n.dougherty@indianrail.gov.in'
   INSERT INTO dbo.aspnet_Membership(ApplicationID, UserID, Password, PasswordFormat, PasswordSalt, Email, LoweredEmail, IsApproved, IsLockedOut, CreateDate, LastLoginDate, LastPasswordChangedDate, LastLockoutDate, FailedPasswordAttemptCount, FailedPasswordAttemptWindowStart, FailedPasswordAnswerAttemptCount, FailedPasswordAnswerAttemptWindowStart)
   VALUES(@ApplicationID, @AspNetUserID, 'aMoPu/jMK8Yc4dxEEtAWm+RvKkFRjT38n/c1ORi3HgGWXJI15kNozQ==', 2, 'ub/Nej8BunZL3H6o+Z7+sg==', 'n.dougherty@indianrail.gov.in', 'n.dougherty@indianrail.gov.in', 1, 0, '2019-06-07 05:28:54', '2019-06-07 05:28:54', '2019-06-07 05:28:54', '1754-01-01 00:00:00.000', 0, '1754-01-01 00:00:00.000', 0, '1754-01-01 00:00:00.000')
   INSERT INTO dbo.dnn_UserPortals(UserID, PortalID, CreatedDate, Authorised, IsDeleted, RefreshRoles)
   VALUES(@UserID, @PortalID, '2019-06-07 05:28:54', 1, 0, 0)
   INSERT INTO dbo.dnn_UserRoles(UserID, RoleID, IsTrialUsed, CreatedByUserID, CreatedOnDate, LastModifiedByUserID, LastModifiedOnDate, [Status], IsOwner)
   VALUES(@UserId, @FemaleRole, 0, 1, '2019-06-07 05:28:54', 1, '2019-06-07 05:28:54', 1, 0)
   INSERT INTO dbo.dnn_Users(Username, FirstName, LastName, Email, DisplayName, UpdatePassword, LastIPAddress, IsDeleted, CreatedByUserID, CreatedOnDate, LastModifiedByUserID, LastModifiedOnDate, PasswordResetToken, PasswordResetExpiration)
   VALUES('cranek@idnes.cz', 'Kari', 'Crane', 'cranek@idnes.cz', 'Kari Crane', 0, '', 0, 1, '2019-06-07 05:28:54', 1, '2019-06-07 05:28:54', NULL, NULL)
   SELECT @UserID = SCOPE_IDENTITY()
   INSERT INTO dbo.aspnet_Users(ApplicationID, UserName, LoweredUserName, IsAnonymous, LastActivityDate)
   VALUES(@ApplicationId, 'cranek@idnes.cz', 'cranek@idnes.cz', 0, '2019-06-07 05:28:54')
   SELECT @AspNetUserID = UserId FROM aspnet_Users WHERE Username = 'cranek@idnes.cz'
   INSERT INTO dbo.aspnet_Membership(ApplicationID, UserID, Password, PasswordFormat, PasswordSalt, Email, LoweredEmail, IsApproved, IsLockedOut, CreateDate, LastLoginDate, LastPasswordChangedDate, LastLockoutDate, FailedPasswordAttemptCount, FailedPasswordAttemptWindowStart, FailedPasswordAnswerAttemptCount, FailedPasswordAnswerAttemptWindowStart)
   VALUES(@ApplicationID, @AspNetUserID, 'aMoPu/jMK8Yc4dxEEtAWm+RvKkFRjT38n/c1ORi3HgGWXJI15kNozQ==', 2, 'ub/Nej8BunZL3H6o+Z7+sg==', 'cranek@idnes.cz', 'cranek@idnes.cz', 1, 0, '2019-06-07 05:28:54', '2019-06-07 05:28:54', '2019-06-07 05:28:54', '1754-01-01 00:00:00.000', 0, '1754-01-01 00:00:00.000', 0, '1754-01-01 00:00:00.000')
   INSERT INTO dbo.dnn_UserPortals(UserID, PortalID, CreatedDate, Authorised, IsDeleted, RefreshRoles)
   VALUES(@UserID, @PortalID, '2019-06-07 05:28:54', 1, 0, 0)
   INSERT INTO dbo.dnn_UserRoles(UserID, RoleID, IsTrialUsed, CreatedByUserID, CreatedOnDate, LastModifiedByUserID, LastModifiedOnDate, [Status], IsOwner)
   VALUES(@UserId, @FemaleRole, 0, 1, '2019-06-07 05:28:54', 1, '2019-06-07 05:28:54', 1, 0)
   INSERT INTO dbo.dnn_Users(Username, FirstName, LastName, Email, DisplayName, UpdatePassword, LastIPAddress, IsDeleted, CreatedByUserID, CreatedOnDate, LastModifiedByUserID, LastModifiedOnDate, PasswordResetToken, PasswordResetExpiration)
   VALUES('estelle.haley@thedailybeast.com', 'Estelle', 'Haley', 'estelle.haley@thedailybeast.com', 'Estelle Haley', 0, '', 0, 1, '2019-06-07 05:28:54', 1, '2019-06-07 05:28:54', NULL, NULL)
   SELECT @UserID = SCOPE_IDENTITY()
   INSERT INTO dbo.aspnet_Users(ApplicationID, UserName, LoweredUserName, IsAnonymous, LastActivityDate)
   VALUES(@ApplicationId, 'estelle.haley@thedailybeast.com', 'estelle.haley@thedailybeast.com', 0, '2019-06-07 05:28:54')
   SELECT @AspNetUserID = UserId FROM aspnet_Users WHERE Username = 'estelle.haley@thedailybeast.com'
   INSERT INTO dbo.aspnet_Membership(ApplicationID, UserID, Password, PasswordFormat, PasswordSalt, Email, LoweredEmail, IsApproved, IsLockedOut, CreateDate, LastLoginDate, LastPasswordChangedDate, LastLockoutDate, FailedPasswordAttemptCount, FailedPasswordAttemptWindowStart, FailedPasswordAnswerAttemptCount, FailedPasswordAnswerAttemptWindowStart)
   VALUES(@ApplicationID, @AspNetUserID, 'aMoPu/jMK8Yc4dxEEtAWm+RvKkFRjT38n/c1ORi3HgGWXJI15kNozQ==', 2, 'ub/Nej8BunZL3H6o+Z7+sg==', 'estelle.haley@thedailybeast.com', 'estelle.haley@thedailybeast.com', 1, 0, '2019-06-07 05:28:54', '2019-06-07 05:28:54', '2019-06-07 05:28:54', '1754-01-01 00:00:00.000', 0, '1754-01-01 00:00:00.000', 0, '1754-01-01 00:00:00.000')
   INSERT INTO dbo.dnn_UserPortals(UserID, PortalID, CreatedDate, Authorised, IsDeleted, RefreshRoles)
   VALUES(@UserID, @PortalID, '2019-06-07 05:28:54', 1, 0, 0)
   INSERT INTO dbo.dnn_UserRoles(UserID, RoleID, IsTrialUsed, CreatedByUserID, CreatedOnDate, LastModifiedByUserID, LastModifiedOnDate, [Status], IsOwner)
   VALUES(@UserId, @FemaleRole, 0, 1, '2019-06-07 05:28:54', 1, '2019-06-07 05:28:54', 1, 0)
   INSERT INTO dbo.dnn_Users(Username, FirstName, LastName, Email, DisplayName, UpdatePassword, LastIPAddress, IsDeleted, CreatedByUserID, CreatedOnDate, LastModifiedByUserID, LastModifiedOnDate, PasswordResetToken, PasswordResetExpiration)
   VALUES('d.phan@intel.com', 'Dianna', 'Phan', 'd.phan@intel.com', 'Dianna Phan', 0, '', 0, 1, '2019-06-07 05:28:54', 1, '2019-06-07 05:28:54', NULL, NULL)
   SELECT @UserID = SCOPE_IDENTITY()
   INSERT INTO dbo.aspnet_Users(ApplicationID, UserName, LoweredUserName, IsAnonymous, LastActivityDate)
   VALUES(@ApplicationId, 'd.phan@intel.com', 'd.phan@intel.com', 0, '2019-06-07 05:28:54')
   SELECT @AspNetUserID = UserId FROM aspnet_Users WHERE Username = 'd.phan@intel.com'
   INSERT INTO dbo.aspnet_Membership(ApplicationID, UserID, Password, PasswordFormat, PasswordSalt, Email, LoweredEmail, IsApproved, IsLockedOut, CreateDate, LastLoginDate, LastPasswordChangedDate, LastLockoutDate, FailedPasswordAttemptCount, FailedPasswordAttemptWindowStart, FailedPasswordAnswerAttemptCount, FailedPasswordAnswerAttemptWindowStart)
   VALUES(@ApplicationID, @AspNetUserID, 'aMoPu/jMK8Yc4dxEEtAWm+RvKkFRjT38n/c1ORi3HgGWXJI15kNozQ==', 2, 'ub/Nej8BunZL3H6o+Z7+sg==', 'd.phan@intel.com', 'd.phan@intel.com', 1, 0, '2019-06-07 05:28:54', '2019-06-07 05:28:54', '2019-06-07 05:28:54', '1754-01-01 00:00:00.000', 0, '1754-01-01 00:00:00.000', 0, '1754-01-01 00:00:00.000')
   INSERT INTO dbo.dnn_UserPortals(UserID, PortalID, CreatedDate, Authorised, IsDeleted, RefreshRoles)
   VALUES(@UserID, @PortalID, '2019-06-07 05:28:54', 1, 0, 0)
   INSERT INTO dbo.dnn_UserRoles(UserID, RoleID, IsTrialUsed, CreatedByUserID, CreatedOnDate, LastModifiedByUserID, LastModifiedOnDate, [Status], IsOwner)
   VALUES(@UserId, @FemaleRole, 0, 1, '2019-06-07 05:28:54', 1, '2019-06-07 05:28:54', 1, 0)
   INSERT INTO dbo.dnn_Users(Username, FirstName, LastName, Email, DisplayName, UpdatePassword, LastIPAddress, IsDeleted, CreatedByUserID, CreatedOnDate, LastModifiedByUserID, LastModifiedOnDate, PasswordResetToken, PasswordResetExpiration)
   VALUES('villalobosp@auction.co.kr', 'Paulette', 'Villalobos', 'villalobosp@auction.co.kr', 'Paulette Villalobos', 0, '', 0, 1, '2019-06-07 05:28:54', 1, '2019-06-07 05:28:54', NULL, NULL)
   SELECT @UserID = SCOPE_IDENTITY()
   INSERT INTO dbo.aspnet_Users(ApplicationID, UserName, LoweredUserName, IsAnonymous, LastActivityDate)
   VALUES(@ApplicationId, 'villalobosp@auction.co.kr', 'villalobosp@auction.co.kr', 0, '2019-06-07 05:28:54')
   SELECT @AspNetUserID = UserId FROM aspnet_Users WHERE Username = 'villalobosp@auction.co.kr'
   INSERT INTO dbo.aspnet_Membership(ApplicationID, UserID, Password, PasswordFormat, PasswordSalt, Email, LoweredEmail, IsApproved, IsLockedOut, CreateDate, LastLoginDate, LastPasswordChangedDate, LastLockoutDate, FailedPasswordAttemptCount, FailedPasswordAttemptWindowStart, FailedPasswordAnswerAttemptCount, FailedPasswordAnswerAttemptWindowStart)
   VALUES(@ApplicationID, @AspNetUserID, 'aMoPu/jMK8Yc4dxEEtAWm+RvKkFRjT38n/c1ORi3HgGWXJI15kNozQ==', 2, 'ub/Nej8BunZL3H6o+Z7+sg==', 'villalobosp@auction.co.kr', 'villalobosp@auction.co.kr', 1, 0, '2019-06-07 05:28:54', '2019-06-07 05:28:54', '2019-06-07 05:28:54', '1754-01-01 00:00:00.000', 0, '1754-01-01 00:00:00.000', 0, '1754-01-01 00:00:00.000')
   INSERT INTO dbo.dnn_UserPortals(UserID, PortalID, CreatedDate, Authorised, IsDeleted, RefreshRoles)
   VALUES(@UserID, @PortalID, '2019-06-07 05:28:54', 1, 0, 0)
   INSERT INTO dbo.dnn_UserRoles(UserID, RoleID, IsTrialUsed, CreatedByUserID, CreatedOnDate, LastModifiedByUserID, LastModifiedOnDate, [Status], IsOwner)
   VALUES(@UserId, @FemaleRole, 0, 1, '2019-06-07 05:28:54', 1, '2019-06-07 05:28:54', 1, 0)
   INSERT INTO dbo.dnn_Users(Username, FirstName, LastName, Email, DisplayName, UpdatePassword, LastIPAddress, IsDeleted, CreatedByUserID, CreatedOnDate, LastModifiedByUserID, LastModifiedOnDate, PasswordResetToken, PasswordResetExpiration)
   VALUES('lora.blanchard@fatosdesconhecidos.com.br', 'Lora', 'Blanchard', 'lora.blanchard@fatosdesconhecidos.com.br', 'Lora Blanchard', 0, '', 0, 1, '2019-06-07 05:28:54', 1, '2019-06-07 05:28:54', NULL, NULL)
   SELECT @UserID = SCOPE_IDENTITY()
   INSERT INTO dbo.aspnet_Users(ApplicationID, UserName, LoweredUserName, IsAnonymous, LastActivityDate)
   VALUES(@ApplicationId, 'lora.blanchard@fatosdesconhecidos.com.br', 'lora.blanchard@fatosdesconhecidos.com.br', 0, '2019-06-07 05:28:54')
   SELECT @AspNetUserID = UserId FROM aspnet_Users WHERE Username = 'lora.blanchard@fatosdesconhecidos.com.br'
   INSERT INTO dbo.aspnet_Membership(ApplicationID, UserID, Password, PasswordFormat, PasswordSalt, Email, LoweredEmail, IsApproved, IsLockedOut, CreateDate, LastLoginDate, LastPasswordChangedDate, LastLockoutDate, FailedPasswordAttemptCount, FailedPasswordAttemptWindowStart, FailedPasswordAnswerAttemptCount, FailedPasswordAnswerAttemptWindowStart)
   VALUES(@ApplicationID, @AspNetUserID, 'aMoPu/jMK8Yc4dxEEtAWm+RvKkFRjT38n/c1ORi3HgGWXJI15kNozQ==', 2, 'ub/Nej8BunZL3H6o+Z7+sg==', 'lora.blanchard@fatosdesconhecidos.com.br', 'lora.blanchard@fatosdesconhecidos.com.br', 1, 0, '2019-06-07 05:28:54', '2019-06-07 05:28:54', '2019-06-07 05:28:54', '1754-01-01 00:00:00.000', 0, '1754-01-01 00:00:00.000', 0, '1754-01-01 00:00:00.000')
   INSERT INTO dbo.dnn_UserPortals(UserID, PortalID, CreatedDate, Authorised, IsDeleted, RefreshRoles)
   VALUES(@UserID, @PortalID, '2019-06-07 05:28:54', 1, 0, 0)
   INSERT INTO dbo.dnn_UserRoles(UserID, RoleID, IsTrialUsed, CreatedByUserID, CreatedOnDate, LastModifiedByUserID, LastModifiedOnDate, [Status], IsOwner)
   VALUES(@UserId, @FemaleRole, 0, 1, '2019-06-07 05:28:54', 1, '2019-06-07 05:28:54', 1, 0)
   INSERT INTO dbo.dnn_Users(Username, FirstName, LastName, Email, DisplayName, UpdatePassword, LastIPAddress, IsDeleted, CreatedByUserID, CreatedOnDate, LastModifiedByUserID, LastModifiedOnDate, PasswordResetToken, PasswordResetExpiration)
   VALUES('m.horne@to8to.com', 'Mona', 'Horne', 'm.horne@to8to.com', 'Mona Horne', 0, '', 0, 1, '2019-06-07 05:28:54', 1, '2019-06-07 05:28:54', NULL, NULL)
   SELECT @UserID = SCOPE_IDENTITY()
   INSERT INTO dbo.aspnet_Users(ApplicationID, UserName, LoweredUserName, IsAnonymous, LastActivityDate)
   VALUES(@ApplicationId, 'm.horne@to8to.com', 'm.horne@to8to.com', 0, '2019-06-07 05:28:54')
   SELECT @AspNetUserID = UserId FROM aspnet_Users WHERE Username = 'm.horne@to8to.com'
   INSERT INTO dbo.aspnet_Membership(ApplicationID, UserID, Password, PasswordFormat, PasswordSalt, Email, LoweredEmail, IsApproved, IsLockedOut, CreateDate, LastLoginDate, LastPasswordChangedDate, LastLockoutDate, FailedPasswordAttemptCount, FailedPasswordAttemptWindowStart, FailedPasswordAnswerAttemptCount, FailedPasswordAnswerAttemptWindowStart)
   VALUES(@ApplicationID, @AspNetUserID, 'aMoPu/jMK8Yc4dxEEtAWm+RvKkFRjT38n/c1ORi3HgGWXJI15kNozQ==', 2, 'ub/Nej8BunZL3H6o+Z7+sg==', 'm.horne@to8to.com', 'm.horne@to8to.com', 1, 0, '2019-06-07 05:28:54', '2019-06-07 05:28:54', '2019-06-07 05:28:54', '1754-01-01 00:00:00.000', 0, '1754-01-01 00:00:00.000', 0, '1754-01-01 00:00:00.000')
   INSERT INTO dbo.dnn_UserPortals(UserID, PortalID, CreatedDate, Authorised, IsDeleted, RefreshRoles)
   VALUES(@UserID, @PortalID, '2019-06-07 05:28:54', 1, 0, 0)
   INSERT INTO dbo.dnn_UserRoles(UserID, RoleID, IsTrialUsed, CreatedByUserID, CreatedOnDate, LastModifiedByUserID, LastModifiedOnDate, [Status], IsOwner)
   VALUES(@UserId, @FemaleRole, 0, 1, '2019-06-07 05:28:54', 1, '2019-06-07 05:28:54', 1, 0)
   INSERT INTO dbo.dnn_Users(Username, FirstName, LastName, Email, DisplayName, UpdatePassword, LastIPAddress, IsDeleted, CreatedByUserID, CreatedOnDate, LastModifiedByUserID, LastModifiedOnDate, PasswordResetToken, PasswordResetExpiration)
   VALUES('finleyd@ultimate-guitar.com', 'Doreen', 'Finley', 'finleyd@ultimate-guitar.com', 'Doreen Finley', 0, '', 0, 1, '2019-06-07 05:28:54', 1, '2019-06-07 05:28:54', NULL, NULL)
   SELECT @UserID = SCOPE_IDENTITY()
   INSERT INTO dbo.aspnet_Users(ApplicationID, UserName, LoweredUserName, IsAnonymous, LastActivityDate)
   VALUES(@ApplicationId, 'finleyd@ultimate-guitar.com', 'finleyd@ultimate-guitar.com', 0, '2019-06-07 05:28:54')
   SELECT @AspNetUserID = UserId FROM aspnet_Users WHERE Username = 'finleyd@ultimate-guitar.com'
   INSERT INTO dbo.aspnet_Membership(ApplicationID, UserID, Password, PasswordFormat, PasswordSalt, Email, LoweredEmail, IsApproved, IsLockedOut, CreateDate, LastLoginDate, LastPasswordChangedDate, LastLockoutDate, FailedPasswordAttemptCount, FailedPasswordAttemptWindowStart, FailedPasswordAnswerAttemptCount, FailedPasswordAnswerAttemptWindowStart)
   VALUES(@ApplicationID, @AspNetUserID, 'aMoPu/jMK8Yc4dxEEtAWm+RvKkFRjT38n/c1ORi3HgGWXJI15kNozQ==', 2, 'ub/Nej8BunZL3H6o+Z7+sg==', 'finleyd@ultimate-guitar.com', 'finleyd@ultimate-guitar.com', 1, 0, '2019-06-07 05:28:54', '2019-06-07 05:28:54', '2019-06-07 05:28:54', '1754-01-01 00:00:00.000', 0, '1754-01-01 00:00:00.000', 0, '1754-01-01 00:00:00.000')
   INSERT INTO dbo.dnn_UserPortals(UserID, PortalID, CreatedDate, Authorised, IsDeleted, RefreshRoles)
   VALUES(@UserID, @PortalID, '2019-06-07 05:28:54', 1, 0, 0)
   INSERT INTO dbo.dnn_UserRoles(UserID, RoleID, IsTrialUsed, CreatedByUserID, CreatedOnDate, LastModifiedByUserID, LastModifiedOnDate, [Status], IsOwner)
   VALUES(@UserId, @FemaleRole, 0, 1, '2019-06-07 05:28:54', 1, '2019-06-07 05:28:54', 1, 0)
   INSERT INTO dbo.dnn_UserRoles(UserID, RoleID, IsTrialUsed, CreatedByUserID, CreatedOnDate, LastModifiedByUserID, LastModifiedOnDate, [Status], IsOwner)
   VALUES(@UserId, @AcademicRole, 0, 1, '2019-06-07 05:28:54', 1, '2019-06-07 05:28:54', 1, 0)
   INSERT INTO dbo.dnn_Users(Username, FirstName, LastName, Email, DisplayName, UpdatePassword, LastIPAddress, IsDeleted, CreatedByUserID, CreatedOnDate, LastModifiedByUserID, LastModifiedOnDate, PasswordResetToken, PasswordResetExpiration)
   VALUES('rosemarie.quintana@mcafee.com', 'Rosemarie', 'Quintana', 'rosemarie.quintana@mcafee.com', 'Rosemarie Quintana', 0, '', 0, 1, '2019-06-07 05:28:54', 1, '2019-06-07 05:28:54', NULL, NULL)
   SELECT @UserID = SCOPE_IDENTITY()
   INSERT INTO dbo.aspnet_Users(ApplicationID, UserName, LoweredUserName, IsAnonymous, LastActivityDate)
   VALUES(@ApplicationId, 'rosemarie.quintana@mcafee.com', 'rosemarie.quintana@mcafee.com', 0, '2019-06-07 05:28:54')
   SELECT @AspNetUserID = UserId FROM aspnet_Users WHERE Username = 'rosemarie.quintana@mcafee.com'
   INSERT INTO dbo.aspnet_Membership(ApplicationID, UserID, Password, PasswordFormat, PasswordSalt, Email, LoweredEmail, IsApproved, IsLockedOut, CreateDate, LastLoginDate, LastPasswordChangedDate, LastLockoutDate, FailedPasswordAttemptCount, FailedPasswordAttemptWindowStart, FailedPasswordAnswerAttemptCount, FailedPasswordAnswerAttemptWindowStart)
   VALUES(@ApplicationID, @AspNetUserID, 'aMoPu/jMK8Yc4dxEEtAWm+RvKkFRjT38n/c1ORi3HgGWXJI15kNozQ==', 2, 'ub/Nej8BunZL3H6o+Z7+sg==', 'rosemarie.quintana@mcafee.com', 'rosemarie.quintana@mcafee.com', 1, 0, '2019-06-07 05:28:54', '2019-06-07 05:28:54', '2019-06-07 05:28:54', '1754-01-01 00:00:00.000', 0, '1754-01-01 00:00:00.000', 0, '1754-01-01 00:00:00.000')
   INSERT INTO dbo.dnn_UserPortals(UserID, PortalID, CreatedDate, Authorised, IsDeleted, RefreshRoles)
   VALUES(@UserID, @PortalID, '2019-06-07 05:28:54', 1, 0, 0)
   INSERT INTO dbo.dnn_UserRoles(UserID, RoleID, IsTrialUsed, CreatedByUserID, CreatedOnDate, LastModifiedByUserID, LastModifiedOnDate, [Status], IsOwner)
   VALUES(@UserId, @FemaleRole, 0, 1, '2019-06-07 05:28:54', 1, '2019-06-07 05:28:54', 1, 0)
   INSERT INTO dbo.dnn_UserRoles(UserID, RoleID, IsTrialUsed, CreatedByUserID, CreatedOnDate, LastModifiedByUserID, LastModifiedOnDate, [Status], IsOwner)
   VALUES(@UserId, @ManagerRole, 0, 1, '2019-06-07 05:28:54', 1, '2019-06-07 05:28:54', 1, 0)
   INSERT INTO dbo.dnn_Users(Username, FirstName, LastName, Email, DisplayName, UpdatePassword, LastIPAddress, IsDeleted, CreatedByUserID, CreatedOnDate, LastModifiedByUserID, LastModifiedOnDate, PasswordResetToken, PasswordResetExpiration)
   VALUES('a.lynn@neobux.com', 'Angel', 'Lynn', 'a.lynn@neobux.com', 'Angel Lynn', 0, '', 0, 1, '2019-06-07 05:28:54', 1, '2019-06-07 05:28:54', NULL, NULL)
   SELECT @UserID = SCOPE_IDENTITY()
   INSERT INTO dbo.aspnet_Users(ApplicationID, UserName, LoweredUserName, IsAnonymous, LastActivityDate)
   VALUES(@ApplicationId, 'a.lynn@neobux.com', 'a.lynn@neobux.com', 0, '2019-06-07 05:28:54')
   SELECT @AspNetUserID = UserId FROM aspnet_Users WHERE Username = 'a.lynn@neobux.com'
   INSERT INTO dbo.aspnet_Membership(ApplicationID, UserID, Password, PasswordFormat, PasswordSalt, Email, LoweredEmail, IsApproved, IsLockedOut, CreateDate, LastLoginDate, LastPasswordChangedDate, LastLockoutDate, FailedPasswordAttemptCount, FailedPasswordAttemptWindowStart, FailedPasswordAnswerAttemptCount, FailedPasswordAnswerAttemptWindowStart)
   VALUES(@ApplicationID, @AspNetUserID, 'aMoPu/jMK8Yc4dxEEtAWm+RvKkFRjT38n/c1ORi3HgGWXJI15kNozQ==', 2, 'ub/Nej8BunZL3H6o+Z7+sg==', 'a.lynn@neobux.com', 'a.lynn@neobux.com', 1, 0, '2019-06-07 05:28:54', '2019-06-07 05:28:54', '2019-06-07 05:28:54', '1754-01-01 00:00:00.000', 0, '1754-01-01 00:00:00.000', 0, '1754-01-01 00:00:00.000')
   INSERT INTO dbo.dnn_UserPortals(UserID, PortalID, CreatedDate, Authorised, IsDeleted, RefreshRoles)
   VALUES(@UserID, @PortalID, '2019-06-07 05:28:54', 1, 0, 0)
   INSERT INTO dbo.dnn_UserRoles(UserID, RoleID, IsTrialUsed, CreatedByUserID, CreatedOnDate, LastModifiedByUserID, LastModifiedOnDate, [Status], IsOwner)
   VALUES(@UserId, @FemaleRole, 0, 1, '2019-06-07 05:28:54', 1, '2019-06-07 05:28:54', 1, 0)
   INSERT INTO dbo.dnn_Users(Username, FirstName, LastName, Email, DisplayName, UpdatePassword, LastIPAddress, IsDeleted, CreatedByUserID, CreatedOnDate, LastModifiedByUserID, LastModifiedOnDate, PasswordResetToken, PasswordResetExpiration)
   VALUES('esquiveld@tripadvisor.co.uk', 'Desiree', 'Esquivel', 'esquiveld@tripadvisor.co.uk', 'Desiree Esquivel', 0, '', 0, 1, '2019-06-07 05:28:54', 1, '2019-06-07 05:28:54', NULL, NULL)
   SELECT @UserID = SCOPE_IDENTITY()
   INSERT INTO dbo.aspnet_Users(ApplicationID, UserName, LoweredUserName, IsAnonymous, LastActivityDate)
   VALUES(@ApplicationId, 'esquiveld@tripadvisor.co.uk', 'esquiveld@tripadvisor.co.uk', 0, '2019-06-07 05:28:54')
   SELECT @AspNetUserID = UserId FROM aspnet_Users WHERE Username = 'esquiveld@tripadvisor.co.uk'
   INSERT INTO dbo.aspnet_Membership(ApplicationID, UserID, Password, PasswordFormat, PasswordSalt, Email, LoweredEmail, IsApproved, IsLockedOut, CreateDate, LastLoginDate, LastPasswordChangedDate, LastLockoutDate, FailedPasswordAttemptCount, FailedPasswordAttemptWindowStart, FailedPasswordAnswerAttemptCount, FailedPasswordAnswerAttemptWindowStart)
   VALUES(@ApplicationID, @AspNetUserID, 'aMoPu/jMK8Yc4dxEEtAWm+RvKkFRjT38n/c1ORi3HgGWXJI15kNozQ==', 2, 'ub/Nej8BunZL3H6o+Z7+sg==', 'esquiveld@tripadvisor.co.uk', 'esquiveld@tripadvisor.co.uk', 1, 0, '2019-06-07 05:28:54', '2019-06-07 05:28:54', '2019-06-07 05:28:54', '1754-01-01 00:00:00.000', 0, '1754-01-01 00:00:00.000', 0, '1754-01-01 00:00:00.000')
   INSERT INTO dbo.dnn_UserPortals(UserID, PortalID, CreatedDate, Authorised, IsDeleted, RefreshRoles)
   VALUES(@UserID, @PortalID, '2019-06-07 05:28:54', 1, 0, 0)
   INSERT INTO dbo.dnn_UserRoles(UserID, RoleID, IsTrialUsed, CreatedByUserID, CreatedOnDate, LastModifiedByUserID, LastModifiedOnDate, [Status], IsOwner)
   VALUES(@UserId, @FemaleRole, 0, 1, '2019-06-07 05:28:54', 1, '2019-06-07 05:28:54', 1, 0)
   INSERT INTO dbo.dnn_Users(Username, FirstName, LastName, Email, DisplayName, UpdatePassword, LastIPAddress, IsDeleted, CreatedByUserID, CreatedOnDate, LastModifiedByUserID, LastModifiedOnDate, PasswordResetToken, PasswordResetExpiration)
   VALUES('antonia.bean@tomshardware.com', 'Antonia', 'Bean', 'antonia.bean@tomshardware.com', 'Antonia Bean', 0, '', 0, 1, '2019-06-07 05:28:54', 1, '2019-06-07 05:28:54', NULL, NULL)
   SELECT @UserID = SCOPE_IDENTITY()
   INSERT INTO dbo.aspnet_Users(ApplicationID, UserName, LoweredUserName, IsAnonymous, LastActivityDate)
   VALUES(@ApplicationId, 'antonia.bean@tomshardware.com', 'antonia.bean@tomshardware.com', 0, '2019-06-07 05:28:54')
   SELECT @AspNetUserID = UserId FROM aspnet_Users WHERE Username = 'antonia.bean@tomshardware.com'
   INSERT INTO dbo.aspnet_Membership(ApplicationID, UserID, Password, PasswordFormat, PasswordSalt, Email, LoweredEmail, IsApproved, IsLockedOut, CreateDate, LastLoginDate, LastPasswordChangedDate, LastLockoutDate, FailedPasswordAttemptCount, FailedPasswordAttemptWindowStart, FailedPasswordAnswerAttemptCount, FailedPasswordAnswerAttemptWindowStart)
   VALUES(@ApplicationID, @AspNetUserID, 'aMoPu/jMK8Yc4dxEEtAWm+RvKkFRjT38n/c1ORi3HgGWXJI15kNozQ==', 2, 'ub/Nej8BunZL3H6o+Z7+sg==', 'antonia.bean@tomshardware.com', 'antonia.bean@tomshardware.com', 1, 0, '2019-06-07 05:28:54', '2019-06-07 05:28:54', '2019-06-07 05:28:54', '1754-01-01 00:00:00.000', 0, '1754-01-01 00:00:00.000', 0, '1754-01-01 00:00:00.000')
   INSERT INTO dbo.dnn_UserPortals(UserID, PortalID, CreatedDate, Authorised, IsDeleted, RefreshRoles)
   VALUES(@UserID, @PortalID, '2019-06-07 05:28:54', 1, 0, 0)
   INSERT INTO dbo.dnn_UserRoles(UserID, RoleID, IsTrialUsed, CreatedByUserID, CreatedOnDate, LastModifiedByUserID, LastModifiedOnDate, [Status], IsOwner)
   VALUES(@UserId, @FemaleRole, 0, 1, '2019-06-07 05:28:54', 1, '2019-06-07 05:28:54', 1, 0)
   INSERT INTO dbo.dnn_Users(Username, FirstName, LastName, Email, DisplayName, UpdatePassword, LastIPAddress, IsDeleted, CreatedByUserID, CreatedOnDate, LastModifiedByUserID, LastModifiedOnDate, PasswordResetToken, PasswordResetExpiration)
   VALUES('h.dodson@rapidgator.net', 'Hope', 'Dodson', 'h.dodson@rapidgator.net', 'Hope Dodson', 0, '', 0, 1, '2019-06-07 05:28:54', 1, '2019-06-07 05:28:54', NULL, NULL)
   SELECT @UserID = SCOPE_IDENTITY()
   INSERT INTO dbo.aspnet_Users(ApplicationID, UserName, LoweredUserName, IsAnonymous, LastActivityDate)
   VALUES(@ApplicationId, 'h.dodson@rapidgator.net', 'h.dodson@rapidgator.net', 0, '2019-06-07 05:28:54')
   SELECT @AspNetUserID = UserId FROM aspnet_Users WHERE Username = 'h.dodson@rapidgator.net'
   INSERT INTO dbo.aspnet_Membership(ApplicationID, UserID, Password, PasswordFormat, PasswordSalt, Email, LoweredEmail, IsApproved, IsLockedOut, CreateDate, LastLoginDate, LastPasswordChangedDate, LastLockoutDate, FailedPasswordAttemptCount, FailedPasswordAttemptWindowStart, FailedPasswordAnswerAttemptCount, FailedPasswordAnswerAttemptWindowStart)
   VALUES(@ApplicationID, @AspNetUserID, 'aMoPu/jMK8Yc4dxEEtAWm+RvKkFRjT38n/c1ORi3HgGWXJI15kNozQ==', 2, 'ub/Nej8BunZL3H6o+Z7+sg==', 'h.dodson@rapidgator.net', 'h.dodson@rapidgator.net', 1, 0, '2019-06-07 05:28:54', '2019-06-07 05:28:54', '2019-06-07 05:28:54', '1754-01-01 00:00:00.000', 0, '1754-01-01 00:00:00.000', 0, '1754-01-01 00:00:00.000')
   INSERT INTO dbo.dnn_UserPortals(UserID, PortalID, CreatedDate, Authorised, IsDeleted, RefreshRoles)
   VALUES(@UserID, @PortalID, '2019-06-07 05:28:54', 1, 0, 0)
   INSERT INTO dbo.dnn_UserRoles(UserID, RoleID, IsTrialUsed, CreatedByUserID, CreatedOnDate, LastModifiedByUserID, LastModifiedOnDate, [Status], IsOwner)
   VALUES(@UserId, @FemaleRole, 0, 1, '2019-06-07 05:28:54', 1, '2019-06-07 05:28:54', 1, 0)
   INSERT INTO dbo.dnn_Users(Username, FirstName, LastName, Email, DisplayName, UpdatePassword, LastIPAddress, IsDeleted, CreatedByUserID, CreatedOnDate, LastModifiedByUserID, LastModifiedOnDate, PasswordResetToken, PasswordResetExpiration)
   VALUES('mulleng@bola.net', 'Ginger', 'Mullen', 'mulleng@bola.net', 'Ginger Mullen', 0, '', 0, 1, '2019-06-07 05:28:54', 1, '2019-06-07 05:28:54', NULL, NULL)
   SELECT @UserID = SCOPE_IDENTITY()
   INSERT INTO dbo.aspnet_Users(ApplicationID, UserName, LoweredUserName, IsAnonymous, LastActivityDate)
   VALUES(@ApplicationId, 'mulleng@bola.net', 'mulleng@bola.net', 0, '2019-06-07 05:28:54')
   SELECT @AspNetUserID = UserId FROM aspnet_Users WHERE Username = 'mulleng@bola.net'
   INSERT INTO dbo.aspnet_Membership(ApplicationID, UserID, Password, PasswordFormat, PasswordSalt, Email, LoweredEmail, IsApproved, IsLockedOut, CreateDate, LastLoginDate, LastPasswordChangedDate, LastLockoutDate, FailedPasswordAttemptCount, FailedPasswordAttemptWindowStart, FailedPasswordAnswerAttemptCount, FailedPasswordAnswerAttemptWindowStart)
   VALUES(@ApplicationID, @AspNetUserID, 'aMoPu/jMK8Yc4dxEEtAWm+RvKkFRjT38n/c1ORi3HgGWXJI15kNozQ==', 2, 'ub/Nej8BunZL3H6o+Z7+sg==', 'mulleng@bola.net', 'mulleng@bola.net', 1, 0, '2019-06-07 05:28:54', '2019-06-07 05:28:54', '2019-06-07 05:28:54', '1754-01-01 00:00:00.000', 0, '1754-01-01 00:00:00.000', 0, '1754-01-01 00:00:00.000')
   INSERT INTO dbo.dnn_UserPortals(UserID, PortalID, CreatedDate, Authorised, IsDeleted, RefreshRoles)
   VALUES(@UserID, @PortalID, '2019-06-07 05:28:54', 1, 0, 0)
   INSERT INTO dbo.dnn_UserRoles(UserID, RoleID, IsTrialUsed, CreatedByUserID, CreatedOnDate, LastModifiedByUserID, LastModifiedOnDate, [Status], IsOwner)
   VALUES(@UserId, @FemaleRole, 0, 1, '2019-06-07 05:28:54', 1, '2019-06-07 05:28:54', 1, 0)
   INSERT INTO dbo.dnn_Users(Username, FirstName, LastName, Email, DisplayName, UpdatePassword, LastIPAddress, IsDeleted, CreatedByUserID, CreatedOnDate, LastModifiedByUserID, LastModifiedOnDate, PasswordResetToken, PasswordResetExpiration)
   VALUES('janis.xiong@hubspot.com', 'Janis', 'Xiong', 'janis.xiong@hubspot.com', 'Janis Xiong', 0, '', 0, 1, '2019-06-07 05:28:54', 1, '2019-06-07 05:28:54', NULL, NULL)
   SELECT @UserID = SCOPE_IDENTITY()
   INSERT INTO dbo.aspnet_Users(ApplicationID, UserName, LoweredUserName, IsAnonymous, LastActivityDate)
   VALUES(@ApplicationId, 'janis.xiong@hubspot.com', 'janis.xiong@hubspot.com', 0, '2019-06-07 05:28:54')
   SELECT @AspNetUserID = UserId FROM aspnet_Users WHERE Username = 'janis.xiong@hubspot.com'
   INSERT INTO dbo.aspnet_Membership(ApplicationID, UserID, Password, PasswordFormat, PasswordSalt, Email, LoweredEmail, IsApproved, IsLockedOut, CreateDate, LastLoginDate, LastPasswordChangedDate, LastLockoutDate, FailedPasswordAttemptCount, FailedPasswordAttemptWindowStart, FailedPasswordAnswerAttemptCount, FailedPasswordAnswerAttemptWindowStart)
   VALUES(@ApplicationID, @AspNetUserID, 'aMoPu/jMK8Yc4dxEEtAWm+RvKkFRjT38n/c1ORi3HgGWXJI15kNozQ==', 2, 'ub/Nej8BunZL3H6o+Z7+sg==', 'janis.xiong@hubspot.com', 'janis.xiong@hubspot.com', 1, 0, '2019-06-07 05:28:54', '2019-06-07 05:28:54', '2019-06-07 05:28:54', '1754-01-01 00:00:00.000', 0, '1754-01-01 00:00:00.000', 0, '1754-01-01 00:00:00.000')
   INSERT INTO dbo.dnn_UserPortals(UserID, PortalID, CreatedDate, Authorised, IsDeleted, RefreshRoles)
   VALUES(@UserID, @PortalID, '2019-06-07 05:28:54', 1, 0, 0)
   INSERT INTO dbo.dnn_UserRoles(UserID, RoleID, IsTrialUsed, CreatedByUserID, CreatedOnDate, LastModifiedByUserID, LastModifiedOnDate, [Status], IsOwner)
   VALUES(@UserId, @FemaleRole, 0, 1, '2019-06-07 05:28:54', 1, '2019-06-07 05:28:54', 1, 0)
   INSERT INTO dbo.dnn_Users(Username, FirstName, LastName, Email, DisplayName, UpdatePassword, LastIPAddress, IsDeleted, CreatedByUserID, CreatedOnDate, LastModifiedByUserID, LastModifiedOnDate, PasswordResetToken, PasswordResetExpiration)
   VALUES('b.hayden@otto.de', 'Betsy', 'Hayden', 'b.hayden@otto.de', 'Betsy Hayden', 0, '', 0, 1, '2019-06-07 05:28:54', 1, '2019-06-07 05:28:54', NULL, NULL)
   SELECT @UserID = SCOPE_IDENTITY()
   INSERT INTO dbo.aspnet_Users(ApplicationID, UserName, LoweredUserName, IsAnonymous, LastActivityDate)
   VALUES(@ApplicationId, 'b.hayden@otto.de', 'b.hayden@otto.de', 0, '2019-06-07 05:28:54')
   SELECT @AspNetUserID = UserId FROM aspnet_Users WHERE Username = 'b.hayden@otto.de'
   INSERT INTO dbo.aspnet_Membership(ApplicationID, UserID, Password, PasswordFormat, PasswordSalt, Email, LoweredEmail, IsApproved, IsLockedOut, CreateDate, LastLoginDate, LastPasswordChangedDate, LastLockoutDate, FailedPasswordAttemptCount, FailedPasswordAttemptWindowStart, FailedPasswordAnswerAttemptCount, FailedPasswordAnswerAttemptWindowStart)
   VALUES(@ApplicationID, @AspNetUserID, 'aMoPu/jMK8Yc4dxEEtAWm+RvKkFRjT38n/c1ORi3HgGWXJI15kNozQ==', 2, 'ub/Nej8BunZL3H6o+Z7+sg==', 'b.hayden@otto.de', 'b.hayden@otto.de', 1, 0, '2019-06-07 05:28:54', '2019-06-07 05:28:54', '2019-06-07 05:28:54', '1754-01-01 00:00:00.000', 0, '1754-01-01 00:00:00.000', 0, '1754-01-01 00:00:00.000')
   INSERT INTO dbo.dnn_UserPortals(UserID, PortalID, CreatedDate, Authorised, IsDeleted, RefreshRoles)
   VALUES(@UserID, @PortalID, '2019-06-07 05:28:54', 1, 0, 0)
   INSERT INTO dbo.dnn_UserRoles(UserID, RoleID, IsTrialUsed, CreatedByUserID, CreatedOnDate, LastModifiedByUserID, LastModifiedOnDate, [Status], IsOwner)
   VALUES(@UserId, @FemaleRole, 0, 1, '2019-06-07 05:28:54', 1, '2019-06-07 05:28:54', 1, 0)
   INSERT INTO dbo.dnn_Users(Username, FirstName, LastName, Email, DisplayName, UpdatePassword, LastIPAddress, IsDeleted, CreatedByUserID, CreatedOnDate, LastModifiedByUserID, LastModifiedOnDate, PasswordResetToken, PasswordResetExpiration)
   VALUES('canoc@digitaltrends.com', 'Christie', 'Cano', 'canoc@digitaltrends.com', 'Christie Cano', 0, '', 0, 1, '2019-06-07 05:28:54', 1, '2019-06-07 05:28:54', NULL, NULL)
   SELECT @UserID = SCOPE_IDENTITY()
   INSERT INTO dbo.aspnet_Users(ApplicationID, UserName, LoweredUserName, IsAnonymous, LastActivityDate)
   VALUES(@ApplicationId, 'canoc@digitaltrends.com', 'canoc@digitaltrends.com', 0, '2019-06-07 05:28:54')
   SELECT @AspNetUserID = UserId FROM aspnet_Users WHERE Username = 'canoc@digitaltrends.com'
   INSERT INTO dbo.aspnet_Membership(ApplicationID, UserID, Password, PasswordFormat, PasswordSalt, Email, LoweredEmail, IsApproved, IsLockedOut, CreateDate, LastLoginDate, LastPasswordChangedDate, LastLockoutDate, FailedPasswordAttemptCount, FailedPasswordAttemptWindowStart, FailedPasswordAnswerAttemptCount, FailedPasswordAnswerAttemptWindowStart)
   VALUES(@ApplicationID, @AspNetUserID, 'aMoPu/jMK8Yc4dxEEtAWm+RvKkFRjT38n/c1ORi3HgGWXJI15kNozQ==', 2, 'ub/Nej8BunZL3H6o+Z7+sg==', 'canoc@digitaltrends.com', 'canoc@digitaltrends.com', 1, 0, '2019-06-07 05:28:54', '2019-06-07 05:28:54', '2019-06-07 05:28:54', '1754-01-01 00:00:00.000', 0, '1754-01-01 00:00:00.000', 0, '1754-01-01 00:00:00.000')
   INSERT INTO dbo.dnn_UserPortals(UserID, PortalID, CreatedDate, Authorised, IsDeleted, RefreshRoles)
   VALUES(@UserID, @PortalID, '2019-06-07 05:28:54', 1, 0, 0)
   INSERT INTO dbo.dnn_UserRoles(UserID, RoleID, IsTrialUsed, CreatedByUserID, CreatedOnDate, LastModifiedByUserID, LastModifiedOnDate, [Status], IsOwner)
   VALUES(@UserId, @FemaleRole, 0, 1, '2019-06-07 05:28:54', 1, '2019-06-07 05:28:54', 1, 0)
   INSERT INTO dbo.dnn_Users(Username, FirstName, LastName, Email, DisplayName, UpdatePassword, LastIPAddress, IsDeleted, CreatedByUserID, CreatedOnDate, LastModifiedByUserID, LastModifiedOnDate, PasswordResetToken, PasswordResetExpiration)
   VALUES('freda.levy@elevenia.co.id', 'Freda', 'Levy', 'freda.levy@elevenia.co.id', 'Freda Levy', 0, '', 0, 1, '2019-06-07 05:28:54', 1, '2019-06-07 05:28:54', NULL, NULL)
   SELECT @UserID = SCOPE_IDENTITY()
   INSERT INTO dbo.aspnet_Users(ApplicationID, UserName, LoweredUserName, IsAnonymous, LastActivityDate)
   VALUES(@ApplicationId, 'freda.levy@elevenia.co.id', 'freda.levy@elevenia.co.id', 0, '2019-06-07 05:28:54')
   SELECT @AspNetUserID = UserId FROM aspnet_Users WHERE Username = 'freda.levy@elevenia.co.id'
   INSERT INTO dbo.aspnet_Membership(ApplicationID, UserID, Password, PasswordFormat, PasswordSalt, Email, LoweredEmail, IsApproved, IsLockedOut, CreateDate, LastLoginDate, LastPasswordChangedDate, LastLockoutDate, FailedPasswordAttemptCount, FailedPasswordAttemptWindowStart, FailedPasswordAnswerAttemptCount, FailedPasswordAnswerAttemptWindowStart)
   VALUES(@ApplicationID, @AspNetUserID, 'aMoPu/jMK8Yc4dxEEtAWm+RvKkFRjT38n/c1ORi3HgGWXJI15kNozQ==', 2, 'ub/Nej8BunZL3H6o+Z7+sg==', 'freda.levy@elevenia.co.id', 'freda.levy@elevenia.co.id', 1, 0, '2019-06-07 05:28:54', '2019-06-07 05:28:54', '2019-06-07 05:28:54', '1754-01-01 00:00:00.000', 0, '1754-01-01 00:00:00.000', 0, '1754-01-01 00:00:00.000')
   INSERT INTO dbo.dnn_UserPortals(UserID, PortalID, CreatedDate, Authorised, IsDeleted, RefreshRoles)
   VALUES(@UserID, @PortalID, '2019-06-07 05:28:54', 1, 0, 0)
   INSERT INTO dbo.dnn_UserRoles(UserID, RoleID, IsTrialUsed, CreatedByUserID, CreatedOnDate, LastModifiedByUserID, LastModifiedOnDate, [Status], IsOwner)
   VALUES(@UserId, @FemaleRole, 0, 1, '2019-06-07 05:28:54', 1, '2019-06-07 05:28:54', 1, 0)
   INSERT INTO dbo.dnn_Users(Username, FirstName, LastName, Email, DisplayName, UpdatePassword, LastIPAddress, IsDeleted, CreatedByUserID, CreatedOnDate, LastModifiedByUserID, LastModifiedOnDate, PasswordResetToken, PasswordResetExpiration)
   VALUES('m.huber@n121adserv.com', 'Mercedes', 'Huber', 'm.huber@n121adserv.com', 'Mercedes Huber', 0, '', 0, 1, '2019-06-07 05:28:54', 1, '2019-06-07 05:28:54', NULL, NULL)
   SELECT @UserID = SCOPE_IDENTITY()
   INSERT INTO dbo.aspnet_Users(ApplicationID, UserName, LoweredUserName, IsAnonymous, LastActivityDate)
   VALUES(@ApplicationId, 'm.huber@n121adserv.com', 'm.huber@n121adserv.com', 0, '2019-06-07 05:28:54')
   SELECT @AspNetUserID = UserId FROM aspnet_Users WHERE Username = 'm.huber@n121adserv.com'
   INSERT INTO dbo.aspnet_Membership(ApplicationID, UserID, Password, PasswordFormat, PasswordSalt, Email, LoweredEmail, IsApproved, IsLockedOut, CreateDate, LastLoginDate, LastPasswordChangedDate, LastLockoutDate, FailedPasswordAttemptCount, FailedPasswordAttemptWindowStart, FailedPasswordAnswerAttemptCount, FailedPasswordAnswerAttemptWindowStart)
   VALUES(@ApplicationID, @AspNetUserID, 'aMoPu/jMK8Yc4dxEEtAWm+RvKkFRjT38n/c1ORi3HgGWXJI15kNozQ==', 2, 'ub/Nej8BunZL3H6o+Z7+sg==', 'm.huber@n121adserv.com', 'm.huber@n121adserv.com', 1, 0, '2019-06-07 05:28:54', '2019-06-07 05:28:54', '2019-06-07 05:28:54', '1754-01-01 00:00:00.000', 0, '1754-01-01 00:00:00.000', 0, '1754-01-01 00:00:00.000')
   INSERT INTO dbo.dnn_UserPortals(UserID, PortalID, CreatedDate, Authorised, IsDeleted, RefreshRoles)
   VALUES(@UserID, @PortalID, '2019-06-07 05:28:54', 1, 0, 0)
   INSERT INTO dbo.dnn_UserRoles(UserID, RoleID, IsTrialUsed, CreatedByUserID, CreatedOnDate, LastModifiedByUserID, LastModifiedOnDate, [Status], IsOwner)
   VALUES(@UserId, @FemaleRole, 0, 1, '2019-06-07 05:28:54', 1, '2019-06-07 05:28:54', 1, 0)
   INSERT INTO dbo.dnn_Users(Username, FirstName, LastName, Email, DisplayName, UpdatePassword, LastIPAddress, IsDeleted, CreatedByUserID, CreatedOnDate, LastModifiedByUserID, LastModifiedOnDate, PasswordResetToken, PasswordResetExpiration)
   VALUES('richmondm@gofundme.com', 'Meredith', 'Richmond', 'richmondm@gofundme.com', 'Meredith Richmond', 0, '', 0, 1, '2019-06-07 05:28:54', 1, '2019-06-07 05:28:54', NULL, NULL)
   SELECT @UserID = SCOPE_IDENTITY()
   INSERT INTO dbo.aspnet_Users(ApplicationID, UserName, LoweredUserName, IsAnonymous, LastActivityDate)
   VALUES(@ApplicationId, 'richmondm@gofundme.com', 'richmondm@gofundme.com', 0, '2019-06-07 05:28:54')
   SELECT @AspNetUserID = UserId FROM aspnet_Users WHERE Username = 'richmondm@gofundme.com'
   INSERT INTO dbo.aspnet_Membership(ApplicationID, UserID, Password, PasswordFormat, PasswordSalt, Email, LoweredEmail, IsApproved, IsLockedOut, CreateDate, LastLoginDate, LastPasswordChangedDate, LastLockoutDate, FailedPasswordAttemptCount, FailedPasswordAttemptWindowStart, FailedPasswordAnswerAttemptCount, FailedPasswordAnswerAttemptWindowStart)
   VALUES(@ApplicationID, @AspNetUserID, 'aMoPu/jMK8Yc4dxEEtAWm+RvKkFRjT38n/c1ORi3HgGWXJI15kNozQ==', 2, 'ub/Nej8BunZL3H6o+Z7+sg==', 'richmondm@gofundme.com', 'richmondm@gofundme.com', 1, 0, '2019-06-07 05:28:54', '2019-06-07 05:28:54', '2019-06-07 05:28:54', '1754-01-01 00:00:00.000', 0, '1754-01-01 00:00:00.000', 0, '1754-01-01 00:00:00.000')
   INSERT INTO dbo.dnn_UserPortals(UserID, PortalID, CreatedDate, Authorised, IsDeleted, RefreshRoles)
   VALUES(@UserID, @PortalID, '2019-06-07 05:28:54', 1, 0, 0)
   INSERT INTO dbo.dnn_UserRoles(UserID, RoleID, IsTrialUsed, CreatedByUserID, CreatedOnDate, LastModifiedByUserID, LastModifiedOnDate, [Status], IsOwner)
   VALUES(@UserId, @FemaleRole, 0, 1, '2019-06-07 05:28:54', 1, '2019-06-07 05:28:54', 1, 0)
   INSERT INTO dbo.dnn_Users(Username, FirstName, LastName, Email, DisplayName, UpdatePassword, LastIPAddress, IsDeleted, CreatedByUserID, CreatedOnDate, LastModifiedByUserID, LastModifiedOnDate, PasswordResetToken, PasswordResetExpiration)
   VALUES('lynette.moyer@lacaixa.es', 'Lynette', 'Moyer', 'lynette.moyer@lacaixa.es', 'Lynette Moyer', 0, '', 0, 1, '2019-06-07 05:28:54', 1, '2019-06-07 05:28:54', NULL, NULL)
   SELECT @UserID = SCOPE_IDENTITY()
   INSERT INTO dbo.aspnet_Users(ApplicationID, UserName, LoweredUserName, IsAnonymous, LastActivityDate)
   VALUES(@ApplicationId, 'lynette.moyer@lacaixa.es', 'lynette.moyer@lacaixa.es', 0, '2019-06-07 05:28:54')
   SELECT @AspNetUserID = UserId FROM aspnet_Users WHERE Username = 'lynette.moyer@lacaixa.es'
   INSERT INTO dbo.aspnet_Membership(ApplicationID, UserID, Password, PasswordFormat, PasswordSalt, Email, LoweredEmail, IsApproved, IsLockedOut, CreateDate, LastLoginDate, LastPasswordChangedDate, LastLockoutDate, FailedPasswordAttemptCount, FailedPasswordAttemptWindowStart, FailedPasswordAnswerAttemptCount, FailedPasswordAnswerAttemptWindowStart)
   VALUES(@ApplicationID, @AspNetUserID, 'aMoPu/jMK8Yc4dxEEtAWm+RvKkFRjT38n/c1ORi3HgGWXJI15kNozQ==', 2, 'ub/Nej8BunZL3H6o+Z7+sg==', 'lynette.moyer@lacaixa.es', 'lynette.moyer@lacaixa.es', 1, 0, '2019-06-07 05:28:54', '2019-06-07 05:28:54', '2019-06-07 05:28:54', '1754-01-01 00:00:00.000', 0, '1754-01-01 00:00:00.000', 0, '1754-01-01 00:00:00.000')
   INSERT INTO dbo.dnn_UserPortals(UserID, PortalID, CreatedDate, Authorised, IsDeleted, RefreshRoles)
   VALUES(@UserID, @PortalID, '2019-06-07 05:28:54', 1, 0, 0)
   INSERT INTO dbo.dnn_UserRoles(UserID, RoleID, IsTrialUsed, CreatedByUserID, CreatedOnDate, LastModifiedByUserID, LastModifiedOnDate, [Status], IsOwner)
   VALUES(@UserId, @FemaleRole, 0, 1, '2019-06-07 05:28:54', 1, '2019-06-07 05:28:54', 1, 0)
   INSERT INTO dbo.dnn_Users(Username, FirstName, LastName, Email, DisplayName, UpdatePassword, LastIPAddress, IsDeleted, CreatedByUserID, CreatedOnDate, LastModifiedByUserID, LastModifiedOnDate, PasswordResetToken, PasswordResetExpiration)
   VALUES('t.lim@ctrip.com', 'Teri', 'Lim', 't.lim@ctrip.com', 'Teri Lim', 0, '', 0, 1, '2019-06-07 05:28:54', 1, '2019-06-07 05:28:54', NULL, NULL)
   SELECT @UserID = SCOPE_IDENTITY()
   INSERT INTO dbo.aspnet_Users(ApplicationID, UserName, LoweredUserName, IsAnonymous, LastActivityDate)
   VALUES(@ApplicationId, 't.lim@ctrip.com', 't.lim@ctrip.com', 0, '2019-06-07 05:28:54')
   SELECT @AspNetUserID = UserId FROM aspnet_Users WHERE Username = 't.lim@ctrip.com'
   INSERT INTO dbo.aspnet_Membership(ApplicationID, UserID, Password, PasswordFormat, PasswordSalt, Email, LoweredEmail, IsApproved, IsLockedOut, CreateDate, LastLoginDate, LastPasswordChangedDate, LastLockoutDate, FailedPasswordAttemptCount, FailedPasswordAttemptWindowStart, FailedPasswordAnswerAttemptCount, FailedPasswordAnswerAttemptWindowStart)
   VALUES(@ApplicationID, @AspNetUserID, 'aMoPu/jMK8Yc4dxEEtAWm+RvKkFRjT38n/c1ORi3HgGWXJI15kNozQ==', 2, 'ub/Nej8BunZL3H6o+Z7+sg==', 't.lim@ctrip.com', 't.lim@ctrip.com', 1, 0, '2019-06-07 05:28:54', '2019-06-07 05:28:54', '2019-06-07 05:28:54', '1754-01-01 00:00:00.000', 0, '1754-01-01 00:00:00.000', 0, '1754-01-01 00:00:00.000')
   INSERT INTO dbo.dnn_UserPortals(UserID, PortalID, CreatedDate, Authorised, IsDeleted, RefreshRoles)
   VALUES(@UserID, @PortalID, '2019-06-07 05:28:54', 1, 0, 0)
   INSERT INTO dbo.dnn_UserRoles(UserID, RoleID, IsTrialUsed, CreatedByUserID, CreatedOnDate, LastModifiedByUserID, LastModifiedOnDate, [Status], IsOwner)
   VALUES(@UserId, @FemaleRole, 0, 1, '2019-06-07 05:28:54', 1, '2019-06-07 05:28:54', 1, 0)
   INSERT INTO dbo.dnn_Users(Username, FirstName, LastName, Email, DisplayName, UpdatePassword, LastIPAddress, IsDeleted, CreatedByUserID, CreatedOnDate, LastModifiedByUserID, LastModifiedOnDate, PasswordResetToken, PasswordResetExpiration)
   VALUES('fryec@flashx.tv', 'Cristina', 'Frye', 'fryec@flashx.tv', 'Cristina Frye', 0, '', 0, 1, '2019-06-07 05:28:54', 1, '2019-06-07 05:28:54', NULL, NULL)
   SELECT @UserID = SCOPE_IDENTITY()
   INSERT INTO dbo.aspnet_Users(ApplicationID, UserName, LoweredUserName, IsAnonymous, LastActivityDate)
   VALUES(@ApplicationId, 'fryec@flashx.tv', 'fryec@flashx.tv', 0, '2019-06-07 05:28:54')
   SELECT @AspNetUserID = UserId FROM aspnet_Users WHERE Username = 'fryec@flashx.tv'
   INSERT INTO dbo.aspnet_Membership(ApplicationID, UserID, Password, PasswordFormat, PasswordSalt, Email, LoweredEmail, IsApproved, IsLockedOut, CreateDate, LastLoginDate, LastPasswordChangedDate, LastLockoutDate, FailedPasswordAttemptCount, FailedPasswordAttemptWindowStart, FailedPasswordAnswerAttemptCount, FailedPasswordAnswerAttemptWindowStart)
   VALUES(@ApplicationID, @AspNetUserID, 'aMoPu/jMK8Yc4dxEEtAWm+RvKkFRjT38n/c1ORi3HgGWXJI15kNozQ==', 2, 'ub/Nej8BunZL3H6o+Z7+sg==', 'fryec@flashx.tv', 'fryec@flashx.tv', 1, 0, '2019-06-07 05:28:54', '2019-06-07 05:28:54', '2019-06-07 05:28:54', '1754-01-01 00:00:00.000', 0, '1754-01-01 00:00:00.000', 0, '1754-01-01 00:00:00.000')
   INSERT INTO dbo.dnn_UserPortals(UserID, PortalID, CreatedDate, Authorised, IsDeleted, RefreshRoles)
   VALUES(@UserID, @PortalID, '2019-06-07 05:28:54', 1, 0, 0)
   INSERT INTO dbo.dnn_UserRoles(UserID, RoleID, IsTrialUsed, CreatedByUserID, CreatedOnDate, LastModifiedByUserID, LastModifiedOnDate, [Status], IsOwner)
   VALUES(@UserId, @FemaleRole, 0, 1, '2019-06-07 05:28:54', 1, '2019-06-07 05:28:54', 1, 0)
   INSERT INTO dbo.dnn_Users(Username, FirstName, LastName, Email, DisplayName, UpdatePassword, LastIPAddress, IsDeleted, CreatedByUserID, CreatedOnDate, LastModifiedByUserID, LastModifiedOnDate, PasswordResetToken, PasswordResetExpiration)
   VALUES('eula.sheppard@quizlet.com', 'Eula', 'Sheppard', 'eula.sheppard@quizlet.com', 'Eula Sheppard', 0, '', 0, 1, '2019-06-07 05:28:54', 1, '2019-06-07 05:28:54', NULL, NULL)
   SELECT @UserID = SCOPE_IDENTITY()
   INSERT INTO dbo.aspnet_Users(ApplicationID, UserName, LoweredUserName, IsAnonymous, LastActivityDate)
   VALUES(@ApplicationId, 'eula.sheppard@quizlet.com', 'eula.sheppard@quizlet.com', 0, '2019-06-07 05:28:54')
   SELECT @AspNetUserID = UserId FROM aspnet_Users WHERE Username = 'eula.sheppard@quizlet.com'
   INSERT INTO dbo.aspnet_Membership(ApplicationID, UserID, Password, PasswordFormat, PasswordSalt, Email, LoweredEmail, IsApproved, IsLockedOut, CreateDate, LastLoginDate, LastPasswordChangedDate, LastLockoutDate, FailedPasswordAttemptCount, FailedPasswordAttemptWindowStart, FailedPasswordAnswerAttemptCount, FailedPasswordAnswerAttemptWindowStart)
   VALUES(@ApplicationID, @AspNetUserID, 'aMoPu/jMK8Yc4dxEEtAWm+RvKkFRjT38n/c1ORi3HgGWXJI15kNozQ==', 2, 'ub/Nej8BunZL3H6o+Z7+sg==', 'eula.sheppard@quizlet.com', 'eula.sheppard@quizlet.com', 1, 0, '2019-06-07 05:28:54', '2019-06-07 05:28:54', '2019-06-07 05:28:54', '1754-01-01 00:00:00.000', 0, '1754-01-01 00:00:00.000', 0, '1754-01-01 00:00:00.000')
   INSERT INTO dbo.dnn_UserPortals(UserID, PortalID, CreatedDate, Authorised, IsDeleted, RefreshRoles)
   VALUES(@UserID, @PortalID, '2019-06-07 05:28:54', 1, 0, 0)
   INSERT INTO dbo.dnn_UserRoles(UserID, RoleID, IsTrialUsed, CreatedByUserID, CreatedOnDate, LastModifiedByUserID, LastModifiedOnDate, [Status], IsOwner)
   VALUES(@UserId, @FemaleRole, 0, 1, '2019-06-07 05:28:54', 1, '2019-06-07 05:28:54', 1, 0)
   INSERT INTO dbo.dnn_Users(Username, FirstName, LastName, Email, DisplayName, UpdatePassword, LastIPAddress, IsDeleted, CreatedByUserID, CreatedOnDate, LastModifiedByUserID, LastModifiedOnDate, PasswordResetToken, PasswordResetExpiration)
   VALUES('l.mccarty@banggood.com', 'Leigh', 'Mccarty', 'l.mccarty@banggood.com', 'Leigh Mccarty', 0, '', 0, 1, '2019-06-07 05:28:54', 1, '2019-06-07 05:28:54', NULL, NULL)
   SELECT @UserID = SCOPE_IDENTITY()
   INSERT INTO dbo.aspnet_Users(ApplicationID, UserName, LoweredUserName, IsAnonymous, LastActivityDate)
   VALUES(@ApplicationId, 'l.mccarty@banggood.com', 'l.mccarty@banggood.com', 0, '2019-06-07 05:28:54')
   SELECT @AspNetUserID = UserId FROM aspnet_Users WHERE Username = 'l.mccarty@banggood.com'
   INSERT INTO dbo.aspnet_Membership(ApplicationID, UserID, Password, PasswordFormat, PasswordSalt, Email, LoweredEmail, IsApproved, IsLockedOut, CreateDate, LastLoginDate, LastPasswordChangedDate, LastLockoutDate, FailedPasswordAttemptCount, FailedPasswordAttemptWindowStart, FailedPasswordAnswerAttemptCount, FailedPasswordAnswerAttemptWindowStart)
   VALUES(@ApplicationID, @AspNetUserID, 'aMoPu/jMK8Yc4dxEEtAWm+RvKkFRjT38n/c1ORi3HgGWXJI15kNozQ==', 2, 'ub/Nej8BunZL3H6o+Z7+sg==', 'l.mccarty@banggood.com', 'l.mccarty@banggood.com', 1, 0, '2019-06-07 05:28:54', '2019-06-07 05:28:54', '2019-06-07 05:28:54', '1754-01-01 00:00:00.000', 0, '1754-01-01 00:00:00.000', 0, '1754-01-01 00:00:00.000')
   INSERT INTO dbo.dnn_UserPortals(UserID, PortalID, CreatedDate, Authorised, IsDeleted, RefreshRoles)
   VALUES(@UserID, @PortalID, '2019-06-07 05:28:54', 1, 0, 0)
   INSERT INTO dbo.dnn_UserRoles(UserID, RoleID, IsTrialUsed, CreatedByUserID, CreatedOnDate, LastModifiedByUserID, LastModifiedOnDate, [Status], IsOwner)
   VALUES(@UserId, @FemaleRole, 0, 1, '2019-06-07 05:28:54', 1, '2019-06-07 05:28:54', 1, 0)
   INSERT INTO dbo.dnn_Users(Username, FirstName, LastName, Email, DisplayName, UpdatePassword, LastIPAddress, IsDeleted, CreatedByUserID, CreatedOnDate, LastModifiedByUserID, LastModifiedOnDate, PasswordResetToken, PasswordResetExpiration)
   VALUES('avalosm@garmin.com', 'Meghan', 'Avalos', 'avalosm@garmin.com', 'Meghan Avalos', 0, '', 0, 1, '2019-06-07 05:28:54', 1, '2019-06-07 05:28:54', NULL, NULL)
   SELECT @UserID = SCOPE_IDENTITY()
   INSERT INTO dbo.aspnet_Users(ApplicationID, UserName, LoweredUserName, IsAnonymous, LastActivityDate)
   VALUES(@ApplicationId, 'avalosm@garmin.com', 'avalosm@garmin.com', 0, '2019-06-07 05:28:54')
   SELECT @AspNetUserID = UserId FROM aspnet_Users WHERE Username = 'avalosm@garmin.com'
   INSERT INTO dbo.aspnet_Membership(ApplicationID, UserID, Password, PasswordFormat, PasswordSalt, Email, LoweredEmail, IsApproved, IsLockedOut, CreateDate, LastLoginDate, LastPasswordChangedDate, LastLockoutDate, FailedPasswordAttemptCount, FailedPasswordAttemptWindowStart, FailedPasswordAnswerAttemptCount, FailedPasswordAnswerAttemptWindowStart)
   VALUES(@ApplicationID, @AspNetUserID, 'aMoPu/jMK8Yc4dxEEtAWm+RvKkFRjT38n/c1ORi3HgGWXJI15kNozQ==', 2, 'ub/Nej8BunZL3H6o+Z7+sg==', 'avalosm@garmin.com', 'avalosm@garmin.com', 1, 0, '2019-06-07 05:28:54', '2019-06-07 05:28:54', '2019-06-07 05:28:54', '1754-01-01 00:00:00.000', 0, '1754-01-01 00:00:00.000', 0, '1754-01-01 00:00:00.000')
   INSERT INTO dbo.dnn_UserPortals(UserID, PortalID, CreatedDate, Authorised, IsDeleted, RefreshRoles)
   VALUES(@UserID, @PortalID, '2019-06-07 05:28:54', 1, 0, 0)
   INSERT INTO dbo.dnn_UserRoles(UserID, RoleID, IsTrialUsed, CreatedByUserID, CreatedOnDate, LastModifiedByUserID, LastModifiedOnDate, [Status], IsOwner)
   VALUES(@UserId, @FemaleRole, 0, 1, '2019-06-07 05:28:54', 1, '2019-06-07 05:28:54', 1, 0)
   INSERT INTO dbo.dnn_Users(Username, FirstName, LastName, Email, DisplayName, UpdatePassword, LastIPAddress, IsDeleted, CreatedByUserID, CreatedOnDate, LastModifiedByUserID, LastModifiedOnDate, PasswordResetToken, PasswordResetExpiration)
   VALUES('sophia.booker@primewire.ag', 'Sophia', 'Booker', 'sophia.booker@primewire.ag', 'Sophia Booker', 0, '', 0, 1, '2019-06-07 05:28:54', 1, '2019-06-07 05:28:54', NULL, NULL)
   SELECT @UserID = SCOPE_IDENTITY()
   INSERT INTO dbo.aspnet_Users(ApplicationID, UserName, LoweredUserName, IsAnonymous, LastActivityDate)
   VALUES(@ApplicationId, 'sophia.booker@primewire.ag', 'sophia.booker@primewire.ag', 0, '2019-06-07 05:28:54')
   SELECT @AspNetUserID = UserId FROM aspnet_Users WHERE Username = 'sophia.booker@primewire.ag'
   INSERT INTO dbo.aspnet_Membership(ApplicationID, UserID, Password, PasswordFormat, PasswordSalt, Email, LoweredEmail, IsApproved, IsLockedOut, CreateDate, LastLoginDate, LastPasswordChangedDate, LastLockoutDate, FailedPasswordAttemptCount, FailedPasswordAttemptWindowStart, FailedPasswordAnswerAttemptCount, FailedPasswordAnswerAttemptWindowStart)
   VALUES(@ApplicationID, @AspNetUserID, 'aMoPu/jMK8Yc4dxEEtAWm+RvKkFRjT38n/c1ORi3HgGWXJI15kNozQ==', 2, 'ub/Nej8BunZL3H6o+Z7+sg==', 'sophia.booker@primewire.ag', 'sophia.booker@primewire.ag', 1, 0, '2019-06-07 05:28:54', '2019-06-07 05:28:54', '2019-06-07 05:28:54', '1754-01-01 00:00:00.000', 0, '1754-01-01 00:00:00.000', 0, '1754-01-01 00:00:00.000')
   INSERT INTO dbo.dnn_UserPortals(UserID, PortalID, CreatedDate, Authorised, IsDeleted, RefreshRoles)
   VALUES(@UserID, @PortalID, '2019-06-07 05:28:54', 1, 0, 0)
   INSERT INTO dbo.dnn_UserRoles(UserID, RoleID, IsTrialUsed, CreatedByUserID, CreatedOnDate, LastModifiedByUserID, LastModifiedOnDate, [Status], IsOwner)
   VALUES(@UserId, @FemaleRole, 0, 1, '2019-06-07 05:28:54', 1, '2019-06-07 05:28:54', 1, 0)
   INSERT INTO dbo.dnn_Users(Username, FirstName, LastName, Email, DisplayName, UpdatePassword, LastIPAddress, IsDeleted, CreatedByUserID, CreatedOnDate, LastModifiedByUserID, LastModifiedOnDate, PasswordResetToken, PasswordResetExpiration)
   VALUES('e.waller@vox.com', 'Eloise', 'Waller', 'e.waller@vox.com', 'Eloise Waller', 0, '', 0, 1, '2019-06-07 05:28:54', 1, '2019-06-07 05:28:54', NULL, NULL)
   SELECT @UserID = SCOPE_IDENTITY()
   INSERT INTO dbo.aspnet_Users(ApplicationID, UserName, LoweredUserName, IsAnonymous, LastActivityDate)
   VALUES(@ApplicationId, 'e.waller@vox.com', 'e.waller@vox.com', 0, '2019-06-07 05:28:54')
   SELECT @AspNetUserID = UserId FROM aspnet_Users WHERE Username = 'e.waller@vox.com'
   INSERT INTO dbo.aspnet_Membership(ApplicationID, UserID, Password, PasswordFormat, PasswordSalt, Email, LoweredEmail, IsApproved, IsLockedOut, CreateDate, LastLoginDate, LastPasswordChangedDate, LastLockoutDate, FailedPasswordAttemptCount, FailedPasswordAttemptWindowStart, FailedPasswordAnswerAttemptCount, FailedPasswordAnswerAttemptWindowStart)
   VALUES(@ApplicationID, @AspNetUserID, 'aMoPu/jMK8Yc4dxEEtAWm+RvKkFRjT38n/c1ORi3HgGWXJI15kNozQ==', 2, 'ub/Nej8BunZL3H6o+Z7+sg==', 'e.waller@vox.com', 'e.waller@vox.com', 1, 0, '2019-06-07 05:28:54', '2019-06-07 05:28:54', '2019-06-07 05:28:54', '1754-01-01 00:00:00.000', 0, '1754-01-01 00:00:00.000', 0, '1754-01-01 00:00:00.000')
   INSERT INTO dbo.dnn_UserPortals(UserID, PortalID, CreatedDate, Authorised, IsDeleted, RefreshRoles)
   VALUES(@UserID, @PortalID, '2019-06-07 05:28:54', 1, 0, 0)
   INSERT INTO dbo.dnn_UserRoles(UserID, RoleID, IsTrialUsed, CreatedByUserID, CreatedOnDate, LastModifiedByUserID, LastModifiedOnDate, [Status], IsOwner)
   VALUES(@UserId, @FemaleRole, 0, 1, '2019-06-07 05:28:54', 1, '2019-06-07 05:28:54', 1, 0)
   INSERT INTO dbo.dnn_Users(Username, FirstName, LastName, Email, DisplayName, UpdatePassword, LastIPAddress, IsDeleted, CreatedByUserID, CreatedOnDate, LastModifiedByUserID, LastModifiedOnDate, PasswordResetToken, PasswordResetExpiration)
   VALUES('parrar@labanquepostale.fr', 'Rochelle', 'Parra', 'parrar@labanquepostale.fr', 'Rochelle Parra', 0, '', 0, 1, '2019-06-07 05:28:54', 1, '2019-06-07 05:28:54', NULL, NULL)
   SELECT @UserID = SCOPE_IDENTITY()
   INSERT INTO dbo.aspnet_Users(ApplicationID, UserName, LoweredUserName, IsAnonymous, LastActivityDate)
   VALUES(@ApplicationId, 'parrar@labanquepostale.fr', 'parrar@labanquepostale.fr', 0, '2019-06-07 05:28:54')
   SELECT @AspNetUserID = UserId FROM aspnet_Users WHERE Username = 'parrar@labanquepostale.fr'
   INSERT INTO dbo.aspnet_Membership(ApplicationID, UserID, Password, PasswordFormat, PasswordSalt, Email, LoweredEmail, IsApproved, IsLockedOut, CreateDate, LastLoginDate, LastPasswordChangedDate, LastLockoutDate, FailedPasswordAttemptCount, FailedPasswordAttemptWindowStart, FailedPasswordAnswerAttemptCount, FailedPasswordAnswerAttemptWindowStart)
   VALUES(@ApplicationID, @AspNetUserID, 'aMoPu/jMK8Yc4dxEEtAWm+RvKkFRjT38n/c1ORi3HgGWXJI15kNozQ==', 2, 'ub/Nej8BunZL3H6o+Z7+sg==', 'parrar@labanquepostale.fr', 'parrar@labanquepostale.fr', 1, 0, '2019-06-07 05:28:54', '2019-06-07 05:28:54', '2019-06-07 05:28:54', '1754-01-01 00:00:00.000', 0, '1754-01-01 00:00:00.000', 0, '1754-01-01 00:00:00.000')
   INSERT INTO dbo.dnn_UserPortals(UserID, PortalID, CreatedDate, Authorised, IsDeleted, RefreshRoles)
   VALUES(@UserID, @PortalID, '2019-06-07 05:28:54', 1, 0, 0)
   INSERT INTO dbo.dnn_UserRoles(UserID, RoleID, IsTrialUsed, CreatedByUserID, CreatedOnDate, LastModifiedByUserID, LastModifiedOnDate, [Status], IsOwner)
   VALUES(@UserId, @FemaleRole, 0, 1, '2019-06-07 05:28:54', 1, '2019-06-07 05:28:54', 1, 0)
   INSERT INTO dbo.dnn_UserRoles(UserID, RoleID, IsTrialUsed, CreatedByUserID, CreatedOnDate, LastModifiedByUserID, LastModifiedOnDate, [Status], IsOwner)
   VALUES(@UserId, @AcademicRole, 0, 1, '2019-06-07 05:28:54', 1, '2019-06-07 05:28:54', 1, 0)
   INSERT INTO dbo.dnn_Users(Username, FirstName, LastName, Email, DisplayName, UpdatePassword, LastIPAddress, IsDeleted, CreatedByUserID, CreatedOnDate, LastModifiedByUserID, LastModifiedOnDate, PasswordResetToken, PasswordResetExpiration)
   VALUES('gretchen.woodward@telekom.com', 'Gretchen', 'Woodward', 'gretchen.woodward@telekom.com', 'Gretchen Woodward', 0, '', 0, 1, '2019-06-07 05:28:54', 1, '2019-06-07 05:28:54', NULL, NULL)
   SELECT @UserID = SCOPE_IDENTITY()
   INSERT INTO dbo.aspnet_Users(ApplicationID, UserName, LoweredUserName, IsAnonymous, LastActivityDate)
   VALUES(@ApplicationId, 'gretchen.woodward@telekom.com', 'gretchen.woodward@telekom.com', 0, '2019-06-07 05:28:54')
   SELECT @AspNetUserID = UserId FROM aspnet_Users WHERE Username = 'gretchen.woodward@telekom.com'
   INSERT INTO dbo.aspnet_Membership(ApplicationID, UserID, Password, PasswordFormat, PasswordSalt, Email, LoweredEmail, IsApproved, IsLockedOut, CreateDate, LastLoginDate, LastPasswordChangedDate, LastLockoutDate, FailedPasswordAttemptCount, FailedPasswordAttemptWindowStart, FailedPasswordAnswerAttemptCount, FailedPasswordAnswerAttemptWindowStart)
   VALUES(@ApplicationID, @AspNetUserID, 'aMoPu/jMK8Yc4dxEEtAWm+RvKkFRjT38n/c1ORi3HgGWXJI15kNozQ==', 2, 'ub/Nej8BunZL3H6o+Z7+sg==', 'gretchen.woodward@telekom.com', 'gretchen.woodward@telekom.com', 1, 0, '2019-06-07 05:28:54', '2019-06-07 05:28:54', '2019-06-07 05:28:54', '1754-01-01 00:00:00.000', 0, '1754-01-01 00:00:00.000', 0, '1754-01-01 00:00:00.000')
   INSERT INTO dbo.dnn_UserPortals(UserID, PortalID, CreatedDate, Authorised, IsDeleted, RefreshRoles)
   VALUES(@UserID, @PortalID, '2019-06-07 05:28:54', 1, 0, 0)
   INSERT INTO dbo.dnn_UserRoles(UserID, RoleID, IsTrialUsed, CreatedByUserID, CreatedOnDate, LastModifiedByUserID, LastModifiedOnDate, [Status], IsOwner)
   VALUES(@UserId, @FemaleRole, 0, 1, '2019-06-07 05:28:54', 1, '2019-06-07 05:28:54', 1, 0)
   INSERT INTO dbo.dnn_Users(Username, FirstName, LastName, Email, DisplayName, UpdatePassword, LastIPAddress, IsDeleted, CreatedByUserID, CreatedOnDate, LastModifiedByUserID, LastModifiedOnDate, PasswordResetToken, PasswordResetExpiration)
   VALUES('c.jaramillo@drive2.ru', 'Cecelia', 'Jaramillo', 'c.jaramillo@drive2.ru', 'Cecelia Jaramillo', 0, '', 0, 1, '2019-06-07 05:28:54', 1, '2019-06-07 05:28:54', NULL, NULL)
   SELECT @UserID = SCOPE_IDENTITY()
   INSERT INTO dbo.aspnet_Users(ApplicationID, UserName, LoweredUserName, IsAnonymous, LastActivityDate)
   VALUES(@ApplicationId, 'c.jaramillo@drive2.ru', 'c.jaramillo@drive2.ru', 0, '2019-06-07 05:28:54')
   SELECT @AspNetUserID = UserId FROM aspnet_Users WHERE Username = 'c.jaramillo@drive2.ru'
   INSERT INTO dbo.aspnet_Membership(ApplicationID, UserID, Password, PasswordFormat, PasswordSalt, Email, LoweredEmail, IsApproved, IsLockedOut, CreateDate, LastLoginDate, LastPasswordChangedDate, LastLockoutDate, FailedPasswordAttemptCount, FailedPasswordAttemptWindowStart, FailedPasswordAnswerAttemptCount, FailedPasswordAnswerAttemptWindowStart)
   VALUES(@ApplicationID, @AspNetUserID, 'aMoPu/jMK8Yc4dxEEtAWm+RvKkFRjT38n/c1ORi3HgGWXJI15kNozQ==', 2, 'ub/Nej8BunZL3H6o+Z7+sg==', 'c.jaramillo@drive2.ru', 'c.jaramillo@drive2.ru', 1, 0, '2019-06-07 05:28:54', '2019-06-07 05:28:54', '2019-06-07 05:28:54', '1754-01-01 00:00:00.000', 0, '1754-01-01 00:00:00.000', 0, '1754-01-01 00:00:00.000')
   INSERT INTO dbo.dnn_UserPortals(UserID, PortalID, CreatedDate, Authorised, IsDeleted, RefreshRoles)
   VALUES(@UserID, @PortalID, '2019-06-07 05:28:54', 1, 0, 0)
   INSERT INTO dbo.dnn_UserRoles(UserID, RoleID, IsTrialUsed, CreatedByUserID, CreatedOnDate, LastModifiedByUserID, LastModifiedOnDate, [Status], IsOwner)
   VALUES(@UserId, @FemaleRole, 0, 1, '2019-06-07 05:28:54', 1, '2019-06-07 05:28:54', 1, 0)
   INSERT INTO dbo.dnn_Users(Username, FirstName, LastName, Email, DisplayName, UpdatePassword, LastIPAddress, IsDeleted, CreatedByUserID, CreatedOnDate, LastModifiedByUserID, LastModifiedOnDate, PasswordResetToken, PasswordResetExpiration)
   VALUES('kruegerr@eonline.com', 'Raquel', 'Krueger', 'kruegerr@eonline.com', 'Raquel Krueger', 0, '', 0, 1, '2019-06-07 05:28:54', 1, '2019-06-07 05:28:54', NULL, NULL)
   SELECT @UserID = SCOPE_IDENTITY()
   INSERT INTO dbo.aspnet_Users(ApplicationID, UserName, LoweredUserName, IsAnonymous, LastActivityDate)
   VALUES(@ApplicationId, 'kruegerr@eonline.com', 'kruegerr@eonline.com', 0, '2019-06-07 05:28:54')
   SELECT @AspNetUserID = UserId FROM aspnet_Users WHERE Username = 'kruegerr@eonline.com'
   INSERT INTO dbo.aspnet_Membership(ApplicationID, UserID, Password, PasswordFormat, PasswordSalt, Email, LoweredEmail, IsApproved, IsLockedOut, CreateDate, LastLoginDate, LastPasswordChangedDate, LastLockoutDate, FailedPasswordAttemptCount, FailedPasswordAttemptWindowStart, FailedPasswordAnswerAttemptCount, FailedPasswordAnswerAttemptWindowStart)
   VALUES(@ApplicationID, @AspNetUserID, 'aMoPu/jMK8Yc4dxEEtAWm+RvKkFRjT38n/c1ORi3HgGWXJI15kNozQ==', 2, 'ub/Nej8BunZL3H6o+Z7+sg==', 'kruegerr@eonline.com', 'kruegerr@eonline.com', 1, 0, '2019-06-07 05:28:54', '2019-06-07 05:28:54', '2019-06-07 05:28:54', '1754-01-01 00:00:00.000', 0, '1754-01-01 00:00:00.000', 0, '1754-01-01 00:00:00.000')
   INSERT INTO dbo.dnn_UserPortals(UserID, PortalID, CreatedDate, Authorised, IsDeleted, RefreshRoles)
   VALUES(@UserID, @PortalID, '2019-06-07 05:28:54', 1, 0, 0)
   INSERT INTO dbo.dnn_UserRoles(UserID, RoleID, IsTrialUsed, CreatedByUserID, CreatedOnDate, LastModifiedByUserID, LastModifiedOnDate, [Status], IsOwner)
   VALUES(@UserId, @FemaleRole, 0, 1, '2019-06-07 05:28:54', 1, '2019-06-07 05:28:54', 1, 0)
   INSERT INTO dbo.dnn_Users(Username, FirstName, LastName, Email, DisplayName, UpdatePassword, LastIPAddress, IsDeleted, CreatedByUserID, CreatedOnDate, LastModifiedByUserID, LastModifiedOnDate, PasswordResetToken, PasswordResetExpiration)
   VALUES('henrietta.rasmussen@chosun.com', 'Henrietta', 'Rasmussen', 'henrietta.rasmussen@chosun.com', 'Henrietta Rasmussen', 0, '', 0, 1, '2019-06-07 05:28:54', 1, '2019-06-07 05:28:54', NULL, NULL)
   SELECT @UserID = SCOPE_IDENTITY()
   INSERT INTO dbo.aspnet_Users(ApplicationID, UserName, LoweredUserName, IsAnonymous, LastActivityDate)
   VALUES(@ApplicationId, 'henrietta.rasmussen@chosun.com', 'henrietta.rasmussen@chosun.com', 0, '2019-06-07 05:28:54')
   SELECT @AspNetUserID = UserId FROM aspnet_Users WHERE Username = 'henrietta.rasmussen@chosun.com'
   INSERT INTO dbo.aspnet_Membership(ApplicationID, UserID, Password, PasswordFormat, PasswordSalt, Email, LoweredEmail, IsApproved, IsLockedOut, CreateDate, LastLoginDate, LastPasswordChangedDate, LastLockoutDate, FailedPasswordAttemptCount, FailedPasswordAttemptWindowStart, FailedPasswordAnswerAttemptCount, FailedPasswordAnswerAttemptWindowStart)
   VALUES(@ApplicationID, @AspNetUserID, 'aMoPu/jMK8Yc4dxEEtAWm+RvKkFRjT38n/c1ORi3HgGWXJI15kNozQ==', 2, 'ub/Nej8BunZL3H6o+Z7+sg==', 'henrietta.rasmussen@chosun.com', 'henrietta.rasmussen@chosun.com', 1, 0, '2019-06-07 05:28:54', '2019-06-07 05:28:54', '2019-06-07 05:28:54', '1754-01-01 00:00:00.000', 0, '1754-01-01 00:00:00.000', 0, '1754-01-01 00:00:00.000')
   INSERT INTO dbo.dnn_UserPortals(UserID, PortalID, CreatedDate, Authorised, IsDeleted, RefreshRoles)
   VALUES(@UserID, @PortalID, '2019-06-07 05:28:54', 1, 0, 0)
   INSERT INTO dbo.dnn_UserRoles(UserID, RoleID, IsTrialUsed, CreatedByUserID, CreatedOnDate, LastModifiedByUserID, LastModifiedOnDate, [Status], IsOwner)
   VALUES(@UserId, @FemaleRole, 0, 1, '2019-06-07 05:28:54', 1, '2019-06-07 05:28:54', 1, 0)
   INSERT INTO dbo.dnn_Users(Username, FirstName, LastName, Email, DisplayName, UpdatePassword, LastIPAddress, IsDeleted, CreatedByUserID, CreatedOnDate, LastModifiedByUserID, LastModifiedOnDate, PasswordResetToken, PasswordResetExpiration)
   VALUES('a.brandt@credit-agricole.fr', 'Alyssa', 'Brandt', 'a.brandt@credit-agricole.fr', 'Alyssa Brandt', 0, '', 0, 1, '2019-06-07 05:28:54', 1, '2019-06-07 05:28:54', NULL, NULL)
   SELECT @UserID = SCOPE_IDENTITY()
   INSERT INTO dbo.aspnet_Users(ApplicationID, UserName, LoweredUserName, IsAnonymous, LastActivityDate)
   VALUES(@ApplicationId, 'a.brandt@credit-agricole.fr', 'a.brandt@credit-agricole.fr', 0, '2019-06-07 05:28:54')
   SELECT @AspNetUserID = UserId FROM aspnet_Users WHERE Username = 'a.brandt@credit-agricole.fr'
   INSERT INTO dbo.aspnet_Membership(ApplicationID, UserID, Password, PasswordFormat, PasswordSalt, Email, LoweredEmail, IsApproved, IsLockedOut, CreateDate, LastLoginDate, LastPasswordChangedDate, LastLockoutDate, FailedPasswordAttemptCount, FailedPasswordAttemptWindowStart, FailedPasswordAnswerAttemptCount, FailedPasswordAnswerAttemptWindowStart)
   VALUES(@ApplicationID, @AspNetUserID, 'aMoPu/jMK8Yc4dxEEtAWm+RvKkFRjT38n/c1ORi3HgGWXJI15kNozQ==', 2, 'ub/Nej8BunZL3H6o+Z7+sg==', 'a.brandt@credit-agricole.fr', 'a.brandt@credit-agricole.fr', 1, 0, '2019-06-07 05:28:54', '2019-06-07 05:28:54', '2019-06-07 05:28:54', '1754-01-01 00:00:00.000', 0, '1754-01-01 00:00:00.000', 0, '1754-01-01 00:00:00.000')
   INSERT INTO dbo.dnn_UserPortals(UserID, PortalID, CreatedDate, Authorised, IsDeleted, RefreshRoles)
   VALUES(@UserID, @PortalID, '2019-06-07 05:28:54', 1, 0, 0)
   INSERT INTO dbo.dnn_UserRoles(UserID, RoleID, IsTrialUsed, CreatedByUserID, CreatedOnDate, LastModifiedByUserID, LastModifiedOnDate, [Status], IsOwner)
   VALUES(@UserId, @FemaleRole, 0, 1, '2019-06-07 05:28:54', 1, '2019-06-07 05:28:54', 1, 0)
   INSERT INTO dbo.dnn_UserRoles(UserID, RoleID, IsTrialUsed, CreatedByUserID, CreatedOnDate, LastModifiedByUserID, LastModifiedOnDate, [Status], IsOwner)
   VALUES(@UserId, @ManagerRole, 0, 1, '2019-06-07 05:28:54', 1, '2019-06-07 05:28:54', 1, 0)
   INSERT INTO dbo.dnn_Users(Username, FirstName, LastName, Email, DisplayName, UpdatePassword, LastIPAddress, IsDeleted, CreatedByUserID, CreatedOnDate, LastModifiedByUserID, LastModifiedOnDate, PasswordResetToken, PasswordResetExpiration)
   VALUES('peraltaj@wowhead.com', 'Jana', 'Peralta', 'peraltaj@wowhead.com', 'Jana Peralta', 0, '', 0, 1, '2019-06-07 05:28:54', 1, '2019-06-07 05:28:54', NULL, NULL)
   SELECT @UserID = SCOPE_IDENTITY()
   INSERT INTO dbo.aspnet_Users(ApplicationID, UserName, LoweredUserName, IsAnonymous, LastActivityDate)
   VALUES(@ApplicationId, 'peraltaj@wowhead.com', 'peraltaj@wowhead.com', 0, '2019-06-07 05:28:54')
   SELECT @AspNetUserID = UserId FROM aspnet_Users WHERE Username = 'peraltaj@wowhead.com'
   INSERT INTO dbo.aspnet_Membership(ApplicationID, UserID, Password, PasswordFormat, PasswordSalt, Email, LoweredEmail, IsApproved, IsLockedOut, CreateDate, LastLoginDate, LastPasswordChangedDate, LastLockoutDate, FailedPasswordAttemptCount, FailedPasswordAttemptWindowStart, FailedPasswordAnswerAttemptCount, FailedPasswordAnswerAttemptWindowStart)
   VALUES(@ApplicationID, @AspNetUserID, 'aMoPu/jMK8Yc4dxEEtAWm+RvKkFRjT38n/c1ORi3HgGWXJI15kNozQ==', 2, 'ub/Nej8BunZL3H6o+Z7+sg==', 'peraltaj@wowhead.com', 'peraltaj@wowhead.com', 1, 0, '2019-06-07 05:28:54', '2019-06-07 05:28:54', '2019-06-07 05:28:54', '1754-01-01 00:00:00.000', 0, '1754-01-01 00:00:00.000', 0, '1754-01-01 00:00:00.000')
   INSERT INTO dbo.dnn_UserPortals(UserID, PortalID, CreatedDate, Authorised, IsDeleted, RefreshRoles)
   VALUES(@UserID, @PortalID, '2019-06-07 05:28:54', 1, 0, 0)
   INSERT INTO dbo.dnn_UserRoles(UserID, RoleID, IsTrialUsed, CreatedByUserID, CreatedOnDate, LastModifiedByUserID, LastModifiedOnDate, [Status], IsOwner)
   VALUES(@UserId, @FemaleRole, 0, 1, '2019-06-07 05:28:54', 1, '2019-06-07 05:28:54', 1, 0)
   INSERT INTO dbo.dnn_Users(Username, FirstName, LastName, Email, DisplayName, UpdatePassword, LastIPAddress, IsDeleted, CreatedByUserID, CreatedOnDate, LastModifiedByUserID, LastModifiedOnDate, PasswordResetToken, PasswordResetExpiration)
   VALUES('kelley.donaldson@match.com', 'Kelley', 'Donaldson', 'kelley.donaldson@match.com', 'Kelley Donaldson', 0, '', 0, 1, '2019-06-07 05:28:54', 1, '2019-06-07 05:28:54', NULL, NULL)
   SELECT @UserID = SCOPE_IDENTITY()
   INSERT INTO dbo.aspnet_Users(ApplicationID, UserName, LoweredUserName, IsAnonymous, LastActivityDate)
   VALUES(@ApplicationId, 'kelley.donaldson@match.com', 'kelley.donaldson@match.com', 0, '2019-06-07 05:28:54')
   SELECT @AspNetUserID = UserId FROM aspnet_Users WHERE Username = 'kelley.donaldson@match.com'
   INSERT INTO dbo.aspnet_Membership(ApplicationID, UserID, Password, PasswordFormat, PasswordSalt, Email, LoweredEmail, IsApproved, IsLockedOut, CreateDate, LastLoginDate, LastPasswordChangedDate, LastLockoutDate, FailedPasswordAttemptCount, FailedPasswordAttemptWindowStart, FailedPasswordAnswerAttemptCount, FailedPasswordAnswerAttemptWindowStart)
   VALUES(@ApplicationID, @AspNetUserID, 'aMoPu/jMK8Yc4dxEEtAWm+RvKkFRjT38n/c1ORi3HgGWXJI15kNozQ==', 2, 'ub/Nej8BunZL3H6o+Z7+sg==', 'kelley.donaldson@match.com', 'kelley.donaldson@match.com', 1, 0, '2019-06-07 05:28:54', '2019-06-07 05:28:54', '2019-06-07 05:28:54', '1754-01-01 00:00:00.000', 0, '1754-01-01 00:00:00.000', 0, '1754-01-01 00:00:00.000')
   INSERT INTO dbo.dnn_UserPortals(UserID, PortalID, CreatedDate, Authorised, IsDeleted, RefreshRoles)
   VALUES(@UserID, @PortalID, '2019-06-07 05:28:54', 1, 0, 0)
   INSERT INTO dbo.dnn_UserRoles(UserID, RoleID, IsTrialUsed, CreatedByUserID, CreatedOnDate, LastModifiedByUserID, LastModifiedOnDate, [Status], IsOwner)
   VALUES(@UserId, @FemaleRole, 0, 1, '2019-06-07 05:28:54', 1, '2019-06-07 05:28:54', 1, 0)
   INSERT INTO dbo.dnn_Users(Username, FirstName, LastName, Email, DisplayName, UpdatePassword, LastIPAddress, IsDeleted, CreatedByUserID, CreatedOnDate, LastModifiedByUserID, LastModifiedOnDate, PasswordResetToken, PasswordResetExpiration)
   VALUES('g.stuart@hamariweb.com', 'Gwen', 'Stuart', 'g.stuart@hamariweb.com', 'Gwen Stuart', 0, '', 0, 1, '2019-06-07 05:28:54', 1, '2019-06-07 05:28:54', NULL, NULL)
   SELECT @UserID = SCOPE_IDENTITY()
   INSERT INTO dbo.aspnet_Users(ApplicationID, UserName, LoweredUserName, IsAnonymous, LastActivityDate)
   VALUES(@ApplicationId, 'g.stuart@hamariweb.com', 'g.stuart@hamariweb.com', 0, '2019-06-07 05:28:54')
   SELECT @AspNetUserID = UserId FROM aspnet_Users WHERE Username = 'g.stuart@hamariweb.com'
   INSERT INTO dbo.aspnet_Membership(ApplicationID, UserID, Password, PasswordFormat, PasswordSalt, Email, LoweredEmail, IsApproved, IsLockedOut, CreateDate, LastLoginDate, LastPasswordChangedDate, LastLockoutDate, FailedPasswordAttemptCount, FailedPasswordAttemptWindowStart, FailedPasswordAnswerAttemptCount, FailedPasswordAnswerAttemptWindowStart)
   VALUES(@ApplicationID, @AspNetUserID, 'aMoPu/jMK8Yc4dxEEtAWm+RvKkFRjT38n/c1ORi3HgGWXJI15kNozQ==', 2, 'ub/Nej8BunZL3H6o+Z7+sg==', 'g.stuart@hamariweb.com', 'g.stuart@hamariweb.com', 1, 0, '2019-06-07 05:28:54', '2019-06-07 05:28:54', '2019-06-07 05:28:54', '1754-01-01 00:00:00.000', 0, '1754-01-01 00:00:00.000', 0, '1754-01-01 00:00:00.000')
   INSERT INTO dbo.dnn_UserPortals(UserID, PortalID, CreatedDate, Authorised, IsDeleted, RefreshRoles)
   VALUES(@UserID, @PortalID, '2019-06-07 05:28:54', 1, 0, 0)
   INSERT INTO dbo.dnn_UserRoles(UserID, RoleID, IsTrialUsed, CreatedByUserID, CreatedOnDate, LastModifiedByUserID, LastModifiedOnDate, [Status], IsOwner)
   VALUES(@UserId, @FemaleRole, 0, 1, '2019-06-07 05:28:54', 1, '2019-06-07 05:28:54', 1, 0)
   INSERT INTO dbo.dnn_Users(Username, FirstName, LastName, Email, DisplayName, UpdatePassword, LastIPAddress, IsDeleted, CreatedByUserID, CreatedOnDate, LastModifiedByUserID, LastModifiedOnDate, PasswordResetToken, PasswordResetExpiration)
   VALUES('faulknerk@vnexpress.net', 'Kerry', 'Faulkner', 'faulknerk@vnexpress.net', 'Kerry Faulkner', 0, '', 0, 1, '2019-06-07 05:28:54', 1, '2019-06-07 05:28:54', NULL, NULL)
   SELECT @UserID = SCOPE_IDENTITY()
   INSERT INTO dbo.aspnet_Users(ApplicationID, UserName, LoweredUserName, IsAnonymous, LastActivityDate)
   VALUES(@ApplicationId, 'faulknerk@vnexpress.net', 'faulknerk@vnexpress.net', 0, '2019-06-07 05:28:54')
   SELECT @AspNetUserID = UserId FROM aspnet_Users WHERE Username = 'faulknerk@vnexpress.net'
   INSERT INTO dbo.aspnet_Membership(ApplicationID, UserID, Password, PasswordFormat, PasswordSalt, Email, LoweredEmail, IsApproved, IsLockedOut, CreateDate, LastLoginDate, LastPasswordChangedDate, LastLockoutDate, FailedPasswordAttemptCount, FailedPasswordAttemptWindowStart, FailedPasswordAnswerAttemptCount, FailedPasswordAnswerAttemptWindowStart)
   VALUES(@ApplicationID, @AspNetUserID, 'aMoPu/jMK8Yc4dxEEtAWm+RvKkFRjT38n/c1ORi3HgGWXJI15kNozQ==', 2, 'ub/Nej8BunZL3H6o+Z7+sg==', 'faulknerk@vnexpress.net', 'faulknerk@vnexpress.net', 1, 0, '2019-06-07 05:28:54', '2019-06-07 05:28:54', '2019-06-07 05:28:54', '1754-01-01 00:00:00.000', 0, '1754-01-01 00:00:00.000', 0, '1754-01-01 00:00:00.000')
   INSERT INTO dbo.dnn_UserPortals(UserID, PortalID, CreatedDate, Authorised, IsDeleted, RefreshRoles)
   VALUES(@UserID, @PortalID, '2019-06-07 05:28:54', 1, 0, 0)
   INSERT INTO dbo.dnn_UserRoles(UserID, RoleID, IsTrialUsed, CreatedByUserID, CreatedOnDate, LastModifiedByUserID, LastModifiedOnDate, [Status], IsOwner)
   VALUES(@UserId, @FemaleRole, 0, 1, '2019-06-07 05:28:54', 1, '2019-06-07 05:28:54', 1, 0)
   INSERT INTO dbo.dnn_Users(Username, FirstName, LastName, Email, DisplayName, UpdatePassword, LastIPAddress, IsDeleted, CreatedByUserID, CreatedOnDate, LastModifiedByUserID, LastModifiedOnDate, PasswordResetToken, PasswordResetExpiration)
   VALUES('jenna.maynard@familydoctor.com.cn', 'Jenna', 'Maynard', 'jenna.maynard@familydoctor.com.cn', 'Jenna Maynard', 0, '', 0, 1, '2019-06-07 05:28:54', 1, '2019-06-07 05:28:54', NULL, NULL)
   SELECT @UserID = SCOPE_IDENTITY()
   INSERT INTO dbo.aspnet_Users(ApplicationID, UserName, LoweredUserName, IsAnonymous, LastActivityDate)
   VALUES(@ApplicationId, 'jenna.maynard@familydoctor.com.cn', 'jenna.maynard@familydoctor.com.cn', 0, '2019-06-07 05:28:54')
   SELECT @AspNetUserID = UserId FROM aspnet_Users WHERE Username = 'jenna.maynard@familydoctor.com.cn'
   INSERT INTO dbo.aspnet_Membership(ApplicationID, UserID, Password, PasswordFormat, PasswordSalt, Email, LoweredEmail, IsApproved, IsLockedOut, CreateDate, LastLoginDate, LastPasswordChangedDate, LastLockoutDate, FailedPasswordAttemptCount, FailedPasswordAttemptWindowStart, FailedPasswordAnswerAttemptCount, FailedPasswordAnswerAttemptWindowStart)
   VALUES(@ApplicationID, @AspNetUserID, 'aMoPu/jMK8Yc4dxEEtAWm+RvKkFRjT38n/c1ORi3HgGWXJI15kNozQ==', 2, 'ub/Nej8BunZL3H6o+Z7+sg==', 'jenna.maynard@familydoctor.com.cn', 'jenna.maynard@familydoctor.com.cn', 1, 0, '2019-06-07 05:28:54', '2019-06-07 05:28:54', '2019-06-07 05:28:54', '1754-01-01 00:00:00.000', 0, '1754-01-01 00:00:00.000', 0, '1754-01-01 00:00:00.000')
   INSERT INTO dbo.dnn_UserPortals(UserID, PortalID, CreatedDate, Authorised, IsDeleted, RefreshRoles)
   VALUES(@UserID, @PortalID, '2019-06-07 05:28:54', 1, 0, 0)
   INSERT INTO dbo.dnn_UserRoles(UserID, RoleID, IsTrialUsed, CreatedByUserID, CreatedOnDate, LastModifiedByUserID, LastModifiedOnDate, [Status], IsOwner)
   VALUES(@UserId, @FemaleRole, 0, 1, '2019-06-07 05:28:54', 1, '2019-06-07 05:28:54', 1, 0)
   INSERT INTO dbo.dnn_Users(Username, FirstName, LastName, Email, DisplayName, UpdatePassword, LastIPAddress, IsDeleted, CreatedByUserID, CreatedOnDate, LastModifiedByUserID, LastModifiedOnDate, PasswordResetToken, PasswordResetExpiration)
   VALUES('t.galindo@thethao247.vn', 'Tricia', 'Galindo', 't.galindo@thethao247.vn', 'Tricia Galindo', 0, '', 0, 1, '2019-06-07 05:28:54', 1, '2019-06-07 05:28:54', NULL, NULL)
   SELECT @UserID = SCOPE_IDENTITY()
   INSERT INTO dbo.aspnet_Users(ApplicationID, UserName, LoweredUserName, IsAnonymous, LastActivityDate)
   VALUES(@ApplicationId, 't.galindo@thethao247.vn', 't.galindo@thethao247.vn', 0, '2019-06-07 05:28:54')
   SELECT @AspNetUserID = UserId FROM aspnet_Users WHERE Username = 't.galindo@thethao247.vn'
   INSERT INTO dbo.aspnet_Membership(ApplicationID, UserID, Password, PasswordFormat, PasswordSalt, Email, LoweredEmail, IsApproved, IsLockedOut, CreateDate, LastLoginDate, LastPasswordChangedDate, LastLockoutDate, FailedPasswordAttemptCount, FailedPasswordAttemptWindowStart, FailedPasswordAnswerAttemptCount, FailedPasswordAnswerAttemptWindowStart)
   VALUES(@ApplicationID, @AspNetUserID, 'aMoPu/jMK8Yc4dxEEtAWm+RvKkFRjT38n/c1ORi3HgGWXJI15kNozQ==', 2, 'ub/Nej8BunZL3H6o+Z7+sg==', 't.galindo@thethao247.vn', 't.galindo@thethao247.vn', 1, 0, '2019-06-07 05:28:54', '2019-06-07 05:28:54', '2019-06-07 05:28:54', '1754-01-01 00:00:00.000', 0, '1754-01-01 00:00:00.000', 0, '1754-01-01 00:00:00.000')
   INSERT INTO dbo.dnn_UserPortals(UserID, PortalID, CreatedDate, Authorised, IsDeleted, RefreshRoles)
   VALUES(@UserID, @PortalID, '2019-06-07 05:28:54', 1, 0, 0)
   INSERT INTO dbo.dnn_UserRoles(UserID, RoleID, IsTrialUsed, CreatedByUserID, CreatedOnDate, LastModifiedByUserID, LastModifiedOnDate, [Status], IsOwner)
   VALUES(@UserId, @FemaleRole, 0, 1, '2019-06-07 05:28:54', 1, '2019-06-07 05:28:54', 1, 0)
   INSERT INTO dbo.dnn_Users(Username, FirstName, LastName, Email, DisplayName, UpdatePassword, LastIPAddress, IsDeleted, CreatedByUserID, CreatedOnDate, LastModifiedByUserID, LastModifiedOnDate, PasswordResetToken, PasswordResetExpiration)
   VALUES('coffeyl@state.gov', 'Laverne', 'Coffey', 'coffeyl@state.gov', 'Laverne Coffey', 0, '', 0, 1, '2019-06-07 05:28:54', 1, '2019-06-07 05:28:54', NULL, NULL)
   SELECT @UserID = SCOPE_IDENTITY()
   INSERT INTO dbo.aspnet_Users(ApplicationID, UserName, LoweredUserName, IsAnonymous, LastActivityDate)
   VALUES(@ApplicationId, 'coffeyl@state.gov', 'coffeyl@state.gov', 0, '2019-06-07 05:28:54')
   SELECT @AspNetUserID = UserId FROM aspnet_Users WHERE Username = 'coffeyl@state.gov'
   INSERT INTO dbo.aspnet_Membership(ApplicationID, UserID, Password, PasswordFormat, PasswordSalt, Email, LoweredEmail, IsApproved, IsLockedOut, CreateDate, LastLoginDate, LastPasswordChangedDate, LastLockoutDate, FailedPasswordAttemptCount, FailedPasswordAttemptWindowStart, FailedPasswordAnswerAttemptCount, FailedPasswordAnswerAttemptWindowStart)
   VALUES(@ApplicationID, @AspNetUserID, 'aMoPu/jMK8Yc4dxEEtAWm+RvKkFRjT38n/c1ORi3HgGWXJI15kNozQ==', 2, 'ub/Nej8BunZL3H6o+Z7+sg==', 'coffeyl@state.gov', 'coffeyl@state.gov', 1, 0, '2019-06-07 05:28:54', '2019-06-07 05:28:54', '2019-06-07 05:28:54', '1754-01-01 00:00:00.000', 0, '1754-01-01 00:00:00.000', 0, '1754-01-01 00:00:00.000')
   INSERT INTO dbo.dnn_UserPortals(UserID, PortalID, CreatedDate, Authorised, IsDeleted, RefreshRoles)
   VALUES(@UserID, @PortalID, '2019-06-07 05:28:54', 1, 0, 0)
   INSERT INTO dbo.dnn_UserRoles(UserID, RoleID, IsTrialUsed, CreatedByUserID, CreatedOnDate, LastModifiedByUserID, LastModifiedOnDate, [Status], IsOwner)
   VALUES(@UserId, @FemaleRole, 0, 1, '2019-06-07 05:28:54', 1, '2019-06-07 05:28:54', 1, 0)
   INSERT INTO dbo.dnn_Users(Username, FirstName, LastName, Email, DisplayName, UpdatePassword, LastIPAddress, IsDeleted, CreatedByUserID, CreatedOnDate, LastModifiedByUserID, LastModifiedOnDate, PasswordResetToken, PasswordResetExpiration)
   VALUES('olive.estes@todayhumor.co.kr', 'Olive', 'Estes', 'olive.estes@todayhumor.co.kr', 'Olive Estes', 0, '', 0, 1, '2019-06-07 05:28:54', 1, '2019-06-07 05:28:54', NULL, NULL)
   SELECT @UserID = SCOPE_IDENTITY()
   INSERT INTO dbo.aspnet_Users(ApplicationID, UserName, LoweredUserName, IsAnonymous, LastActivityDate)
   VALUES(@ApplicationId, 'olive.estes@todayhumor.co.kr', 'olive.estes@todayhumor.co.kr', 0, '2019-06-07 05:28:54')
   SELECT @AspNetUserID = UserId FROM aspnet_Users WHERE Username = 'olive.estes@todayhumor.co.kr'
   INSERT INTO dbo.aspnet_Membership(ApplicationID, UserID, Password, PasswordFormat, PasswordSalt, Email, LoweredEmail, IsApproved, IsLockedOut, CreateDate, LastLoginDate, LastPasswordChangedDate, LastLockoutDate, FailedPasswordAttemptCount, FailedPasswordAttemptWindowStart, FailedPasswordAnswerAttemptCount, FailedPasswordAnswerAttemptWindowStart)
   VALUES(@ApplicationID, @AspNetUserID, 'aMoPu/jMK8Yc4dxEEtAWm+RvKkFRjT38n/c1ORi3HgGWXJI15kNozQ==', 2, 'ub/Nej8BunZL3H6o+Z7+sg==', 'olive.estes@todayhumor.co.kr', 'olive.estes@todayhumor.co.kr', 1, 0, '2019-06-07 05:28:54', '2019-06-07 05:28:54', '2019-06-07 05:28:54', '1754-01-01 00:00:00.000', 0, '1754-01-01 00:00:00.000', 0, '1754-01-01 00:00:00.000')
   INSERT INTO dbo.dnn_UserPortals(UserID, PortalID, CreatedDate, Authorised, IsDeleted, RefreshRoles)
   VALUES(@UserID, @PortalID, '2019-06-07 05:28:54', 1, 0, 0)
   INSERT INTO dbo.dnn_UserRoles(UserID, RoleID, IsTrialUsed, CreatedByUserID, CreatedOnDate, LastModifiedByUserID, LastModifiedOnDate, [Status], IsOwner)
   VALUES(@UserId, @FemaleRole, 0, 1, '2019-06-07 05:28:54', 1, '2019-06-07 05:28:54', 1, 0)
   INSERT INTO dbo.dnn_Users(Username, FirstName, LastName, Email, DisplayName, UpdatePassword, LastIPAddress, IsDeleted, CreatedByUserID, CreatedOnDate, LastModifiedByUserID, LastModifiedOnDate, PasswordResetToken, PasswordResetExpiration)
   VALUES('a.sanford@abril.com.br', 'Alexis', 'Sanford', 'a.sanford@abril.com.br', 'Alexis Sanford', 0, '', 0, 1, '2019-06-07 05:28:54', 1, '2019-06-07 05:28:54', NULL, NULL)
   SELECT @UserID = SCOPE_IDENTITY()
   INSERT INTO dbo.aspnet_Users(ApplicationID, UserName, LoweredUserName, IsAnonymous, LastActivityDate)
   VALUES(@ApplicationId, 'a.sanford@abril.com.br', 'a.sanford@abril.com.br', 0, '2019-06-07 05:28:54')
   SELECT @AspNetUserID = UserId FROM aspnet_Users WHERE Username = 'a.sanford@abril.com.br'
   INSERT INTO dbo.aspnet_Membership(ApplicationID, UserID, Password, PasswordFormat, PasswordSalt, Email, LoweredEmail, IsApproved, IsLockedOut, CreateDate, LastLoginDate, LastPasswordChangedDate, LastLockoutDate, FailedPasswordAttemptCount, FailedPasswordAttemptWindowStart, FailedPasswordAnswerAttemptCount, FailedPasswordAnswerAttemptWindowStart)
   VALUES(@ApplicationID, @AspNetUserID, 'aMoPu/jMK8Yc4dxEEtAWm+RvKkFRjT38n/c1ORi3HgGWXJI15kNozQ==', 2, 'ub/Nej8BunZL3H6o+Z7+sg==', 'a.sanford@abril.com.br', 'a.sanford@abril.com.br', 1, 0, '2019-06-07 05:28:54', '2019-06-07 05:28:54', '2019-06-07 05:28:54', '1754-01-01 00:00:00.000', 0, '1754-01-01 00:00:00.000', 0, '1754-01-01 00:00:00.000')
   INSERT INTO dbo.dnn_UserPortals(UserID, PortalID, CreatedDate, Authorised, IsDeleted, RefreshRoles)
   VALUES(@UserID, @PortalID, '2019-06-07 05:28:54', 1, 0, 0)
   INSERT INTO dbo.dnn_UserRoles(UserID, RoleID, IsTrialUsed, CreatedByUserID, CreatedOnDate, LastModifiedByUserID, LastModifiedOnDate, [Status], IsOwner)
   VALUES(@UserId, @FemaleRole, 0, 1, '2019-06-07 05:28:54', 1, '2019-06-07 05:28:54', 1, 0)
   INSERT INTO dbo.dnn_Users(Username, FirstName, LastName, Email, DisplayName, UpdatePassword, LastIPAddress, IsDeleted, CreatedByUserID, CreatedOnDate, LastModifiedByUserID, LastModifiedOnDate, PasswordResetToken, PasswordResetExpiration)
   VALUES('burcht@uzone.id', 'Tasha', 'Burch', 'burcht@uzone.id', 'Tasha Burch', 0, '', 0, 1, '2019-06-07 05:28:54', 1, '2019-06-07 05:28:54', NULL, NULL)
   SELECT @UserID = SCOPE_IDENTITY()
   INSERT INTO dbo.aspnet_Users(ApplicationID, UserName, LoweredUserName, IsAnonymous, LastActivityDate)
   VALUES(@ApplicationId, 'burcht@uzone.id', 'burcht@uzone.id', 0, '2019-06-07 05:28:54')
   SELECT @AspNetUserID = UserId FROM aspnet_Users WHERE Username = 'burcht@uzone.id'
   INSERT INTO dbo.aspnet_Membership(ApplicationID, UserID, Password, PasswordFormat, PasswordSalt, Email, LoweredEmail, IsApproved, IsLockedOut, CreateDate, LastLoginDate, LastPasswordChangedDate, LastLockoutDate, FailedPasswordAttemptCount, FailedPasswordAttemptWindowStart, FailedPasswordAnswerAttemptCount, FailedPasswordAnswerAttemptWindowStart)
   VALUES(@ApplicationID, @AspNetUserID, 'aMoPu/jMK8Yc4dxEEtAWm+RvKkFRjT38n/c1ORi3HgGWXJI15kNozQ==', 2, 'ub/Nej8BunZL3H6o+Z7+sg==', 'burcht@uzone.id', 'burcht@uzone.id', 1, 0, '2019-06-07 05:28:54', '2019-06-07 05:28:54', '2019-06-07 05:28:54', '1754-01-01 00:00:00.000', 0, '1754-01-01 00:00:00.000', 0, '1754-01-01 00:00:00.000')
   INSERT INTO dbo.dnn_UserPortals(UserID, PortalID, CreatedDate, Authorised, IsDeleted, RefreshRoles)
   VALUES(@UserID, @PortalID, '2019-06-07 05:28:54', 1, 0, 0)
   INSERT INTO dbo.dnn_UserRoles(UserID, RoleID, IsTrialUsed, CreatedByUserID, CreatedOnDate, LastModifiedByUserID, LastModifiedOnDate, [Status], IsOwner)
   VALUES(@UserId, @FemaleRole, 0, 1, '2019-06-07 05:28:54', 1, '2019-06-07 05:28:54', 1, 0)
   INSERT INTO dbo.dnn_Users(Username, FirstName, LastName, Email, DisplayName, UpdatePassword, LastIPAddress, IsDeleted, CreatedByUserID, CreatedOnDate, LastModifiedByUserID, LastModifiedOnDate, PasswordResetToken, PasswordResetExpiration)
   VALUES('silvia.maddox@hepsiburada.com', 'Silvia', 'Maddox', 'silvia.maddox@hepsiburada.com', 'Silvia Maddox', 0, '', 0, 1, '2019-06-07 05:28:54', 1, '2019-06-07 05:28:54', NULL, NULL)
   SELECT @UserID = SCOPE_IDENTITY()
   INSERT INTO dbo.aspnet_Users(ApplicationID, UserName, LoweredUserName, IsAnonymous, LastActivityDate)
   VALUES(@ApplicationId, 'silvia.maddox@hepsiburada.com', 'silvia.maddox@hepsiburada.com', 0, '2019-06-07 05:28:54')
   SELECT @AspNetUserID = UserId FROM aspnet_Users WHERE Username = 'silvia.maddox@hepsiburada.com'
   INSERT INTO dbo.aspnet_Membership(ApplicationID, UserID, Password, PasswordFormat, PasswordSalt, Email, LoweredEmail, IsApproved, IsLockedOut, CreateDate, LastLoginDate, LastPasswordChangedDate, LastLockoutDate, FailedPasswordAttemptCount, FailedPasswordAttemptWindowStart, FailedPasswordAnswerAttemptCount, FailedPasswordAnswerAttemptWindowStart)
   VALUES(@ApplicationID, @AspNetUserID, 'aMoPu/jMK8Yc4dxEEtAWm+RvKkFRjT38n/c1ORi3HgGWXJI15kNozQ==', 2, 'ub/Nej8BunZL3H6o+Z7+sg==', 'silvia.maddox@hepsiburada.com', 'silvia.maddox@hepsiburada.com', 1, 0, '2019-06-07 05:28:54', '2019-06-07 05:28:54', '2019-06-07 05:28:54', '1754-01-01 00:00:00.000', 0, '1754-01-01 00:00:00.000', 0, '1754-01-01 00:00:00.000')
   INSERT INTO dbo.dnn_UserPortals(UserID, PortalID, CreatedDate, Authorised, IsDeleted, RefreshRoles)
   VALUES(@UserID, @PortalID, '2019-06-07 05:28:54', 1, 0, 0)
   INSERT INTO dbo.dnn_UserRoles(UserID, RoleID, IsTrialUsed, CreatedByUserID, CreatedOnDate, LastModifiedByUserID, LastModifiedOnDate, [Status], IsOwner)
   VALUES(@UserId, @FemaleRole, 0, 1, '2019-06-07 05:28:54', 1, '2019-06-07 05:28:54', 1, 0)
   INSERT INTO dbo.dnn_Users(Username, FirstName, LastName, Email, DisplayName, UpdatePassword, LastIPAddress, IsDeleted, CreatedByUserID, CreatedOnDate, LastModifiedByUserID, LastModifiedOnDate, PasswordResetToken, PasswordResetExpiration)
   VALUES('e.vo@wwwpromoter.com', 'Elvira', 'Vo', 'e.vo@wwwpromoter.com', 'Elvira Vo', 0, '', 0, 1, '2019-06-07 05:28:54', 1, '2019-06-07 05:28:54', NULL, NULL)
   SELECT @UserID = SCOPE_IDENTITY()
   INSERT INTO dbo.aspnet_Users(ApplicationID, UserName, LoweredUserName, IsAnonymous, LastActivityDate)
   VALUES(@ApplicationId, 'e.vo@wwwpromoter.com', 'e.vo@wwwpromoter.com', 0, '2019-06-07 05:28:54')
   SELECT @AspNetUserID = UserId FROM aspnet_Users WHERE Username = 'e.vo@wwwpromoter.com'
   INSERT INTO dbo.aspnet_Membership(ApplicationID, UserID, Password, PasswordFormat, PasswordSalt, Email, LoweredEmail, IsApproved, IsLockedOut, CreateDate, LastLoginDate, LastPasswordChangedDate, LastLockoutDate, FailedPasswordAttemptCount, FailedPasswordAttemptWindowStart, FailedPasswordAnswerAttemptCount, FailedPasswordAnswerAttemptWindowStart)
   VALUES(@ApplicationID, @AspNetUserID, 'aMoPu/jMK8Yc4dxEEtAWm+RvKkFRjT38n/c1ORi3HgGWXJI15kNozQ==', 2, 'ub/Nej8BunZL3H6o+Z7+sg==', 'e.vo@wwwpromoter.com', 'e.vo@wwwpromoter.com', 1, 0, '2019-06-07 05:28:54', '2019-06-07 05:28:54', '2019-06-07 05:28:54', '1754-01-01 00:00:00.000', 0, '1754-01-01 00:00:00.000', 0, '1754-01-01 00:00:00.000')
   INSERT INTO dbo.dnn_UserPortals(UserID, PortalID, CreatedDate, Authorised, IsDeleted, RefreshRoles)
   VALUES(@UserID, @PortalID, '2019-06-07 05:28:54', 1, 0, 0)
   INSERT INTO dbo.dnn_UserRoles(UserID, RoleID, IsTrialUsed, CreatedByUserID, CreatedOnDate, LastModifiedByUserID, LastModifiedOnDate, [Status], IsOwner)
   VALUES(@UserId, @FemaleRole, 0, 1, '2019-06-07 05:28:54', 1, '2019-06-07 05:28:54', 1, 0)
   INSERT INTO dbo.dnn_Users(Username, FirstName, LastName, Email, DisplayName, UpdatePassword, LastIPAddress, IsDeleted, CreatedByUserID, CreatedOnDate, LastModifiedByUserID, LastModifiedOnDate, PasswordResetToken, PasswordResetExpiration)
   VALUES('oconnellc@popsugar.com', 'Casey', 'Oconnell', 'oconnellc@popsugar.com', 'Casey Oconnell', 0, '', 0, 1, '2019-06-07 05:28:54', 1, '2019-06-07 05:28:54', NULL, NULL)
   SELECT @UserID = SCOPE_IDENTITY()
   INSERT INTO dbo.aspnet_Users(ApplicationID, UserName, LoweredUserName, IsAnonymous, LastActivityDate)
   VALUES(@ApplicationId, 'oconnellc@popsugar.com', 'oconnellc@popsugar.com', 0, '2019-06-07 05:28:54')
   SELECT @AspNetUserID = UserId FROM aspnet_Users WHERE Username = 'oconnellc@popsugar.com'
   INSERT INTO dbo.aspnet_Membership(ApplicationID, UserID, Password, PasswordFormat, PasswordSalt, Email, LoweredEmail, IsApproved, IsLockedOut, CreateDate, LastLoginDate, LastPasswordChangedDate, LastLockoutDate, FailedPasswordAttemptCount, FailedPasswordAttemptWindowStart, FailedPasswordAnswerAttemptCount, FailedPasswordAnswerAttemptWindowStart)
   VALUES(@ApplicationID, @AspNetUserID, 'aMoPu/jMK8Yc4dxEEtAWm+RvKkFRjT38n/c1ORi3HgGWXJI15kNozQ==', 2, 'ub/Nej8BunZL3H6o+Z7+sg==', 'oconnellc@popsugar.com', 'oconnellc@popsugar.com', 1, 0, '2019-06-07 05:28:54', '2019-06-07 05:28:54', '2019-06-07 05:28:54', '1754-01-01 00:00:00.000', 0, '1754-01-01 00:00:00.000', 0, '1754-01-01 00:00:00.000')
   INSERT INTO dbo.dnn_UserPortals(UserID, PortalID, CreatedDate, Authorised, IsDeleted, RefreshRoles)
   VALUES(@UserID, @PortalID, '2019-06-07 05:28:54', 1, 0, 0)
   INSERT INTO dbo.dnn_UserRoles(UserID, RoleID, IsTrialUsed, CreatedByUserID, CreatedOnDate, LastModifiedByUserID, LastModifiedOnDate, [Status], IsOwner)
   VALUES(@UserId, @FemaleRole, 0, 1, '2019-06-07 05:28:54', 1, '2019-06-07 05:28:54', 1, 0)
   INSERT INTO dbo.dnn_Users(Username, FirstName, LastName, Email, DisplayName, UpdatePassword, LastIPAddress, IsDeleted, CreatedByUserID, CreatedOnDate, LastModifiedByUserID, LastModifiedOnDate, PasswordResetToken, PasswordResetExpiration)
   VALUES('delia.vu@panasonic.jp', 'Delia', 'Vu', 'delia.vu@panasonic.jp', 'Delia Vu', 0, '', 0, 1, '2019-06-07 05:28:54', 1, '2019-06-07 05:28:54', NULL, NULL)
   SELECT @UserID = SCOPE_IDENTITY()
   INSERT INTO dbo.aspnet_Users(ApplicationID, UserName, LoweredUserName, IsAnonymous, LastActivityDate)
   VALUES(@ApplicationId, 'delia.vu@panasonic.jp', 'delia.vu@panasonic.jp', 0, '2019-06-07 05:28:54')
   SELECT @AspNetUserID = UserId FROM aspnet_Users WHERE Username = 'delia.vu@panasonic.jp'
   INSERT INTO dbo.aspnet_Membership(ApplicationID, UserID, Password, PasswordFormat, PasswordSalt, Email, LoweredEmail, IsApproved, IsLockedOut, CreateDate, LastLoginDate, LastPasswordChangedDate, LastLockoutDate, FailedPasswordAttemptCount, FailedPasswordAttemptWindowStart, FailedPasswordAnswerAttemptCount, FailedPasswordAnswerAttemptWindowStart)
   VALUES(@ApplicationID, @AspNetUserID, 'aMoPu/jMK8Yc4dxEEtAWm+RvKkFRjT38n/c1ORi3HgGWXJI15kNozQ==', 2, 'ub/Nej8BunZL3H6o+Z7+sg==', 'delia.vu@panasonic.jp', 'delia.vu@panasonic.jp', 1, 0, '2019-06-07 05:28:54', '2019-06-07 05:28:54', '2019-06-07 05:28:54', '1754-01-01 00:00:00.000', 0, '1754-01-01 00:00:00.000', 0, '1754-01-01 00:00:00.000')
   INSERT INTO dbo.dnn_UserPortals(UserID, PortalID, CreatedDate, Authorised, IsDeleted, RefreshRoles)
   VALUES(@UserID, @PortalID, '2019-06-07 05:28:54', 1, 0, 0)
   INSERT INTO dbo.dnn_UserRoles(UserID, RoleID, IsTrialUsed, CreatedByUserID, CreatedOnDate, LastModifiedByUserID, LastModifiedOnDate, [Status], IsOwner)
   VALUES(@UserId, @FemaleRole, 0, 1, '2019-06-07 05:28:54', 1, '2019-06-07 05:28:54', 1, 0)
   INSERT INTO dbo.dnn_Users(Username, FirstName, LastName, Email, DisplayName, UpdatePassword, LastIPAddress, IsDeleted, CreatedByUserID, CreatedOnDate, LastModifiedByUserID, LastModifiedOnDate, PasswordResetToken, PasswordResetExpiration)
   VALUES('s.andersen@360doc.com', 'Sophie', 'Andersen', 's.andersen@360doc.com', 'Sophie Andersen', 0, '', 0, 1, '2019-06-07 05:28:54', 1, '2019-06-07 05:28:54', NULL, NULL)
   SELECT @UserID = SCOPE_IDENTITY()
   INSERT INTO dbo.aspnet_Users(ApplicationID, UserName, LoweredUserName, IsAnonymous, LastActivityDate)
   VALUES(@ApplicationId, 's.andersen@360doc.com', 's.andersen@360doc.com', 0, '2019-06-07 05:28:54')
   SELECT @AspNetUserID = UserId FROM aspnet_Users WHERE Username = 's.andersen@360doc.com'
   INSERT INTO dbo.aspnet_Membership(ApplicationID, UserID, Password, PasswordFormat, PasswordSalt, Email, LoweredEmail, IsApproved, IsLockedOut, CreateDate, LastLoginDate, LastPasswordChangedDate, LastLockoutDate, FailedPasswordAttemptCount, FailedPasswordAttemptWindowStart, FailedPasswordAnswerAttemptCount, FailedPasswordAnswerAttemptWindowStart)
   VALUES(@ApplicationID, @AspNetUserID, 'aMoPu/jMK8Yc4dxEEtAWm+RvKkFRjT38n/c1ORi3HgGWXJI15kNozQ==', 2, 'ub/Nej8BunZL3H6o+Z7+sg==', 's.andersen@360doc.com', 's.andersen@360doc.com', 1, 0, '2019-06-07 05:28:54', '2019-06-07 05:28:54', '2019-06-07 05:28:54', '1754-01-01 00:00:00.000', 0, '1754-01-01 00:00:00.000', 0, '1754-01-01 00:00:00.000')
   INSERT INTO dbo.dnn_UserPortals(UserID, PortalID, CreatedDate, Authorised, IsDeleted, RefreshRoles)
   VALUES(@UserID, @PortalID, '2019-06-07 05:28:54', 1, 0, 0)
   INSERT INTO dbo.dnn_UserRoles(UserID, RoleID, IsTrialUsed, CreatedByUserID, CreatedOnDate, LastModifiedByUserID, LastModifiedOnDate, [Status], IsOwner)
   VALUES(@UserId, @FemaleRole, 0, 1, '2019-06-07 05:28:54', 1, '2019-06-07 05:28:54', 1, 0)
   INSERT INTO dbo.dnn_Users(Username, FirstName, LastName, Email, DisplayName, UpdatePassword, LastIPAddress, IsDeleted, CreatedByUserID, CreatedOnDate, LastModifiedByUserID, LastModifiedOnDate, PasswordResetToken, PasswordResetExpiration)
   VALUES('spencek@minecraft.net', 'Kate', 'Spence', 'spencek@minecraft.net', 'Kate Spence', 0, '', 0, 1, '2019-06-07 05:28:54', 1, '2019-06-07 05:28:54', NULL, NULL)
   SELECT @UserID = SCOPE_IDENTITY()
   INSERT INTO dbo.aspnet_Users(ApplicationID, UserName, LoweredUserName, IsAnonymous, LastActivityDate)
   VALUES(@ApplicationId, 'spencek@minecraft.net', 'spencek@minecraft.net', 0, '2019-06-07 05:28:54')
   SELECT @AspNetUserID = UserId FROM aspnet_Users WHERE Username = 'spencek@minecraft.net'
   INSERT INTO dbo.aspnet_Membership(ApplicationID, UserID, Password, PasswordFormat, PasswordSalt, Email, LoweredEmail, IsApproved, IsLockedOut, CreateDate, LastLoginDate, LastPasswordChangedDate, LastLockoutDate, FailedPasswordAttemptCount, FailedPasswordAttemptWindowStart, FailedPasswordAnswerAttemptCount, FailedPasswordAnswerAttemptWindowStart)
   VALUES(@ApplicationID, @AspNetUserID, 'aMoPu/jMK8Yc4dxEEtAWm+RvKkFRjT38n/c1ORi3HgGWXJI15kNozQ==', 2, 'ub/Nej8BunZL3H6o+Z7+sg==', 'spencek@minecraft.net', 'spencek@minecraft.net', 1, 0, '2019-06-07 05:28:54', '2019-06-07 05:28:54', '2019-06-07 05:28:54', '1754-01-01 00:00:00.000', 0, '1754-01-01 00:00:00.000', 0, '1754-01-01 00:00:00.000')
   INSERT INTO dbo.dnn_UserPortals(UserID, PortalID, CreatedDate, Authorised, IsDeleted, RefreshRoles)
   VALUES(@UserID, @PortalID, '2019-06-07 05:28:54', 1, 0, 0)
   INSERT INTO dbo.dnn_UserRoles(UserID, RoleID, IsTrialUsed, CreatedByUserID, CreatedOnDate, LastModifiedByUserID, LastModifiedOnDate, [Status], IsOwner)
   VALUES(@UserId, @FemaleRole, 0, 1, '2019-06-07 05:28:54', 1, '2019-06-07 05:28:54', 1, 0)
   INSERT INTO dbo.dnn_UserRoles(UserID, RoleID, IsTrialUsed, CreatedByUserID, CreatedOnDate, LastModifiedByUserID, LastModifiedOnDate, [Status], IsOwner)
   VALUES(@UserId, @AcademicRole, 0, 1, '2019-06-07 05:28:54', 1, '2019-06-07 05:28:54', 1, 0)
   INSERT INTO dbo.dnn_Users(Username, FirstName, LastName, Email, DisplayName, UpdatePassword, LastIPAddress, IsDeleted, CreatedByUserID, CreatedOnDate, LastModifiedByUserID, LastModifiedOnDate, PasswordResetToken, PasswordResetExpiration)
   VALUES('patti.mcpherson@internethaber.com', 'Patti', 'Mcpherson', 'patti.mcpherson@internethaber.com', 'Patti Mcpherson', 0, '', 0, 1, '2019-06-07 05:28:54', 1, '2019-06-07 05:28:54', NULL, NULL)
   SELECT @UserID = SCOPE_IDENTITY()
   INSERT INTO dbo.aspnet_Users(ApplicationID, UserName, LoweredUserName, IsAnonymous, LastActivityDate)
   VALUES(@ApplicationId, 'patti.mcpherson@internethaber.com', 'patti.mcpherson@internethaber.com', 0, '2019-06-07 05:28:54')
   SELECT @AspNetUserID = UserId FROM aspnet_Users WHERE Username = 'patti.mcpherson@internethaber.com'
   INSERT INTO dbo.aspnet_Membership(ApplicationID, UserID, Password, PasswordFormat, PasswordSalt, Email, LoweredEmail, IsApproved, IsLockedOut, CreateDate, LastLoginDate, LastPasswordChangedDate, LastLockoutDate, FailedPasswordAttemptCount, FailedPasswordAttemptWindowStart, FailedPasswordAnswerAttemptCount, FailedPasswordAnswerAttemptWindowStart)
   VALUES(@ApplicationID, @AspNetUserID, 'aMoPu/jMK8Yc4dxEEtAWm+RvKkFRjT38n/c1ORi3HgGWXJI15kNozQ==', 2, 'ub/Nej8BunZL3H6o+Z7+sg==', 'patti.mcpherson@internethaber.com', 'patti.mcpherson@internethaber.com', 1, 0, '2019-06-07 05:28:54', '2019-06-07 05:28:54', '2019-06-07 05:28:54', '1754-01-01 00:00:00.000', 0, '1754-01-01 00:00:00.000', 0, '1754-01-01 00:00:00.000')
   INSERT INTO dbo.dnn_UserPortals(UserID, PortalID, CreatedDate, Authorised, IsDeleted, RefreshRoles)
   VALUES(@UserID, @PortalID, '2019-06-07 05:28:54', 1, 0, 0)
   INSERT INTO dbo.dnn_UserRoles(UserID, RoleID, IsTrialUsed, CreatedByUserID, CreatedOnDate, LastModifiedByUserID, LastModifiedOnDate, [Status], IsOwner)
   VALUES(@UserId, @FemaleRole, 0, 1, '2019-06-07 05:28:54', 1, '2019-06-07 05:28:54', 1, 0)
   INSERT INTO dbo.dnn_Users(Username, FirstName, LastName, Email, DisplayName, UpdatePassword, LastIPAddress, IsDeleted, CreatedByUserID, CreatedOnDate, LastModifiedByUserID, LastModifiedOnDate, PasswordResetToken, PasswordResetExpiration)
   VALUES('l.church@dailypakistan.com.pk', 'Lorena', 'Church', 'l.church@dailypakistan.com.pk', 'Lorena Church', 0, '', 0, 1, '2019-06-07 05:28:54', 1, '2019-06-07 05:28:54', NULL, NULL)
   SELECT @UserID = SCOPE_IDENTITY()
   INSERT INTO dbo.aspnet_Users(ApplicationID, UserName, LoweredUserName, IsAnonymous, LastActivityDate)
   VALUES(@ApplicationId, 'l.church@dailypakistan.com.pk', 'l.church@dailypakistan.com.pk', 0, '2019-06-07 05:28:54')
   SELECT @AspNetUserID = UserId FROM aspnet_Users WHERE Username = 'l.church@dailypakistan.com.pk'
   INSERT INTO dbo.aspnet_Membership(ApplicationID, UserID, Password, PasswordFormat, PasswordSalt, Email, LoweredEmail, IsApproved, IsLockedOut, CreateDate, LastLoginDate, LastPasswordChangedDate, LastLockoutDate, FailedPasswordAttemptCount, FailedPasswordAttemptWindowStart, FailedPasswordAnswerAttemptCount, FailedPasswordAnswerAttemptWindowStart)
   VALUES(@ApplicationID, @AspNetUserID, 'aMoPu/jMK8Yc4dxEEtAWm+RvKkFRjT38n/c1ORi3HgGWXJI15kNozQ==', 2, 'ub/Nej8BunZL3H6o+Z7+sg==', 'l.church@dailypakistan.com.pk', 'l.church@dailypakistan.com.pk', 1, 0, '2019-06-07 05:28:54', '2019-06-07 05:28:54', '2019-06-07 05:28:54', '1754-01-01 00:00:00.000', 0, '1754-01-01 00:00:00.000', 0, '1754-01-01 00:00:00.000')
   INSERT INTO dbo.dnn_UserPortals(UserID, PortalID, CreatedDate, Authorised, IsDeleted, RefreshRoles)
   VALUES(@UserID, @PortalID, '2019-06-07 05:28:54', 1, 0, 0)
   INSERT INTO dbo.dnn_UserRoles(UserID, RoleID, IsTrialUsed, CreatedByUserID, CreatedOnDate, LastModifiedByUserID, LastModifiedOnDate, [Status], IsOwner)
   VALUES(@UserId, @FemaleRole, 0, 1, '2019-06-07 05:28:54', 1, '2019-06-07 05:28:54', 1, 0)
   INSERT INTO dbo.dnn_Users(Username, FirstName, LastName, Email, DisplayName, UpdatePassword, LastIPAddress, IsDeleted, CreatedByUserID, CreatedOnDate, LastModifiedByUserID, LastModifiedOnDate, PasswordResetToken, PasswordResetExpiration)
   VALUES('schmittk@bedbathandbeyond.com', 'Kellie', 'Schmitt', 'schmittk@bedbathandbeyond.com', 'Kellie Schmitt', 0, '', 0, 1, '2019-06-07 05:28:54', 1, '2019-06-07 05:28:54', NULL, NULL)
   SELECT @UserID = SCOPE_IDENTITY()
   INSERT INTO dbo.aspnet_Users(ApplicationID, UserName, LoweredUserName, IsAnonymous, LastActivityDate)
   VALUES(@ApplicationId, 'schmittk@bedbathandbeyond.com', 'schmittk@bedbathandbeyond.com', 0, '2019-06-07 05:28:54')
   SELECT @AspNetUserID = UserId FROM aspnet_Users WHERE Username = 'schmittk@bedbathandbeyond.com'
   INSERT INTO dbo.aspnet_Membership(ApplicationID, UserID, Password, PasswordFormat, PasswordSalt, Email, LoweredEmail, IsApproved, IsLockedOut, CreateDate, LastLoginDate, LastPasswordChangedDate, LastLockoutDate, FailedPasswordAttemptCount, FailedPasswordAttemptWindowStart, FailedPasswordAnswerAttemptCount, FailedPasswordAnswerAttemptWindowStart)
   VALUES(@ApplicationID, @AspNetUserID, 'aMoPu/jMK8Yc4dxEEtAWm+RvKkFRjT38n/c1ORi3HgGWXJI15kNozQ==', 2, 'ub/Nej8BunZL3H6o+Z7+sg==', 'schmittk@bedbathandbeyond.com', 'schmittk@bedbathandbeyond.com', 1, 0, '2019-06-07 05:28:54', '2019-06-07 05:28:54', '2019-06-07 05:28:54', '1754-01-01 00:00:00.000', 0, '1754-01-01 00:00:00.000', 0, '1754-01-01 00:00:00.000')
   INSERT INTO dbo.dnn_UserPortals(UserID, PortalID, CreatedDate, Authorised, IsDeleted, RefreshRoles)
   VALUES(@UserID, @PortalID, '2019-06-07 05:28:54', 1, 0, 0)
   INSERT INTO dbo.dnn_UserRoles(UserID, RoleID, IsTrialUsed, CreatedByUserID, CreatedOnDate, LastModifiedByUserID, LastModifiedOnDate, [Status], IsOwner)
   VALUES(@UserId, @FemaleRole, 0, 1, '2019-06-07 05:28:54', 1, '2019-06-07 05:28:54', 1, 0)
   INSERT INTO dbo.dnn_Users(Username, FirstName, LastName, Email, DisplayName, UpdatePassword, LastIPAddress, IsDeleted, CreatedByUserID, CreatedOnDate, LastModifiedByUserID, LastModifiedOnDate, PasswordResetToken, PasswordResetExpiration)
   VALUES('sonja.stanton@pixabay.com', 'Sonja', 'Stanton', 'sonja.stanton@pixabay.com', 'Sonja Stanton', 0, '', 0, 1, '2019-06-07 05:28:54', 1, '2019-06-07 05:28:54', NULL, NULL)
   SELECT @UserID = SCOPE_IDENTITY()
   INSERT INTO dbo.aspnet_Users(ApplicationID, UserName, LoweredUserName, IsAnonymous, LastActivityDate)
   VALUES(@ApplicationId, 'sonja.stanton@pixabay.com', 'sonja.stanton@pixabay.com', 0, '2019-06-07 05:28:54')
   SELECT @AspNetUserID = UserId FROM aspnet_Users WHERE Username = 'sonja.stanton@pixabay.com'
   INSERT INTO dbo.aspnet_Membership(ApplicationID, UserID, Password, PasswordFormat, PasswordSalt, Email, LoweredEmail, IsApproved, IsLockedOut, CreateDate, LastLoginDate, LastPasswordChangedDate, LastLockoutDate, FailedPasswordAttemptCount, FailedPasswordAttemptWindowStart, FailedPasswordAnswerAttemptCount, FailedPasswordAnswerAttemptWindowStart)
   VALUES(@ApplicationID, @AspNetUserID, 'aMoPu/jMK8Yc4dxEEtAWm+RvKkFRjT38n/c1ORi3HgGWXJI15kNozQ==', 2, 'ub/Nej8BunZL3H6o+Z7+sg==', 'sonja.stanton@pixabay.com', 'sonja.stanton@pixabay.com', 1, 0, '2019-06-07 05:28:54', '2019-06-07 05:28:54', '2019-06-07 05:28:54', '1754-01-01 00:00:00.000', 0, '1754-01-01 00:00:00.000', 0, '1754-01-01 00:00:00.000')
   INSERT INTO dbo.dnn_UserPortals(UserID, PortalID, CreatedDate, Authorised, IsDeleted, RefreshRoles)
   VALUES(@UserID, @PortalID, '2019-06-07 05:28:54', 1, 0, 0)
   INSERT INTO dbo.dnn_UserRoles(UserID, RoleID, IsTrialUsed, CreatedByUserID, CreatedOnDate, LastModifiedByUserID, LastModifiedOnDate, [Status], IsOwner)
   VALUES(@UserId, @FemaleRole, 0, 1, '2019-06-07 05:28:54', 1, '2019-06-07 05:28:54', 1, 0)
   INSERT INTO dbo.dnn_Users(Username, FirstName, LastName, Email, DisplayName, UpdatePassword, LastIPAddress, IsDeleted, CreatedByUserID, CreatedOnDate, LastModifiedByUserID, LastModifiedOnDate, PasswordResetToken, PasswordResetExpiration)
   VALUES('l.leal@wav.tv', 'Lila', 'Leal', 'l.leal@wav.tv', 'Lila Leal', 0, '', 0, 1, '2019-06-07 05:28:54', 1, '2019-06-07 05:28:54', NULL, NULL)
   SELECT @UserID = SCOPE_IDENTITY()
   INSERT INTO dbo.aspnet_Users(ApplicationID, UserName, LoweredUserName, IsAnonymous, LastActivityDate)
   VALUES(@ApplicationId, 'l.leal@wav.tv', 'l.leal@wav.tv', 0, '2019-06-07 05:28:54')
   SELECT @AspNetUserID = UserId FROM aspnet_Users WHERE Username = 'l.leal@wav.tv'
   INSERT INTO dbo.aspnet_Membership(ApplicationID, UserID, Password, PasswordFormat, PasswordSalt, Email, LoweredEmail, IsApproved, IsLockedOut, CreateDate, LastLoginDate, LastPasswordChangedDate, LastLockoutDate, FailedPasswordAttemptCount, FailedPasswordAttemptWindowStart, FailedPasswordAnswerAttemptCount, FailedPasswordAnswerAttemptWindowStart)
   VALUES(@ApplicationID, @AspNetUserID, 'aMoPu/jMK8Yc4dxEEtAWm+RvKkFRjT38n/c1ORi3HgGWXJI15kNozQ==', 2, 'ub/Nej8BunZL3H6o+Z7+sg==', 'l.leal@wav.tv', 'l.leal@wav.tv', 1, 0, '2019-06-07 05:28:54', '2019-06-07 05:28:54', '2019-06-07 05:28:54', '1754-01-01 00:00:00.000', 0, '1754-01-01 00:00:00.000', 0, '1754-01-01 00:00:00.000')
   INSERT INTO dbo.dnn_UserPortals(UserID, PortalID, CreatedDate, Authorised, IsDeleted, RefreshRoles)
   VALUES(@UserID, @PortalID, '2019-06-07 05:28:54', 1, 0, 0)
   INSERT INTO dbo.dnn_UserRoles(UserID, RoleID, IsTrialUsed, CreatedByUserID, CreatedOnDate, LastModifiedByUserID, LastModifiedOnDate, [Status], IsOwner)
   VALUES(@UserId, @FemaleRole, 0, 1, '2019-06-07 05:28:54', 1, '2019-06-07 05:28:54', 1, 0)
   INSERT INTO dbo.dnn_Users(Username, FirstName, LastName, Email, DisplayName, UpdatePassword, LastIPAddress, IsDeleted, CreatedByUserID, CreatedOnDate, LastModifiedByUserID, LastModifiedOnDate, PasswordResetToken, PasswordResetExpiration)
   VALUES('cherryl@novinky.cz', 'Lana', 'Cherry', 'cherryl@novinky.cz', 'Lana Cherry', 0, '', 0, 1, '2019-06-07 05:28:54', 1, '2019-06-07 05:28:54', NULL, NULL)
   SELECT @UserID = SCOPE_IDENTITY()
   INSERT INTO dbo.aspnet_Users(ApplicationID, UserName, LoweredUserName, IsAnonymous, LastActivityDate)
   VALUES(@ApplicationId, 'cherryl@novinky.cz', 'cherryl@novinky.cz', 0, '2019-06-07 05:28:54')
   SELECT @AspNetUserID = UserId FROM aspnet_Users WHERE Username = 'cherryl@novinky.cz'
   INSERT INTO dbo.aspnet_Membership(ApplicationID, UserID, Password, PasswordFormat, PasswordSalt, Email, LoweredEmail, IsApproved, IsLockedOut, CreateDate, LastLoginDate, LastPasswordChangedDate, LastLockoutDate, FailedPasswordAttemptCount, FailedPasswordAttemptWindowStart, FailedPasswordAnswerAttemptCount, FailedPasswordAnswerAttemptWindowStart)
   VALUES(@ApplicationID, @AspNetUserID, 'aMoPu/jMK8Yc4dxEEtAWm+RvKkFRjT38n/c1ORi3HgGWXJI15kNozQ==', 2, 'ub/Nej8BunZL3H6o+Z7+sg==', 'cherryl@novinky.cz', 'cherryl@novinky.cz', 1, 0, '2019-06-07 05:28:54', '2019-06-07 05:28:54', '2019-06-07 05:28:54', '1754-01-01 00:00:00.000', 0, '1754-01-01 00:00:00.000', 0, '1754-01-01 00:00:00.000')
   INSERT INTO dbo.dnn_UserPortals(UserID, PortalID, CreatedDate, Authorised, IsDeleted, RefreshRoles)
   VALUES(@UserID, @PortalID, '2019-06-07 05:28:54', 1, 0, 0)
   INSERT INTO dbo.dnn_UserRoles(UserID, RoleID, IsTrialUsed, CreatedByUserID, CreatedOnDate, LastModifiedByUserID, LastModifiedOnDate, [Status], IsOwner)
   VALUES(@UserId, @FemaleRole, 0, 1, '2019-06-07 05:28:54', 1, '2019-06-07 05:28:54', 1, 0)
   INSERT INTO dbo.dnn_Users(Username, FirstName, LastName, Email, DisplayName, UpdatePassword, LastIPAddress, IsDeleted, CreatedByUserID, CreatedOnDate, LastModifiedByUserID, LastModifiedOnDate, PasswordResetToken, PasswordResetExpiration)
   VALUES('darla.compton@uptobox.com', 'Darla', 'Compton', 'darla.compton@uptobox.com', 'Darla Compton', 0, '', 0, 1, '2019-06-07 05:28:54', 1, '2019-06-07 05:28:54', NULL, NULL)
   SELECT @UserID = SCOPE_IDENTITY()
   INSERT INTO dbo.aspnet_Users(ApplicationID, UserName, LoweredUserName, IsAnonymous, LastActivityDate)
   VALUES(@ApplicationId, 'darla.compton@uptobox.com', 'darla.compton@uptobox.com', 0, '2019-06-07 05:28:54')
   SELECT @AspNetUserID = UserId FROM aspnet_Users WHERE Username = 'darla.compton@uptobox.com'
   INSERT INTO dbo.aspnet_Membership(ApplicationID, UserID, Password, PasswordFormat, PasswordSalt, Email, LoweredEmail, IsApproved, IsLockedOut, CreateDate, LastLoginDate, LastPasswordChangedDate, LastLockoutDate, FailedPasswordAttemptCount, FailedPasswordAttemptWindowStart, FailedPasswordAnswerAttemptCount, FailedPasswordAnswerAttemptWindowStart)
   VALUES(@ApplicationID, @AspNetUserID, 'aMoPu/jMK8Yc4dxEEtAWm+RvKkFRjT38n/c1ORi3HgGWXJI15kNozQ==', 2, 'ub/Nej8BunZL3H6o+Z7+sg==', 'darla.compton@uptobox.com', 'darla.compton@uptobox.com', 1, 0, '2019-06-07 05:28:54', '2019-06-07 05:28:54', '2019-06-07 05:28:54', '1754-01-01 00:00:00.000', 0, '1754-01-01 00:00:00.000', 0, '1754-01-01 00:00:00.000')
   INSERT INTO dbo.dnn_UserPortals(UserID, PortalID, CreatedDate, Authorised, IsDeleted, RefreshRoles)
   VALUES(@UserID, @PortalID, '2019-06-07 05:28:54', 1, 0, 0)
   INSERT INTO dbo.dnn_UserRoles(UserID, RoleID, IsTrialUsed, CreatedByUserID, CreatedOnDate, LastModifiedByUserID, LastModifiedOnDate, [Status], IsOwner)
   VALUES(@UserId, @FemaleRole, 0, 1, '2019-06-07 05:28:54', 1, '2019-06-07 05:28:54', 1, 0)
   INSERT INTO dbo.dnn_Users(Username, FirstName, LastName, Email, DisplayName, UpdatePassword, LastIPAddress, IsDeleted, CreatedByUserID, CreatedOnDate, LastModifiedByUserID, LastModifiedOnDate, PasswordResetToken, PasswordResetExpiration)
   VALUES('m.dudley@whitepages.com', 'May', 'Dudley', 'm.dudley@whitepages.com', 'May Dudley', 0, '', 0, 1, '2019-06-07 05:28:54', 1, '2019-06-07 05:28:54', NULL, NULL)
   SELECT @UserID = SCOPE_IDENTITY()
   INSERT INTO dbo.aspnet_Users(ApplicationID, UserName, LoweredUserName, IsAnonymous, LastActivityDate)
   VALUES(@ApplicationId, 'm.dudley@whitepages.com', 'm.dudley@whitepages.com', 0, '2019-06-07 05:28:54')
   SELECT @AspNetUserID = UserId FROM aspnet_Users WHERE Username = 'm.dudley@whitepages.com'
   INSERT INTO dbo.aspnet_Membership(ApplicationID, UserID, Password, PasswordFormat, PasswordSalt, Email, LoweredEmail, IsApproved, IsLockedOut, CreateDate, LastLoginDate, LastPasswordChangedDate, LastLockoutDate, FailedPasswordAttemptCount, FailedPasswordAttemptWindowStart, FailedPasswordAnswerAttemptCount, FailedPasswordAnswerAttemptWindowStart)
   VALUES(@ApplicationID, @AspNetUserID, 'aMoPu/jMK8Yc4dxEEtAWm+RvKkFRjT38n/c1ORi3HgGWXJI15kNozQ==', 2, 'ub/Nej8BunZL3H6o+Z7+sg==', 'm.dudley@whitepages.com', 'm.dudley@whitepages.com', 1, 0, '2019-06-07 05:28:54', '2019-06-07 05:28:54', '2019-06-07 05:28:54', '1754-01-01 00:00:00.000', 0, '1754-01-01 00:00:00.000', 0, '1754-01-01 00:00:00.000')
   INSERT INTO dbo.dnn_UserPortals(UserID, PortalID, CreatedDate, Authorised, IsDeleted, RefreshRoles)
   VALUES(@UserID, @PortalID, '2019-06-07 05:28:54', 1, 0, 0)
   INSERT INTO dbo.dnn_UserRoles(UserID, RoleID, IsTrialUsed, CreatedByUserID, CreatedOnDate, LastModifiedByUserID, LastModifiedOnDate, [Status], IsOwner)
   VALUES(@UserId, @FemaleRole, 0, 1, '2019-06-07 05:28:54', 1, '2019-06-07 05:28:54', 1, 0)
   INSERT INTO dbo.dnn_Users(Username, FirstName, LastName, Email, DisplayName, UpdatePassword, LastIPAddress, IsDeleted, CreatedByUserID, CreatedOnDate, LastModifiedByUserID, LastModifiedOnDate, PasswordResetToken, PasswordResetExpiration)
   VALUES('sierram@icolor.com.cn', 'Mindy', 'Sierra', 'sierram@icolor.com.cn', 'Mindy Sierra', 0, '', 0, 1, '2019-06-07 05:28:54', 1, '2019-06-07 05:28:54', NULL, NULL)
   SELECT @UserID = SCOPE_IDENTITY()
   INSERT INTO dbo.aspnet_Users(ApplicationID, UserName, LoweredUserName, IsAnonymous, LastActivityDate)
   VALUES(@ApplicationId, 'sierram@icolor.com.cn', 'sierram@icolor.com.cn', 0, '2019-06-07 05:28:54')
   SELECT @AspNetUserID = UserId FROM aspnet_Users WHERE Username = 'sierram@icolor.com.cn'
   INSERT INTO dbo.aspnet_Membership(ApplicationID, UserID, Password, PasswordFormat, PasswordSalt, Email, LoweredEmail, IsApproved, IsLockedOut, CreateDate, LastLoginDate, LastPasswordChangedDate, LastLockoutDate, FailedPasswordAttemptCount, FailedPasswordAttemptWindowStart, FailedPasswordAnswerAttemptCount, FailedPasswordAnswerAttemptWindowStart)
   VALUES(@ApplicationID, @AspNetUserID, 'aMoPu/jMK8Yc4dxEEtAWm+RvKkFRjT38n/c1ORi3HgGWXJI15kNozQ==', 2, 'ub/Nej8BunZL3H6o+Z7+sg==', 'sierram@icolor.com.cn', 'sierram@icolor.com.cn', 1, 0, '2019-06-07 05:28:54', '2019-06-07 05:28:54', '2019-06-07 05:28:54', '1754-01-01 00:00:00.000', 0, '1754-01-01 00:00:00.000', 0, '1754-01-01 00:00:00.000')
   INSERT INTO dbo.dnn_UserPortals(UserID, PortalID, CreatedDate, Authorised, IsDeleted, RefreshRoles)
   VALUES(@UserID, @PortalID, '2019-06-07 05:28:54', 1, 0, 0)
   INSERT INTO dbo.dnn_UserRoles(UserID, RoleID, IsTrialUsed, CreatedByUserID, CreatedOnDate, LastModifiedByUserID, LastModifiedOnDate, [Status], IsOwner)
   VALUES(@UserId, @FemaleRole, 0, 1, '2019-06-07 05:28:54', 1, '2019-06-07 05:28:54', 1, 0)
   INSERT INTO dbo.dnn_UserRoles(UserID, RoleID, IsTrialUsed, CreatedByUserID, CreatedOnDate, LastModifiedByUserID, LastModifiedOnDate, [Status], IsOwner)
   VALUES(@UserId, @ManagerRole, 0, 1, '2019-06-07 05:28:54', 1, '2019-06-07 05:28:54', 1, 0)
   INSERT INTO dbo.dnn_Users(Username, FirstName, LastName, Email, DisplayName, UpdatePassword, LastIPAddress, IsDeleted, CreatedByUserID, CreatedOnDate, LastModifiedByUserID, LastModifiedOnDate, PasswordResetToken, PasswordResetExpiration)
   VALUES('essie.pollard@babycenter.com', 'Essie', 'Pollard', 'essie.pollard@babycenter.com', 'Essie Pollard', 0, '', 0, 1, '2019-06-07 05:28:54', 1, '2019-06-07 05:28:54', NULL, NULL)
   SELECT @UserID = SCOPE_IDENTITY()
   INSERT INTO dbo.aspnet_Users(ApplicationID, UserName, LoweredUserName, IsAnonymous, LastActivityDate)
   VALUES(@ApplicationId, 'essie.pollard@babycenter.com', 'essie.pollard@babycenter.com', 0, '2019-06-07 05:28:54')
   SELECT @AspNetUserID = UserId FROM aspnet_Users WHERE Username = 'essie.pollard@babycenter.com'
   INSERT INTO dbo.aspnet_Membership(ApplicationID, UserID, Password, PasswordFormat, PasswordSalt, Email, LoweredEmail, IsApproved, IsLockedOut, CreateDate, LastLoginDate, LastPasswordChangedDate, LastLockoutDate, FailedPasswordAttemptCount, FailedPasswordAttemptWindowStart, FailedPasswordAnswerAttemptCount, FailedPasswordAnswerAttemptWindowStart)
   VALUES(@ApplicationID, @AspNetUserID, 'aMoPu/jMK8Yc4dxEEtAWm+RvKkFRjT38n/c1ORi3HgGWXJI15kNozQ==', 2, 'ub/Nej8BunZL3H6o+Z7+sg==', 'essie.pollard@babycenter.com', 'essie.pollard@babycenter.com', 1, 0, '2019-06-07 05:28:54', '2019-06-07 05:28:54', '2019-06-07 05:28:54', '1754-01-01 00:00:00.000', 0, '1754-01-01 00:00:00.000', 0, '1754-01-01 00:00:00.000')
   INSERT INTO dbo.dnn_UserPortals(UserID, PortalID, CreatedDate, Authorised, IsDeleted, RefreshRoles)
   VALUES(@UserID, @PortalID, '2019-06-07 05:28:54', 1, 0, 0)
   INSERT INTO dbo.dnn_UserRoles(UserID, RoleID, IsTrialUsed, CreatedByUserID, CreatedOnDate, LastModifiedByUserID, LastModifiedOnDate, [Status], IsOwner)
   VALUES(@UserId, @FemaleRole, 0, 1, '2019-06-07 05:28:54', 1, '2019-06-07 05:28:54', 1, 0)
   INSERT INTO dbo.dnn_Users(Username, FirstName, LastName, Email, DisplayName, UpdatePassword, LastIPAddress, IsDeleted, CreatedByUserID, CreatedOnDate, LastModifiedByUserID, LastModifiedOnDate, PasswordResetToken, PasswordResetExpiration)
   VALUES('m.alfaro@qvc.com', 'Mandy', 'Alfaro', 'm.alfaro@qvc.com', 'Mandy Alfaro', 0, '', 0, 1, '2019-06-07 05:28:54', 1, '2019-06-07 05:28:54', NULL, NULL)
   SELECT @UserID = SCOPE_IDENTITY()
   INSERT INTO dbo.aspnet_Users(ApplicationID, UserName, LoweredUserName, IsAnonymous, LastActivityDate)
   VALUES(@ApplicationId, 'm.alfaro@qvc.com', 'm.alfaro@qvc.com', 0, '2019-06-07 05:28:54')
   SELECT @AspNetUserID = UserId FROM aspnet_Users WHERE Username = 'm.alfaro@qvc.com'
   INSERT INTO dbo.aspnet_Membership(ApplicationID, UserID, Password, PasswordFormat, PasswordSalt, Email, LoweredEmail, IsApproved, IsLockedOut, CreateDate, LastLoginDate, LastPasswordChangedDate, LastLockoutDate, FailedPasswordAttemptCount, FailedPasswordAttemptWindowStart, FailedPasswordAnswerAttemptCount, FailedPasswordAnswerAttemptWindowStart)
   VALUES(@ApplicationID, @AspNetUserID, 'aMoPu/jMK8Yc4dxEEtAWm+RvKkFRjT38n/c1ORi3HgGWXJI15kNozQ==', 2, 'ub/Nej8BunZL3H6o+Z7+sg==', 'm.alfaro@qvc.com', 'm.alfaro@qvc.com', 1, 0, '2019-06-07 05:28:54', '2019-06-07 05:28:54', '2019-06-07 05:28:54', '1754-01-01 00:00:00.000', 0, '1754-01-01 00:00:00.000', 0, '1754-01-01 00:00:00.000')
   INSERT INTO dbo.dnn_UserPortals(UserID, PortalID, CreatedDate, Authorised, IsDeleted, RefreshRoles)
   VALUES(@UserID, @PortalID, '2019-06-07 05:28:54', 1, 0, 0)
   INSERT INTO dbo.dnn_UserRoles(UserID, RoleID, IsTrialUsed, CreatedByUserID, CreatedOnDate, LastModifiedByUserID, LastModifiedOnDate, [Status], IsOwner)
   VALUES(@UserId, @FemaleRole, 0, 1, '2019-06-07 05:28:54', 1, '2019-06-07 05:28:54', 1, 0)
   INSERT INTO dbo.dnn_Users(Username, FirstName, LastName, Email, DisplayName, UpdatePassword, LastIPAddress, IsDeleted, CreatedByUserID, CreatedOnDate, LastModifiedByUserID, LastModifiedOnDate, PasswordResetToken, PasswordResetExpiration)
   VALUES('hesterl@indiamart.com', 'Lorene', 'Hester', 'hesterl@indiamart.com', 'Lorene Hester', 0, '', 0, 1, '2019-06-07 05:28:54', 1, '2019-06-07 05:28:54', NULL, NULL)
   SELECT @UserID = SCOPE_IDENTITY()
   INSERT INTO dbo.aspnet_Users(ApplicationID, UserName, LoweredUserName, IsAnonymous, LastActivityDate)
   VALUES(@ApplicationId, 'hesterl@indiamart.com', 'hesterl@indiamart.com', 0, '2019-06-07 05:28:54')
   SELECT @AspNetUserID = UserId FROM aspnet_Users WHERE Username = 'hesterl@indiamart.com'
   INSERT INTO dbo.aspnet_Membership(ApplicationID, UserID, Password, PasswordFormat, PasswordSalt, Email, LoweredEmail, IsApproved, IsLockedOut, CreateDate, LastLoginDate, LastPasswordChangedDate, LastLockoutDate, FailedPasswordAttemptCount, FailedPasswordAttemptWindowStart, FailedPasswordAnswerAttemptCount, FailedPasswordAnswerAttemptWindowStart)
   VALUES(@ApplicationID, @AspNetUserID, 'aMoPu/jMK8Yc4dxEEtAWm+RvKkFRjT38n/c1ORi3HgGWXJI15kNozQ==', 2, 'ub/Nej8BunZL3H6o+Z7+sg==', 'hesterl@indiamart.com', 'hesterl@indiamart.com', 1, 0, '2019-06-07 05:28:54', '2019-06-07 05:28:54', '2019-06-07 05:28:54', '1754-01-01 00:00:00.000', 0, '1754-01-01 00:00:00.000', 0, '1754-01-01 00:00:00.000')
   INSERT INTO dbo.dnn_UserPortals(UserID, PortalID, CreatedDate, Authorised, IsDeleted, RefreshRoles)
   VALUES(@UserID, @PortalID, '2019-06-07 05:28:54', 1, 0, 0)
   INSERT INTO dbo.dnn_UserRoles(UserID, RoleID, IsTrialUsed, CreatedByUserID, CreatedOnDate, LastModifiedByUserID, LastModifiedOnDate, [Status], IsOwner)
   VALUES(@UserId, @FemaleRole, 0, 1, '2019-06-07 05:28:54', 1, '2019-06-07 05:28:54', 1, 0)
   INSERT INTO dbo.dnn_Users(Username, FirstName, LastName, Email, DisplayName, UpdatePassword, LastIPAddress, IsDeleted, CreatedByUserID, CreatedOnDate, LastModifiedByUserID, LastModifiedOnDate, PasswordResetToken, PasswordResetExpiration)
   VALUES('elsa.proctor@onlinecreditcenter6.com', 'Elsa', 'Proctor', 'elsa.proctor@onlinecreditcenter6.com', 'Elsa Proctor', 0, '', 0, 1, '2019-06-07 05:28:54', 1, '2019-06-07 05:28:54', NULL, NULL)
   SELECT @UserID = SCOPE_IDENTITY()
   INSERT INTO dbo.aspnet_Users(ApplicationID, UserName, LoweredUserName, IsAnonymous, LastActivityDate)
   VALUES(@ApplicationId, 'elsa.proctor@onlinecreditcenter6.com', 'elsa.proctor@onlinecreditcenter6.com', 0, '2019-06-07 05:28:54')
   SELECT @AspNetUserID = UserId FROM aspnet_Users WHERE Username = 'elsa.proctor@onlinecreditcenter6.com'
   INSERT INTO dbo.aspnet_Membership(ApplicationID, UserID, Password, PasswordFormat, PasswordSalt, Email, LoweredEmail, IsApproved, IsLockedOut, CreateDate, LastLoginDate, LastPasswordChangedDate, LastLockoutDate, FailedPasswordAttemptCount, FailedPasswordAttemptWindowStart, FailedPasswordAnswerAttemptCount, FailedPasswordAnswerAttemptWindowStart)
   VALUES(@ApplicationID, @AspNetUserID, 'aMoPu/jMK8Yc4dxEEtAWm+RvKkFRjT38n/c1ORi3HgGWXJI15kNozQ==', 2, 'ub/Nej8BunZL3H6o+Z7+sg==', 'elsa.proctor@onlinecreditcenter6.com', 'elsa.proctor@onlinecreditcenter6.com', 1, 0, '2019-06-07 05:28:54', '2019-06-07 05:28:54', '2019-06-07 05:28:54', '1754-01-01 00:00:00.000', 0, '1754-01-01 00:00:00.000', 0, '1754-01-01 00:00:00.000')
   INSERT INTO dbo.dnn_UserPortals(UserID, PortalID, CreatedDate, Authorised, IsDeleted, RefreshRoles)
   VALUES(@UserID, @PortalID, '2019-06-07 05:28:54', 1, 0, 0)
   INSERT INTO dbo.dnn_UserRoles(UserID, RoleID, IsTrialUsed, CreatedByUserID, CreatedOnDate, LastModifiedByUserID, LastModifiedOnDate, [Status], IsOwner)
   VALUES(@UserId, @FemaleRole, 0, 1, '2019-06-07 05:28:54', 1, '2019-06-07 05:28:54', 1, 0)
   INSERT INTO dbo.dnn_Users(Username, FirstName, LastName, Email, DisplayName, UpdatePassword, LastIPAddress, IsDeleted, CreatedByUserID, CreatedOnDate, LastModifiedByUserID, LastModifiedOnDate, PasswordResetToken, PasswordResetExpiration)
   VALUES('j.lu@6pm.com', 'Josefina', 'Lu', 'j.lu@6pm.com', 'Josefina Lu', 0, '', 0, 1, '2019-06-07 05:28:54', 1, '2019-06-07 05:28:54', NULL, NULL)
   SELECT @UserID = SCOPE_IDENTITY()
   INSERT INTO dbo.aspnet_Users(ApplicationID, UserName, LoweredUserName, IsAnonymous, LastActivityDate)
   VALUES(@ApplicationId, 'j.lu@6pm.com', 'j.lu@6pm.com', 0, '2019-06-07 05:28:54')
   SELECT @AspNetUserID = UserId FROM aspnet_Users WHERE Username = 'j.lu@6pm.com'
   INSERT INTO dbo.aspnet_Membership(ApplicationID, UserID, Password, PasswordFormat, PasswordSalt, Email, LoweredEmail, IsApproved, IsLockedOut, CreateDate, LastLoginDate, LastPasswordChangedDate, LastLockoutDate, FailedPasswordAttemptCount, FailedPasswordAttemptWindowStart, FailedPasswordAnswerAttemptCount, FailedPasswordAnswerAttemptWindowStart)
   VALUES(@ApplicationID, @AspNetUserID, 'aMoPu/jMK8Yc4dxEEtAWm+RvKkFRjT38n/c1ORi3HgGWXJI15kNozQ==', 2, 'ub/Nej8BunZL3H6o+Z7+sg==', 'j.lu@6pm.com', 'j.lu@6pm.com', 1, 0, '2019-06-07 05:28:54', '2019-06-07 05:28:54', '2019-06-07 05:28:54', '1754-01-01 00:00:00.000', 0, '1754-01-01 00:00:00.000', 0, '1754-01-01 00:00:00.000')
   INSERT INTO dbo.dnn_UserPortals(UserID, PortalID, CreatedDate, Authorised, IsDeleted, RefreshRoles)
   VALUES(@UserID, @PortalID, '2019-06-07 05:28:54', 1, 0, 0)
   INSERT INTO dbo.dnn_UserRoles(UserID, RoleID, IsTrialUsed, CreatedByUserID, CreatedOnDate, LastModifiedByUserID, LastModifiedOnDate, [Status], IsOwner)
   VALUES(@UserId, @FemaleRole, 0, 1, '2019-06-07 05:28:54', 1, '2019-06-07 05:28:54', 1, 0)
   INSERT INTO dbo.dnn_Users(Username, FirstName, LastName, Email, DisplayName, UpdatePassword, LastIPAddress, IsDeleted, CreatedByUserID, CreatedOnDate, LastModifiedByUserID, LastModifiedOnDate, PasswordResetToken, PasswordResetExpiration)
   VALUES('hintonj@g2a.com', 'Jeannie', 'Hinton', 'hintonj@g2a.com', 'Jeannie Hinton', 0, '', 0, 1, '2019-06-07 05:28:54', 1, '2019-06-07 05:28:54', NULL, NULL)
   SELECT @UserID = SCOPE_IDENTITY()
   INSERT INTO dbo.aspnet_Users(ApplicationID, UserName, LoweredUserName, IsAnonymous, LastActivityDate)
   VALUES(@ApplicationId, 'hintonj@g2a.com', 'hintonj@g2a.com', 0, '2019-06-07 05:28:54')
   SELECT @AspNetUserID = UserId FROM aspnet_Users WHERE Username = 'hintonj@g2a.com'
   INSERT INTO dbo.aspnet_Membership(ApplicationID, UserID, Password, PasswordFormat, PasswordSalt, Email, LoweredEmail, IsApproved, IsLockedOut, CreateDate, LastLoginDate, LastPasswordChangedDate, LastLockoutDate, FailedPasswordAttemptCount, FailedPasswordAttemptWindowStart, FailedPasswordAnswerAttemptCount, FailedPasswordAnswerAttemptWindowStart)
   VALUES(@ApplicationID, @AspNetUserID, 'aMoPu/jMK8Yc4dxEEtAWm+RvKkFRjT38n/c1ORi3HgGWXJI15kNozQ==', 2, 'ub/Nej8BunZL3H6o+Z7+sg==', 'hintonj@g2a.com', 'hintonj@g2a.com', 1, 0, '2019-06-07 05:28:54', '2019-06-07 05:28:54', '2019-06-07 05:28:54', '1754-01-01 00:00:00.000', 0, '1754-01-01 00:00:00.000', 0, '1754-01-01 00:00:00.000')
   INSERT INTO dbo.dnn_UserPortals(UserID, PortalID, CreatedDate, Authorised, IsDeleted, RefreshRoles)
   VALUES(@UserID, @PortalID, '2019-06-07 05:28:54', 1, 0, 0)
   INSERT INTO dbo.dnn_UserRoles(UserID, RoleID, IsTrialUsed, CreatedByUserID, CreatedOnDate, LastModifiedByUserID, LastModifiedOnDate, [Status], IsOwner)
   VALUES(@UserId, @FemaleRole, 0, 1, '2019-06-07 05:28:54', 1, '2019-06-07 05:28:54', 1, 0)
   INSERT INTO dbo.dnn_Users(Username, FirstName, LastName, Email, DisplayName, UpdatePassword, LastIPAddress, IsDeleted, CreatedByUserID, CreatedOnDate, LastModifiedByUserID, LastModifiedOnDate, PasswordResetToken, PasswordResetExpiration)
   VALUES('miranda.novak@milanuncios.com', 'Miranda', 'Novak', 'miranda.novak@milanuncios.com', 'Miranda Novak', 0, '', 0, 1, '2019-06-07 05:28:54', 1, '2019-06-07 05:28:54', NULL, NULL)
   SELECT @UserID = SCOPE_IDENTITY()
   INSERT INTO dbo.aspnet_Users(ApplicationID, UserName, LoweredUserName, IsAnonymous, LastActivityDate)
   VALUES(@ApplicationId, 'miranda.novak@milanuncios.com', 'miranda.novak@milanuncios.com', 0, '2019-06-07 05:28:54')
   SELECT @AspNetUserID = UserId FROM aspnet_Users WHERE Username = 'miranda.novak@milanuncios.com'
   INSERT INTO dbo.aspnet_Membership(ApplicationID, UserID, Password, PasswordFormat, PasswordSalt, Email, LoweredEmail, IsApproved, IsLockedOut, CreateDate, LastLoginDate, LastPasswordChangedDate, LastLockoutDate, FailedPasswordAttemptCount, FailedPasswordAttemptWindowStart, FailedPasswordAnswerAttemptCount, FailedPasswordAnswerAttemptWindowStart)
   VALUES(@ApplicationID, @AspNetUserID, 'aMoPu/jMK8Yc4dxEEtAWm+RvKkFRjT38n/c1ORi3HgGWXJI15kNozQ==', 2, 'ub/Nej8BunZL3H6o+Z7+sg==', 'miranda.novak@milanuncios.com', 'miranda.novak@milanuncios.com', 1, 0, '2019-06-07 05:28:54', '2019-06-07 05:28:54', '2019-06-07 05:28:54', '1754-01-01 00:00:00.000', 0, '1754-01-01 00:00:00.000', 0, '1754-01-01 00:00:00.000')
   INSERT INTO dbo.dnn_UserPortals(UserID, PortalID, CreatedDate, Authorised, IsDeleted, RefreshRoles)
   VALUES(@UserID, @PortalID, '2019-06-07 05:28:54', 1, 0, 0)
   INSERT INTO dbo.dnn_UserRoles(UserID, RoleID, IsTrialUsed, CreatedByUserID, CreatedOnDate, LastModifiedByUserID, LastModifiedOnDate, [Status], IsOwner)
   VALUES(@UserId, @FemaleRole, 0, 1, '2019-06-07 05:28:54', 1, '2019-06-07 05:28:54', 1, 0)
   INSERT INTO dbo.dnn_Users(Username, FirstName, LastName, Email, DisplayName, UpdatePassword, LastIPAddress, IsDeleted, CreatedByUserID, CreatedOnDate, LastModifiedByUserID, LastModifiedOnDate, PasswordResetToken, PasswordResetExpiration)
   VALUES('d.good@mayoclinic.org', 'Dixie', 'Good', 'd.good@mayoclinic.org', 'Dixie Good', 0, '', 0, 1, '2019-06-07 05:28:54', 1, '2019-06-07 05:28:54', NULL, NULL)
   SELECT @UserID = SCOPE_IDENTITY()
   INSERT INTO dbo.aspnet_Users(ApplicationID, UserName, LoweredUserName, IsAnonymous, LastActivityDate)
   VALUES(@ApplicationId, 'd.good@mayoclinic.org', 'd.good@mayoclinic.org', 0, '2019-06-07 05:28:54')
   SELECT @AspNetUserID = UserId FROM aspnet_Users WHERE Username = 'd.good@mayoclinic.org'
   INSERT INTO dbo.aspnet_Membership(ApplicationID, UserID, Password, PasswordFormat, PasswordSalt, Email, LoweredEmail, IsApproved, IsLockedOut, CreateDate, LastLoginDate, LastPasswordChangedDate, LastLockoutDate, FailedPasswordAttemptCount, FailedPasswordAttemptWindowStart, FailedPasswordAnswerAttemptCount, FailedPasswordAnswerAttemptWindowStart)
   VALUES(@ApplicationID, @AspNetUserID, 'aMoPu/jMK8Yc4dxEEtAWm+RvKkFRjT38n/c1ORi3HgGWXJI15kNozQ==', 2, 'ub/Nej8BunZL3H6o+Z7+sg==', 'd.good@mayoclinic.org', 'd.good@mayoclinic.org', 1, 0, '2019-06-07 05:28:54', '2019-06-07 05:28:54', '2019-06-07 05:28:54', '1754-01-01 00:00:00.000', 0, '1754-01-01 00:00:00.000', 0, '1754-01-01 00:00:00.000')
   INSERT INTO dbo.dnn_UserPortals(UserID, PortalID, CreatedDate, Authorised, IsDeleted, RefreshRoles)
   VALUES(@UserID, @PortalID, '2019-06-07 05:28:54', 1, 0, 0)
   INSERT INTO dbo.dnn_UserRoles(UserID, RoleID, IsTrialUsed, CreatedByUserID, CreatedOnDate, LastModifiedByUserID, LastModifiedOnDate, [Status], IsOwner)
   VALUES(@UserId, @FemaleRole, 0, 1, '2019-06-07 05:28:54', 1, '2019-06-07 05:28:54', 1, 0)
   INSERT INTO dbo.dnn_Users(Username, FirstName, LastName, Email, DisplayName, UpdatePassword, LastIPAddress, IsDeleted, CreatedByUserID, CreatedOnDate, LastModifiedByUserID, LastModifiedOnDate, PasswordResetToken, PasswordResetExpiration)
   VALUES('maddenl@commentcamarche.net', 'Lucia', 'Madden', 'maddenl@commentcamarche.net', 'Lucia Madden', 0, '', 0, 1, '2019-06-07 05:28:54', 1, '2019-06-07 05:28:54', NULL, NULL)
   SELECT @UserID = SCOPE_IDENTITY()
   INSERT INTO dbo.aspnet_Users(ApplicationID, UserName, LoweredUserName, IsAnonymous, LastActivityDate)
   VALUES(@ApplicationId, 'maddenl@commentcamarche.net', 'maddenl@commentcamarche.net', 0, '2019-06-07 05:28:54')
   SELECT @AspNetUserID = UserId FROM aspnet_Users WHERE Username = 'maddenl@commentcamarche.net'
   INSERT INTO dbo.aspnet_Membership(ApplicationID, UserID, Password, PasswordFormat, PasswordSalt, Email, LoweredEmail, IsApproved, IsLockedOut, CreateDate, LastLoginDate, LastPasswordChangedDate, LastLockoutDate, FailedPasswordAttemptCount, FailedPasswordAttemptWindowStart, FailedPasswordAnswerAttemptCount, FailedPasswordAnswerAttemptWindowStart)
   VALUES(@ApplicationID, @AspNetUserID, 'aMoPu/jMK8Yc4dxEEtAWm+RvKkFRjT38n/c1ORi3HgGWXJI15kNozQ==', 2, 'ub/Nej8BunZL3H6o+Z7+sg==', 'maddenl@commentcamarche.net', 'maddenl@commentcamarche.net', 1, 0, '2019-06-07 05:28:54', '2019-06-07 05:28:54', '2019-06-07 05:28:54', '1754-01-01 00:00:00.000', 0, '1754-01-01 00:00:00.000', 0, '1754-01-01 00:00:00.000')
   INSERT INTO dbo.dnn_UserPortals(UserID, PortalID, CreatedDate, Authorised, IsDeleted, RefreshRoles)
   VALUES(@UserID, @PortalID, '2019-06-07 05:28:54', 1, 0, 0)
   INSERT INTO dbo.dnn_UserRoles(UserID, RoleID, IsTrialUsed, CreatedByUserID, CreatedOnDate, LastModifiedByUserID, LastModifiedOnDate, [Status], IsOwner)
   VALUES(@UserId, @FemaleRole, 0, 1, '2019-06-07 05:28:54', 1, '2019-06-07 05:28:54', 1, 0)
   INSERT INTO dbo.dnn_Users(Username, FirstName, LastName, Email, DisplayName, UpdatePassword, LastIPAddress, IsDeleted, CreatedByUserID, CreatedOnDate, LastModifiedByUserID, LastModifiedOnDate, PasswordResetToken, PasswordResetExpiration)
   VALUES('marta.mccann@gawker.com', 'Marta', 'Mccann', 'marta.mccann@gawker.com', 'Marta Mccann', 0, '', 0, 1, '2019-06-07 05:28:54', 1, '2019-06-07 05:28:54', NULL, NULL)
   SELECT @UserID = SCOPE_IDENTITY()
   INSERT INTO dbo.aspnet_Users(ApplicationID, UserName, LoweredUserName, IsAnonymous, LastActivityDate)
   VALUES(@ApplicationId, 'marta.mccann@gawker.com', 'marta.mccann@gawker.com', 0, '2019-06-07 05:28:54')
   SELECT @AspNetUserID = UserId FROM aspnet_Users WHERE Username = 'marta.mccann@gawker.com'
   INSERT INTO dbo.aspnet_Membership(ApplicationID, UserID, Password, PasswordFormat, PasswordSalt, Email, LoweredEmail, IsApproved, IsLockedOut, CreateDate, LastLoginDate, LastPasswordChangedDate, LastLockoutDate, FailedPasswordAttemptCount, FailedPasswordAttemptWindowStart, FailedPasswordAnswerAttemptCount, FailedPasswordAnswerAttemptWindowStart)
   VALUES(@ApplicationID, @AspNetUserID, 'aMoPu/jMK8Yc4dxEEtAWm+RvKkFRjT38n/c1ORi3HgGWXJI15kNozQ==', 2, 'ub/Nej8BunZL3H6o+Z7+sg==', 'marta.mccann@gawker.com', 'marta.mccann@gawker.com', 1, 0, '2019-06-07 05:28:54', '2019-06-07 05:28:54', '2019-06-07 05:28:54', '1754-01-01 00:00:00.000', 0, '1754-01-01 00:00:00.000', 0, '1754-01-01 00:00:00.000')
   INSERT INTO dbo.dnn_UserPortals(UserID, PortalID, CreatedDate, Authorised, IsDeleted, RefreshRoles)
   VALUES(@UserID, @PortalID, '2019-06-07 05:28:54', 1, 0, 0)
   INSERT INTO dbo.dnn_UserRoles(UserID, RoleID, IsTrialUsed, CreatedByUserID, CreatedOnDate, LastModifiedByUserID, LastModifiedOnDate, [Status], IsOwner)
   VALUES(@UserId, @FemaleRole, 0, 1, '2019-06-07 05:28:54', 1, '2019-06-07 05:28:54', 1, 0)
   INSERT INTO dbo.dnn_Users(Username, FirstName, LastName, Email, DisplayName, UpdatePassword, LastIPAddress, IsDeleted, CreatedByUserID, CreatedOnDate, LastModifiedByUserID, LastModifiedOnDate, PasswordResetToken, PasswordResetExpiration)
   VALUES('f.terrell@fandango.com', 'Faith', 'Terrell', 'f.terrell@fandango.com', 'Faith Terrell', 0, '', 0, 1, '2019-06-07 05:28:54', 1, '2019-06-07 05:28:54', NULL, NULL)
   SELECT @UserID = SCOPE_IDENTITY()
   INSERT INTO dbo.aspnet_Users(ApplicationID, UserName, LoweredUserName, IsAnonymous, LastActivityDate)
   VALUES(@ApplicationId, 'f.terrell@fandango.com', 'f.terrell@fandango.com', 0, '2019-06-07 05:28:54')
   SELECT @AspNetUserID = UserId FROM aspnet_Users WHERE Username = 'f.terrell@fandango.com'
   INSERT INTO dbo.aspnet_Membership(ApplicationID, UserID, Password, PasswordFormat, PasswordSalt, Email, LoweredEmail, IsApproved, IsLockedOut, CreateDate, LastLoginDate, LastPasswordChangedDate, LastLockoutDate, FailedPasswordAttemptCount, FailedPasswordAttemptWindowStart, FailedPasswordAnswerAttemptCount, FailedPasswordAnswerAttemptWindowStart)
   VALUES(@ApplicationID, @AspNetUserID, 'aMoPu/jMK8Yc4dxEEtAWm+RvKkFRjT38n/c1ORi3HgGWXJI15kNozQ==', 2, 'ub/Nej8BunZL3H6o+Z7+sg==', 'f.terrell@fandango.com', 'f.terrell@fandango.com', 1, 0, '2019-06-07 05:28:54', '2019-06-07 05:28:54', '2019-06-07 05:28:54', '1754-01-01 00:00:00.000', 0, '1754-01-01 00:00:00.000', 0, '1754-01-01 00:00:00.000')
   INSERT INTO dbo.dnn_UserPortals(UserID, PortalID, CreatedDate, Authorised, IsDeleted, RefreshRoles)
   VALUES(@UserID, @PortalID, '2019-06-07 05:28:54', 1, 0, 0)
   INSERT INTO dbo.dnn_UserRoles(UserID, RoleID, IsTrialUsed, CreatedByUserID, CreatedOnDate, LastModifiedByUserID, LastModifiedOnDate, [Status], IsOwner)
   VALUES(@UserId, @FemaleRole, 0, 1, '2019-06-07 05:28:54', 1, '2019-06-07 05:28:54', 1, 0)
   INSERT INTO dbo.dnn_Users(Username, FirstName, LastName, Email, DisplayName, UpdatePassword, LastIPAddress, IsDeleted, CreatedByUserID, CreatedOnDate, LastModifiedByUserID, LastModifiedOnDate, PasswordResetToken, PasswordResetExpiration)
   VALUES('jarvisl@duowan.com', 'Lela', 'Jarvis', 'jarvisl@duowan.com', 'Lela Jarvis', 0, '', 0, 1, '2019-06-07 05:28:54', 1, '2019-06-07 05:28:54', NULL, NULL)
   SELECT @UserID = SCOPE_IDENTITY()
   INSERT INTO dbo.aspnet_Users(ApplicationID, UserName, LoweredUserName, IsAnonymous, LastActivityDate)
   VALUES(@ApplicationId, 'jarvisl@duowan.com', 'jarvisl@duowan.com', 0, '2019-06-07 05:28:54')
   SELECT @AspNetUserID = UserId FROM aspnet_Users WHERE Username = 'jarvisl@duowan.com'
   INSERT INTO dbo.aspnet_Membership(ApplicationID, UserID, Password, PasswordFormat, PasswordSalt, Email, LoweredEmail, IsApproved, IsLockedOut, CreateDate, LastLoginDate, LastPasswordChangedDate, LastLockoutDate, FailedPasswordAttemptCount, FailedPasswordAttemptWindowStart, FailedPasswordAnswerAttemptCount, FailedPasswordAnswerAttemptWindowStart)
   VALUES(@ApplicationID, @AspNetUserID, 'aMoPu/jMK8Yc4dxEEtAWm+RvKkFRjT38n/c1ORi3HgGWXJI15kNozQ==', 2, 'ub/Nej8BunZL3H6o+Z7+sg==', 'jarvisl@duowan.com', 'jarvisl@duowan.com', 1, 0, '2019-06-07 05:28:54', '2019-06-07 05:28:54', '2019-06-07 05:28:54', '1754-01-01 00:00:00.000', 0, '1754-01-01 00:00:00.000', 0, '1754-01-01 00:00:00.000')
   INSERT INTO dbo.dnn_UserPortals(UserID, PortalID, CreatedDate, Authorised, IsDeleted, RefreshRoles)
   VALUES(@UserID, @PortalID, '2019-06-07 05:28:54', 1, 0, 0)
   INSERT INTO dbo.dnn_UserRoles(UserID, RoleID, IsTrialUsed, CreatedByUserID, CreatedOnDate, LastModifiedByUserID, LastModifiedOnDate, [Status], IsOwner)
   VALUES(@UserId, @FemaleRole, 0, 1, '2019-06-07 05:28:54', 1, '2019-06-07 05:28:54', 1, 0)
   INSERT INTO dbo.dnn_UserRoles(UserID, RoleID, IsTrialUsed, CreatedByUserID, CreatedOnDate, LastModifiedByUserID, LastModifiedOnDate, [Status], IsOwner)
   VALUES(@UserId, @AcademicRole, 0, 1, '2019-06-07 05:28:54', 1, '2019-06-07 05:28:54', 1, 0)
   INSERT INTO dbo.dnn_Users(Username, FirstName, LastName, Email, DisplayName, UpdatePassword, LastIPAddress, IsDeleted, CreatedByUserID, CreatedOnDate, LastModifiedByUserID, LastModifiedOnDate, PasswordResetToken, PasswordResetExpiration)
   VALUES('johanna.dickson@myanimelist.net', 'Johanna', 'Dickson', 'johanna.dickson@myanimelist.net', 'Johanna Dickson', 0, '', 0, 1, '2019-06-07 05:28:54', 1, '2019-06-07 05:28:54', NULL, NULL)
   SELECT @UserID = SCOPE_IDENTITY()
   INSERT INTO dbo.aspnet_Users(ApplicationID, UserName, LoweredUserName, IsAnonymous, LastActivityDate)
   VALUES(@ApplicationId, 'johanna.dickson@myanimelist.net', 'johanna.dickson@myanimelist.net', 0, '2019-06-07 05:28:54')
   SELECT @AspNetUserID = UserId FROM aspnet_Users WHERE Username = 'johanna.dickson@myanimelist.net'
   INSERT INTO dbo.aspnet_Membership(ApplicationID, UserID, Password, PasswordFormat, PasswordSalt, Email, LoweredEmail, IsApproved, IsLockedOut, CreateDate, LastLoginDate, LastPasswordChangedDate, LastLockoutDate, FailedPasswordAttemptCount, FailedPasswordAttemptWindowStart, FailedPasswordAnswerAttemptCount, FailedPasswordAnswerAttemptWindowStart)
   VALUES(@ApplicationID, @AspNetUserID, 'aMoPu/jMK8Yc4dxEEtAWm+RvKkFRjT38n/c1ORi3HgGWXJI15kNozQ==', 2, 'ub/Nej8BunZL3H6o+Z7+sg==', 'johanna.dickson@myanimelist.net', 'johanna.dickson@myanimelist.net', 1, 0, '2019-06-07 05:28:54', '2019-06-07 05:28:54', '2019-06-07 05:28:54', '1754-01-01 00:00:00.000', 0, '1754-01-01 00:00:00.000', 0, '1754-01-01 00:00:00.000')
   INSERT INTO dbo.dnn_UserPortals(UserID, PortalID, CreatedDate, Authorised, IsDeleted, RefreshRoles)
   VALUES(@UserID, @PortalID, '2019-06-07 05:28:54', 1, 0, 0)
   INSERT INTO dbo.dnn_UserRoles(UserID, RoleID, IsTrialUsed, CreatedByUserID, CreatedOnDate, LastModifiedByUserID, LastModifiedOnDate, [Status], IsOwner)
   VALUES(@UserId, @FemaleRole, 0, 1, '2019-06-07 05:28:54', 1, '2019-06-07 05:28:54', 1, 0)
   INSERT INTO dbo.dnn_Users(Username, FirstName, LastName, Email, DisplayName, UpdatePassword, LastIPAddress, IsDeleted, CreatedByUserID, CreatedOnDate, LastModifiedByUserID, LastModifiedOnDate, PasswordResetToken, PasswordResetExpiration)
   VALUES('s.reyna@telegram.me', 'Shari', 'Reyna', 's.reyna@telegram.me', 'Shari Reyna', 0, '', 0, 1, '2019-06-07 05:28:54', 1, '2019-06-07 05:28:54', NULL, NULL)
   SELECT @UserID = SCOPE_IDENTITY()
   INSERT INTO dbo.aspnet_Users(ApplicationID, UserName, LoweredUserName, IsAnonymous, LastActivityDate)
   VALUES(@ApplicationId, 's.reyna@telegram.me', 's.reyna@telegram.me', 0, '2019-06-07 05:28:54')
   SELECT @AspNetUserID = UserId FROM aspnet_Users WHERE Username = 's.reyna@telegram.me'
   INSERT INTO dbo.aspnet_Membership(ApplicationID, UserID, Password, PasswordFormat, PasswordSalt, Email, LoweredEmail, IsApproved, IsLockedOut, CreateDate, LastLoginDate, LastPasswordChangedDate, LastLockoutDate, FailedPasswordAttemptCount, FailedPasswordAttemptWindowStart, FailedPasswordAnswerAttemptCount, FailedPasswordAnswerAttemptWindowStart)
   VALUES(@ApplicationID, @AspNetUserID, 'aMoPu/jMK8Yc4dxEEtAWm+RvKkFRjT38n/c1ORi3HgGWXJI15kNozQ==', 2, 'ub/Nej8BunZL3H6o+Z7+sg==', 's.reyna@telegram.me', 's.reyna@telegram.me', 1, 0, '2019-06-07 05:28:54', '2019-06-07 05:28:54', '2019-06-07 05:28:54', '1754-01-01 00:00:00.000', 0, '1754-01-01 00:00:00.000', 0, '1754-01-01 00:00:00.000')
   INSERT INTO dbo.dnn_UserPortals(UserID, PortalID, CreatedDate, Authorised, IsDeleted, RefreshRoles)
   VALUES(@UserID, @PortalID, '2019-06-07 05:28:54', 1, 0, 0)
   INSERT INTO dbo.dnn_UserRoles(UserID, RoleID, IsTrialUsed, CreatedByUserID, CreatedOnDate, LastModifiedByUserID, LastModifiedOnDate, [Status], IsOwner)
   VALUES(@UserId, @FemaleRole, 0, 1, '2019-06-07 05:28:54', 1, '2019-06-07 05:28:54', 1, 0)
   INSERT INTO dbo.dnn_Users(Username, FirstName, LastName, Email, DisplayName, UpdatePassword, LastIPAddress, IsDeleted, CreatedByUserID, CreatedOnDate, LastModifiedByUserID, LastModifiedOnDate, PasswordResetToken, PasswordResetExpiration)
   VALUES('cantrellc@genius.com', 'Camille', 'Cantrell', 'cantrellc@genius.com', 'Camille Cantrell', 0, '', 0, 1, '2019-06-07 05:28:54', 1, '2019-06-07 05:28:54', NULL, NULL)
   SELECT @UserID = SCOPE_IDENTITY()
   INSERT INTO dbo.aspnet_Users(ApplicationID, UserName, LoweredUserName, IsAnonymous, LastActivityDate)
   VALUES(@ApplicationId, 'cantrellc@genius.com', 'cantrellc@genius.com', 0, '2019-06-07 05:28:54')
   SELECT @AspNetUserID = UserId FROM aspnet_Users WHERE Username = 'cantrellc@genius.com'
   INSERT INTO dbo.aspnet_Membership(ApplicationID, UserID, Password, PasswordFormat, PasswordSalt, Email, LoweredEmail, IsApproved, IsLockedOut, CreateDate, LastLoginDate, LastPasswordChangedDate, LastLockoutDate, FailedPasswordAttemptCount, FailedPasswordAttemptWindowStart, FailedPasswordAnswerAttemptCount, FailedPasswordAnswerAttemptWindowStart)
   VALUES(@ApplicationID, @AspNetUserID, 'aMoPu/jMK8Yc4dxEEtAWm+RvKkFRjT38n/c1ORi3HgGWXJI15kNozQ==', 2, 'ub/Nej8BunZL3H6o+Z7+sg==', 'cantrellc@genius.com', 'cantrellc@genius.com', 1, 0, '2019-06-07 05:28:54', '2019-06-07 05:28:54', '2019-06-07 05:28:54', '1754-01-01 00:00:00.000', 0, '1754-01-01 00:00:00.000', 0, '1754-01-01 00:00:00.000')
   INSERT INTO dbo.dnn_UserPortals(UserID, PortalID, CreatedDate, Authorised, IsDeleted, RefreshRoles)
   VALUES(@UserID, @PortalID, '2019-06-07 05:28:54', 1, 0, 0)
   INSERT INTO dbo.dnn_UserRoles(UserID, RoleID, IsTrialUsed, CreatedByUserID, CreatedOnDate, LastModifiedByUserID, LastModifiedOnDate, [Status], IsOwner)
   VALUES(@UserId, @FemaleRole, 0, 1, '2019-06-07 05:28:54', 1, '2019-06-07 05:28:54', 1, 0)
   INSERT INTO dbo.dnn_Users(Username, FirstName, LastName, Email, DisplayName, UpdatePassword, LastIPAddress, IsDeleted, CreatedByUserID, CreatedOnDate, LastModifiedByUserID, LastModifiedOnDate, PasswordResetToken, PasswordResetExpiration)
   VALUES('tami.mayo@wiley.com', 'Tami', 'Mayo', 'tami.mayo@wiley.com', 'Tami Mayo', 0, '', 0, 1, '2019-06-07 05:28:54', 1, '2019-06-07 05:28:54', NULL, NULL)
   SELECT @UserID = SCOPE_IDENTITY()
   INSERT INTO dbo.aspnet_Users(ApplicationID, UserName, LoweredUserName, IsAnonymous, LastActivityDate)
   VALUES(@ApplicationId, 'tami.mayo@wiley.com', 'tami.mayo@wiley.com', 0, '2019-06-07 05:28:54')
   SELECT @AspNetUserID = UserId FROM aspnet_Users WHERE Username = 'tami.mayo@wiley.com'
   INSERT INTO dbo.aspnet_Membership(ApplicationID, UserID, Password, PasswordFormat, PasswordSalt, Email, LoweredEmail, IsApproved, IsLockedOut, CreateDate, LastLoginDate, LastPasswordChangedDate, LastLockoutDate, FailedPasswordAttemptCount, FailedPasswordAttemptWindowStart, FailedPasswordAnswerAttemptCount, FailedPasswordAnswerAttemptWindowStart)
   VALUES(@ApplicationID, @AspNetUserID, 'aMoPu/jMK8Yc4dxEEtAWm+RvKkFRjT38n/c1ORi3HgGWXJI15kNozQ==', 2, 'ub/Nej8BunZL3H6o+Z7+sg==', 'tami.mayo@wiley.com', 'tami.mayo@wiley.com', 1, 0, '2019-06-07 05:28:54', '2019-06-07 05:28:54', '2019-06-07 05:28:54', '1754-01-01 00:00:00.000', 0, '1754-01-01 00:00:00.000', 0, '1754-01-01 00:00:00.000')
   INSERT INTO dbo.dnn_UserPortals(UserID, PortalID, CreatedDate, Authorised, IsDeleted, RefreshRoles)
   VALUES(@UserID, @PortalID, '2019-06-07 05:28:54', 1, 0, 0)
   INSERT INTO dbo.dnn_UserRoles(UserID, RoleID, IsTrialUsed, CreatedByUserID, CreatedOnDate, LastModifiedByUserID, LastModifiedOnDate, [Status], IsOwner)
   VALUES(@UserId, @FemaleRole, 0, 1, '2019-06-07 05:28:54', 1, '2019-06-07 05:28:54', 1, 0)
   INSERT INTO dbo.dnn_Users(Username, FirstName, LastName, Email, DisplayName, UpdatePassword, LastIPAddress, IsDeleted, CreatedByUserID, CreatedOnDate, LastModifiedByUserID, LastModifiedOnDate, PasswordResetToken, PasswordResetExpiration)
   VALUES('s.branch@liveleak.com', 'Shawna', 'Branch', 's.branch@liveleak.com', 'Shawna Branch', 0, '', 0, 1, '2019-06-07 05:28:54', 1, '2019-06-07 05:28:54', NULL, NULL)
   SELECT @UserID = SCOPE_IDENTITY()
   INSERT INTO dbo.aspnet_Users(ApplicationID, UserName, LoweredUserName, IsAnonymous, LastActivityDate)
   VALUES(@ApplicationId, 's.branch@liveleak.com', 's.branch@liveleak.com', 0, '2019-06-07 05:28:54')
   SELECT @AspNetUserID = UserId FROM aspnet_Users WHERE Username = 's.branch@liveleak.com'
   INSERT INTO dbo.aspnet_Membership(ApplicationID, UserID, Password, PasswordFormat, PasswordSalt, Email, LoweredEmail, IsApproved, IsLockedOut, CreateDate, LastLoginDate, LastPasswordChangedDate, LastLockoutDate, FailedPasswordAttemptCount, FailedPasswordAttemptWindowStart, FailedPasswordAnswerAttemptCount, FailedPasswordAnswerAttemptWindowStart)
   VALUES(@ApplicationID, @AspNetUserID, 'aMoPu/jMK8Yc4dxEEtAWm+RvKkFRjT38n/c1ORi3HgGWXJI15kNozQ==', 2, 'ub/Nej8BunZL3H6o+Z7+sg==', 's.branch@liveleak.com', 's.branch@liveleak.com', 1, 0, '2019-06-07 05:28:54', '2019-06-07 05:28:54', '2019-06-07 05:28:54', '1754-01-01 00:00:00.000', 0, '1754-01-01 00:00:00.000', 0, '1754-01-01 00:00:00.000')
   INSERT INTO dbo.dnn_UserPortals(UserID, PortalID, CreatedDate, Authorised, IsDeleted, RefreshRoles)
   VALUES(@UserID, @PortalID, '2019-06-07 05:28:54', 1, 0, 0)
   INSERT INTO dbo.dnn_UserRoles(UserID, RoleID, IsTrialUsed, CreatedByUserID, CreatedOnDate, LastModifiedByUserID, LastModifiedOnDate, [Status], IsOwner)
   VALUES(@UserId, @FemaleRole, 0, 1, '2019-06-07 05:28:54', 1, '2019-06-07 05:28:54', 1, 0)
   INSERT INTO dbo.dnn_Users(Username, FirstName, LastName, Email, DisplayName, UpdatePassword, LastIPAddress, IsDeleted, CreatedByUserID, CreatedOnDate, LastModifiedByUserID, LastModifiedOnDate, PasswordResetToken, PasswordResetExpiration)
   VALUES('hendrixe@divar.ir', 'Elisa', 'Hendrix', 'hendrixe@divar.ir', 'Elisa Hendrix', 0, '', 0, 1, '2019-06-07 05:28:54', 1, '2019-06-07 05:28:54', NULL, NULL)
   SELECT @UserID = SCOPE_IDENTITY()
   INSERT INTO dbo.aspnet_Users(ApplicationID, UserName, LoweredUserName, IsAnonymous, LastActivityDate)
   VALUES(@ApplicationId, 'hendrixe@divar.ir', 'hendrixe@divar.ir', 0, '2019-06-07 05:28:54')
   SELECT @AspNetUserID = UserId FROM aspnet_Users WHERE Username = 'hendrixe@divar.ir'
   INSERT INTO dbo.aspnet_Membership(ApplicationID, UserID, Password, PasswordFormat, PasswordSalt, Email, LoweredEmail, IsApproved, IsLockedOut, CreateDate, LastLoginDate, LastPasswordChangedDate, LastLockoutDate, FailedPasswordAttemptCount, FailedPasswordAttemptWindowStart, FailedPasswordAnswerAttemptCount, FailedPasswordAnswerAttemptWindowStart)
   VALUES(@ApplicationID, @AspNetUserID, 'aMoPu/jMK8Yc4dxEEtAWm+RvKkFRjT38n/c1ORi3HgGWXJI15kNozQ==', 2, 'ub/Nej8BunZL3H6o+Z7+sg==', 'hendrixe@divar.ir', 'hendrixe@divar.ir', 1, 0, '2019-06-07 05:28:54', '2019-06-07 05:28:54', '2019-06-07 05:28:54', '1754-01-01 00:00:00.000', 0, '1754-01-01 00:00:00.000', 0, '1754-01-01 00:00:00.000')
   INSERT INTO dbo.dnn_UserPortals(UserID, PortalID, CreatedDate, Authorised, IsDeleted, RefreshRoles)
   VALUES(@UserID, @PortalID, '2019-06-07 05:28:54', 1, 0, 0)
   INSERT INTO dbo.dnn_UserRoles(UserID, RoleID, IsTrialUsed, CreatedByUserID, CreatedOnDate, LastModifiedByUserID, LastModifiedOnDate, [Status], IsOwner)
   VALUES(@UserId, @FemaleRole, 0, 1, '2019-06-07 05:28:54', 1, '2019-06-07 05:28:54', 1, 0)
   INSERT INTO dbo.dnn_Users(Username, FirstName, LastName, Email, DisplayName, UpdatePassword, LastIPAddress, IsDeleted, CreatedByUserID, CreatedOnDate, LastModifiedByUserID, LastModifiedOnDate, PasswordResetToken, PasswordResetExpiration)
   VALUES('ebony.rollins@bestadbid.com', 'Ebony', 'Rollins', 'ebony.rollins@bestadbid.com', 'Ebony Rollins', 0, '', 0, 1, '2019-06-07 05:28:54', 1, '2019-06-07 05:28:54', NULL, NULL)
   SELECT @UserID = SCOPE_IDENTITY()
   INSERT INTO dbo.aspnet_Users(ApplicationID, UserName, LoweredUserName, IsAnonymous, LastActivityDate)
   VALUES(@ApplicationId, 'ebony.rollins@bestadbid.com', 'ebony.rollins@bestadbid.com', 0, '2019-06-07 05:28:54')
   SELECT @AspNetUserID = UserId FROM aspnet_Users WHERE Username = 'ebony.rollins@bestadbid.com'
   INSERT INTO dbo.aspnet_Membership(ApplicationID, UserID, Password, PasswordFormat, PasswordSalt, Email, LoweredEmail, IsApproved, IsLockedOut, CreateDate, LastLoginDate, LastPasswordChangedDate, LastLockoutDate, FailedPasswordAttemptCount, FailedPasswordAttemptWindowStart, FailedPasswordAnswerAttemptCount, FailedPasswordAnswerAttemptWindowStart)
   VALUES(@ApplicationID, @AspNetUserID, 'aMoPu/jMK8Yc4dxEEtAWm+RvKkFRjT38n/c1ORi3HgGWXJI15kNozQ==', 2, 'ub/Nej8BunZL3H6o+Z7+sg==', 'ebony.rollins@bestadbid.com', 'ebony.rollins@bestadbid.com', 1, 0, '2019-06-07 05:28:54', '2019-06-07 05:28:54', '2019-06-07 05:28:54', '1754-01-01 00:00:00.000', 0, '1754-01-01 00:00:00.000', 0, '1754-01-01 00:00:00.000')
   INSERT INTO dbo.dnn_UserPortals(UserID, PortalID, CreatedDate, Authorised, IsDeleted, RefreshRoles)
   VALUES(@UserID, @PortalID, '2019-06-07 05:28:54', 1, 0, 0)
   INSERT INTO dbo.dnn_UserRoles(UserID, RoleID, IsTrialUsed, CreatedByUserID, CreatedOnDate, LastModifiedByUserID, LastModifiedOnDate, [Status], IsOwner)
   VALUES(@UserId, @FemaleRole, 0, 1, '2019-06-07 05:28:54', 1, '2019-06-07 05:28:54', 1, 0)
   INSERT INTO dbo.dnn_Users(Username, FirstName, LastName, Email, DisplayName, UpdatePassword, LastIPAddress, IsDeleted, CreatedByUserID, CreatedOnDate, LastModifiedByUserID, LastModifiedOnDate, PasswordResetToken, PasswordResetExpiration)
   VALUES('m.rowland@niuche.com', 'Melba', 'Rowland', 'm.rowland@niuche.com', 'Melba Rowland', 0, '', 0, 1, '2019-06-07 05:28:54', 1, '2019-06-07 05:28:54', NULL, NULL)
   SELECT @UserID = SCOPE_IDENTITY()
   INSERT INTO dbo.aspnet_Users(ApplicationID, UserName, LoweredUserName, IsAnonymous, LastActivityDate)
   VALUES(@ApplicationId, 'm.rowland@niuche.com', 'm.rowland@niuche.com', 0, '2019-06-07 05:28:54')
   SELECT @AspNetUserID = UserId FROM aspnet_Users WHERE Username = 'm.rowland@niuche.com'
   INSERT INTO dbo.aspnet_Membership(ApplicationID, UserID, Password, PasswordFormat, PasswordSalt, Email, LoweredEmail, IsApproved, IsLockedOut, CreateDate, LastLoginDate, LastPasswordChangedDate, LastLockoutDate, FailedPasswordAttemptCount, FailedPasswordAttemptWindowStart, FailedPasswordAnswerAttemptCount, FailedPasswordAnswerAttemptWindowStart)
   VALUES(@ApplicationID, @AspNetUserID, 'aMoPu/jMK8Yc4dxEEtAWm+RvKkFRjT38n/c1ORi3HgGWXJI15kNozQ==', 2, 'ub/Nej8BunZL3H6o+Z7+sg==', 'm.rowland@niuche.com', 'm.rowland@niuche.com', 1, 0, '2019-06-07 05:28:54', '2019-06-07 05:28:54', '2019-06-07 05:28:54', '1754-01-01 00:00:00.000', 0, '1754-01-01 00:00:00.000', 0, '1754-01-01 00:00:00.000')
   INSERT INTO dbo.dnn_UserPortals(UserID, PortalID, CreatedDate, Authorised, IsDeleted, RefreshRoles)
   VALUES(@UserID, @PortalID, '2019-06-07 05:28:54', 1, 0, 0)
   INSERT INTO dbo.dnn_UserRoles(UserID, RoleID, IsTrialUsed, CreatedByUserID, CreatedOnDate, LastModifiedByUserID, LastModifiedOnDate, [Status], IsOwner)
   VALUES(@UserId, @FemaleRole, 0, 1, '2019-06-07 05:28:54', 1, '2019-06-07 05:28:54', 1, 0)
   INSERT INTO dbo.dnn_Users(Username, FirstName, LastName, Email, DisplayName, UpdatePassword, LastIPAddress, IsDeleted, CreatedByUserID, CreatedOnDate, LastModifiedByUserID, LastModifiedOnDate, PasswordResetToken, PasswordResetExpiration)
   VALUES('whitneyo@chouftv.ma', 'Ora', 'Whitney', 'whitneyo@chouftv.ma', 'Ora Whitney', 0, '', 0, 1, '2019-06-07 05:28:54', 1, '2019-06-07 05:28:54', NULL, NULL)
   SELECT @UserID = SCOPE_IDENTITY()
   INSERT INTO dbo.aspnet_Users(ApplicationID, UserName, LoweredUserName, IsAnonymous, LastActivityDate)
   VALUES(@ApplicationId, 'whitneyo@chouftv.ma', 'whitneyo@chouftv.ma', 0, '2019-06-07 05:28:54')
   SELECT @AspNetUserID = UserId FROM aspnet_Users WHERE Username = 'whitneyo@chouftv.ma'
   INSERT INTO dbo.aspnet_Membership(ApplicationID, UserID, Password, PasswordFormat, PasswordSalt, Email, LoweredEmail, IsApproved, IsLockedOut, CreateDate, LastLoginDate, LastPasswordChangedDate, LastLockoutDate, FailedPasswordAttemptCount, FailedPasswordAttemptWindowStart, FailedPasswordAnswerAttemptCount, FailedPasswordAnswerAttemptWindowStart)
   VALUES(@ApplicationID, @AspNetUserID, 'aMoPu/jMK8Yc4dxEEtAWm+RvKkFRjT38n/c1ORi3HgGWXJI15kNozQ==', 2, 'ub/Nej8BunZL3H6o+Z7+sg==', 'whitneyo@chouftv.ma', 'whitneyo@chouftv.ma', 1, 0, '2019-06-07 05:28:54', '2019-06-07 05:28:54', '2019-06-07 05:28:54', '1754-01-01 00:00:00.000', 0, '1754-01-01 00:00:00.000', 0, '1754-01-01 00:00:00.000')
   INSERT INTO dbo.dnn_UserPortals(UserID, PortalID, CreatedDate, Authorised, IsDeleted, RefreshRoles)
   VALUES(@UserID, @PortalID, '2019-06-07 05:28:54', 1, 0, 0)
   INSERT INTO dbo.dnn_UserRoles(UserID, RoleID, IsTrialUsed, CreatedByUserID, CreatedOnDate, LastModifiedByUserID, LastModifiedOnDate, [Status], IsOwner)
   VALUES(@UserId, @FemaleRole, 0, 1, '2019-06-07 05:28:54', 1, '2019-06-07 05:28:54', 1, 0)
   INSERT INTO dbo.dnn_Users(Username, FirstName, LastName, Email, DisplayName, UpdatePassword, LastIPAddress, IsDeleted, CreatedByUserID, CreatedOnDate, LastModifiedByUserID, LastModifiedOnDate, PasswordResetToken, PasswordResetExpiration)
   VALUES('nettie.duke@life.tw', 'Nettie', 'Duke', 'nettie.duke@life.tw', 'Nettie Duke', 0, '', 0, 1, '2019-06-07 05:28:54', 1, '2019-06-07 05:28:54', NULL, NULL)
   SELECT @UserID = SCOPE_IDENTITY()
   INSERT INTO dbo.aspnet_Users(ApplicationID, UserName, LoweredUserName, IsAnonymous, LastActivityDate)
   VALUES(@ApplicationId, 'nettie.duke@life.tw', 'nettie.duke@life.tw', 0, '2019-06-07 05:28:54')
   SELECT @AspNetUserID = UserId FROM aspnet_Users WHERE Username = 'nettie.duke@life.tw'
   INSERT INTO dbo.aspnet_Membership(ApplicationID, UserID, Password, PasswordFormat, PasswordSalt, Email, LoweredEmail, IsApproved, IsLockedOut, CreateDate, LastLoginDate, LastPasswordChangedDate, LastLockoutDate, FailedPasswordAttemptCount, FailedPasswordAttemptWindowStart, FailedPasswordAnswerAttemptCount, FailedPasswordAnswerAttemptWindowStart)
   VALUES(@ApplicationID, @AspNetUserID, 'aMoPu/jMK8Yc4dxEEtAWm+RvKkFRjT38n/c1ORi3HgGWXJI15kNozQ==', 2, 'ub/Nej8BunZL3H6o+Z7+sg==', 'nettie.duke@life.tw', 'nettie.duke@life.tw', 1, 0, '2019-06-07 05:28:54', '2019-06-07 05:28:54', '2019-06-07 05:28:54', '1754-01-01 00:00:00.000', 0, '1754-01-01 00:00:00.000', 0, '1754-01-01 00:00:00.000')
   INSERT INTO dbo.dnn_UserPortals(UserID, PortalID, CreatedDate, Authorised, IsDeleted, RefreshRoles)
   VALUES(@UserID, @PortalID, '2019-06-07 05:28:54', 1, 0, 0)
   INSERT INTO dbo.dnn_UserRoles(UserID, RoleID, IsTrialUsed, CreatedByUserID, CreatedOnDate, LastModifiedByUserID, LastModifiedOnDate, [Status], IsOwner)
   VALUES(@UserId, @FemaleRole, 0, 1, '2019-06-07 05:28:54', 1, '2019-06-07 05:28:54', 1, 0)
   INSERT INTO dbo.dnn_Users(Username, FirstName, LastName, Email, DisplayName, UpdatePassword, LastIPAddress, IsDeleted, CreatedByUserID, CreatedOnDate, LastModifiedByUserID, LastModifiedOnDate, PasswordResetToken, PasswordResetExpiration)
   VALUES('t.odom@dream.co.id', 'Tabitha', 'Odom', 't.odom@dream.co.id', 'Tabitha Odom', 0, '', 0, 1, '2019-06-07 05:28:54', 1, '2019-06-07 05:28:54', NULL, NULL)
   SELECT @UserID = SCOPE_IDENTITY()
   INSERT INTO dbo.aspnet_Users(ApplicationID, UserName, LoweredUserName, IsAnonymous, LastActivityDate)
   VALUES(@ApplicationId, 't.odom@dream.co.id', 't.odom@dream.co.id', 0, '2019-06-07 05:28:54')
   SELECT @AspNetUserID = UserId FROM aspnet_Users WHERE Username = 't.odom@dream.co.id'
   INSERT INTO dbo.aspnet_Membership(ApplicationID, UserID, Password, PasswordFormat, PasswordSalt, Email, LoweredEmail, IsApproved, IsLockedOut, CreateDate, LastLoginDate, LastPasswordChangedDate, LastLockoutDate, FailedPasswordAttemptCount, FailedPasswordAttemptWindowStart, FailedPasswordAnswerAttemptCount, FailedPasswordAnswerAttemptWindowStart)
   VALUES(@ApplicationID, @AspNetUserID, 'aMoPu/jMK8Yc4dxEEtAWm+RvKkFRjT38n/c1ORi3HgGWXJI15kNozQ==', 2, 'ub/Nej8BunZL3H6o+Z7+sg==', 't.odom@dream.co.id', 't.odom@dream.co.id', 1, 0, '2019-06-07 05:28:54', '2019-06-07 05:28:54', '2019-06-07 05:28:54', '1754-01-01 00:00:00.000', 0, '1754-01-01 00:00:00.000', 0, '1754-01-01 00:00:00.000')
   INSERT INTO dbo.dnn_UserPortals(UserID, PortalID, CreatedDate, Authorised, IsDeleted, RefreshRoles)
   VALUES(@UserID, @PortalID, '2019-06-07 05:28:54', 1, 0, 0)
   INSERT INTO dbo.dnn_UserRoles(UserID, RoleID, IsTrialUsed, CreatedByUserID, CreatedOnDate, LastModifiedByUserID, LastModifiedOnDate, [Status], IsOwner)
   VALUES(@UserId, @FemaleRole, 0, 1, '2019-06-07 05:28:54', 1, '2019-06-07 05:28:54', 1, 0)
   INSERT INTO dbo.dnn_Users(Username, FirstName, LastName, Email, DisplayName, UpdatePassword, LastIPAddress, IsDeleted, CreatedByUserID, CreatedOnDate, LastModifiedByUserID, LastModifiedOnDate, PasswordResetToken, PasswordResetExpiration)
   VALUES('daughertyo@cocolog-nifty.com', 'Ollie', 'Daugherty', 'daughertyo@cocolog-nifty.com', 'Ollie Daugherty', 0, '', 0, 1, '2019-06-07 05:28:54', 1, '2019-06-07 05:28:54', NULL, NULL)
   SELECT @UserID = SCOPE_IDENTITY()
   INSERT INTO dbo.aspnet_Users(ApplicationID, UserName, LoweredUserName, IsAnonymous, LastActivityDate)
   VALUES(@ApplicationId, 'daughertyo@cocolog-nifty.com', 'daughertyo@cocolog-nifty.com', 0, '2019-06-07 05:28:54')
   SELECT @AspNetUserID = UserId FROM aspnet_Users WHERE Username = 'daughertyo@cocolog-nifty.com'
   INSERT INTO dbo.aspnet_Membership(ApplicationID, UserID, Password, PasswordFormat, PasswordSalt, Email, LoweredEmail, IsApproved, IsLockedOut, CreateDate, LastLoginDate, LastPasswordChangedDate, LastLockoutDate, FailedPasswordAttemptCount, FailedPasswordAttemptWindowStart, FailedPasswordAnswerAttemptCount, FailedPasswordAnswerAttemptWindowStart)
   VALUES(@ApplicationID, @AspNetUserID, 'aMoPu/jMK8Yc4dxEEtAWm+RvKkFRjT38n/c1ORi3HgGWXJI15kNozQ==', 2, 'ub/Nej8BunZL3H6o+Z7+sg==', 'daughertyo@cocolog-nifty.com', 'daughertyo@cocolog-nifty.com', 1, 0, '2019-06-07 05:28:54', '2019-06-07 05:28:54', '2019-06-07 05:28:54', '1754-01-01 00:00:00.000', 0, '1754-01-01 00:00:00.000', 0, '1754-01-01 00:00:00.000')
   INSERT INTO dbo.dnn_UserPortals(UserID, PortalID, CreatedDate, Authorised, IsDeleted, RefreshRoles)
   VALUES(@UserID, @PortalID, '2019-06-07 05:28:54', 1, 0, 0)
   INSERT INTO dbo.dnn_UserRoles(UserID, RoleID, IsTrialUsed, CreatedByUserID, CreatedOnDate, LastModifiedByUserID, LastModifiedOnDate, [Status], IsOwner)
   VALUES(@UserId, @FemaleRole, 0, 1, '2019-06-07 05:28:54', 1, '2019-06-07 05:28:54', 1, 0)
   INSERT INTO dbo.dnn_Users(Username, FirstName, LastName, Email, DisplayName, UpdatePassword, LastIPAddress, IsDeleted, CreatedByUserID, CreatedOnDate, LastModifiedByUserID, LastModifiedOnDate, PasswordResetToken, PasswordResetExpiration)
   VALUES('jaime.travis@ptt.cc', 'Jaime', 'Travis', 'jaime.travis@ptt.cc', 'Jaime Travis', 0, '', 0, 1, '2019-06-07 05:28:54', 1, '2019-06-07 05:28:54', NULL, NULL)
   SELECT @UserID = SCOPE_IDENTITY()
   INSERT INTO dbo.aspnet_Users(ApplicationID, UserName, LoweredUserName, IsAnonymous, LastActivityDate)
   VALUES(@ApplicationId, 'jaime.travis@ptt.cc', 'jaime.travis@ptt.cc', 0, '2019-06-07 05:28:54')
   SELECT @AspNetUserID = UserId FROM aspnet_Users WHERE Username = 'jaime.travis@ptt.cc'
   INSERT INTO dbo.aspnet_Membership(ApplicationID, UserID, Password, PasswordFormat, PasswordSalt, Email, LoweredEmail, IsApproved, IsLockedOut, CreateDate, LastLoginDate, LastPasswordChangedDate, LastLockoutDate, FailedPasswordAttemptCount, FailedPasswordAttemptWindowStart, FailedPasswordAnswerAttemptCount, FailedPasswordAnswerAttemptWindowStart)
   VALUES(@ApplicationID, @AspNetUserID, 'aMoPu/jMK8Yc4dxEEtAWm+RvKkFRjT38n/c1ORi3HgGWXJI15kNozQ==', 2, 'ub/Nej8BunZL3H6o+Z7+sg==', 'jaime.travis@ptt.cc', 'jaime.travis@ptt.cc', 1, 0, '2019-06-07 05:28:54', '2019-06-07 05:28:54', '2019-06-07 05:28:54', '1754-01-01 00:00:00.000', 0, '1754-01-01 00:00:00.000', 0, '1754-01-01 00:00:00.000')
   INSERT INTO dbo.dnn_UserPortals(UserID, PortalID, CreatedDate, Authorised, IsDeleted, RefreshRoles)
   VALUES(@UserID, @PortalID, '2019-06-07 05:28:54', 1, 0, 0)
   INSERT INTO dbo.dnn_UserRoles(UserID, RoleID, IsTrialUsed, CreatedByUserID, CreatedOnDate, LastModifiedByUserID, LastModifiedOnDate, [Status], IsOwner)
   VALUES(@UserId, @FemaleRole, 0, 1, '2019-06-07 05:28:54', 1, '2019-06-07 05:28:54', 1, 0)
   INSERT INTO dbo.dnn_UserRoles(UserID, RoleID, IsTrialUsed, CreatedByUserID, CreatedOnDate, LastModifiedByUserID, LastModifiedOnDate, [Status], IsOwner)
   VALUES(@UserId, @ManagerRole, 0, 1, '2019-06-07 05:28:54', 1, '2019-06-07 05:28:54', 1, 0)
   INSERT INTO dbo.dnn_Users(Username, FirstName, LastName, Email, DisplayName, UpdatePassword, LastIPAddress, IsDeleted, CreatedByUserID, CreatedOnDate, LastModifiedByUserID, LastModifiedOnDate, PasswordResetToken, PasswordResetExpiration)
   VALUES('w.tang@legacy.com', 'Winifred', 'Tang', 'w.tang@legacy.com', 'Winifred Tang', 0, '', 0, 1, '2019-06-07 05:28:54', 1, '2019-06-07 05:28:54', NULL, NULL)
   SELECT @UserID = SCOPE_IDENTITY()
   INSERT INTO dbo.aspnet_Users(ApplicationID, UserName, LoweredUserName, IsAnonymous, LastActivityDate)
   VALUES(@ApplicationId, 'w.tang@legacy.com', 'w.tang@legacy.com', 0, '2019-06-07 05:28:54')
   SELECT @AspNetUserID = UserId FROM aspnet_Users WHERE Username = 'w.tang@legacy.com'
   INSERT INTO dbo.aspnet_Membership(ApplicationID, UserID, Password, PasswordFormat, PasswordSalt, Email, LoweredEmail, IsApproved, IsLockedOut, CreateDate, LastLoginDate, LastPasswordChangedDate, LastLockoutDate, FailedPasswordAttemptCount, FailedPasswordAttemptWindowStart, FailedPasswordAnswerAttemptCount, FailedPasswordAnswerAttemptWindowStart)
   VALUES(@ApplicationID, @AspNetUserID, 'aMoPu/jMK8Yc4dxEEtAWm+RvKkFRjT38n/c1ORi3HgGWXJI15kNozQ==', 2, 'ub/Nej8BunZL3H6o+Z7+sg==', 'w.tang@legacy.com', 'w.tang@legacy.com', 1, 0, '2019-06-07 05:28:54', '2019-06-07 05:28:54', '2019-06-07 05:28:54', '1754-01-01 00:00:00.000', 0, '1754-01-01 00:00:00.000', 0, '1754-01-01 00:00:00.000')
   INSERT INTO dbo.dnn_UserPortals(UserID, PortalID, CreatedDate, Authorised, IsDeleted, RefreshRoles)
   VALUES(@UserID, @PortalID, '2019-06-07 05:28:54', 1, 0, 0)
   INSERT INTO dbo.dnn_UserRoles(UserID, RoleID, IsTrialUsed, CreatedByUserID, CreatedOnDate, LastModifiedByUserID, LastModifiedOnDate, [Status], IsOwner)
   VALUES(@UserId, @FemaleRole, 0, 1, '2019-06-07 05:28:54', 1, '2019-06-07 05:28:54', 1, 0)
END TRY
BEGIN CATCH
   PRINT ERROR_MESSAGE()
END CATCH
